model,vocab_size_combined,execution_time,accuracy_avg,accuracy_std,precision_avg,precision_std,recall_avg,recall_std,f1_avg,f1_std,roc_auc_avg,roc_auc_std,total_time
LogisticRegression,102297,11.255202054977417,0.8243562978427278,0.017635689162163598,0.8291239533602701,0.021428665480304802,0.8170083682008368,0.018887416710017403,0.822895299803978,0.01745987418335788,0.9037685814737332,0.01632844632391503,872.5974524021149
BernoulliNB,102297,0.29485225677490234,0.654981732776618,0.016997884080255165,0.5959177396262494,0.01198245463193393,0.9615550906555091,0.008981901383379832,0.7357747450765798,0.011015459439414031,0.85402807560437,0.020750546311481696,872.5974524021149
MultinomialNB,102297,0.1688852310180664,0.7788813500347948,0.020604967146982678,0.7268639332377589,0.022799073523113954,0.8946896792189678,0.02571336804366769,0.8017077152760367,0.01689903801329539,0.86028442439563,0.014809365871278322,872.5974524021149
LinearSVC,102297,10.393534421920776,0.8268676061238691,0.009028826805962493,0.8321482066080185,0.013199999623676826,0.8187029288702927,0.011565101520141641,0.8252737940917454,0.008656248073179884,0.9050650569502556,0.009953549748459864,872.5974524021149
KNeighborsClassifier,102297,2.510272741317749,0.5185568893528183,0.011925939799704318,0.509439385730372,0.006512696403592385,0.9807880055788006,0.007283353280724231,0.6705165264605205,0.004483081765757676,0.6055083464086473,0.053417032415015275,872.5974524021149
SGDClassifier,102297,0.3020303249359131,0.8060003479471121,0.0186447666962065,0.8111108558491482,0.024032266653785193,0.7986052998605299,0.03789942694801759,0.8040602004068047,0.020994236211399443,0.8878060713040445,0.014070034075980379,872.5974524021149
RandomForestClassifier,102297,30.91108250617981,0.7905610647181628,0.016215286554336735,0.7960091496298243,0.03364352352056016,0.7836401673640168,0.016147044867739133,0.7891126011454127,0.011989159636968382,0.8779779826243607,0.022610619885088452,872.5974524021149
GradientBoostingClassifier,102297,196.38204503059387,0.8685873347251218,0.0028745920259357323,0.925343862826581,0.015180354607584835,0.8020153417015343,0.014225162009988435,0.8590385451523168,0.0034423451128629805,0.9376491094258483,0.010818435139206283,872.5974524021149
MLPClassifier,102297,613.114856004715,0.7989083159359778,0.022390820099498814,0.7896071602760648,0.023125726502466422,0.8145118549511855,0.022242123955780475,0.8018168212290021,0.0218751961763404,0.8813664719897722,0.01615943001812338,872.5974524021149
