model,execution_time,accuracy_avg,accuracy_std,precision_avg,precision_std,recall_avg,recall_std,f1_avg,f1_std,roc_auc_avg,roc_auc_std
LogisticRegression,1.7312812805175781,0.7429166666666667,0.019746659351787984,0.8369686081893513,0.03169138500813683,0.6041666666666667,0.02527625148017183,0.701400330654231,0.023697942786529445,0.8151909722222221,0.016804444443583512
BernoulliNB,1.7986204624176025,0.7387499999999999,0.025974078959181156,0.8004697001397337,0.0356000399533601,0.6366666666666667,0.025467844649893562,0.7090960005234516,0.02825896399105395,0.8145763888888888,0.019627265844367223
MultinomialNB,1.4961128234863281,0.74125,0.023950179771999848,0.800084174920142,0.03533021070960154,0.6441666666666667,0.02229848026709945,0.7135217704953722,0.025327774550284357,0.8122569444444444,0.019514730668380144
LinearSVC,1.566650629043579,0.7425,0.018615256586407242,0.828416610908231,0.029774286653841624,0.6125,0.023422448870925355,0.7039543526879026,0.021814245022974754,0.8099236111111111,0.011249624104231038
KNeighborsClassifier,3.7025070190429688,0.695,0.04729854942572528,0.7407141773934891,0.09885787215588389,0.6475,0.07243771270700243,0.6809022614457921,0.011337582570050377,0.7586371527777779,0.030754413279230237
RandomForestClassifier,4.347056150436401,0.7341666666666666,0.012402396721781013,0.8124028955337856,0.016490536724263226,0.6091666666666666,0.019965247584518217,0.6960711561974834,0.015943241885472772,0.802157986111111,0.018339400991126957
GradientBoostingClassifier,7.869775772094727,0.7370833333333333,0.016791201399674927,0.8670011562078684,0.03361299734177554,0.5608333333333333,0.015046225071056504,0.6809018274802547,0.018782640073392358,0.8122552083333334,0.02039531831600169
MLPClassifier,9.529108047485352,0.7424999999999999,0.025671536334582266,0.8170580747042798,0.0358468235842142,0.6258333333333332,0.03849603154150364,0.708104142329443,0.03232020710449247,0.8111614583333333,0.019748130265115686
