model,f1_mean,f1_std
LogisticRegression,0.5159422896991852,0.028007195758789582
BernoulliNB,0.5204046687411397,0.0384782315239885
MultinomialNB,0.5190552204037985,0.03556886052941665
LinearSVC,0.5172063635522279,0.0331600984876378
KNeighborsClassifier,0.5885116537911783,0.0996210954607937
RandomForestClassifier,0.5084331058554745,0.022775407988976294
GradientBoostingClassifier,0.4808737181470425,0.03807611751209619
MLPClassifier,0.5215246409733513,0.03543965566953132
