modelo,fold,texto,y_true,y_pred,tipo_erro,score
LogisticRegression,0,Inclusive ele criou satã para nós torturar para sempre no inferno pq sabe oq faz,1,0,FN,0.049512475488952976
LogisticRegression,0,A blogueira nem apagou a calúnia e olha só a virgem no puteiro,1,0,FN,0.1566821716725162
LogisticRegression,0,"Pois é agora pra tirar esse canalha traidor, só daqui 8 anos.",1,0,FN,0.023593352756164223
LogisticRegression,0,"Socialismo em Los Angeles. Caos total depois que passaram a legislação permitindo até 900 dólares em roubo sem punição.

Não podemos permitir que a esquerda tome conta do poder, com eles no poder tudo que há de pior pode acontecer.",1,0,FN,0.255211384850419
LogisticRegression,0,O esquerdista Ciro teve um clímax com  o ataque do Bolsonaro frente ao Loola.,1,0,FN,0.0945399823449708
LogisticRegression,0,"ÚLTIMO DEBATE DA GLOBO PRESIDENCIÁVEIS 
VAMOS ASSISTIR PELO OS CANAIS  DE DIREITA NO YOUTUBE  PRA GLOBO NÃO TER MUITA AUDIÊNCIA:chart_decreasing:",1,0,FN,0.03853184100843931
LogisticRegression,0,Domingo é a nossa vez de varrer a esquerda do Brasil.,1,0,FN,0.03841866021162008
LogisticRegression,0,PROJETO DA ESQUERDA :backhand_index_pointing_up::backhand_index_pointing_up:TRANSFORMAR MILHÕES DE JOVENS EM ZUMBIS :backhand_index_pointing_up::backhand_index_pointing_up:JESUS É MAIOR E VENCEREMOS :folded_hands::folded_hands:,1,0,FN,0.2910827278099609
LogisticRegression,0,"Bom dia Grupo Abençoado.  Que Deus nos Abençõe em mais um dia.    E que a vontade de cutucar Petistas nunca nos falte.    Pelo bem da Nação. 
Mito na Veia 
Forte abraço 
22",1,0,FN,0.20054126375178702
LogisticRegression,0,"Caraiiii 

Comparar gigante Brasil 
Com esses paiseco menos que o Acre!!!

Tá errado isso ai

Comparar com país decente!",1,0,FN,0.13343612544286712
LogisticRegression,0,"Comando vermelho declara apoio à Lula e Freixo na quadra da Mangueira
 Gente, olha a situação do Rio:backhand_index_pointing_up_medium_skin_tone::backhand_index_pointing_up_medium_skin_tone::backhand_index_pointing_up_medium_skin_tone: tire suas conclusões se o Lula, o PT e toda a esquerda é ou não uma organização criminosa. Dia 02 vote consciente. Só temos uma única alternativa 22 Bolsonaro.",1,0,FN,0.36774733813494465
LogisticRegression,0,"*ESTE É O REGIME DA CHINA QUE LULA AMEAÇA TRAZER PARA O BRASIL, SÓ MORRERÃO OPERÁRIOS E OPERÁRIAS QUE NÃO AGUENTARÃO O REGIME FORÇADO DE TRABALHO ESCRAVO PRODUZINDO PRODUTOS QUE SÃO VENDIDOS PARA O MUNDO POR PREÇOS BARATOS. ENQUANTO OS RICOS SAIRIAM DO BRASIL ATÉ DEZEMBRO*.",1,0,FN,0.0800476979843818
LogisticRegression,0,":raised_fist_dark_skin_tone: *BANDEIRAÇO* :raised_fist_medium-dark_skin_tone:

:spiral_calendar: Hoje (27/09) - 16h
:round_pushpin:Av. Godofredo Maciel com Perimetral 

Galera de Fortaleza e adjacências, convidamos todas, todos e todes para juntos ocupar as ruas no bandeiraço *PSOL COM LULA* . Cola conosco por lá e vamos juntos celebrar a esperança!

*Faltam apenas 5 dias para vencermos o fascismo elegendo Lula 13 e Renato Roseno 50500.*

:raised_fist_dark_skin_tone::raised_fist_light_skin_tone::raised_fist_medium-dark_skin_tone:",1,0,FN,0.003141796655947297
LogisticRegression,0,[USER] ADM??? VAI TOMA BEM NO MEIO DO SEU CU SEU FILHO DE UMA PUTA,1,0,FN,0.3889569385554396
LogisticRegression,0,"Você não é comunista, vc é moleque mimado criado com a vovó, dá turma você é o quê dava o :OK_hand: pros amigos e hj fuma maconha pra dizer que é macho...",1,0,FN,0.008913943848070297
LogisticRegression,0,"Kkk
Com certeza só que estamos entre os dois 
Como diz a PALAVRA DE DEUS SOMOS EMBAIXADORES DE CRISTO NA TERRA 
.....
DEVEMOS TER A MENTE DE CTISTO""!
Quando vc vota é confirma para Deus vc manda o recado de que concorda com aquilo que o candidato pensa..
Enquanto Lula quer a destruição da família, liberação do aborto e das drogas, cartilha das drogas e LGBTQIA+ nas escolas com banheiro trigenero, ou seja sua filha vai usar banheiro junto com marmanjo...
E ai... Lula quer aprovar no congresso leis que impedem vc evangelizar no Brasil coisa que já acontece em vários países de esquerda com presidentes amigos de Lula...
Citamos a Nicarágua agora...
Na França se vc evangelizar na rua paga multa para o governo..
EUA já não se pode ler a Bíblia fora da Igreja...
Nas praças...
Etc",1,0,FN,0.019938811044409907
LogisticRegression,0,A mulherzinha que ganhou a eleição usando o nome de Bolsonaro ficou stressadinha kkkk,1,0,FN,0.038900692235068805
LogisticRegression,0,Esse é um recalcado comunista contra Deus contra igreja … e a figura do maligno aqui na terra,1,0,FN,0.12209531905820778
LogisticRegression,0,"É difícil ter comunhão com um crente desse que compactua com a bandidagem.
Os olhos de Deus estão em todo lugar, observando esses.",1,0,FN,0.054214766490401044
LogisticRegression,0,"*UMA PIADA*

O filho do PETISTA (brasileiro nato) nasceu e ele ficou muito feliz, pois o que mais desejava era um filho. A mulher (brasileira nata) do PETISTA ficou de repouso pós parto e tomava sopinha no canudinho, diga-se de passagem, preparada pelo próprio PETISTA, bem como todos os dias o mesmo dizia que a amava e estava muito feliz.
Um belo dia, o PETISTA percebeu que seu filho não abria os olhos e muito preocupado foi consultar o médico que fez o parto:
PETISTA: - ""Dr, tem algo estranho com meu filho,  ele não abre o olho""
O médico, muito constrangido disse:
- ""Quem tem que abrir o olho é o Sr""
:rolling_on_the_floor_laughing::rolling_on_the_floor_laughing::rolling_on_the_floor_laughing::rolling_on_the_floor_laughing::face_with_tears_of_joy::face_with_tears_of_joy::face_with_tears_of_joy::face_with_tears_of_joy::face_with_tears_of_joy::face_with_tears_of_joy:",1,0,FN,0.009838046775501564
LogisticRegression,0,Gado agressivo.,1,0,FN,0.04521439484623941
LogisticRegression,0,O queria saber o porquê que na esquerda só tem mulheres feias...parecem dragões,1,0,FN,0.41570514976937034
LogisticRegression,0,"Mas que na esquerda as mulheres parecem dragões, isso não se pode negar",1,0,FN,0.27738919152161257
LogisticRegression,0,O  voto   è  pessoal   è  particular  !   Eu  NÃO   sou  anônimo   minha   COLINHA   e  da  família   e  alguns   amigos   será   está  ! NÃO   VOTAMOS   em  candidatos   que  apoia   a  esquerda   do DIABO   !  Somos   PATRIOTAS   !:thumbs_up_medium-dark_skin_tone::thumbs_up_medium-dark_skin_tone::thumbs_up_medium-dark_skin_tone::thumbs_up_medium-dark_skin_tone::thumbs_up_medium-dark_skin_tone::thumbs_up_medium-dark_skin_tone:,1,0,FN,0.41286311127775194
LogisticRegression,0,O PROJETO DA ESQUERDA É  FUDER O BRASIL:backhand_index_pointing_up::backhand_index_pointing_up::backhand_index_pointing_up::rolling_on_the_floor_laughing::rolling_on_the_floor_laughing::rolling_on_the_floor_laughing::rolling_on_the_floor_laughing::rolling_on_the_floor_laughing::rolling_on_the_floor_laughing:E BENEFICIAR OS AMIGUINHOS COMUNISTAS  FDP,1,0,FN,0.10173837936844399
LogisticRegression,0,"Gente vamos ser inteligente, se silveira vencer vai ser caçado e abrir uma grande brecha pra Molon, esse cara tem uma das mentes mais diabólicas da extrema esquerda o jeito e votar no Romário mesmo menos ruim.",1,0,FN,0.12960081820588715
LogisticRegression,0,Esse aí independente das falácia que nego costuma falar pior é a roubalheira que o Lula cometeu contra o nosso país Eduardo Costa é um dos grande apoiadores de Jair Messias bolsonaro,1,0,FN,0.003487063946212338
LogisticRegression,0,"Deus que nos livre desse bandido,canalha voltar a ser “presidente” da nossa nação",1,0,FN,0.1970198661247385
LogisticRegression,0,"Manda o Felipe Neto ir pra puta que o pariu, amanhã é dia de eleição, quem é esse moleque, ele é candidato a que? Acordem, postem essas merdas não, amanhã é tudo ou Venezuela...",1,0,FN,0.0007759908132009313
LogisticRegression,0,"A HORA E ESSA PATRIOTAS VAMOS NOS LIVRAR DESSES BANDIDOS SANGUESSUGAS QUE ESCRAVISAR NOSSO POVO , DEUS ACIMA DE TUDO, BRASIL ACIMA DE TODOS ...",1,0,FN,0.042965891470451684
LogisticRegression,0,"Bom dia à todos! 
Se você Acredita em DEUS, na Pátria, na Família, na Paz e Prosperidade, então deve estar consciente que HOJE venceremos o SATANÁS e Seus SEGUIDORES.",1,0,FN,0.07058213485545549
LogisticRegression,0,POR QUE O NORDESTE ESTÁ TÃO ATRASADO ??? JÁ VI ESSE FILME ANTES…,1,0,FN,0.06737511361971069
LogisticRegression,0,Pessoal nossa problema é no Nordeste o Lula roubou o dinheiro para fazer transposição do dia são Francisco é ainda voltam no lula meu Deus,1,0,FN,0.17763528326496356
LogisticRegression,0,"Não entendo como um ladrao consegue ganhar tantos votos,  Novamente o povo escolhe o ladrao!!! e deixa Jesus na saudade!!! A História se repete!!:enraged_face::enraged_face::enraged_face::enraged_face:",1,0,FN,0.0058755165382994206
LogisticRegression,0,É o Único momento que Tenho Vergonha de Ser Nordestino e na politica,1,0,FN,0.22911505819004466
LogisticRegression,0,Nordeste é tão piada que tá quase eleito o galo cego pra federal diz ai:clown_face::clown_face:,1,0,FN,0.03975363555606227
LogisticRegression,0,Exato! Como pode uma cretina dessa está em um grupo de direita! Tira ela ou saiu eu,1,0,FN,0.19319554910622155
LogisticRegression,0,"~ Você que é Cristão precisa repassar este vídeo da filha do Lula agradecendo a maçonaria pela liberdade do Lula como também os vídeos relacionados à blasfêmia do Lula contra Jesus e ele no centro de Umbanda! :red_exclamation_mark::red_exclamation_mark::red_exclamation_mark::double_exclamation_mark:

~ Querem destruir o Brasil ao máximo e tirar o Bolsonaro de jogada! Criam edições e falsas imagens como fizeram do Ciro Gomes ao lado de Bolsonaro! Como também fizeram uma nova investida contra o Bolsonaro!

Vídeo Deep Fake: Uma tática muito utilizada para meter candidatos onde não estão como também falar coisas que ele não falou!

O que a mulher no centro de Umband diz à Lula? Simples: xanobal é proveniente de baal, a antiga serpente. 

Todas as lideranças mundiais que são à favor dos LGBTs, Abortos e a destruição da igreja como a perseguição do exercício da fé!

Como a ministra espanhola da igualdade ligada aos governos apoiantes de Lula quer liberar a pedofilia!
Como PCC comemorou a vitória de Lula no primeiro turno!
~ Compartilhem à todos os contatos e grupos! :Brazil:",1,0,FN,0.0012749077432853417
LogisticRegression,0,"Mulher de Lula posta foto com pomba-gira, xangô, preto velho e se declara ser da umbanda - Folha da Política:link:",1,0,FN,0.00021586228517312216
LogisticRegression,0,Enquanto vocês se preocupam com castiga gay mamadeira de piroca bolsonaro tá usando a PEC para desviar dinheiro da educação nesse momento e se fazer na eleição pesquisa lá já que tu gosta de pesquisa kkkk,1,0,FN,0.3243916853766448
LogisticRegression,0,"* LULA É CONSAGRADO AO EXÚ *

Mande isso no grupo da família para as tias verem que ele não é nenhum cristão.",1,0,FN,0.3428250536097511
LogisticRegression,0,Esse cara está ajudando o aleijado das mãos a se eleger.,1,0,FN,0.1367350502312909
LogisticRegression,0,Tem até gay apoiando Bolsomaro aqui. Poderiam explicar as falas dele contra gays aqui :backhand_index_pointing_down::backhand_index_pointing_down::backhand_index_pointing_down:,1,0,FN,0.0020189649568773294
LogisticRegression,0,E por isso lula vai ganhar ..um bando de acéfalo defendendo a polícia que cumpre ordem ilegal!  Deixa com luladrao que aí sim ficará tudo bem ! Um bando de asno que defende a polícia e Alexandre de Moraes !,1,0,FN,0.10737495190208572
LogisticRegression,0,Ele mesmo disse que bastava dar 10 reais para o baiano ficar feliz,1,0,FN,0.28135226849980005
LogisticRegression,0,"Tudo bandido e insanos, comunista, fascista, doente. Deus vai fazer justiça. Em nome de Jesus",1,0,FN,0.02198012649746716
LogisticRegression,0,"Tô rindo aqui,,, xangô é são Jerônimo na umbanda,o santo da justiça, dos injustiçados,humildes nada a ver com o que luladräo prega,Deus é um só,,,,talvez o povo que ele segue ,,, não sabe nada sobre a lei da justiça de Oxalá,",1,0,FN,0.19535275377454966
LogisticRegression,0,"Já saiu o resultado do dia 30 de outubro sobre as eleições.

LULA ganhou de Bolsonaro com *52% dos votos*.

Já temos definido o Presidente do Brasil para 2023. *LULADRAO*.

É muita falcatrua da *GLOBO*",1,0,FN,0.29474653350105706
LogisticRegression,0,Axei q era fake mas é verdade msm:face_with_hand_over_mouth:Bolsonaro disparou na frente do Luladrao,1,0,FN,0.23035446859704883
LogisticRegression,0,Acabei de ver na band o Luladrao 53% e Bolsonaro47% não posso acreditar numa coisa dessas.,1,0,FN,0.16758773933167245
LogisticRegression,0,Como um cidadão que diz ser cristão vota num candidato que apoia invasão de terra dos outros de casas apoia os costumes lgbt legalização de drogas e de ladrões de celulares etc que Jesus é esse,1,0,FN,0.014592191055417533
LogisticRegression,1,"Quando terminar essa eleição vamos fazer uma festa para recuperar as amizades perdidas e as brigas familiares.
-Quem votou no bolsonaro traz a carne e a cerveja.
-Quem votou em branco traga frango e linguiça.
-Quem anulou o voto traga pão de alho e coração.
-Quem faltou na votação traga gelo e carvão. 
-E quem votou no PT não precisa vir.",1,0,FN,0.002472529179726492
LogisticRegression,1,"Oi estou vendo que vc acha que me sentiria ofendido por sua colocação, mas vamos lá, tirando a clara baixeza de seu argumento, aonde precisa tentar ofender, um esforço deveras patético para uma pessoa que quer se dispor como alguém de alguma forma superior a outra, então vamos pela lei de Cristo somos todos irmãos e irmãs e todos iguais perante a Deus, não cabendo condenar ninguém.

Também há a questão que mesmo na Bíblia calúnia e difamação é um ato criminoso ao qual é muito mal visto então se já passamos uma pá de cal sobre esse seu infeliz pronunciamento.

Não, não sou homo sexual, não tenho qualquer trejeitos delicado e muito menos sou destemperado e barraqueiro.

Também não estou em cima de qualquer muro, me coloco aqui em uma posição clara entre Belzebu e Baphomet eu não fico com nenhum, anjos caídos não se arrependem de seus pecados e este é o caso destes dois déspotas.",1,0,FN,0.007246009121041954
LogisticRegression,1,"Isso, vamos postar isso o tempo todo, até a boiada entender quem é o safado, ladrão, facista, genocida e etc…",1,0,FN,0.38735314637823154
LogisticRegression,1,"Garota inteligente e muito patriota, mas com certeza ela teria que ter alguém à protegendo onde ela for, porque a esquerda da universidade não irão perdoar essa Super Guerreira :Brazil::folded_hands_light_skin_tone::Brazil:. São de jovens iguais que o Brasil :Brazil:precisa :clapping_hands::thumbs_up:",1,0,FN,0.2642896585012352
LogisticRegression,1,Se fosse vermelha a reação  da globolixo seria a mesma? Claro que não,1,0,FN,0.03033017469174128
LogisticRegression,1,"Quem é de Direita nem assiste essa emissora lixo , literalmente.",1,0,FN,0.2180757048654046
LogisticRegression,1,"Vamos combater a esquerda até vencermos essa guerra. 
SALVE NOSSO CONTATO 

Vote nos candidatos do Bolsonaro :Brazil: :Brazil: :Brazil: :Brazil: :Brazil: :Brazil:

* Deputado Federal: Coronel Malabarba 44.00

* Deputado Estadual: Ruy Irigaray BOLSONARO 44.000

* Presidente: Jair Bolsonaro 22
",1,0,FN,0.0007630019944847044
LogisticRegression,1,"*""Quando a então poderosíssima União Soviética invadiu a pequena Finlândia, o pai do missionário Eurico Bergsten, que servia no Brasil, repetia sem cessar a oração: “Deus, salve a Finlândia”.* 
*Ao acordar de manhã, ao tomar café, ao almoçar e a todo momento, durante todo dia, ele orava: “Deus, salve a Finlândia”.*
*E milagre aconteceu. O poderoso inimigo foi derrotado, e a Finlândia cristã foi liberta do comunismo. Façamos o mesmo pelo Brasil. Que a nossa oração incessante, a partir de agora, seja: “Deus, salve o Brasil”. Ao acordar, ao tomar café, ao almoçar e todo momento, que esse clamor esteja no seu coração e nos seus lábios: “Deus, salve o Brasil”. O milagre acontecerá. Ele ama o Brasil!""*
*Deus abençoe a todos!*   :woman_bowing::woman_bowing::woman_bowing::yellow_heart::green_heart::Brazil:🇷:Israel:🇱 
       *COMPARTILHE ESTA MENSAGEM*",1,0,FN,0.3840495634624522
LogisticRegression,1,"Já estão preparados para o golpe da esquerda  ???
:pensive_face::loudly_crying_face:
Não vejo outro cenário...

Aqui no RN , vai ser proibido todo tipo de forças policiais e  etc.. 
Por perto das zonas eleitorais...

 Sempre se soube que eleição é perigoso pois sempre alguém vem cobrar contas com seus desafetos e por aí vai , imagina como vai ser domingo...

Que Deus nos proteja :folded_hands_light_skin_tone::raising_hands_light_skin_tone::folded_hands_light_skin_tone::raising_hands_light_skin_tone::folded_hands_light_skin_tone:",1,0,FN,0.16399623949113548
LogisticRegression,1,Bicho estou louco aqui. Alguém chegou a ler o que o bandido de nove dedos escreveu???,1,0,FN,0.13830722552882127
LogisticRegression,1,"Um infeliz desse ainda qer se reeleger
Só sifor no inferno q e lugar de cão",1,0,FN,0.4637678583191143
LogisticRegression,1,"Isto aconteceu em 2018, na véspera do segundo turno
Quando Bolsonaro ganhou, a petezada sumiu. Pararam as invasões de imóveis",1,0,FN,0.3125059161136087
LogisticRegression,1,":backhand_index_pointing_up::backhand_index_pointing_up::backhand_index_pointing_up:
""Artistas acreditam que se tiverem benesses financeiras tudo vale...
Este oportunismo surgiu com a associação PT e artistas, que foram comprados para fazerem ""propaganda"" da esquerda.""

*Fonte:* Canal Layla Fiuza",1,0,FN,0.28911476014958465
LogisticRegression,1,"Sim. A ação contra bandidos deve ser enérgica. Entre tombar um bandido ou um cidadão de bem que tombe o bandido. Mas,e os números mostram isso_ não é só o bandido que deve ser combatido, mas o crime e o crime é um fato social com uma série de fatores criminógenos: desigualdade, base familiar, falência da educação formal ,entre outros.
Esperar que o crime diminua simplesmente eliminando criminosos é como supor que um balde sob a goteira resolverá o problema da telha destruída.",1,0,FN,0.05822992721522587
LogisticRegression,1,"GENTEEE, ESSE LADRA DO LULA ESTA MUITO TRANQUILO COM A VITÓRIA DELE,  TEM ARMAÇÃO POR AÍ. VAMOS ORAR E PEDIR A DEUS QUE CANCELE TODA AÇÃO DO MAL QUE ESTIVER ARMADO PARA AS NOSSAS ELEIÇÕES.",1,0,FN,0.25533321892539074
LogisticRegression,1,É SÓ TROCAR  O NOME BOLSONARO POR LULADRAO :backhand_index_pointing_up::backhand_index_pointing_up::backhand_index_pointing_up::rolling_on_the_floor_laughing::rolling_on_the_floor_laughing::rolling_on_the_floor_laughing::rolling_on_the_floor_laughing:A ANÁLISE FICA. REAL E VERDADEIRA :rolling_on_the_floor_laughing::rolling_on_the_floor_laughing:,1,0,FN,0.25414825700417193
LogisticRegression,1,"Não vai dar Ciro dessa vez.
Mas se você gosta do Ciro, quer dizer que você é mais próximo do Lula que do Boçal genocida. Então vem de Lula logo e vamos fechar o caixão do Biroliro no primeiro turno",1,0,FN,0.00013167581816470007
LogisticRegression,1,"*CONCLAMAMOS A TODOS OS CIDADÃOS E CIDADÃS DE BEM DA NOSSA NAÇÃO.* 
*JOVENS E CRIANÇAS, ADULTOS E IDOSOS,* PARA COMPARECEREM AS URNAS, *NESTE PRÓXIMO DOMINGO, NO DIA GLORIOSO 02 DE OUTUBRO DE 2022,* VESTINDO AS CORES *VERDE E AMARELO.*
CATÓLICOS E EVANGÉLICOS, *PRECISAMOS NOS UNIR CONTRA UM INIMIGO COMUM,* O COMUNISMO E O SOCIALISMO.
*BRASIL ACIMA DE TUDO, DEUS ACIMA DE TODOS.* :index_pointing_up::index_pointing_up::index_pointing_up:",1,0,FN,0.010893830010986353
LogisticRegression,1,Já disse aqui que o deus dos bolsonarentos é Mamon?,1,0,FN,0.049501882122974884
LogisticRegression,1,Ceara hj a noite  01/10/22 o velho ladrão vai toma uma trolhada no rabo que vai perder ate as pregas :face_with_tears_of_joy::face_with_tears_of_joy::face_with_tears_of_joy::face_with_tears_of_joy::face_with_tears_of_joy::face_with_tears_of_joy::face_with_tears_of_joy:,1,0,FN,0.3448759507438911
LogisticRegression,1,"Deus E Deus De Surpresas , Confia Gente , Esse Comunista Não Vai Voltar Ao Poder",1,0,FN,0.19662044510847776
LogisticRegression,1,"A maconha, o comunismo, o roubo de celular, o pole amor, o aborto, e a liberação pra os políticos eleitos  democraticamente roubarem, e não serem presos por ter roubado o povo que os elegeram, também a vitória da lgbt , essa é a vitória dos crentes desviados do evangelho de nosso Senhor Jesus Cristo, e da glória de Deus Pai o eterno não é?.",1,0,FN,0.4214434183126746
LogisticRegression,1,"Ha 2000 anos o povo escolhe o ladrao. Ontem não foi diferente. Triste ver tanta gente ou ignorante e sem acesso à informaçãode qualidade ou desprovido de valores éticos e morais. Mas não adianta só reclamar. Temos que sair da nossa zona de conforto e lutar, garimpar votos etc onde quer que seja. Que Deus nos proteja do mal.",1,0,FN,0.013571743477341832
LogisticRegression,1,Esse professa com certeza vai ficar só no cheirinho do tão sonhado kite gay na sua escola:face_with_tears_of_joy::face_with_tears_of_joy: Bolsonaro reeleito mais 4 ano garantido sem esse kite gay nas escolas :folded_hands::folded_hands:,1,0,FN,0.028627211117180546
LogisticRegression,1,"Esse já era luladrao, sempre foi, quem é Bolsonaro é fiel não muda nunca, isso é um palhaço de esquerda querendo confundir a cabeça dos nordestinos",1,0,FN,0.37482106958659833
LogisticRegression,1,Estão tudo doido pela lei rounet esses artistas e jornalista comunista.  Teta do governo que e o pt dá para esse povo que já são rico milionários.,1,0,FN,0.15206417137205402
LogisticRegression,1,":index_pointing_up::index_pointing_up::index_pointing_up::index_pointing_up::index_pointing_up::index_pointing_up::index_pointing_up::index_pointing_up::index_pointing_up::index_pointing_up::index_pointing_up::index_pointing_up::index_pointing_up::index_pointing_up::index_pointing_up::index_pointing_up:

*Conselho estratégico pra essa guerra, estamos a poucos dias da batalha final *

*Não perca tempo em tentar convencer esquerdopatas, essa gente tem cabeça feita, são lobotomizados, são bestializados, são psicopatas em diferentes graus, só Deus pode fazer o milagre *

*Corra atrás dos indecisos, tem aí mais de 40 milhões, de não comparecimento, votos em branco, etc etcetera *.

*Vamos correr atrás dessa gente, esqueçam os petistas por enquanto*.

*Confesso que gosto de ver petista irritado kkkkkkkkkkkk, mas vamos esquecer essa gente, e focar agora em outro alvo :bullseye: *.

:call_me_hand::call_me_hand::call_me_hand::call_me_hand:",1,0,FN,0.0989526804709925
LogisticRegression,1,Vídeo muito bom. Por quê o socialismo não dá certo em lugar nenhum do mundo. Visto que a base vem do comunismo. Que foi criado por um vagabundo que nunca trabalhou na vida.,1,0,FN,0.31646132420654055
LogisticRegression,1,"Que todos se conscientizem de que: nesse momento o mais importante é coletar informações e estratégias nos grupos e levá-las para fora dos grupos - levá-las a todos os isentões, àqueles que vão à praia no dia do voto, àqueles que porventura vão votar errado (votar no criminoso) - de nada adianta participar de um grupo se não fizer isso - e hastear a Bandeira do Brasil para fora de todas as janelas do  nosso imenso território nacional é de suma importância para dar visibilidade ao nosso desejo: Liberdade, Deus, Pátria e família - o mundo precisa conhecer o nosso desejo - é necessário que todos compreendam o risco que estamos correndo - lutamos pela liberdade, contra o comunismo escravagista e genocida. Que Deus nos abençoe.",1,0,FN,0.0007288555594437446
LogisticRegression,1,"Cara de onde vc conseguiu tirar tal conclusão? E pare com risadinha forçada soa ridículo parece um retardado.

Vamo lá sem desviar, deixe de ser esse covarde e não fuja do assunto.

Bolsonaro disse que participaria de um ritual indigna que ia comer carne humana?",1,0,FN,0.38899200215470425
LogisticRegression,1,LULADRAO VAI POR O DOLAR A 40 REAIS :rolling_on_the_floor_laughing::rolling_on_the_floor_laughing::rolling_on_the_floor_laughing::rolling_on_the_floor_laughing::rolling_on_the_floor_laughing::rolling_on_the_floor_laughing::rolling_on_the_floor_laughing::rolling_on_the_floor_laughing::rolling_on_the_floor_laughing:E INFLAÇÃO A 100%,1,0,FN,0.2482190414543003
LogisticRegression,1,"Faço isso! 
Todo material que denigre a imagem desse bandido e sua corja bem como as mazelas que já fez e ainda pretende fazer, eu envio a aqueles que ainda teimam em dizer que Lulaladrao não é Lulaladrao! 
Recebo vários “elogios”, mas continuo na luta por, quem sabe, uma mudança de pensamento!",1,0,FN,0.34871994411675955
LogisticRegression,1,LULADRAO com boné do traficante mister m fdm,1,0,FN,0.4971753124209745
LogisticRegression,1,JOVEM PAN É SENSURADA NÃO  PODEMOS MAIS CHAMAR O LULADRAO PELO QUE ELE É  E FAZ MAS PELO QUE  OS TOGADOS QUEREM ESTADO DE DITADURA,1,0,FN,0.23540137301137376
LogisticRegression,1,":megaphone::keycap_2::keycap_2::Brazil: *ATENÇÃO MUITA ATENÇÃO.* :Brazil::keycap_2::keycap_2::megaphone:

*Viagens em feriadão impensado irá nos CUSTAR 4 anos, talvez sem trabalho e sem dinheiro para viajar*

*Agora eu entendo pq, entre o primeiro turno e o segundo, teremos 4 semanas e não 3 como de costume. Dia 30 é um Domingo. Dia 29 é um sábado e 28 é uma sexta-feira. Dia do Funcionário Público. Com o de costume, feriado para o funcionalismo público. Eleição dia 30. Dia 01 de Novembro provável feriado/ponto facultativo e, dia 02/11, Finados. Outro feriado. Feriadão de 5 dias com uma eleição no meio. Quem viaja num feriadão? Eleitores do Bolsonaro ou eleitores do Luladrao? Abstenção severa? A quem vai beneficiar? Muita coincidência ou armação? Não vamos viajar. Vamos votar. Para reflexão.*:oncoming_fist::Brazil:",1,0,FN,0.05714721964220922
LogisticRegression,1,Não é a toa que lgbts maioria de esquerda são os que mais cometem pedofilia,1,0,FN,0.3259803932067916
LogisticRegression,1,"Daqui a pouco petista vai inventar que estão estressadas por causa da TPM sendo homem .
Pqp",1,0,FN,0.004944347618058087
LogisticRegression,1,TALVEZ  NÃO  VAI  TER  NADA  DIA TRINTA  SO VAI  DIA TRINTA  DE NOVEMBRO  DESCUBRIU  FRAUDES   CAMPANHA  DO NOSSO PRESIDENTE JAIR  O PARTIDO  DO LULADRAO  ÉSTAR ENVOLVIDO  TA DANDO  NA TV JOVEM PAN  OS DEPUTADOS  ESTÃO  QUERENDO  MUDA PRA O S JAIR  BOLSONARIO  NÃO  FICAR  NO PREJUÍZO,1,0,FN,0.048863722918213816
LogisticRegression,1,"Gente ontem eu estava no Rio e este é o folder que estavam distribuindo . Agora não tem como falarem que isso é FAKE . E eu pergunto : vcs realmente votarão num homem que quer liberar as drogas ordenamente deve ser por ordem . Ora libera a cocaina , depois na ordem segue a maconha , etc . Prestem atenção da Frase:ESTÁ LIVRE DE MOVIMENTOS CRISTÃOS . Eu sou uma serva do senhor e não posso concordar com isso  . Creio em Deus e que ele vive . E só Deus pode dar e tirar a vida . Então, como posso ser a favor DA LIBERDADE DO ABORTO ? Gente nem vou falar mas nada . No restaurante onde eu estava com alguns amigos e amigas  Se tornou insuportável quando começou o debate . Sabe por que? Por que algumas pessoas que são todos apoiados do Lula, os mesmo que estavam destrubuindo estes panfletos e adesivos ,começaram a gritar e gritar muito. Surtaram !!!!! várias pessoas ficaram assustadas E em sua maioria eram LGBTs. Que começaram a escandalizar o local . Não estou descriminado ninguém.",1,0,FN,0.005630528000204521
LogisticRegression,1,"*Quem for de são Paulo e outras regiões e tiver empresa, não contratem NORDESTINOS. Eu sou uma Nordestina Piauiense. Porém, não me conformo eles acabarem com nosso Estado e ir procurar emprego fora.*",1,0,FN,0.12712817903526108
LogisticRegression,1,A CASA CAIU!!!  OS NORDESTINO AGORA ESTÁ MOSTRANDO QUEM VAI COMER CAPIM.  INGUINORANTE DAS DESGRAÇA :Brazil::Brazil::Brazil::Brazil::Brazil:,1,0,FN,0.0753849069675043
LogisticRegression,1,"Não está sendo fácil digerir essas histórias em que o estádio mane garrincha já teria sido reservado para posse do Lula bem antes mesmo das eleições do 2º turno e também aquela imagem da rede esgoto mostrando vitória do Lulaladrao bem como as gravações de final de ano com Lula eleito!!! 
Tem caroço nesse angu! :thinking_face::man_shrugging_medium-light_skin_tone:",1,0,FN,0.313431772310903
LogisticRegression,1,"Eu, assim como muitos eleitores de Bolsonaro, nao confio nesse site “boatos”.
Faz parte da mesma corja de sites tipo “tabu” que também já foi desmascarado pois seu criador era defensor ferrenho dos Lulaladrao! 
Todos nós sabemos que os banqueiros tomaram muito prejuízo, isto é, deixaram de faturar milhões com as transações do pix por serem isentas de taxas.
Um dos requisitos mostrados pelos banqueiros para apoiar o molusco era justamente a taxação das transações bancárias bem como fim dos bancos virtuais!!!",1,0,FN,0.2935895511039852
LogisticRegression,2,Imagina as crianças sadias que o povo da sua religião deixou doente,1,0,FN,0.40854799472033143
LogisticRegression,2,"Gente...até  qdo  isto???
Tenho netos ...adolescentes..
Inteligentes... não toleram ideologias de nenhum tipo...
Como encarar esta raivosa intolerância...
Como mãe...avó de 73 anos...nunca vi isto...
SÓ JESUS  NA NOSSA CAUSA...
Oremos...oremos... Nossa 
Oração...
SENTADO À DIREITA DE DEUS QUE PAI...não a esquerda...
Brasil acima de tudo...
DEUS acima de todos...
:green_heart::Brazil:",1,0,FN,0.18648418550513723
LogisticRegression,2,":keycap_2:

15. Em outras palavras, as emendas do relator podem até ser criticadas, mas apenas numa lógica de eficiência do gasto público, questionando se os parlamentares direciom os recursos para as áreas que mais precisam, e nunca por configurar compra de apoio, como ocorria no Mensalão.

16. Pior: para conseguir apoio, Lula e o PT usavam emendas; loteavam ministérios e estatais, entregando parcelas muito maiores do orçamento nas mãos dos partidos; e ainda desviavam dinheiro público para comprar parlamentares e anular o Legislativo. Era tudo ao mesmo tempo!

17. Então, da próxima vez que você encontrar alguém malandramente tentando comparar as duas coisas, deixe claro que o Mensalão foi um esquema criminoso e um golpe contra o Legislativo enquanto o tal ""Orçamento Secreto"" é, no máximo, uma forma menos eficiente de alocar recursos.",1,0,FN,0.0766167622786977
LogisticRegression,2,"Agora Bolsonaro arranjou uma casa de um cidadão normal, humilde para fazer live...
É disso que o povo gosta :beaming_face_with_smiling_eyes:
Só falta mesmo ele fazer live com a Michelle interpretando em libras, e o Molusco corta o resto dos 9 tentáculos ...:thumbs_up::sweat_droplets:",1,0,FN,0.058985675219854254
LogisticRegression,2,O ex presidiário se ausenta de mas uma entrevista... mas na Globo ele ta confirmado.. algo estranho ? :face_with_tears_of_joy:,1,0,FN,0.00367538573553723
LogisticRegression,2,"Um dia eu estava em um grupo de colegas com ideologia da esquerda e fiz um pedido de emprego para ser jardineiro para um amigo que teve problemas com a justiça, tinha sido preso, era alcoólatra e às vezes mentia. Falei que ele era gente boa e estava passando por uma fase difícil. Todos os colegas refutaram o meu pedido dizendo, Eduardo, assim fica difícil contratar um cara desses. Tenho filho pequeno e não confio.
Expliquei que se para ser jardineiro ele era tão criterioso, por que não para ser o presidente da República, uma vez que os atributos tidos como negativos eram os mesmos?
Cri-cri-cri.. o grilo cantou",1,0,FN,0.34062617589352095
LogisticRegression,2,"COMBATE AO ATIVISMO LGBT Infelizmente, grupos de pressão, que sequestram pautas identitárias, querem subverter a noção de igualdade e garantir favorecimentos para si em detrimento do restante da sociedade. É o caso, por exemplo, do movimento LGBT, que em Salvador ameaça os comerciantes e busca, a seu bel prazer, criminalizar quem não os coloca sobre um pedestal. Como vereador, lutei contra as medidas autoritárias do ativismo LGBT que queriam multar donos de estabelecimentos comerciais de forma injusta. Somos todos iguais perante à lei e, principalmente, a Deus. Peço seu voto agora para deputado estadual! Comprarei essa briga para proteger os comerciantes e as famílias de toda Bahia. 

#CezarLeite
#DeputadoEstadual
:keycap_2::keycap_0::keycap_0::keycap_2::keycap_2::check_mark_button::Brazil:

#CL20022
#20022
#LeiteNelesBahia 
#CezarLeite20022
#TimeCezarLeite
#BolsoLeite20022 
#Bolsonaro22
#Roma22
#Raissa222",1,0,FN,0.049818518155911096
LogisticRegression,2,"A matéria do New York Times diz: ""Líderes políticos de esquerda e grande parte da imprensa e do público brasileiro apoiaram amplamente as ações de Moraes como medidas necessárias para combater a ameaça singular representada por Bolsonaro.

Mas muitos juristas dizem que as demonstrações de força de Moraes, sob a bandeira de salvar a democracia, estão ameaçando empurrar o país para uma queda antidemocrática.",1,0,FN,0.047741797198390286
LogisticRegression,2,Os trouxas da esquerda terá mais 4 anos dizendo que é resistência. :rolling_on_the_floor_laughing::rolling_on_the_floor_laughing:,1,0,FN,0.3134904189706703
LogisticRegression,2,Juazeiro é uma cidade cheia de cabide de emprego que a esquerda adora fazer.,1,0,FN,0.279886759569334
LogisticRegression,2,Só para você ver quanto à esquerda fez com o nosso país agora traficante fala abertamente o que ele quer e manda e o STF proibiu da polícia subir os morros para não incomodar os traficantes,1,0,FN,0.35846377532850754
LogisticRegression,2,Só bandido não quer o cidadão de bem armado. Nunca foi tão fácil escolher.,1,0,FN,0.10492710960494699
LogisticRegression,2,Desprezível esse cidadão  como pode esse cata além de apoiar o ex presidiário  falando mentira,1,0,FN,0.2730349280944354
LogisticRegression,2,"Para quem está pensando em votar na esquerda na próxima semana, vou enviar uns vídeos da Colômbia: os caminhoneiros param nos postos para abastecer e a população saqueia os produtos. Também estão fechando as estradas para roubar. O governo prometeu coisas que agora não pode cumprir e a população está revoltada.  Provavelmente vocês não vão ver isso na mídia do Brasil:",1,0,FN,0.15492162566546466
LogisticRegression,2,"Votem como cristãos! Diante do Senhor NÃO vote na esquerda comunista que apoia o ABORTO, e todas ideologias malignas",1,0,FN,0.0020519168814702293
LogisticRegression,2,"Capaz do Lula encontrar o Palácio todo cagado, com móveis históricos quebrados, livros raros mofados em algum porão, objetos furtados, louça suja na pia, merda na privada que alguém não deu descarga... sabe como essa gente é, né?!",1,0,FN,0.17751159558688942
LogisticRegression,2,"Pelo ""pessoa"" que vem com essa asneira já dá pra identificar que é esquerdista",1,0,FN,0.4885185169227708
LogisticRegression,2,"Quanto ao aparelhamento, é resultado de 30 anos de governos de centro esquerda e de esquerda.",1,0,FN,0.13511366383732862
LogisticRegression,2,"A ex  professoea /Advogada  deputada Simone de tablet vai hj debate Jajá ela lá hj Querendo ser professora..do PCC hoje tá afiada com LulaLadrao e GloboLixoManipulativa:rolling_on_the_floor_laughing:........etc:Vietnam::kitchen_knife::Brazil::heavy_dollar_sign::pinched_fingers::pinched_fingers::heavy_dollar_sign::kitchen_knife::heavy_dollar_sign::heavy_dollar_sign::heavy_dollar_sign::heavy_dollar_sign:

O mito vai.hoje tá lá firme e forte..sozinho.....ele sim eh nosso LÍDER,
NOSSO VERDE ESPERANCA.
NOSSO AMARELO RIQUEZA EM EXPANDIR EMPREGOS NO BRASIL,....

e não nas chinas...cuba...etc...:Vietnam::heavy_dollar_sign::pinched_fingers::Vietnam::heavy_dollar_sign::pinched_fingers::Vietnam::heavy_dollar_sign::pinched_fingers::Vietnam::heavy_dollar_sign::pinched_fingers::Vietnam::heavy_dollar_sign::pinched_fingers::Vietnam::enraged_face::enraged_face::Vietnam::Vietnam::Vietnam::Vietnam::pinched_fingers::heavy_dollar_sign::heavy_dollar_sign::heavy_dollar_sign:
Luladrao PCC STF... Caiado....etc,...:heavy_dollar_sign::pinched_fingers::heavy_dollar_sign::pinched_fingers::kitchen_knife::Brazil::kitchen_knife::Brazil::pinched_fingers::heavy_dollar_sign::pinched_fingers::heavy_dollar_sign::pinched_fingers::middle_finger::pinched_fingers::heavy_dollar_sign::kitchen_knife::kitchen_knife::heavy_dollar_sign::kitchen_knife::heavy_dollar_sign::heavy_dollar_sign::kitchen_knife:",1,0,FN,0.28813839523602247
LogisticRegression,2,"Você não vota no Lula, dar pra ver pelo seu linguajar preconceituoso e racista, *o termo mula se fere a pessoas inferteis como as mulas, é.um linguajar usado por racistas para se desfazerem dos pardos que são descendentes de brancos e negros.*",1,0,FN,0.002559291017333479
LogisticRegression,2,:triangular_flag: O padre é o satanás wm transformação de anjo de luz .,1,0,FN,0.3593055213645749
LogisticRegression,2,"*não é Fake News!*
Zema está com Lula!
Zema nao está com o presidente Bolsonaro. Parabéns a ""direita"" que vai deixar de votar no Viana (indicado pelo presidente) para votar em candidatos alinhados com a Esquerda, inclusive com bandidos que roubaram a nação. O resultado é esse.:backhand_index_pointing_up_light_skin_tone:",1,0,FN,0.08236261905505542
LogisticRegression,2,"Abrem os olhos , não pensem só no momento , pensem nas futuras gerações , não queiram pra eles o que não quer pra vcs hoje , esquerda é a destruição da família , amanhã votem consciente, sejam maduros , inteligentes , abraços",1,0,FN,0.12545805237405475
LogisticRegression,2,"Urna batizada meus amigos
Ele satanás não tem tantos eleitores assim!",1,0,FN,0.11666383136137404
LogisticRegression,2,"Bolsonarista: Marcha p Jesus
Petistas: Marcha p maconha
De qual lado vc está?",1,0,FN,0.009490946221685758
LogisticRegression,2,Fora bozo adorador do bode capa preta,1,0,FN,0.022861695695118856
LogisticRegression,2,Os candidatos de esquerda gostam tanto de pobres que eles tem o poder da multiplicação da pobreza.,1,0,FN,0.3977521029490078
LogisticRegression,2,O ÚNICO POBRE BRASILEIRO QUE O LULADRAO TIROU DA POBREZA O FILHO DELE LULINHA CATADOR DE BOSTA DE ELEFANTE EM DUBAI NA ARÁBIA SAUDITA COM UMA FERRARI BANHADA A OURO VEJAM,1,0,FN,0.22562184673437566
LogisticRegression,2,"Não está não 
Ele é deformado mesmo assim como as ideias dele:beaming_face_with_smiling_eyes:",1,0,FN,0.1420512162645158
LogisticRegression,2,"Eu sei,mas têm muito baiano jumento ,no trabalho é um exemplo.",1,0,FN,0.15375097092990236
LogisticRegression,2,"Belém do Pará também fazendo seu dever. Estou com essa massa de apoiadores do Bolsonaro para limpar o Brasil de ratos que governaram desde redemocratização.

Bolsonaro tem seus defeitos, mas ninguém melhor para  botar o Brasil nos eixos como fez nos 4 anos de mandato. 

Vai deixar legados para história. 

Renasceu a direita inexistente até então. Roubaram eleição dele, se não conseguirmos reverter o Lulaladrão terá oposição jamais vista na casa parlamentar e ele terá enormes dificuldades para implantar seus projetos nefastos. 

Essa massa de população que invade as ruas e praças do Brasil agora não permitirá  os atrasos e caos que ele quer executar.",1,0,FN,0.20601946730696039
LogisticRegression,2,Qualquer imbecíl sabe que intervenção federal cai no colo da esquerda,1,0,FN,0.17934761822184636
LogisticRegression,2,É  ser muito mongol pra crer que essa corja vá aceitar a vitória do Bolsonaro!,1,0,FN,0.06908066962803616
LogisticRegression,3,"Esse seu assunto aí já foi respondido por vários aqui. Mas parece que você é masoquista e quer continuar apanhando.
Não vou ficar dando palco pra doido.",1,0,FN,0.008871457234217704
LogisticRegression,3,Perfeito para o gado ficar louco no pequeno curral mental que possui,1,0,FN,0.21370581538595806
LogisticRegression,3,"""Eu vou de Lula! Entenda o porquê!!! As Entidades do Inferno estão todas a favor dele, e o Lula vai Vencer! E todas as Almas que votarem nele ganharão uma Visão Especial todas as Noites ao Dormir""... (Repasse para as Pessoas que pensam em votar no Lula e que ainda não sabem quem está por trás dele!)",1,0,FN,0.047866753984956836
LogisticRegression,3,*THIAGO MARTINS CONVIDA A POPULAÇÃO BAIANA PARA SEPULTAR A VELHA POLÍTICA NA BAHIA*,1,0,FN,0.012833708730268812
LogisticRegression,3,Bolsonaro pede a Deus que nós não experimentemos as dores do Comunismo,1,0,FN,0.3173864975000564
LogisticRegression,3,"Quantas fofuras em
Na época do luladrao ninguém se interessava em política. Com Bolsonaro até as crianças querem discutir política 
Essa Bolsonaro é realmente o MITO :flexed_biceps_medium-light_skin_tone::flexed_biceps_medium-light_skin_tone::green_heart::folded_hands_medium-light_skin_tone::raising_hands_medium-light_skin_tone::clapping_hands_medium-light_skin_tone::clapping_hands_medium-light_skin_tone:",1,0,FN,0.4798539303871678
LogisticRegression,3,Simone Tebet acabou com o Bolsonaro.  Ela entregou todo o esquema criminoso do BOZO,1,0,FN,0.22872710575050484
LogisticRegression,3,Compartilhem sem dó é importante esse vídeo mostra o tanto e o quanto à esquerda é covarde mas nós à direita devemos nos unir,1,0,FN,0.022543964804850634
LogisticRegression,3,A  esquerda   usa  de várias   artimanhas   para  confundir   o  eleitor   ! VOTE  APENAS   nos  candidatos   da  direita   e  aguarde    o resultado   ! NOSSAS  FFAA   NÃO   VAI  trair  sua  NAÇÃO   !,1,0,FN,0.47653628269675924
LogisticRegression,3,"“A esquerda promete o céu, mas o que ela entrega é o inferno”. GUEDES, Paulo. 2022",1,0,FN,0.030812035987096347
LogisticRegression,3,"Corja de bandido … Deus é maior que td isso , só permite pq temos o livre arbítrio … depois não adianta chorar , plantou , colheu , simples assim",1,0,FN,0.1186478421563567
LogisticRegression,3,"*Minhas considerações sobre o debate presidencial na Globo.*

*Jornalista Delmar Rodrigues*

*Lula  O eterno ladrão*
*Simone e Soraya as perdidas*
*Felipe o equilibrado*
*Ciro o esperançoso*
*Kelman o penetra*
*Bolsonaro o reeleito*

*Pelo que vi nesse último debate, todos os pretensos candidatos a cadeira de presidente,  só fortaleceram  a reeleição de Jair M. Bolsonaro, é  incrível como eles ainda olham para o povo como um tolo, ignorante e incapaz de saber e perceber a realidade desse país.*
*Da forma como se deu o debate, ficou claro que Bolsonaro ganha no primeiro turno, salvo se alguma coisa ocorrer como na eleição passada  em que tivemos um segundo turno duvidoso.*",1,0,FN,0.018879371032823503
LogisticRegression,3,":backhand_index_pointing_up: *Aquí está a vergonha da esquerda.*

*Eles tentaram destruir esse vídeo. Compartilhem com um conhecido esquerdaopata!!!* :winking_face::winking_face::thumbs_up::thumbs_up::thumbs_up::thumbs_up::thumbs_up::thumbs_up::thumbs_up::thumbs_up::thumbs_up::thumbs_up:

#Bolsonaro2022 

Grupo: 
[USER]",1,0,FN,0.4206959120751791
LogisticRegression,3,Esse casal é bolsonaro Nato Nato e nato tanto eu como ela partimos para cima do Zap para conquistar Voto para o bolsonaro e assim que todos os casais tem que fazer a maldição do PT tem que ser acabado nessa gestão agora nós todos juntos seremos forte,1,0,FN,0.01592626642791891
LogisticRegression,3,"Amanhã dia 02/10/2022, teremos eleição para Dep. Federal, Dep. Estadual, Senadores e o principal , o Presidente da República. 
Peço humildemente que antes de depositarem os seus votos nas urnas, que pensem em seus filhos, netos e bisnetos. Porque essa eleição não é somente para definir quem presidirá o nosso País, mas sim para definir quem irá cuidar do nosso futuro, do futuro de nossos filhos, netos e bisnetos. Esse pessoal que prega o socialismo e comunismo não deve ter noção da devastação que isso causa em nossas vidas. Por isso se oriente com Deus e peça a Ele uma direção, certamente Ele lhe dará. Procurem no Gloogle a respeito da agenda de 2030 (NOM). Ótima votação e excelente domingo. Deus é que está no controle.",1,0,FN,0.04404666539559085
LogisticRegression,3,"Tem o macho, tem o super macho, tem mega macho, tem o super homem, e tem esse cara aí que gritou ""Ladrão"" no meio da petezada no comício do presidiário. 
Esse é meu ídolo...",1,0,FN,0.41932908125518503
LogisticRegression,3,"""Meu coração está aflito pela nação. Não sabemos o que se passa nos bastidores e nem qual o limite (ou a falta dele) daqueles sem escrúpulos. O Brasil é um dos últimos países da América Latina onde o socialismo não tocou a mão e fez apodrecer. É triste ver a realidade de argentinos, venezuelanos, cubanos e outros. Potências que estão se esvaindo. Aqueles que não tiveram tanta instrução são os que mais votam na esquerda, ironicamente, pois são eles quem deveriam mais temer a falta de oportunidade gerada através das políticas populistas que tornam qualquer Estado infrutífero. Onde há maior liberdade econômica, ali há chances e chances de passar por qualquer crise sem perecer. Que Deus tenha misericórdia do Brasil."":folded_hands: (Fran Peçóis). 
*#primeiroturnobolsonaro*",1,0,FN,0.07181646870330033
LogisticRegression,3,Kkkk valeu Mengão. Acho q é o primeiro bolsominion que não me xingou nem se irritou cmg.,1,0,FN,0.170368199937243
LogisticRegression,3,Partiu indo ajudar nosso presidente a acabar com veio do cão,1,0,FN,0.1533841957526122
LogisticRegression,3,"Eu estou trazendo esse plint após um comentário de um vídeo de um bando de macunbeiros fazendo seus despacho na frente de um cemitério. Porque estou fazendo isso no meu plint fala que Deus não dorme e esse noite ouve muitos louvores lave e anite teremos sim um resultado muito positivo vou trazer pra vcs verem o que se falou na lave foi puro fogo :fire: de Deus aguardem.após o resultado, mas já adiantando um pouquinho teremos prisões :zipper-mouth_face:",1,0,FN,0.005334840594019501
LogisticRegression,3,"*_É HOJE NO PRIMEIRO TURNO PELA PRIMEIRA VEZ NA HISTÓRIA SE DEUS QUISER! DEUS OLHAI POR NOSSA NAÇÃO! QUE O COMUNISMO JAMAIS IMPERE NO NOSSO PAÍS! DEUS PÁTRIA,FAMÍLIA E LIBERDADE! BRASIL ACIMA DE TUDO,DEUS ACIMA DE TODOS!_* :place_of_worship::folded_hands_light_skin_tone::keycap_2::keycap_2::Brazil:",1,0,FN,0.43247116345651665
LogisticRegression,3,"Aí esse Lula e quem votou no vão tudo para os quinto dos infernos

Quem vota num vagabundo de um ladrão velho desse cabeça branca não tem cérebro não é de outro planeta.",1,0,FN,0.2440654932665355
LogisticRegression,3,É impressão minha ou o nordestino tá com saudade da seca?,1,0,FN,0.18261788835180282
LogisticRegression,3,Que nordeste é esse que não aprende meu Deus! Povo que gosta de esmolas… Afff,1,0,FN,0.2410049118413083
LogisticRegression,3,"CAMILO SANTANA 65% PARA SENADOR? 

GOVERNADORES NO NORDESTE TODOS 1° TURNO


MEU DEUS! 

TEMOS QUE 

CONSCIENTIZAR OS NORDESTINOS PETISTAS",1,0,FN,0.1402316998380179
LogisticRegression,3,"Pessoal o nosso presidente é esperto! Ele já pensou em tudo e sabia que o risco de fraude era gigante! 
Ele fez várias motociatas , passeatas, carreatas, e diversas paralisações! Ele sabe que uma hora todos esses vídeos (incluindo 7 de setembro) que mostram essas paralisações, vai ajudar ele a mostrar que essa eleição contra o ladrao foi FRAUDE",1,0,FN,0.06464186756058796
LogisticRegression,3,"QUANDO O LULA ROUBOU O BRASIL ELE ROUBOU TODOS ROUBOU O POBRE O RICO O PRETO O BRANCO O ÍNDIO ....... O SOCIAL COMUNISMO NÃO VAI POUPAR NINGUÉM QUEM VOTOU NO LULA VAI SE FERRAR DO MESMO JEITO.....
IGUALZINHO NA VENEZUELA",1,0,FN,0.11985244009852798
LogisticRegression,3,"É verdade! Infelizmente o povo está acostumado com políticos que faz baixaria nos palanques. Talvez o Capitão Wagner pela sua educação, não quis fazer isso mas tá aí um bandido eleito, e  correndo um grande risco de ladrão lá e ladrão cá.  
Meu Deus!",1,0,FN,0.15653788863843301
LogisticRegression,3,Sou nordestino e minha região é uma decepção. Cuidado vc quem sua fazenda,1,0,FN,0.06534064172769426
LogisticRegression,3,"Vamos lutar contra isso, se abaixarmos a cabeça seremos coniventes com o futuro negro que se descortina",1,0,FN,0.2588326414381977
LogisticRegression,3,"O presidente do MDB é o Baleia Rossi, ele liberou os filiados pra escolherem em quem apoiar",1,0,FN,0.07399037053525223
LogisticRegression,3,QUEM MATOU CELSO DANIEL  LULADRAO  12 MILHÕES  VICE DE SIMONE TEBET ENTREGA  TUDO,1,0,FN,0.4961791367390149
LogisticRegression,3,"UMA VERDADE AOS FUNCIONÁRIOS PÚBLICOS. 

Se o molusco voltar, com as ameaças que ele fez a Zema, irá cortar verbas para o estado de Minas Gerais e consequentemente para os municípios. 

Aí o que acontece?

Muitos municípios terão que demitir funcionários.

Então o LULADRAO será horrível para Minas Gerais.",1,0,FN,0.06400916470029502
LogisticRegression,3,Luladrao sendo expulso do Ceasa de Brasília hj 13-10-22...e ainda a mídia podre em suas pesquisas compradas dizem esse bosta está a frente de Bolsonaro...kkkkkk,1,0,FN,0.06438379505821588
LogisticRegression,3,"Gente vejam aí a posse do Luladrao já está marcada, o Alan dos Santos está falando ñ brinquem",1,0,FN,0.44397943110015686
LogisticRegression,3,"Meu Deus isso não pode ser verdade, Lulaladrao dizer isso sobre tiros em paraisopolis no Candidato Tarcísio. Ele jamais pode ser presidente se essa notícia for verdadeira.",1,0,FN,0.008220705644485614
LogisticRegression,3,"Hoje 18/10/22 Ao visitar comunidade ribeirinha em eldorado do Carajás no Pará , vandalos do MST e de movimento de reforma agrária, ateiam fogo em carros de padre Zeno da Paróquia de Eldorado  e freiras que o acompanhavam.
Se o LULADRAO presidiário ganhar corremos sério risco de uma convulsão social, uma guerra civil.",1,0,FN,0.10219519412487886
LogisticRegression,3,"Se nós os brasileiros de direita já estamos no nosso limite com este lacradores imbecís, imagina os venezuelanos.",1,0,FN,0.13411159968771694
LogisticRegression,3,"Nesse vídeo
LULADRAO diz que vai apoiar

Invasão no campo e na cidade",1,0,FN,0.2651807827639774
LogisticRegression,3,"Agora se segura pra não cair da cadeira LULADRAO esperando autorização do traficante Marcola pra transitar São Paulo !!
Foi mesmo que ouvi ??
Aí e o FIM !!
:police_car_light::oncoming_police_car::rat::cockroach::scorpion::mouse::rat::money_bag::rat::oncoming_police_car::police_car_light:",1,0,FN,0.31448147004433374
LogisticRegression,3,"Deixando claro
os projetos 
do Nine !! Quando um petista não sabe de responder e só vc falar a verdade pr ele do próprio candidato dele,e dos seus projetos maligno",1,0,FN,0.4813186492886258
LogisticRegression,3,Na hora que os filhos chegarem em casa falando que querem ser travesti é só fazer o L também,1,0,FN,0.1219197828835679
LogisticRegression,3,"Eles não conseguiram encontrar um sócia lá no Ceará??? 
Pega o lula travesti kkkkkkkkkk",1,0,FN,0.16279538682535918
LogisticRegression,4,"*Frankstein apóia Boslonaro*

*O famoso monstro dos filmes e desenhos animados Frankstein, declarou hoje seu total apoio ao candidato Boslonaro.*

*De acordo com Frank, Lula é o pior de todos os monstros, sendo uma criatura desprovida de qualquer valor.*

*Deus abençoe o Brasil*

:Brazil::folded_hands_light_skin_tone:",1,0,FN,0.20074841761375867
LogisticRegression,4,"acha q está sempre coberto de razão e não aceita ser contrariado por ter um ego frágil, vc é desprezível e seus argumentos não passam de falácias rasas.",1,0,FN,0.00686922613917298
LogisticRegression,4,"Disse muito bem, não se trata de votar no Presidente Bolsonaro ou no Lula, com todos os seus roubos, seus cúmplices e suas mentiras, trata-se de votar em um Sistema, um Sistema que tem tudo a ver com o Diabo e outro Sistema que tem tudo a ver com os ensinamentos de Deus, e se a gente estiver com Deus, teremos uma nação abençoada, e se não, estaremos em um lugar amaldiçoado que nem se pode dizer que é uma nação.
Deus abençoe o discernimento das pessoas que estão escolhendo maldição e renegando a Deus e por conseguinte às suas bençãos.",1,0,FN,0.10258419127553031
LogisticRegression,4,"Urnas sendo manipuladas dentro de sindicato ligado ao PT segundo informações a cidade é Itapeva, mas não disseram se é em SP ou MG pois ambos estados tem cidade com esse nome..  Eu não tenho dúvidas que a FRAUDE será estrondosa para IMPEDIR a reeleição de Bolsonaro... GRAVÍSSIMO... Óbvio que a adulteração do programa deve estar sendo feita em cada cidade essa semana, ao receberem as urnas..  elas foram lacradas pelo TSE sem permitir as FFAA fazer inspeção por isso mesmo, porque já estava combinado com os sindicatos que estão recebendo as urnas, tirar o lacre e Fraudar seus programas para que mudem os votos e FRAUDEM a eleição em favor da ESQUERDA.",1,0,FN,0.051298631106122934
LogisticRegression,4,"Essa :index_pointing_up:foi boa q Colei:index_pointing_up::rolling_on_the_floor_laughing::rolling_on_the_floor_laughing::rolling_on_the_floor_laughing::rolling_on_the_floor_laughing:


Demostração de censura.
Calado.
Mudo.
Medo?
Vermelho ditador em forma democracia.
Vermelho que não liberta.......
etc,.....









Eu Sou eh 22.
Esperança .
Liberdade.
Vida.
Alegria.
Paz de vivência de Em amarelo rico de sabedorias....
Força...Luta... guerreiros :thumbs_up::thumbs_up::thumbs_up::victory_hand::victory_hand::victory_hand::Brazil::Brazil::Brazil::Brazil::Brazil::victory_hand::victory_hand::victory_hand::victory_hand::Brazil::Brazil::Brazil::Brazil:
22
22
22
22
22
:victory_hand:
:Brazil::thumbs_up::thumbs_up::thumbs_up::thumbs_up::thumbs_up::thumbs_up::thumbs_up::Brazil::victory_hand::Brazil::victory_hand::thumbs_up::thumbs_up::thumbs_up::thumbs_up::thumbs_up::thumbs_up::thumbs_up::thumbs_up::thumbs_up::thumbs_up::Brazil:",1,0,FN,0.04132656746469488
LogisticRegression,4,"AS GLOBOS...:pinched_fingers::heavy_dollar_sign::pinched_fingers: POLITICOS,.:pinched_fingers::triangular_flag::heavy_dollar_sign::pinched_fingers::pinched_fingers::pinched_fingers: STE.. STF..caiado UOU..,,,ETC,.....

SÃO Os que mas fala em DEMOCRACIA.....

TAL DEMOCRACIA QUE ESCONDE DIREITINHO A DITADURA.

SIM O CAPETA SI VESTE DE SANTO gente.
Faz parte do aplique 171...:pinched_fingers::heavy_dollar_sign::heavy_dollar_sign::pinched_fingers::triangular_flag::triangular_flag::Angola::triangular_flag::ogre::left-facing_fist::ogre::left-facing_fist::brain::kitchen_knife::brain::kitchen_knife::brain::triangular_flag::Angola::triangular_flag::Angola::Vietnam::Vietnam::Vietnam::Vietnam::Vietnam::Angola::pinched_fingers::pinched_fingers::heavy_dollar_sign:",1,0,FN,0.035392055485036863
LogisticRegression,4,"Sou de Aratiba RS, sou de direita, tenho pavor de comunistas, ladrões, corruptos, esquerdistas e PTistas. 
Minha cidade de interior tem em torno de 6.000 eleitores. 
Aqui sempre foi um reduto de PTistas pois foi a segunda cidade do RS em apostar no PT e em Lula, desde a criação desse partido das trevas.
Na eleição de 2018 para presidente tivemos 48% dos votos para o Bolsonaro e em 2 turno 57,5%.
Para prefeito em 2020 contra o PT, ganhamos de 60,2% dos votos.
Nesta eleição devemos ampliar esse resultado no 1 turno.
MINHA PERGUNTA: QUAL SEU ESTADO E MUNICIPIO E COMO ESTA AI?",1,0,FN,0.13226958383720566
LogisticRegression,4,*Olha só o Marquinhos enfrentando o Capitão Mamata que estava na musculação enquanto pessoas morriam na pandemia*,1,0,FN,0.001890251456610025
LogisticRegression,4,Kkkkkkk esse miserável do Bozo ainda leva um padre desse para o debate um padre fake,1,0,FN,0.20896199123768758
LogisticRegression,4,"*Era melhor o Lula não ter ido ao debate na Globo*. William Bonner não foi capaz de evitar o exorcismo feito pelo Padre Kelmon no LADRÃO de 9 dedos. *A esquerda vai pagar muito caro, por muito tempo, por este debate em que Lula foi exorcizado pelo Padre Kelmon*. Avante Brasil! :Brazil:",1,0,FN,0.10647442638468828
LogisticRegression,4,":backhand_index_pointing_up: *Propinas, roubos, falcatruas...rachadinhas...*
*Representa a esquerda.*

*O mais curioso é que o Wilian Boner e Renata noticiaram isso.:face_screaming_in_fear::face_screaming_in_fear:*",1,0,FN,0.04404301097673871
LogisticRegression,4,"Senhor meu Deus. Não permita que a nossa nação caia nas mãos de corruptos de novo, de ladrões, de socialistas… Pessoas que só pensam em si mesmas, que são contra a família, as crianças, a moral e a ordem. Que querem um mundo pervertido, sujo, escuro… Nos livre do mal meu Pai, pelo menos por mais 4 anos, para que possamos mostrar para nossos filhos, para as novas gerações, o que é bom, o que é aprazível, que o Brasil tem jeito. Por favor meu Pai. Nosso povo é sofrido demais. Escute as nossas orações, em nome de Jesus. Amém :folded_hands_medium-light_skin_tone:",1,0,FN,0.002126793151696442
LogisticRegression,4,*:sleepy_face:ISSO É MUITO TRISTE E CHOCANTE ! Esses filhos do diabo tem uma alta conta á prestar com Deus.*,1,0,FN,0.38539529372845677
LogisticRegression,4,"Pessoas que são cristãos jamais pode votar em quem é contra os princípios da igreja.
Quem apoia o aborto, a ideologia de gênero, é contra a família apoia o comunismo.
Vote  consciente.
22 neles.
DEUS, PATRIA , FAMÍLIA",1,0,FN,0.056662941907552514
LogisticRegression,4,Dessa vez o povo não acredita nas Fake News do BOZO não. Kkkkk. Começou arranjando um PADRE FAKE. Que vergonha 01 . Kkkk.,1,0,FN,0.03206203186647512
LogisticRegression,4,"Não somos coveiro mas, hj faremos o enterro do Bozo.:coffin:

Velório aberto ás 17hs.",1,0,FN,0.008767152886572004
LogisticRegression,4,"Só acho que o cachaceiro foi bem votado. Meu Deus, o Brasil não é para amadores.",1,0,FN,0.00950371030943023
LogisticRegression,4,"Está estranho ... Lentamente o Bolsonaro está diminuindo e o Lula Ladrão aumentando ..

Ainda tem pessoas votando .. 

Se o horário e até às 17 porque tem gente votando agora as 19:30 .. 

Está estranho .. 

O TSE aponta que Lula Ladrão ganha em todos os estados do Nordeste onde ele tambem não podia andar nas ruas ..

Está estranho isso ..",1,0,FN,0.34506432198757114
LogisticRegression,4,"PESSOAL ATENÇÃO! 

SEI QUE ABALA UM POUCO TODOS NÓS VER A DIFERENÇA REDUZINDO! 

MAS ACHO QUE É CLARO PRA TODOS: 

ESTAMOS LIDANDO COM MÁFIA, QUADRILHA, BANDIDOS!

É OBVIO QUE ESTÁ HAVENDO FRAUDE! É ÓBVIO! 

TENHO DITO: SE PREPAREM PARA SAIR ÀS RUAS!

NÃO VAMOS ACEITAR ESSE SISTEMA DE VOTAÇÃO E PONTO FINAL! 

VAMOS PARAR O BRASIL!

COMECEM A DIVULGAR ISSO NOS GRUPOS! 

SE FORMOS ÀS RUAS BOLSONARO VAI ORDENAR ÀS FORÇAS ARMADAS À AGIR! 

REPITO: VAMOS TOMAR AS RUAS DO BRASIL! 

FORÇA E HONRA! 
DEUS ABENÇOE O BRASIL!  :Brazil::Brazil::Brazil:",1,0,FN,0.011506218471602159
LogisticRegression,4,Eleitor do PT ou e bandido ou está interessado em alguma mamata.,1,0,FN,0.29361529052546603
LogisticRegression,4,"Exatamente quem vive de promessa e santo , estes jumentos não aprende puta que pariu 47% um ladrão não e possível foi manipulado NAO PODE SER",1,0,FN,0.07528615282719618
LogisticRegression,4,"Kkkkk
Isso me diziam para o primeiro turno

Eu agora virei
SAO TOMÉ

TALVEZ SE EU TOMAR UM MÉ VOLTE A CONFIAR

O SISTEMA É SUJO POR SI SO

E NOSSO PRESIDENTE INOCENTE 

SE ELE NAO TOMAR PROVIDÊNCIAS DE VIGIAR AS URNAS 

SEREMOS HUMILHADOS COMO FOMOS NO PRIMEIRO TURNO 

SUGESTAO

BOLSONARO DEVE MANDAR  RECOLHER AS URNAS DO PRIMEIRO TURNO E COMPRAR DE UMA OUTRA EMPRESA E O EXECUTIVO DISTRIBUIR
CASO CONTRARIO ATE MOISES , PEDRO JOSUE
JOSE DO EGITO
TODOS ESSES DEFUNTOS VOLTARAO EM LULADRAO",1,0,FN,0.027675378458833205
LogisticRegression,4,VEJAM O QUE ACONTECEU NA TV AO VIVO BOLSONARO  COM 55% E O LULADRAO  COM 36% 8:20 H DA NOITE SE DERAM MAL,1,0,FN,0.3199295333392931
LogisticRegression,4,"Amo Patrick, faço campanha com todo prazer e alegria, mas vou sair do grupo porque não consigo conviver com pessoas que apoiam bandidos que querem entregar o Brasil ao comunismo maldito. Abraço aos que amam a família e a liberdade.
Deus acima de todos :folded_hands:",1,0,FN,0.06306808683938832
LogisticRegression,4,"Esse vídeo :backhand_index_pointing_down: mostra o chefe do tráfico de uma das maiores e mais violenta favelas de SALVADOR/ BA (Nordeste de Amaralina)

O Rasta, como é conhecido, aparece com Lulaladrao. 
:thinking_face:
Amigos ! Isso é muito sério! 
O cachaceiro está se alinhando com várias facções criminosas do Brasil. Devemos alertar aos isentōes para que revejam suas intenções de anular o voto. 

Apoiar Bolsonaro e esquecer essa birra inrustida por nosso presidente é o melhor caminho .",1,0,FN,0.22291004336203213
LogisticRegression,4,Ainda é tempo de PaiLula baixar nesse terreiro. Talvez tome vergonha naquela cara lambida.,1,0,FN,0.07406825149463656
LogisticRegression,4,"ou seja a debil mental quer criticar e não quer ser criticada .
É tipo lula dizendo para não roubar .",1,0,FN,0.13885031643562987
LogisticRegression,4,Tínhamos de fazer campanha para colocar o nordestino nas ruas; e é fácil é só retirar o turismo do brasileiro para o nordeste que eles irão se mobilizar.,1,0,FN,0.459605118767795
BernoulliNB,0,"Se o povo sul-mato-grossense tiver vergonha na cara, nunca mais vota  nesta  idiota. Eu nunca votei nela e não votarei.",1,0,FN,1.896289323992659e-40
BernoulliNB,0,Inclusive ele criou satã para nós torturar para sempre no inferno pq sabe oq faz,1,0,FN,3.850691328041551e-87
BernoulliNB,0,"Pois é agora pra tirar esse canalha traidor, só daqui 8 anos.",1,0,FN,3.440653428029337e-120
BernoulliNB,0,O esquerdista Ciro teve um clímax com  o ataque do Bolsonaro frente ao Loola.,1,0,FN,9.50848717162515e-70
BernoulliNB,0,"ÚLTIMO DEBATE DA GLOBO PRESIDENCIÁVEIS 
VAMOS ASSISTIR PELO OS CANAIS  DE DIREITA NO YOUTUBE  PRA GLOBO NÃO TER MUITA AUDIÊNCIA:chart_decreasing:",1,0,FN,2.537822696079765e-131
BernoulliNB,0,PROJETO DA ESQUERDA :backhand_index_pointing_up::backhand_index_pointing_up:TRANSFORMAR MILHÕES DE JOVENS EM ZUMBIS :backhand_index_pointing_up::backhand_index_pointing_up:JESUS É MAIOR E VENCEREMOS :folded_hands::folded_hands:,1,0,FN,2.276207755013471e-84
BernoulliNB,0,"Olha o que esse Bandido,Ladrão está falando,uma calúnia e defamaçao,olha para cara do bandido vermelho,quer tirar nossa Atençao,mais a Maioria dos Brasileiros,estão decedidos,reeleger o presidente.:folded_hands::Brazil::Brazil::Brazil::Brazil:.vocês não vão tomar o poder com fraudes.vamos se possível for para guerra.lutaremos pela nossa,Pátria, pela  Democracia e nossa Liberdade.ate a Morte.:Brazil::Brazil::folded_hands::folded_hands::folded_hands::blue_heart::green_heart::yellow_heart::white_heart:Todos Pelo Brasil e Deus Acima de Tudo :folded_hands::Brazil:",1,0,FN,7.827608295184309e-13
BernoulliNB,0,"Caraiiii 

Comparar gigante Brasil 
Com esses paiseco menos que o Acre!!!

Tá errado isso ai

Comparar com país decente!",1,0,FN,1.767466905856908e-107
BernoulliNB,0,"Bom dia.

Para Refletir:

""O "" cidadão"" sai de casa, tranca as janelas põe cadeados nas grades fecha a porta com três diferente fechaduras, retira o carro da garagem , para no farol fecha os vidros totalmente. 
 Para na rua aciona o alarme, bloqueador e  rastreador do carro, entra em uma seção eleitoral e vota em um ladrão.

 Vai entender a ""lógica"" do universo.""

Que Deus tenha misericórdia.

Forte abraço.",1,0,FN,3.569148102777452e-05
BernoulliNB,0,"Comando vermelho declara apoio à Lula e Freixo na quadra da Mangueira
 Gente, olha a situação do Rio:backhand_index_pointing_up_medium_skin_tone::backhand_index_pointing_up_medium_skin_tone::backhand_index_pointing_up_medium_skin_tone: tire suas conclusões se o Lula, o PT e toda a esquerda é ou não uma organização criminosa. Dia 02 vote consciente. Só temos uma única alternativa 22 Bolsonaro.",1,0,FN,1.0950503942246104e-55
BernoulliNB,0,"*ESTE É O REGIME DA CHINA QUE LULA AMEAÇA TRAZER PARA O BRASIL, SÓ MORRERÃO OPERÁRIOS E OPERÁRIAS QUE NÃO AGUENTARÃO O REGIME FORÇADO DE TRABALHO ESCRAVO PRODUZINDO PRODUTOS QUE SÃO VENDIDOS PARA O MUNDO POR PREÇOS BARATOS. ENQUANTO OS RICOS SAIRIAM DO BRASIL ATÉ DEZEMBRO*.",1,0,FN,3.2722247998507096e-94
BernoulliNB,0,":raised_fist_dark_skin_tone: *BANDEIRAÇO* :raised_fist_medium-dark_skin_tone:

:spiral_calendar: Hoje (27/09) - 16h
:round_pushpin:Av. Godofredo Maciel com Perimetral 

Galera de Fortaleza e adjacências, convidamos todas, todos e todes para juntos ocupar as ruas no bandeiraço *PSOL COM LULA* . Cola conosco por lá e vamos juntos celebrar a esperança!

*Faltam apenas 5 dias para vencermos o fascismo elegendo Lula 13 e Renato Roseno 50500.*

:raised_fist_dark_skin_tone::raised_fist_light_skin_tone::raised_fist_medium-dark_skin_tone:",1,0,FN,5.796618473293935e-134
BernoulliNB,0,"Tô torcendo para luladrão voltar com dona Marisa,  vai ser tão bom vê-los juntos outra vez.",1,0,FN,4.833288455663554e-15
BernoulliNB,0,"Ao chegar mais cedo em casa, o marido encontra sua mulher nua na cama, prostada e respirando ofegante.
-O que houve querida? Vc não está passando bem?
-Acho que é um ataque do coração, responde ela.
Ao ouvir isso, o marido corre pro telefone, feito um louco, para chamar um médico. Enquanto tentava discar, o filho chega perto dele e avisa:
-Pai, tem um fantasma no banheiro.
O marido vai até lá, abre a porta e, encontra um cara vestindo um lençol. Puxa o pano e dá de cara com o seu melhor amigo, pelado. Ficou indignado e disse:
-Pelo amor de Deus Alfredo! Minha mulher tendo um infarto e vc fica assustando as crianças.

Assim é a mentalidade de um petista, que finge  que Lula não é ladrão.

 Sensacional! :face_with_tears_of_joy::face_with_tears_of_joy::face_with_tears_of_joy::face_with_tears_of_joy::face_with_tears_of_joy::face_with_tears_of_joy:",1,0,FN,4.904538044842805e-34
BernoulliNB,0,":winking_face_with_tongue:Ele fez isso para arrancar as almas da cegueira e escravidão  do COMUNISMO...
HOJE EM DIA, TEM
"" CRENTE""  VOTANDO EM CANDIDATOS ESQUERDISTAS, QUE NÃO DEFENDEM EM NADA OS DIREITOS TRABALHISTA E SIM
AS  CAUSAS IMPOSTAS PELO
  COMUNISMO :man_facepalming::backhand_index_pointing_up::backhand_index_pointing_up:",1,0,FN,1.9919238669779222e-17
BernoulliNB,0,"Kkk
Com certeza só que estamos entre os dois 
Como diz a PALAVRA DE DEUS SOMOS EMBAIXADORES DE CRISTO NA TERRA 
.....
DEVEMOS TER A MENTE DE CTISTO""!
Quando vc vota é confirma para Deus vc manda o recado de que concorda com aquilo que o candidato pensa..
Enquanto Lula quer a destruição da família, liberação do aborto e das drogas, cartilha das drogas e LGBTQIA+ nas escolas com banheiro trigenero, ou seja sua filha vai usar banheiro junto com marmanjo...
E ai... Lula quer aprovar no congresso leis que impedem vc evangelizar no Brasil coisa que já acontece em vários países de esquerda com presidentes amigos de Lula...
Citamos a Nicarágua agora...
Na França se vc evangelizar na rua paga multa para o governo..
EUA já não se pode ler a Bíblia fora da Igreja...
Nas praças...
Etc",1,0,FN,5.233050683151145e-58
BernoulliNB,0,"Kelmon tirando votos do Bozo! 

Ele é tão estúpido quanto o Bolsonaro...e tem batina",1,0,FN,6.429665512506239e-05
BernoulliNB,0,A mulherzinha que ganhou a eleição usando o nome de Bolsonaro ficou stressadinha kkkk,1,0,FN,4.752778216409184e-93
BernoulliNB,0,"É difícil ter comunhão com um crente desse que compactua com a bandidagem.
Os olhos de Deus estão em todo lugar, observando esses.",1,0,FN,1.0557453786593524e-110
BernoulliNB,0,"*UMA PIADA*

O filho do PETISTA (brasileiro nato) nasceu e ele ficou muito feliz, pois o que mais desejava era um filho. A mulher (brasileira nata) do PETISTA ficou de repouso pós parto e tomava sopinha no canudinho, diga-se de passagem, preparada pelo próprio PETISTA, bem como todos os dias o mesmo dizia que a amava e estava muito feliz.
Um belo dia, o PETISTA percebeu que seu filho não abria os olhos e muito preocupado foi consultar o médico que fez o parto:
PETISTA: - ""Dr, tem algo estranho com meu filho,  ele não abre o olho""
O médico, muito constrangido disse:
- ""Quem tem que abrir o olho é o Sr""
:rolling_on_the_floor_laughing::rolling_on_the_floor_laughing::rolling_on_the_floor_laughing::rolling_on_the_floor_laughing::face_with_tears_of_joy::face_with_tears_of_joy::face_with_tears_of_joy::face_with_tears_of_joy::face_with_tears_of_joy::face_with_tears_of_joy:",1,0,FN,4.9185821933060846e-52
BernoulliNB,0,"Antes que algum cretino diga que o evento do Satanás (lula) foi um sucesso em BH, mostrando imagens em close,segue o vídeo.
Completamente vazio em plena Avenida Afonso Pena (principal de BH).
Nâo existe como este cretino vencer a eleição, SEM QUE ALGUMA COISA ESTRANHA OCORRA NO SISTEMA DE VOTAÇÃO. 
Repasse, inclusive com esta mensagem para que todos saibam a verdade.",1,0,FN,2.7266131538198086e-27
BernoulliNB,0,Gado agressivo.,1,0,FN,6.507147100902295e-101
BernoulliNB,0,"*Veja essa reflexão, o socialista Renato Casagrande quer eleger o bandido de nove dedos. Nunca foi tão fácil escolher o nosso candidato!*

*MANATO E BOLSONARO :keycap_2::keycap_2: :Brazil::Luxembourg:*",1,0,FN,5.926053589596895e-68
BernoulliNB,0,LULADRAO NERVOSO APOIS O DEBATE .,1,0,FN,0.032925506325219143
BernoulliNB,0,O  voto   è  pessoal   è  particular  !   Eu  NÃO   sou  anônimo   minha   COLINHA   e  da  família   e  alguns   amigos   será   está  ! NÃO   VOTAMOS   em  candidatos   que  apoia   a  esquerda   do DIABO   !  Somos   PATRIOTAS   !:thumbs_up_medium-dark_skin_tone::thumbs_up_medium-dark_skin_tone::thumbs_up_medium-dark_skin_tone::thumbs_up_medium-dark_skin_tone::thumbs_up_medium-dark_skin_tone::thumbs_up_medium-dark_skin_tone:,1,0,FN,4.301462534366037e-128
BernoulliNB,0,O PROJETO DA ESQUERDA É  FUDER O BRASIL:backhand_index_pointing_up::backhand_index_pointing_up::backhand_index_pointing_up::rolling_on_the_floor_laughing::rolling_on_the_floor_laughing::rolling_on_the_floor_laughing::rolling_on_the_floor_laughing::rolling_on_the_floor_laughing::rolling_on_the_floor_laughing:E BENEFICIAR OS AMIGUINHOS COMUNISTAS  FDP,1,0,FN,4.991454985192899e-82
BernoulliNB,0,Esse aí independente das falácia que nego costuma falar pior é a roubalheira que o Lula cometeu contra o nosso país Eduardo Costa é um dos grande apoiadores de Jair Messias bolsonaro,1,0,FN,6.0712018878499804e-121
BernoulliNB,0,"Deus que nos livre desse bandido,canalha voltar a ser “presidente” da nossa nação",1,0,FN,7.738177928332939e-75
BernoulliNB,0,"É decreto idiota e todo mundo sabe que não pode, só os idiotas acreditam nisso .",1,0,FN,5.749307669757436e-94
BernoulliNB,0,"Manda o Felipe Neto ir pra puta que o pariu, amanhã é dia de eleição, quem é esse moleque, ele é candidato a que? Acordem, postem essas merdas não, amanhã é tudo ou Venezuela...",1,0,FN,1.0790090026630695e-79
BernoulliNB,0,"A HORA E ESSA PATRIOTAS VAMOS NOS LIVRAR DESSES BANDIDOS SANGUESSUGAS QUE ESCRAVISAR NOSSO POVO , DEUS ACIMA DE TUDO, BRASIL ACIMA DE TODOS ...",1,0,FN,0.12457321016937735
BernoulliNB,0,"Povo q não tem noção do que é um Satanás, disfarçado de gente e cachaceiro!!:thumbs_down_dark_skin_tone::thumbs_down_dark_skin_tone::thumbs_down_dark_skin_tone::face_vomiting::face_vomiting::face_vomiting::confounded_face::confounded_face::face_with_steam_from_nose::face_with_steam_from_nose::face_with_steam_from_nose::face_with_steam_from_nose:",1,0,FN,7.367777958363145e-81
BernoulliNB,0,POR QUE O NORDESTE ESTÁ TÃO ATRASADO ??? JÁ VI ESSE FILME ANTES…,1,0,FN,2.1631386921388444e-112
BernoulliNB,0,"Não entendo como um ladrao consegue ganhar tantos votos,  Novamente o povo escolhe o ladrao!!! e deixa Jesus na saudade!!! A História se repete!!:enraged_face::enraged_face::enraged_face::enraged_face:",1,0,FN,3.151562393271235e-123
BernoulliNB,0,É o Único momento que Tenho Vergonha de Ser Nordestino e na politica,1,0,FN,0.4060201656992246
BernoulliNB,0,Um ex presidiário que falou em publico que faz pacto até com o diabo e as pessoas não consegue ver essas coisas,1,0,FN,7.859115125475589e-135
BernoulliNB,0,Nordeste é tão piada que tá quase eleito o galo cego pra federal diz ai:clown_face::clown_face:,1,0,FN,7.504652122051451e-49
BernoulliNB,0,"Constata-se a minha velha teoria:
 #LATADELIXOBRASIL
#LATADELIXOPARÁ 
COLOCANDO AS DUAS IMUNDÍCIE GOVERNADOR LADRÃO ELEITO
Ê UM QUADRILHEIRO CHEFE DA MAIOR ORGANIZAÇÃO CRIMINOSA DO BRASIL NO 2° TURNO SÓ PROVA QUE O PARÁ Ê O BRASIL NA GRANDE MAIORIA DESSE ESTADO Ê DESSA NAÇÃO É CONSTITUÍDA DE VAGABUNDOS, PARASITAS DO DINHEIRO PÚBLICO; RETARDADOS, SAFADOS, ESTELIONATÁRIOS, CÚMPLICES DA CANALHADA QUE FAZEM A POLITICALHA QUE EMPERRA Ê JOGA O ESTADO Ê A NAÇÃO NESSA IMUNDÍCIE DE ATRASO SOCIAL CUJO IDH É ESSE LIXO QUE PROVAM OQUE EU FALO 
#LATADELIXOBRASIL 
#LATADELIXOPARÁ.",1,0,FN,1.0319647976282753e-69
BernoulliNB,0,Do mesmo jeito que eles não negam que tem apoio do diabo.,1,0,FN,2.1733111914959098e-110
BernoulliNB,0,Exato! Como pode uma cretina dessa está em um grupo de direita! Tira ela ou saiu eu,1,0,FN,2.419180432893439e-59
BernoulliNB,0,"PESSOAL BOA NOITE.
MUITAS DAS VEZES PASSAM VÍDEOS DESPERCEBIDOS QUE NÃO CONSIGO ACOMPANHAR.
ALGUÉM POR UM ACASO TEM O VÍDEO TÃO FALADO DO MARCOLA APOIANDO O LULADRÃO?
SE ALGUÉM TIVER POSTA E ME MARCA POR FAVOR.
OBRIGADO!! :rightwards_hand_light_skin_tone:‍:leftwards_hand_light_skin_tone::Brazil::footprints:",1,0,FN,3.939909309317178e-106
BernoulliNB,0,"Esse idiota só vive disso, tem que entrar no link da postagem e denunciar o youtuber pra ele perder logo a página pra deixar de ser espalhador de fake news.",1,0,FN,1.6426952348924884e-114
BernoulliNB,0,"Vocês indecisos, lembrem-se essa aí é mentirosa enviada do demônio, aquele que conversa com o Lula chefe dela na macumba.",1,0,FN,1.9371009329237334e-35
BernoulliNB,0,"Escuta essa aí, do Gedel Vieira Lima, ele gravou esse vídeo em Goiânia, quando ele fala da Dilma Rousseff e da filha Paula Rousseff, elas fizeram o cartório abrir a noite, em Pirenópolis Goiás, pra registrar as fazendas compradas com dinheiro :money_with_wings: roubado. A outra fazenda do LuLADRÃO, que ele não lembra o nome é a Santa Bárbara. :face_screaming_in_fear::face_screaming_in_fear:",1,0,FN,6.45182435436317e-113
BernoulliNB,0,"~ Você que é Cristão precisa repassar este vídeo da filha do Lula agradecendo a maçonaria pela liberdade do Lula como também os vídeos relacionados à blasfêmia do Lula contra Jesus e ele no centro de Umbanda! :red_exclamation_mark::red_exclamation_mark::red_exclamation_mark::double_exclamation_mark:

~ Querem destruir o Brasil ao máximo e tirar o Bolsonaro de jogada! Criam edições e falsas imagens como fizeram do Ciro Gomes ao lado de Bolsonaro! Como também fizeram uma nova investida contra o Bolsonaro!

Vídeo Deep Fake: Uma tática muito utilizada para meter candidatos onde não estão como também falar coisas que ele não falou!

O que a mulher no centro de Umband diz à Lula? Simples: xanobal é proveniente de baal, a antiga serpente. 

Todas as lideranças mundiais que são à favor dos LGBTs, Abortos e a destruição da igreja como a perseguição do exercício da fé!

Como a ministra espanhola da igualdade ligada aos governos apoiantes de Lula quer liberar a pedofilia!
Como PCC comemorou a vitória de Lula no primeiro turno!
~ Compartilhem à todos os contatos e grupos! :Brazil:",1,0,FN,1.586730825112591e-64
BernoulliNB,0,"Bom dia patriotas.
Não sei como fazer isso que vou sugerir aqui.
Mas como trabalhador e chefe de família, eu não aguento mais olhar para a cara do Alexandre de Moraes, então se tiver alguém no grupo com a mesma disposição que, é preciso agitar a população para retiramos aquele imbecil a força do STF.
Invadir aquilo e jogar ele na rua de uma vez por todas. Já chega de ficarmos omissos.",1,0,FN,7.517317262396145e-15
BernoulliNB,0,"Mulher de Lula posta foto com pomba-gira, xangô, preto velho e se declara ser da umbanda - Folha da Política:link:",1,0,FN,2.1246674427642758e-45
BernoulliNB,0,Não podemos deixar cair no esquecimento! E o idiota do Alkimin se prestou á isso!,1,0,FN,1.6011797028539254e-61
BernoulliNB,0,":Brazil::Brazil::Brazil::fire::fire::fire::Brazil::Brazil::Brazil:

:curly_loop: SENHOR LIVRA O BRASIL DE TODO MAL, QUEBRA TODA CORRENTE DE MALDIÇÃO, TODA OBRA DE MACUMBARIA E FEITIÇARIA,  LEVANTA O NORDESTE, QUE AS PESSOAS QUE NÃO VOTARAM O SENHOR POSSA ESTAR TIRANDO TODA CEGUEIRA ESPIRITUAL. PAI QUERIDO, NOS PROTEJA E LIVRE DE TODO MAL, LIVRE AS NOSSAS FAMILIAS...SOMOS EXÉRCITOS GUERREIRO VALENTE DA LINHA DE FRENTE DE CRISTO. O BRASIL TEM SOLUÇÃO,  

:Brazil::Brazil::Brazil::fire::fire::fire::Brazil::Brazil::Brazil:",1,0,FN,6.948486930584586e-107
BernoulliNB,0,Vamos mostrar para esse idiota quem ou melhor quantos estão com Bolsonaro????,1,0,FN,4.620931664334082e-101
BernoulliNB,0,"Gente, é sou SOBE do tal"" L"" de LULADRÃO. Só  agora. Nem tinha ideia. E aqui em São LUÍS  do MARÁ  MARANHÃO,  não vejo muito. Aqui o povo é falso, eu acho. Pra mim, eu achava que em SÃO LUÍS,  BOLSONARO ganharia aqui na capital. Mais também,  tanta gente suspeita e eleitassss. Até a filha Do SIR NEY, MARAJÁ  DO MARÁ,  foi eleita deputada federal. Estranho muito estranho.  Os eleito daqui e inclusive o BANDIDO  MOR, teve muitos votos. TODA ESSA ELEIÇÃO FOI MUITO SUSPEITA. SE NÃO TIVEREM CUIDADO, FARÃO AINDA PIOR: NESSA CONTAGEM MENTIROSA DE VOTOS!!!! LADRÕES LADRÕES LADRÕES LADRÕES ROUBARAM AS ELEIÇÕES :mouse::mouse::mouse::mouse::mouse::mouse::mouse::mouse::mouse::mouse::mouse::mouse::mouse:",1,0,FN,1.3186046404904739e-103
BernoulliNB,0,"*POVO FIQUEM ESPERTOS; UM GRANDE NÚMERO DE MESÁRIOS QUE ESTEVE NESSAS ELEIÇÕES, DE CERTEZA ESTAVAM NUM ESQUEMA PARA COLABORAR COM AS FRAUDES DAS URNAS, ISSO FORA A SOLTURA TEMPORÁRIA DE PRESIDIÁRIOS PARA VOTAR NO LULADRÃO*



FIQUEM DE OLHO VIVO:eyes::eyes::eyes:",1,0,FN,2.1870632749100455e-86
BernoulliNB,0,"É não seu imbecil, isso aí é resultado das ações do Bozo",1,0,FN,1.0351380629968907e-51
BernoulliNB,0,"Amigo o problema não e ele ser gay ou bi ate porque eu sou tbm.

O problema e que ele tem um discurso extremamente lgbtfobico e esse exposed mostra a hipocrisia dele",1,0,FN,1.1947354688099741e-79
BernoulliNB,0,LULADRÁO SE AUTO-DEClARANDO À NAÇÃO BRASILEIRA. ASSISTA E COMPARTILHE COM TODOS OS SEUS CONTATOS.,1,0,FN,0.3968117899569171
BernoulliNB,0,"*VAGUINHO, O JAGUNÇO DE BELFOR ROXO*
*LULADRAO O CANDIDATO DO CRIME ORGANIZADO*:enraged_face::enraged_face::enraged_face::enraged_face:",1,0,FN,8.741201874918327e-69
BernoulliNB,0,"Voto em Bolsonaro, pra dizer que sou rico, e quem vota no LULADRÃO, é pra dizer o quê??:rolling_on_the_floor_laughing::rolling_on_the_floor_laughing::rolling_on_the_floor_laughing::rolling_on_the_floor_laughing::winking_face_with_tongue:",1,0,FN,1.6772208814836348e-101
BernoulliNB,0,Esse cara está ajudando o aleijado das mãos a se eleger.,1,0,FN,7.495482851099525e-84
BernoulliNB,0,BOM DIA MES QUERIDOS DO GRUPO NÃO  TA FÁCIL AS FACÇÃO CRIMINOSAS QUEREM TOMAR CONTA DO NOSSO BRASIL TA BEM COMPLICADO TEMOS QUE PEDIR A DEUS SABEDORIA E ORAR LUTAR PORQUE A CAPETADA QUER VENCER DE QUALQUER MANEIRA JESUS É CHAVE DA NOSSA VITÓRIA  VAMOS ORAR QUE NOSSO DEUS ESTEJA SEMPRE NO COMANDO DAS NOSSAS VIDAS PORQUE O LULA É SUA MANADA SÃO TODOS MUITO SUJOS NÃO AMA NEM A SI MESMO SÃO UMA MANADA DE PORCOS SUJO IMUNDOS TERRIVEL VAMOS ORAR COM DEUS VAMOS TER VITÓRIAS:clapping_hands_light_skin_tone::clapping_hands_light_skin_tone::clapping_hands_light_skin_tone::clapping_hands_light_skin_tone::clapping_hands_light_skin_tone::clapping_hands_light_skin_tone::clapping_hands_light_skin_tone::clapping_hands_light_skin_tone::clapping_hands_light_skin_tone::clapping_hands_light_skin_tone::clapping_hands_light_skin_tone::clapping_hands_light_skin_tone::clapping_hands_light_skin_tone::clapping_hands_light_skin_tone::clapping_hands_light_skin_tone::clapping_hands_light_skin_tone:,1,0,FN,1.520246485382862e-65
BernoulliNB,0,"Após passagem por favela do RJ, Luladrão foi homenageado por seus amigos. :backhand_index_pointing_down_light_skin_tone:",1,0,FN,1.2354654623306914e-37
BernoulliNB,0,Pra não dizer que é fake.:face_with_tears_of_joy::face_with_tears_of_joy::face_with_tears_of_joy::face_with_tears_of_joy::backhand_index_pointing_up: você não sabe de porra nenhuma :face_with_tears_of_joy::face_with_tears_of_joy::face_with_tears_of_joy::face_with_tears_of_joy: Luladrão falando para o seu assessor kkkk,1,0,FN,1.172788239334908e-131
BernoulliNB,0,Tem até gay apoiando Bolsomaro aqui. Poderiam explicar as falas dele contra gays aqui :backhand_index_pointing_down::backhand_index_pointing_down::backhand_index_pointing_down:,1,0,FN,1.719141702922666e-85
BernoulliNB,0,"*Bolsonaro vence de lavada  debate do consórcio da imprensa e muito tranquilo e sereno,  lavou a alma de milhões de brasileiros quando expos que o Luladrão só está concorrendo porque Fachin seu cabo eleitoral o descondenou dos seus crimes de corrupção.*",1,0,FN,2.9325039498341897e-81
BernoulliNB,0,":backhand_index_pointing_up:Quem é CONTRA bandido como o LULADRÃO está com Bolsonaro (22).

Avante Brasil! :Brazil::Brazil::Brazil:",1,0,FN,2.1896565271835696e-95
BernoulliNB,0,"O LuLadrão mexeu com o cara errado. *Zema* tá com sangue nos olhos agora!!!
Reunião hoje com mais de 500 Prefeitos em MG.
:Brazil::Brazil::Brazil: Orgulho de MINAS GERAIS e dos MINEIROS! *VÃO VIRAR ESSE TREM !!!!!
:backhand_index_pointing_down_dark_skin_tone::backhand_index_pointing_down_dark_skin_tone::backhand_index_pointing_down_dark_skin_tone::backhand_index_pointing_down_dark_skin_tone::backhand_index_pointing_down_dark_skin_tone:",1,0,FN,1.5111380802913622e-30
BernoulliNB,0,"*O estrago do PT/ Luladrão na favela e agora a tentativa de ataque a Michele em Brasília e Tarciso em São Paulo com tiros foi muito grande...o apoio a Bolsonaro está muito forte.*

*Pessoas que votaram no Ladrão por causa das Pesquisas Manipuladas e foram enganadas...todo mundo vai votar no* *BOLSONARO...e pessoal está com sangue no olho...estou panfletando direto em Rio da Ostras..*
*Bolsonaro está subindo na reta final...não tem mais como conter isso.*

*BOLSONARO ganha está Eleição no 2o TURNO.*",1,0,FN,5.801284355072663e-76
BernoulliNB,0,"Agora se segura pra não cair da cadeira TIO 

Cumé qui é, LULADRÃO esperando Autorização do TRAFICANTE Marcola pra transitar em São Paulo???? 
Foi isso mesmo que eu ouvi?
Aí é o FIM!!",1,0,FN,6.16720798993408e-56
BernoulliNB,0,PATRIOTAS DA UM BUSCA AI NO GOOGLE  ESTADIO MANE GARRINCHA E VEJAM O QUE APARECE NO DIA 1* DE JANEIRO DE 2023 POSSE DO LULADRAO  JA ESTÃO COMEMORANDO O QUE SIGNIFICA  ISSO,1,0,FN,4.411909097359125e-30
BernoulliNB,0,"Verdade.
Por isso que tenho pena dos que ainda não conseguiram enxergar que ladrao não tem compromisso com ninguém além dele mesmo.
Por isso que eu não voto em Luladrão e sim no outro candidato que vai destronar esse demônio de vês",1,0,FN,0.0014660915964135348
BernoulliNB,0,Ta e aí tu é policia se for prende ele idiota ou queres por culpa em alguém,1,0,FN,1.5636294315245416e-79
BernoulliNB,0,"Passeata do Prefeito Waguinho de Belford Roxo no Bairro Bom Pastor em apoio ao LULADRÃO!!!! O motorista do carro reclamou do transtorno que estava causando no trânsito, e o prefeito mandou empurrar o carro dele com uma retroescavadeira.",1,0,FN,2.2513195161767217e-99
BernoulliNB,0,"BOLSONARO REELEITO :folded_hands_medium-light_skin_tone::folded_hands_medium-light_skin_tone::folded_hands_medium-light_skin_tone::folded_hands_medium-light_skin_tone::green_heart::Brazil::yellow_heart:! CANSADOS? QUE HIRONIA E ESSA?  VOTAR NUM VAGABUNDO LULADRÃO E SUA QUADRILHA DE TOGADOS? Daqui a pouco se esse meliante ganha, ADEUS LIBERDADE",1,0,FN,2.9515433597980965e-128
BernoulliNB,0,O LULALADRÃO JAMAIS FARA ISSO  Nunca vai revelar seus planos macabros,1,0,FN,1.0552498643053924e-07
BernoulliNB,0,Aí que está a questão ! Pobre vai pela fome que o lula nunca matou..Tira o povo como idiota ..:horse_face::horse_face::horse_face::horse_face::horse_face:,1,0,FN,5.124973928511589e-42
BernoulliNB,0,O IMBECIL do janones já não sabe mais o que fazer,1,0,FN,3.0772701941584136e-26
BernoulliNB,0,Ele mesmo disse que bastava dar 10 reais para o baiano ficar feliz,1,0,FN,4.270445772340698e-115
BernoulliNB,0,"*O DITADOR DA VENEZUELA ESTÁ APOIANDO O LADRÃO :man_facepalming_light_skin_tone::triangular_flag::man_facepalming::China::man_facepalming::triangular_flag::man_facepalming::China::man_facepalming:Nunca devemos esquecer que o MADURO só está no poder segundo Ele próprio, com o grande APÓIO do LULALADRÃO, fato inquestionável. E, agora o DITADOR de lá da VENEZUELA, faz o mesmo, ou seja, dando o seu APÓIO ao LADRÃO brasileiro... É isso que você, sua esposa e seus filhos querem num ""FUTURO BEM PRÓXIMO,"" para terem o que comer vão ter que catar comida no lixo ou terem que sacrificar seus animais de estimação???*",1,0,FN,6.675394440164969e-45
BernoulliNB,0,"Tudo bandido e insanos, comunista, fascista, doente. Deus vai fazer justiça. Em nome de Jesus",1,0,FN,3.034231978696096e-08
BernoulliNB,0,Depois de tudo isso! Eu parar p discutir com petista! O idiota serei euuu,1,0,FN,9.59021689954585e-35
BernoulliNB,0,"Caros amigos.
Vai um alerta! Vamos escolher os locais a onde formos doravante.
Um casal com a camiseta do Brasil foi hostilizado em um restaurante em SP. Achei estranho e fui pesquisar. 
O restaurande se chama Martín Fierro, na Vila Madalena. 
Observei que a dona se chama Ana Maria Massochi. Busquei seu perfil no insta, que é aberto.
Completamente esquerdista. As postagens falam por si.
Sejamos cada vez mais seletivos em nossas escolhas. E em “onde gastamos nosso dinheiro “. 
Para que o lazer não se transforme em dissabor.
Os estabelecimentos também se transformaram em curral dos burros. 
Eu vou com o gado.",1,0,FN,3.8890315971487017e-28
BernoulliNB,0,":thinking_face::backhand_index_pointing_up_medium-dark_skin_tone:ASSISTAM :man_gesturing_OK_medium-light_skin_tone::thinking_face:EU ACHO: QUE OS ELEITORES DO:backhand_index_pointing_right_medium_skin_tone: ""LULADRÃO"" SÃO: ""CUMPLICES DISSO!. :thinking_face:PESSOAS DE BEM, HONESTAS, QUE: SÃO CONTRA:backhand_index_pointing_right_medium_skin_tone:"" MENTIRAS "", ""ROUBOS,"", ""ABORTOS"",""IDEOLOGIAS DE GÊNEROS "", ""LIBERAÇÃO DAS DROGAS"", ""EROTIZAÇÃO"", E ""IDIOTIZAÇÃO DE CRIANÇAS "" NAS ESCOLAS. TUDO ISSO: OBRAS DO :angry_face_with_horns:MALIGNO. Esses 2 versículos.é um resumo disso tudo.:backhand_index_pointing_right_medium_skin_tone:João.8.44 e João.1010. :thinking_face::backhand_index_pointing_up_medium-dark_skin_tone:ASSISTAM E :backhand_index_pointing_right_medium_skin_tone:REPASSEM,  AOS CONTATOS.",1,0,FN,1.484865296604429e-76
BernoulliNB,0,"Já saiu o resultado do dia 30 de outubro sobre as eleições.

LULA ganhou de Bolsonaro com *52% dos votos*.

Já temos definido o Presidente do Brasil para 2023. *LULADRAO*.

É muita falcatrua da *GLOBO*",1,0,FN,1.6467376707305922e-122
BernoulliNB,0,Axei q era fake mas é verdade msm:face_with_hand_over_mouth:Bolsonaro disparou na frente do Luladrao,1,0,FN,4.7778777705486206e-42
BernoulliNB,0,Acabei de ver na band o Luladrao 53% e Bolsonaro47% não posso acreditar numa coisa dessas.,1,0,FN,1.9856695995065753e-110
BernoulliNB,0,LULADRAO E O INCENTIVO AO MST FDPS,1,0,FN,1.5894348279702363e-93
BernoulliNB,0,"Esse mafioso é bandido e fim de conversa!  É nojento ver esse tipo de notícia, é chamar o povo de idiota na lata!",1,0,FN,2.54388240515255e-124
BernoulliNB,0,ENQUANTO ISSO O LULADRÃO AUMENTAVA 12 REAIS,1,0,FN,3.1290876156870696e-42
BernoulliNB,0,"Pq cidadão de bem, honesto como Lula Ladrão diz que não tem uma alma viva mais honesta que Ele",1,0,FN,1.7997896601206768e-124
BernoulliNB,0,":fire::fire::fire::fire::fire:Eduardo Paes foi levar o *LULADRÃO* para ver o jogo do Vasco, e foi recepcionado dessa brilhante e calorosa forma !:backhand_index_pointing_up:",1,0,FN,6.046299785607078e-128
BernoulliNB,0,Como um cidadão que diz ser cristão vota num candidato que apoia invasão de terra dos outros de casas apoia os costumes lgbt legalização de drogas e de ladrões de celulares etc que Jesus é esse,1,0,FN,4.936286703941777e-91
BernoulliNB,0,"É pessoal tentamos, más infelizmente a a grande maioria é burra e ingnorante",1,0,FN,3.557800381213314e-11
BernoulliNB,0,GENTE TENHAM CALMA PARA COM ISSO CONFIA NO SENHOR E EU FICO ME PERGUNTANDO? ESSE É O BOLSONARO QUE EU VOTEI CERTAMENTE NÃO SERÁ QUE BOLSONARO É IMBECIL É I***** E VAI ENTREGAR NAÇÃO DE GRAÇA COM FRAUDE?? ENTREGAR DE MÃO BEIJADA ?AH ESSE NÃO É CERTAMENTE O PRESIDENTE ASTUTO FEROZ QUE EU ESCOLHI PARA ADMINISTRAR UM PAÍS EU CONTINUO CONFIANDO NO MEU CAPITA0 ATÉ O DIA 31 DE DEZEMBRO ELE É O PRESIDENTE DESTA NAÇÃO E EU VOU AGUARDAR O SEU PRONUNCIAMENTO POIS CONFIO EM DEUS!,1,0,FN,1.2559337765723417e-60
BernoulliNB,0,"*_Mais uma imbecil e  inconsciente._*

*_Em menos de 24 h já está sentindo na pele o resultado da sua imbecibilidade e alienação:_*",1,0,FN,4.150700280482598e-78
BernoulliNB,0,Vc é louca uma criminosa. Cala a boca e vem para as ruas,1,0,FN,1.4826658925878832e-58
BernoulliNB,0,"Helder Barbalho fez campanha p Lulaladrao. Então , temos que começar pelo Pará p mudar",1,0,FN,1.636901209018681e-55
BernoulliNB,0,Sabe que esse bandido tava apoiando o presidente que eu e você votamos ! E ainda era idiota pra chamar ele de mito,1,0,FN,6.310952808627951e-114
BernoulliNB,0,"Vamos deixar de mimi, de fato não é necessário mas tbm não vejo problema, isso pode ser usado para motivar aquele que está acomodado ir pra rua. Vamos ajudar mostrar pra ele que é um idiota",1,0,FN,2.252951403852852e-09
BernoulliNB,0,"VC PENSA QUE EU SOU BURRA QUE NEM TU NÉ, EU SEI QUE TU TÁ SE FAZENDO PASSAR PELA CARLA ZAMBELI, EU VOU É TE ENTREGAR PRA ELA.AGUARDE.",1,0,FN,2.5871848556338254e-27
BernoulliNB,0,"Completamente idiota,  é aquele que sobrepõe o conhecimento de especialista com idolatria a políticos. 
Completamente idiota são aqueles que estão nas ruas envergonhado o Brasil com memes intermináveis,  sem qualquer conhecimento,  esses são Completamente IDIOTAS :thumbs_up_light_skin_tone:",1,0,FN,6.923162427769332e-32
BernoulliNB,0,Mr.tony...meu amigo não é umbanda não porquê a umbanda não faz trato com o diabo  .ele fez um pacto com o CANDONBRE que faz pacto com Satanás. Bom dia,1,0,FN,8.413748338489712e-32
BernoulliNB,0,"*Tá parecendo que nós vamos continuar com final :eyes::Brazil::crying_face:  2002. a infelicidade do 2022 com um ladrão tomando conta do nosso país será??  vai ser tudo a mesma merda roubalheira e fazer o povo sofrer.* e os idiotas que votaram no Lula acreditam que ele fazerer alguma coisa mas não viram nada do que aconteceu  no passado será? :thinking_face: só tristeza o povo passando fome os dólares nas cuecas dos ladrões políticos e hoje  são as pessoas que o Lula quer de volta com ele no poder. :face_with_monocle:

que Deus abençoe todos os brasileiros mas ainda temos  muito pela frente mas se tiver uma chance a mais de não deixar o ladrão do Lula não pegar a Presidência temos que fazer de tudo e o mais é esperar o presidente Bolsonaro Fala alguma coisa assim que ele posicionar falar a última palavra aí nós podemos tocar o 2023 com Deus no Comando e de :eyes: e grudados igual carrapato em quem tiver fazendo as coisas erradas para prejudicar o nosso país Nunca! :saluting_face::Brazil:",1,0,FN,6.6874046876251695e-28
BernoulliNB,0,"Hipócrita. Não tem pq protestar? Um ladrão voltando ao poder ilegalmente, fazendo o povo Brasileiro de palhaço e se faz de idiota.  Quem gostar do ladrão de estimação que comemore ,eu Não ! E o povo está nas ruas pq quer, graças ao pouco de Democracia q ainda nos resta, e uma constituição q vcs sonham em nos tirar.",1,0,FN,1.4157516274374174e-82
BernoulliNB,0,"Pois continue trabalhando e estudando, é melhor que ficar igual um idiota defendendo político e passando vergonha",1,0,FN,2.155706260179789e-75
BernoulliNB,1,"Quando terminar essa eleição vamos fazer uma festa para recuperar as amizades perdidas e as brigas familiares.
-Quem votou no bolsonaro traz a carne e a cerveja.
-Quem votou em branco traga frango e linguiça.
-Quem anulou o voto traga pão de alho e coração.
-Quem faltou na votação traga gelo e carvão. 
-E quem votou no PT não precisa vir.",1,0,FN,2.9407945521682484e-47
BernoulliNB,1,"Oi estou vendo que vc acha que me sentiria ofendido por sua colocação, mas vamos lá, tirando a clara baixeza de seu argumento, aonde precisa tentar ofender, um esforço deveras patético para uma pessoa que quer se dispor como alguém de alguma forma superior a outra, então vamos pela lei de Cristo somos todos irmãos e irmãs e todos iguais perante a Deus, não cabendo condenar ninguém.

Também há a questão que mesmo na Bíblia calúnia e difamação é um ato criminoso ao qual é muito mal visto então se já passamos uma pá de cal sobre esse seu infeliz pronunciamento.

Não, não sou homo sexual, não tenho qualquer trejeitos delicado e muito menos sou destemperado e barraqueiro.

Também não estou em cima de qualquer muro, me coloco aqui em uma posição clara entre Belzebu e Baphomet eu não fico com nenhum, anjos caídos não se arrependem de seus pecados e este é o caso destes dois déspotas.",1,0,FN,2.0617464595907643e-109
BernoulliNB,1,"Garota inteligente e muito patriota, mas com certeza ela teria que ter alguém à protegendo onde ela for, porque a esquerda da universidade não irão perdoar essa Super Guerreira :Brazil::folded_hands_light_skin_tone::Brazil:. São de jovens iguais que o Brasil :Brazil:precisa :clapping_hands::thumbs_up:",1,0,FN,2.108709952978177e-20
BernoulliNB,1,Se fosse vermelha a reação  da globolixo seria a mesma? Claro que não,1,0,FN,3.713011227349429e-118
BernoulliNB,1,"GOVERNADOR CLÁUDIO CASTRO TAMBÉM ESTÁ COM A GENTE

:Brazil: SE VOCÊ APOIA O NOSSO PRESIDENTE JAIR BOLSONARO, O GOVERNADOR CLÁUDIO CASTRO E O FUTURO SENADOR DANIEL SILVEIRA, VOCÊ TAMBÉM FAZ PARTE DA FAMÍLIA JORDY!  :thumbs_up::Brazil::clapping_hands:

:backhand_index_pointing_down::backhand_index_pointing_down::backhand_index_pointing_down::backhand_index_pointing_down::backhand_index_pointing_down::backhand_index_pointing_down::backhand_index_pointing_down::backhand_index_pointing_down::backhand_index_pointing_down:
:Brazil: RENAN JORDY :keycap_2::keycap_2::keycap_1::keycap_1::keycap_1: 
:Brazil: CARLOS JORDY  :keycap_2::keycap_2::keycap_1::keycap_1:
:Brazil: DANIEL SILVEIRA :keycap_1::keycap_4::keycap_2:
:Brazil: CLÁUDIO CASTRO :keycap_2::keycap_2:
:Brazil: JAIR BOLSONARO  :keycap_2::keycap_2:

:police_car_light:COMPARTILHE COM O MÁXIMO DE PATRIOTAS E AJUDE O BRASIL A FICAR LIVRE DO LULADRÃO, MARCELO FROUXO, ENTRE OUTROS CRÁPULAS QUE SÓ ASSOLAM O PAÍS.",1,0,FN,2.312383322126216e-63
BernoulliNB,1,"Vamos combater a esquerda até vencermos essa guerra. 
SALVE NOSSO CONTATO 

Vote nos candidatos do Bolsonaro :Brazil: :Brazil: :Brazil: :Brazil: :Brazil: :Brazil:

* Deputado Federal: Coronel Malabarba 44.00

* Deputado Estadual: Ruy Irigaray BOLSONARO 44.000

* Presidente: Jair Bolsonaro 22
",1,0,FN,2.03268587745806e-61
BernoulliNB,1,"Já estão preparados para o golpe da esquerda  ???
:pensive_face::loudly_crying_face:
Não vejo outro cenário...

Aqui no RN , vai ser proibido todo tipo de forças policiais e  etc.. 
Por perto das zonas eleitorais...

 Sempre se soube que eleição é perigoso pois sempre alguém vem cobrar contas com seus desafetos e por aí vai , imagina como vai ser domingo...

Que Deus nos proteja :folded_hands_light_skin_tone::raising_hands_light_skin_tone::folded_hands_light_skin_tone::raising_hands_light_skin_tone::folded_hands_light_skin_tone:",1,0,FN,9.885612142261623e-44
BernoulliNB,1,"*AMEAÇA QUE ESSE TRAÍDOR DESGRAÇADO FAZ CONTRA A NAÇÃO E O POVO BRASILEIRO, SE POR VENTURA ELE GANHASSE AS ELEIÇÕES, ATÉ DEZEMBRO OS RICOS SAIRIAM DO PAÍS E OS POBRES SERIAM ESCRAVIZADOS E MUITOS ASSASSINADOS*.
*ASSISTAM COM ATENÇÃO ESTE VÍDEO E OUTROS QUE IREMOS POSTAR.*",1,0,FN,1.615603972797692e-83
BernoulliNB,1,Bicho estou louco aqui. Alguém chegou a ler o que o bandido de nove dedos escreveu???,1,0,FN,6.119570775209016e-10
BernoulliNB,1,"Um infeliz desse ainda qer se reeleger
Só sifor no inferno q e lugar de cão",1,0,FN,4.5026769730617994e-38
BernoulliNB,1,"Isto aconteceu em 2018, na véspera do segundo turno
Quando Bolsonaro ganhou, a petezada sumiu. Pararam as invasões de imóveis",1,0,FN,1.5235788526856411e-58
BernoulliNB,1,":backhand_index_pointing_up::backhand_index_pointing_up::backhand_index_pointing_up:
""Artistas acreditam que se tiverem benesses financeiras tudo vale...
Este oportunismo surgiu com a associação PT e artistas, que foram comprados para fazerem ""propaganda"" da esquerda.""

*Fonte:* Canal Layla Fiuza",1,0,FN,6.073029215713144e-14
BernoulliNB,1,"Sim. A ação contra bandidos deve ser enérgica. Entre tombar um bandido ou um cidadão de bem que tombe o bandido. Mas,e os números mostram isso_ não é só o bandido que deve ser combatido, mas o crime e o crime é um fato social com uma série de fatores criminógenos: desigualdade, base familiar, falência da educação formal ,entre outros.
Esperar que o crime diminua simplesmente eliminando criminosos é como supor que um balde sob a goteira resolverá o problema da telha destruída.",1,0,FN,5.571772425120846e-100
BernoulliNB,1,"GENTEEE, ESSE LADRA DO LULA ESTA MUITO TRANQUILO COM A VITÓRIA DELE,  TEM ARMAÇÃO POR AÍ. VAMOS ORAR E PEDIR A DEUS QUE CANCELE TODA AÇÃO DO MAL QUE ESTIVER ARMADO PARA AS NOSSAS ELEIÇÕES.",1,0,FN,2.624289540170582e-95
BernoulliNB,1,"O Adélio é cria da Globo. E vão cutucar ainda mais? Como diz minha mãe, o diabo ensina fazer a panela, mas não a tampa. Vem castigo a cavalo pra eles. :enraged_face::enraged_face:",1,0,FN,8.524431543706024e-97
BernoulliNB,1,É SÓ TROCAR  O NOME BOLSONARO POR LULADRAO :backhand_index_pointing_up::backhand_index_pointing_up::backhand_index_pointing_up::rolling_on_the_floor_laughing::rolling_on_the_floor_laughing::rolling_on_the_floor_laughing::rolling_on_the_floor_laughing:A ANÁLISE FICA. REAL E VERDADEIRA :rolling_on_the_floor_laughing::rolling_on_the_floor_laughing:,1,0,FN,7.869027969408012e-93
BernoulliNB,1,"Antes que algum cretino diga que o evento do Satanás (lula) foi um sucesso em BH, segue o vídeo.
Completamente vazio em plena Avenida Afonso Pena (principal de BH).
Nâo existe como este cretino vencer a eleição. 
Repasse, inclusive com esta mensagem para que todos saibam a verdade.
:backhand_index_pointing_down::backhand_index_pointing_down::backhand_index_pointing_down::backhand_index_pointing_down::backhand_index_pointing_down::backhand_index_pointing_down::backhand_index_pointing_down::backhand_index_pointing_down::backhand_index_pointing_down:",1,0,FN,4.0899429069889904e-69
BernoulliNB,1,"Tem o macho, tem o super macho, tem mega macho, tem o super homem, e tem esse cara aí que gritou ""Luladrão"" no meio da petezada no comício do ladrão........Esse é meu ídolo....:clapping_hands::clapping_hands::clapping_hands::clapping_hands::clapping_hands::clapping_hands::clapping_hands::clapping_hands::clapping_hands::clapping_hands::clapping_hands::clapping_hands::clapping_hands::clapping_hands::clapping_hands::clapping_hands::clapping_hands::clapping_hands::clapping_hands::clapping_hands::clapping_hands::clapping_hands::clapping_hands::clapping_hands::clapping_hands::clapping_hands::backhand_index_pointing_down::backhand_index_pointing_down::backhand_index_pointing_down::backhand_index_pointing_down::backhand_index_pointing_down::backhand_index_pointing_down::backhand_index_pointing_down::backhand_index_pointing_down:",1,0,FN,6.018380778425205e-23
BernoulliNB,1,"GOVERNADOR DA BAHIA, CORRUPTO E DITADOR COMUNISTA! CADÊ AS FFAA?",1,0,FN,8.881607949567829e-07
BernoulliNB,1,"*CONCLAMAMOS A TODOS OS CIDADÃOS E CIDADÃS DE BEM DA NOSSA NAÇÃO.* 
*JOVENS E CRIANÇAS, ADULTOS E IDOSOS,* PARA COMPARECEREM AS URNAS, *NESTE PRÓXIMO DOMINGO, NO DIA GLORIOSO 02 DE OUTUBRO DE 2022,* VESTINDO AS CORES *VERDE E AMARELO.*
CATÓLICOS E EVANGÉLICOS, *PRECISAMOS NOS UNIR CONTRA UM INIMIGO COMUM,* O COMUNISMO E O SOCIALISMO.
*BRASIL ACIMA DE TUDO, DEUS ACIMA DE TODOS.* :index_pointing_up::index_pointing_up::index_pointing_up:",1,0,FN,1.2338219961503398e-30
BernoulliNB,1,"Lula e uma piada esse demônio nem podia ser candidato mas o Brasil deixou um ficha suja, ladrao, presidiário",1,0,FN,2.3521182331731316e-42
BernoulliNB,1,Ceara hj a noite  01/10/22 o velho ladrão vai toma uma trolhada no rabo que vai perder ate as pregas :face_with_tears_of_joy::face_with_tears_of_joy::face_with_tears_of_joy::face_with_tears_of_joy::face_with_tears_of_joy::face_with_tears_of_joy::face_with_tears_of_joy:,1,0,FN,2.764299204367269e-110
BernoulliNB,1,":cloud_with_lightning:

:Russia: Citação de Vladimir Putin:
""Prefiro ser enforcado por lealdade do que recompensado por traição!""

PALAVRAS IMPORTANTES DE PUTIN AO POVO

Putin: Cidadãos do mundo, falo com vocês sabendo que minha mensagem será distorcida e enquadrada. Estou sendo feito um perpetrador, mas só queria proteger meu povo que está sob ataque há mais de 10 anos. Não sou contra os cidadãos da Europa, são os vossos dirigentes que estão contra vós!

Esta é a sua chamada de despertar. Os nazistas venceram a Segunda Guerra Mundial!

Os líderes da UE são nazistas e você está bem ciente disso.

É o mesmo clube, com a mesma abordagem, que outros estados escravistas. Eles ignoram a sua e a minha opinião. Por que eu explodiria minhas próprias linhas de gás?

Eu posso simplesmente fechar a torneira. Essas alegações contra a Rússia são muito fáceis de desmascarar. Quem está bombardeando a usina nuclear?

A Europa é governada por nazistas que adoram Satanás!",1,0,FN,4.801103857702712e-106
BernoulliNB,1,Tão tudo caladinho os Bolsominion,1,0,FN,2.1162882760192057e-72
BernoulliNB,1,"Agora, resta à DIREITA, com 82% dos votos apurados, *torcer para ter segundo turno*.

Chances reais de vitória do LADRÃO no primeiro turno. 

Só a Bahia tem quase 2 milhões de votos *não apurados* e lá o LADRÃO tem 2 votos para cada voto de Bolsonaro.",1,0,FN,5.583267309532456e-58
BernoulliNB,1,"Pessoal tá claro que há fraude... Os petistas estavam muito confiantes, mesmo com o Ladrão sem sair nas ruas, mesmo sendo bandido, principalmente de terem permitido o CABEÇA DE OVO, Ficar a frente do STE.....

*LEGALMENTE* SERIA IMPOSSÍVEL O EX- PRESIDIÁRIO PASSAR DO 1° TURNO E MUITO MENOS VENCER AS ELEIÇÕES.....",1,0,FN,4.736032590654968e-07
BernoulliNB,1,"Sou de Natal, todos arrasados, uma governadora idiota, imbecil, desonesta , mas a miséria é levado pra votar igual a gado . Ainda peço a Deus pra ter segundo turno :folded_hands::folded_hands::folded_hands:",1,0,FN,4.6847988773736575e-79
BernoulliNB,1,"Deus E Deus De Surpresas , Confia Gente , Esse Comunista Não Vai Voltar Ao Poder",1,0,FN,5.646818789257116e-31
BernoulliNB,1,"A situação vai ficar pior se não  tomarem uma atitude, nosso povo vai ser praticamente escravizado por esse DITADOR dos inferno .",1,0,FN,2.4580144690047456e-111
BernoulliNB,1,FRAUDE PURA. ELEITORES DO BOLSONARO VOTARAM EM LULADRÃO.      TÁ,1,0,FN,1.0005922175689235e-98
BernoulliNB,1,"Ha 2000 anos o povo escolhe o ladrao. Ontem não foi diferente. Triste ver tanta gente ou ignorante e sem acesso à informaçãode qualidade ou desprovido de valores éticos e morais. Mas não adianta só reclamar. Temos que sair da nossa zona de conforto e lutar, garimpar votos etc onde quer que seja. Que Deus nos proteja do mal.",1,0,FN,1.2086494421711417e-120
BernoulliNB,1,"Já pedi, implorei, entenderam, concordaram, muitos mas, não tocam no assunto, não tem nas redes e em nenhum lugar

Sou o único retardado que alerta sobre isso há anos, sozinho

Com a importância que eu tenho, é o mesmo que falar com as paredes",1,0,FN,4.5896918646643454e-116
BernoulliNB,1,"Concordo com vc Amiga Nordestina, a visita de Bolsonaro a Natal foi apoteótica, todos nós de boa fé votando nele, e as urnas , quem fiscalizou? Tivemos que engolidor essa imbecil, Incompetente , salafrária se achar que foi escolhida, é duro pra nós Natalenses engolir essa criatura, desceu no seco. Alguém faça algo no segundo do turno ! :folded_hands::folded_hands::folded_hands::folded_hands::folded_hands:",1,0,FN,2.6393549494350476e-05
BernoulliNB,1,"O baphomet é uma personificação da magia

 Tanto que ele é cheio de simbolismos",1,0,FN,1.1694270379372464e-121
BernoulliNB,1,"IPEC ou antiga Voxpopuli encomendada pela Globolixo, sem a menor vergonha soltou sua pesquisa para 2 Turno, sem a menor vergonha dos grandes erros do 1 Turno.
Luladrão 51%
Bolsonaro 43%
Obs:Considerando o erro 13 pontos percentuais no primeiro Turno onde Bolsonaro tinha apenas 31 pontos segundo eles, e na verdade teve ""44 pontos; então na verdade Bolsonaro tem 56 pontos e o Luladrão 34 pontos.:face_with_hand_over_mouth:",1,0,FN,0.19548027072148022
BernoulliNB,1,"Ele claramente não serviu, a única coisa que ele serviu foi de idiota útil",1,0,FN,6.146101468732603e-76
BernoulliNB,1,":index_pointing_up::index_pointing_up::index_pointing_up::index_pointing_up::index_pointing_up::index_pointing_up::index_pointing_up::index_pointing_up::index_pointing_up::index_pointing_up::index_pointing_up::index_pointing_up::index_pointing_up::index_pointing_up::index_pointing_up::index_pointing_up:

*Conselho estratégico pra essa guerra, estamos a poucos dias da batalha final *

*Não perca tempo em tentar convencer esquerdopatas, essa gente tem cabeça feita, são lobotomizados, são bestializados, são psicopatas em diferentes graus, só Deus pode fazer o milagre *

*Corra atrás dos indecisos, tem aí mais de 40 milhões, de não comparecimento, votos em branco, etc etcetera *.

*Vamos correr atrás dessa gente, esqueçam os petistas por enquanto*.

*Confesso que gosto de ver petista irritado kkkkkkkkkkkk, mas vamos esquecer essa gente, e focar agora em outro alvo :bullseye: *.

:call_me_hand::call_me_hand::call_me_hand::call_me_hand:",1,0,FN,1.5157057576563e-134
BernoulliNB,1,Assim é os eleitores do LULADRÃO,1,0,FN,0.00032978265862790404
BernoulliNB,1,Mais nem os cachorros ficam mais amarrados com com pote na frente...este é idiota mesmo...Lula roubou até o cérebro dele,1,0,FN,2.047292300223267e-52
BernoulliNB,1,"Linda estória é a do LULADRÃO, de uma só tacada ganhou de brinde um triplex, um sítio e alguns milhões.",1,0,FN,2.637930954315174e-33
BernoulliNB,1,"A OBRA MAIS IMPORTANTE DO PATRIOTA TRABALHADOR HONESTO DO GOVERNO JAIR MESSIAS BOLSONARO E DO BRASIL, FOI A CONSTRUÇÃO SEM CORRUPÇÃO DA  TRANSPOSIÇÃO DO RIO SÃO FRANCISCO ENTREGUE AO POVO NORDESTINO.
NO NORDESTE O COMUNISTA DITADOR LULALADRAO E O PARTIDO DOS TRABALHADORES, NÃO ROUBAM MAIS.
10.10.2022",1,0,FN,2.5737223270293865e-20
BernoulliNB,1,"Ah, e se você idiota inútil não sabe, eles estão em estande de tiro. Normal para um clube",1,0,FN,2.5170322571586715e-23
BernoulliNB,1,"Que todos se conscientizem de que: nesse momento o mais importante é coletar informações e estratégias nos grupos e levá-las para fora dos grupos - levá-las a todos os isentões, àqueles que vão à praia no dia do voto, àqueles que porventura vão votar errado (votar no criminoso) - de nada adianta participar de um grupo se não fizer isso - e hastear a Bandeira do Brasil para fora de todas as janelas do  nosso imenso território nacional é de suma importância para dar visibilidade ao nosso desejo: Liberdade, Deus, Pátria e família - o mundo precisa conhecer o nosso desejo - é necessário que todos compreendam o risco que estamos correndo - lutamos pela liberdade, contra o comunismo escravagista e genocida. Que Deus nos abençoe.",1,0,FN,3.3653508451749534e-97
BernoulliNB,1,"Cara de onde vc conseguiu tirar tal conclusão? E pare com risadinha forçada soa ridículo parece um retardado.

Vamo lá sem desviar, deixe de ser esse covarde e não fuja do assunto.

Bolsonaro disse que participaria de um ritual indigna que ia comer carne humana?",1,0,FN,3.0948164831681913e-61
BernoulliNB,1,"Vivemos em um país livre 
Quem trabalha e vai atrás tem.
Quem não vai só resta se vitimizar e chorar feito viado",1,0,FN,2.995817346052829e-39
BernoulliNB,1,LULADRAO VAI POR O DOLAR A 40 REAIS :rolling_on_the_floor_laughing::rolling_on_the_floor_laughing::rolling_on_the_floor_laughing::rolling_on_the_floor_laughing::rolling_on_the_floor_laughing::rolling_on_the_floor_laughing::rolling_on_the_floor_laughing::rolling_on_the_floor_laughing::rolling_on_the_floor_laughing:E INFLAÇÃO A 100%,1,0,FN,3.7936297253452904e-100
BernoulliNB,1,"Isto a Globolixo/UOLixo/Foice de São Paulo etc não mostram e nem vai mostrar!
O Lulaladrão já não esconde mais a sua participação com o PCC,o CV e outras organizações criminosas, até internacionais, como as FARCS da Colômbia e os Narcos do México.
Hoje, 12 de outubro de 2022, foi ao Complexo do Alemão, no Rio, e seu reuniu com líderes do tráfico. *Posou com o boné do ""CPX"", um dos líderes do tráfico (CPX é uma gíria usada, tb, no mundo do crime e nos presídios).*
Entendeu o porquê de 98% dos presos e presas votaram no Lulaladrão?!
Cabe uma observação: esta lei eleitoral é um lixo, que tem tantos absurdos como este: um bandido, que está preso, pode votar e decidir o futuro da nação.... Sim, alguém que é péssimo exemplo pode votar em quem vai decidir o futuro do país! Será que bandidos, pedófilos, traficantes, estupradores, estelionatários etc votariam em quem os combate? É claro que não! Fica a observação",1,0,FN,9.485587319342158e-30
BernoulliNB,1,LULADRAO com boné do traficante mister m fdm,1,0,FN,2.667883485509824e-107
BernoulliNB,1,Olha o que a Ptezada andam aprontando na rua. ESTÃO PENSANDO QUE LULADRAO JA GANHOU E ESTÃO SAIDO PRA RUA APRONTA.           DEUS NOS LIVRE DESSES BANDIDOS.,1,0,FN,0.11383793709670424
BernoulliNB,1,OUÇAM O QUE ESSE CARA DA CÚPULA DO PT ESTA FALANDO  PARA NÃO VOTAREM NO LULADRAO,1,0,FN,0.246958600311367
BernoulliNB,1,Deixa de ser imbecíl! Não existe ninguém descondenado idiota ! Cada uma puta que pariu ! O povo imbecil ! Dia 30 acaba !,1,0,FN,2.6858953174057805e-64
BernoulliNB,1,Um idiota. Bem feito pra quem baba o ovo desse canalha.,1,0,FN,5.097971618172221e-76
BernoulliNB,1,":backhand_index_pointing_up: *Mais uma mentira do LulaLadrão sobre a refinaria no Maranhão!* :man_facepalming::man_facepalming::man_facepalming::man_facepalming::man_facepalming::man_facepalming::man_facepalming::man_facepalming::man_facepalming::man_facepalming::man_facepalming::man_facepalming::man_facepalming:

Canal
[USER]:Brazil:",1,0,FN,1.30738844375543e-60
BernoulliNB,1,*PREFEITO DA CIDADE DE ROSARIO NO MARANHÃO  VAI ATÉ  A CIDADE DE BACABEIRA PARA DESMENTIR O LULADRÃO  QUE NO DEBATE DISSE QUE LÁ  HAVIA UMA REFINARIA EM PLENO FUNCIONAMENTO FEITA POR ELE. NÃO  EXISTE CANALHA MENTIROSO MAIOR QUE LULA NESSE PAIS. PTEZAIADA VOCÊS  JÁ  DERAM UM GOOGLE  HOJE PRA DESCOBRIR AS MENTIRES DO SEU DEUS CORRUPTO LADRÃO  E GENOCIDA???*,1,0,FN,1.3405403207647193e-53
BernoulliNB,1,IMBECIL RETARDADO BOLSONARENTO BROXA E TROUXA rs:rolling_on_the_floor_laughing::face_with_tears_of_joy::backhand_index_pointing_up_light_skin_tone:,1,0,FN,1.4384369662602841e-10
BernoulliNB,1,"Xandão vai decidir em favor do LuLADRÃO e do Corinthians. 

Certeza!",1,0,FN,1.3543166685030867e-111
BernoulliNB,1,":megaphone::keycap_2::keycap_2::Brazil: *ATENÇÃO MUITA ATENÇÃO.* :Brazil::keycap_2::keycap_2::megaphone:

*Viagens em feriadão impensado irá nos CUSTAR 4 anos, talvez sem trabalho e sem dinheiro para viajar*

*Agora eu entendo pq, entre o primeiro turno e o segundo, teremos 4 semanas e não 3 como de costume. Dia 30 é um Domingo. Dia 29 é um sábado e 28 é uma sexta-feira. Dia do Funcionário Público. Com o de costume, feriado para o funcionalismo público. Eleição dia 30. Dia 01 de Novembro provável feriado/ponto facultativo e, dia 02/11, Finados. Outro feriado. Feriadão de 5 dias com uma eleição no meio. Quem viaja num feriadão? Eleitores do Bolsonaro ou eleitores do Luladrao? Abstenção severa? A quem vai beneficiar? Muita coincidência ou armação? Não vamos viajar. Vamos votar. Para reflexão.*:oncoming_fist::Brazil:",1,0,FN,8.225516256786424e-127
BernoulliNB,1,SOLTURA DE UM DOS MAIORES TRAFICANTES DO BRASIL COM O OBJETIVO CLARO DE CONSEGUIR VOTOS PRO LULADRÃO  !,1,0,FN,2.469324151296925e-46
BernoulliNB,1,"Agora eu entendo pq, entre o primeiro turno e o segundo, teremos 4 semanas e não 3 como de costume.

Dia 30 é  Domingo. 
Dia 29 é sábado.
Dia 28 é  sexta-feira, DIA DO FUNCIONÁRIO PÚBLICO, feriado para eles.

Eleição  é dia 30.

Dia 01 de Novembro, (provável feriado) ponto facultativo.
E dia 02 de novembro, é FINADOS, outro feriado.

Feriadão de 5 dias  com uma eleição no meio.

Quem viaja num feriadão?

Eleitores do Bolsonaro ou  do Luladrão?

Abstenção severa?

A quem vai beneficiar?

Muita coincidência ou armação?

Não vamos viajar!

Vamos votar.

*Para reflexão*
Repasse para conscientização.",1,0,FN,4.907078115247684e-109
BernoulliNB,1,PLANO DE GOVERNO  DO PT LULADRAO  CONFISCAR O DINHEIRO DO  POVO,1,0,FN,1.3173884496371563e-12
BernoulliNB,1,"Enquanto isto, o Seu L lula LADRÃO, MATA CRIANÇAS em terreiro de UMBANDA, o BOLSONARO recebe ORAÇÃO, um CLAMOR a Deus 0ela vida dele",1,0,FN,1.6664342593857245e-77
BernoulliNB,1,Teria sido ela mesmo que escreveu?! Marieta Severo era esquerdista de carteirinha e defendia Lulaladrao juntamente com a “rede esgoto”! :thinking_face:,1,0,FN,3.720723431735893e-56
BernoulliNB,1,Não é a toa que lgbts maioria de esquerda são os que mais cometem pedofilia,1,0,FN,3.7256067559875226e-33
BernoulliNB,1,TALVEZ  NÃO  VAI  TER  NADA  DIA TRINTA  SO VAI  DIA TRINTA  DE NOVEMBRO  DESCUBRIU  FRAUDES   CAMPANHA  DO NOSSO PRESIDENTE JAIR  O PARTIDO  DO LULADRAO  ÉSTAR ENVOLVIDO  TA DANDO  NA TV JOVEM PAN  OS DEPUTADOS  ESTÃO  QUERENDO  MUDA PRA O S JAIR  BOLSONARIO  NÃO  FICAR  NO PREJUÍZO,1,0,FN,2.0834868662270535e-78
BernoulliNB,1,"Se o Bolsonaro aceitar esta RASTEIRA da dupla Xandão & LADRÃO, ele vai merecer o título de TRUMP dos TRÓPICOS.

Tem que ser muito IMBECIL para aceitar uma RASTEIRA dessa, no segundo turno das Eleições Presidenciais 2022, estando ele no cargo de Comandante em Chefe das FFAA, de Chefe do Chefe da PF, porque Presidente da República.",1,0,FN,3.187366591239512e-59
BernoulliNB,1,Ô imbecil se o Tarcísio é bandido ladrão de nove dedos é o quê?,1,0,FN,1.1625736250900858e-42
BernoulliNB,1,Sabe porque o nosso Presidente Bolsonaro ganhou o debate? Simplesmente porque ELE tinha e tem argumentos suficientes para derrubar qualquer pergunta que viesse do seu adversário Lulaladrão. Moral da história:  Ser justo e verdadeiro nunca vai cair de moda.,1,0,FN,1.5026623091666913e-80
BernoulliNB,1,Mas os dois usam isso gente  isso serve pra auxiliar  os dois que mlk idiota,1,0,FN,3.183825828970256e-100
BernoulliNB,1,Tem que ser muito idiota pra votar né um cara que ficou eleições e deixo o Brasil na maior e promete que vai em 1 melhorar o país kķk,1,0,FN,1.5719502247494998e-18
BernoulliNB,1,"Não estudo mais graças a Deus .
Aliás no meu tempo eu aprendia a ler e escrever não militância de de viado e glorificar bandido",1,0,FN,2.0108330662784462e-22
BernoulliNB,1,"*Quem for de são Paulo e outras regiões e tiver empresa, não contratem NORDESTINOS. Eu sou uma Nordestina Piauiense. Porém, não me conformo eles acabarem com nosso Estado e ir procurar emprego fora.*",1,0,FN,3.17195242968415e-44
BernoulliNB,1,A CASA CAIU!!!  OS NORDESTINO AGORA ESTÁ MOSTRANDO QUEM VAI COMER CAPIM.  INGUINORANTE DAS DESGRAÇA :Brazil::Brazil::Brazil::Brazil::Brazil:,1,0,FN,1.245365073175544e-92
BernoulliNB,1,"Wilian Bonner, a última fala dele no final da apuração, ""a  pessoa q falar em fraude ou e burro ou está doente"",.",1,0,FN,3.0043197413316047e-114
BernoulliNB,1,"Não está sendo fácil digerir essas histórias em que o estádio mane garrincha já teria sido reservado para posse do Lula bem antes mesmo das eleições do 2º turno e também aquela imagem da rede esgoto mostrando vitória do Lulaladrao bem como as gravações de final de ano com Lula eleito!!! 
Tem caroço nesse angu! :thinking_face::man_shrugging_medium-light_skin_tone:",1,0,FN,2.844231016273479e-121
BernoulliNB,1,"Após o golpe nas urnas. Ops, quer dizer, ""vitória"" :smirking_face: a projeção da inflação que seria negativa para o ano que vem, sofreu uma TOTAL REVIRAVOLTA! Agora vai vim POCANDO! Faz o L RETARDADO! :thumbs_up:",1,0,FN,5.106980643663678e-103
BernoulliNB,1,"Caraca! Aconteceu comigo um fato curioso, quando fui votar e foram me entregar meu comprovante, ele já estava destacado, estava preso com um clipes. Achei estranho. Mad estou até agora indignada porque não questionei nada, como pude ser idiota dessa forma. Que raiva:enraged_face:",1,0,FN,2.5422729807184997e-92
BernoulliNB,1,"Bando de idiota Jaqueline eu nem discuto com eles , vou é sair do grupo",1,0,FN,5.7880310399202646e-114
BernoulliNB,1,PESSOAL BOA TARDE É BEM ISSO VIU QUE ALAN FALOU EU VASCULHEI AS REDES SOCIAIS AGORA DE MANHÃ OS NOTICIÁRIOS DE TODOS NÃO ESTÃO DANDO SEQUER NENHUMA RELEVÂNCIA ESTÃO DEIXANDO A GENTE PASSAR BATIDO COMO IDIOTAS INCLUSIVE A JOVEM PAN DISSE AGORA COM TRINDADE ACABEI DE OUVIR QUE AS MANIFESTAÇÕES SÃO PACÍFICAS AS VIAS ESTÃO SENDO DESOBSTRUÍDAS OS CARROS ESTÃO PASSANDO AQUI QUE   ÍAMOS FICAR ORDEIRAMENTE NAS RUAS MAS A MEDIDA DO POSSÍVEL ACABARIA  OU SEJA A IMPRENSA ESTÁ DESESTABILIZANDO AS MANIFESTAÇÕES,1,0,FN,1.7714183070062014e-115
BernoulliNB,1,"para de ser burro, ele recebeu 49 PORCENTO dos votos imbecil",1,0,FN,3.557402728361457e-06
BernoulliNB,1,"Esse jornalista da Bandeirantes chamou todas as pessoas e os caminhoneiros que participaram dos movimentos de hoje. (02/novembro/2022) de IDIOTAS.                                   Ele entende que e' normal o POVO BRASILEIRO aceitar um bandido , criminoso , julgado e CONDENADO em 3 instâncias da justiça e por cerca de 12 juízes de Direito e descondenado por um advogado/juiz (juiz nomeado pelo próprio ex-presidente condenado) do STF ser PRESIDENTE DA REPÚBLICA.     Vamos divulgar isso e nao assistir mais a BANDEIRANTES.   PS: Falou agora a noite no Jornal da Bandeirantes por volta das 20 horas",1,0,FN,1.381312670223505e-124
BernoulliNB,1,"Você fala dos Manos? Como se fosse Amigo de Bandidos .  É um idiota imbecíl 

Traidor da Pátria",1,0,FN,7.00200181027154e-21
BernoulliNB,1,"Por quê, a bíblia é contra o aborto, contra o homossexualismo, contra as drogas (vícios) , contra o espiritismo (macumbas), contra os ladrões etc...",1,0,FN,6.835436339539973e-62
BernoulliNB,1,*AS BIBA AI KKKKKKKKKKKKKKK BOLSONARI É MUITO VIADO PUTA Q PARIUKKKKKKKKKKKK*,1,0,FN,2.820118112697688e-106
BernoulliNB,1,O SENHOR ESTÁ SE REFERINDO A QUEM É A MIM! PRIMEIRO PONTO PROCURE SABER COM QUEM O SENHOR ESTÁ FALANDO QUANTO AO TEXTO QUE EU POSTEI SEU IMBECIL VAI ENTENDER O QUE ESTÁ ESCRITO PARA NÃO FALAR IMBECILIDADE,1,0,FN,1.5435669776344346e-100
BernoulliNB,1,"Que loucura, macumba pura contra o presidente e contra o Brasil... Satanás quer de qualquer forma tomar o poder, mas DEUS não vai deixar!!!",1,0,FN,9.260594631221472e-112
BernoulliNB,2,":keycap_2:

15. Em outras palavras, as emendas do relator podem até ser criticadas, mas apenas numa lógica de eficiência do gasto público, questionando se os parlamentares direciom os recursos para as áreas que mais precisam, e nunca por configurar compra de apoio, como ocorria no Mensalão.

16. Pior: para conseguir apoio, Lula e o PT usavam emendas; loteavam ministérios e estatais, entregando parcelas muito maiores do orçamento nas mãos dos partidos; e ainda desviavam dinheiro público para comprar parlamentares e anular o Legislativo. Era tudo ao mesmo tempo!

17. Então, da próxima vez que você encontrar alguém malandramente tentando comparar as duas coisas, deixe claro que o Mensalão foi um esquema criminoso e um golpe contra o Legislativo enquanto o tal ""Orçamento Secreto"" é, no máximo, uma forma menos eficiente de alocar recursos.",1,0,FN,2.7660363362348773e-55
BernoulliNB,2,"Agora Bolsonaro arranjou uma casa de um cidadão normal, humilde para fazer live...
É disso que o povo gosta :beaming_face_with_smiling_eyes:
Só falta mesmo ele fazer live com a Michelle interpretando em libras, e o Molusco corta o resto dos 9 tentáculos ...:thumbs_up::sweat_droplets:",1,0,FN,5.56489457994194e-75
BernoulliNB,2,O ex presidiário se ausenta de mas uma entrevista... mas na Globo ele ta confirmado.. algo estranho ? :face_with_tears_of_joy:,1,0,FN,1.6380438607036883e-136
BernoulliNB,2,"Um dia eu estava em um grupo de colegas com ideologia da esquerda e fiz um pedido de emprego para ser jardineiro para um amigo que teve problemas com a justiça, tinha sido preso, era alcoólatra e às vezes mentia. Falei que ele era gente boa e estava passando por uma fase difícil. Todos os colegas refutaram o meu pedido dizendo, Eduardo, assim fica difícil contratar um cara desses. Tenho filho pequeno e não confio.
Expliquei que se para ser jardineiro ele era tão criterioso, por que não para ser o presidente da República, uma vez que os atributos tidos como negativos eram os mesmos?
Cri-cri-cri.. o grilo cantou",1,0,FN,2.3137442496729224e-16
BernoulliNB,2,"COMBATE AO ATIVISMO LGBT Infelizmente, grupos de pressão, que sequestram pautas identitárias, querem subverter a noção de igualdade e garantir favorecimentos para si em detrimento do restante da sociedade. É o caso, por exemplo, do movimento LGBT, que em Salvador ameaça os comerciantes e busca, a seu bel prazer, criminalizar quem não os coloca sobre um pedestal. Como vereador, lutei contra as medidas autoritárias do ativismo LGBT que queriam multar donos de estabelecimentos comerciais de forma injusta. Somos todos iguais perante à lei e, principalmente, a Deus. Peço seu voto agora para deputado estadual! Comprarei essa briga para proteger os comerciantes e as famílias de toda Bahia. 

#CezarLeite
#DeputadoEstadual
:keycap_2::keycap_0::keycap_0::keycap_2::keycap_2::check_mark_button::Brazil:

#CL20022
#20022
#LeiteNelesBahia 
#CezarLeite20022
#TimeCezarLeite
#BolsoLeite20022 
#Bolsonaro22
#Roma22
#Raissa222",1,0,FN,1.362238043395141e-56
BernoulliNB,2,"A matéria do New York Times diz: ""Líderes políticos de esquerda e grande parte da imprensa e do público brasileiro apoiaram amplamente as ações de Moraes como medidas necessárias para combater a ameaça singular representada por Bolsonaro.

Mas muitos juristas dizem que as demonstrações de força de Moraes, sob a bandeira de salvar a democracia, estão ameaçando empurrar o país para uma queda antidemocrática.",1,0,FN,6.51628473539693e-110
BernoulliNB,2,Os trouxas da esquerda terá mais 4 anos dizendo que é resistência. :rolling_on_the_floor_laughing::rolling_on_the_floor_laughing:,1,0,FN,1.439329260463058e-40
BernoulliNB,2,são 25 minutos de vídeo que mostra toda realidade dos anos de gorveno do PT sem montagem são reportagem de época meus deus como o povo brasileiro deixou chegar a esse nível :loudly_crying_face:,1,0,FN,1.4736090882161658e-23
BernoulliNB,2,Só bandido não quer o cidadão de bem armado. Nunca foi tão fácil escolher.,1,0,FN,5.251799829744884e-52
BernoulliNB,2,Desprezível esse cidadão  como pode esse cata além de apoiar o ex presidiário  falando mentira,1,0,FN,2.167815429956101e-57
BernoulliNB,2,"Para quem está pensando em votar na esquerda na próxima semana, vou enviar uns vídeos da Colômbia: os caminhoneiros param nos postos para abastecer e a população saqueia os produtos. Também estão fechando as estradas para roubar. O governo prometeu coisas que agora não pode cumprir e a população está revoltada.  Provavelmente vocês não vão ver isso na mídia do Brasil:",1,0,FN,2.214827510455172e-65
BernoulliNB,2,"Gente, o homem tem língua presa! Kkkk ele disse um asfaltosinho na rua. Kkkk não consegue nem se expressar direto esse imbecil.",1,0,FN,3.890626585796314e-38
BernoulliNB,2,"Imbecil, deve ter sido ameaçado novamente igual foi quando ainda tinha 11 anos de STF e pediu renúncia kkkkkkkkkkkkkkkkkkkkkkkkk babaca covarde.",1,0,FN,5.4016745462262976e-89
BernoulliNB,2,"Capaz do Lula encontrar o Palácio todo cagado, com móveis históricos quebrados, livros raros mofados em algum porão, objetos furtados, louça suja na pia, merda na privada que alguém não deu descarga... sabe como essa gente é, né?!",1,0,FN,3.108036575372681e-95
BernoulliNB,2,"Quanto ao aparelhamento, é resultado de 30 anos de governos de centro esquerda e de esquerda.",1,0,FN,4.639541990763408e-66
BernoulliNB,2,Todas essas conversas que nos falamos aqui não vai dar em nada nosso presidente Bolsonaro tem o poder de para esse STF e deixa as eleições para outro dia porque os petistas estão comemorando eles já sabem que as urnas estão fraudadas para o ladrão tomar o poder  . Vamos Bolsonaro faça alguma coisa pelo amor de Deus,1,0,FN,1.790393137948727e-83
BernoulliNB,2,"A ex  professoea /Advogada  deputada Simone de tablet vai hj debate Jajá ela lá hj Querendo ser professora..do PCC hoje tá afiada com LulaLadrao e GloboLixoManipulativa:rolling_on_the_floor_laughing:........etc:Vietnam::kitchen_knife::Brazil::heavy_dollar_sign::pinched_fingers::pinched_fingers::heavy_dollar_sign::kitchen_knife::heavy_dollar_sign::heavy_dollar_sign::heavy_dollar_sign::heavy_dollar_sign:

O mito vai.hoje tá lá firme e forte..sozinho.....ele sim eh nosso LÍDER,
NOSSO VERDE ESPERANCA.
NOSSO AMARELO RIQUEZA EM EXPANDIR EMPREGOS NO BRASIL,....

e não nas chinas...cuba...etc...:Vietnam::heavy_dollar_sign::pinched_fingers::Vietnam::heavy_dollar_sign::pinched_fingers::Vietnam::heavy_dollar_sign::pinched_fingers::Vietnam::heavy_dollar_sign::pinched_fingers::Vietnam::heavy_dollar_sign::pinched_fingers::Vietnam::enraged_face::enraged_face::Vietnam::Vietnam::Vietnam::Vietnam::pinched_fingers::heavy_dollar_sign::heavy_dollar_sign::heavy_dollar_sign:
Luladrao PCC STF... Caiado....etc,...:heavy_dollar_sign::pinched_fingers::heavy_dollar_sign::pinched_fingers::kitchen_knife::Brazil::kitchen_knife::Brazil::pinched_fingers::heavy_dollar_sign::pinched_fingers::heavy_dollar_sign::pinched_fingers::middle_finger::pinched_fingers::heavy_dollar_sign::kitchen_knife::kitchen_knife::heavy_dollar_sign::kitchen_knife::heavy_dollar_sign::heavy_dollar_sign::kitchen_knife:",1,0,FN,1.0600109511287438e-115
BernoulliNB,2,:triangular_flag: O padre é o satanás wm transformação de anjo de luz .,1,0,FN,1.7144843657318454e-91
BernoulliNB,2,"*não é Fake News!*
Zema está com Lula!
Zema nao está com o presidente Bolsonaro. Parabéns a ""direita"" que vai deixar de votar no Viana (indicado pelo presidente) para votar em candidatos alinhados com a Esquerda, inclusive com bandidos que roubaram a nação. O resultado é esse.:backhand_index_pointing_up_light_skin_tone:",1,0,FN,1.158787871525022e-77
BernoulliNB,2,"Não dá para associar um monstro com este animalzinho trabalhador.
Não há nenhuma semelhança com o LADRÃO.",1,0,FN,3.1122618474625345e-73
BernoulliNB,2,"Abrem os olhos , não pensem só no momento , pensem nas futuras gerações , não queiram pra eles o que não quer pra vcs hoje , esquerda é a destruição da família , amanhã votem consciente, sejam maduros , inteligentes , abraços",1,0,FN,4.814686376227596e-26
BernoulliNB,2,"MARCOLA do PCC acaba de declarar voto e APOIO AO LULADRÃO,
PORQUE SERÁ??????????",1,0,FN,1.2593745046946645e-59
BernoulliNB,2,"O TSE NÃO  CONTABILIZA POR UM CERTO TEMPO , AFIM DE TRANSFERIR VOTOS DO BOLSONARO PARA O LULADRÃO  ATRASA A ATUALIZAÇÃO E VAI FAZENDO LULADRÃO SUBIR AOS POUQUINHOS PARA NÃO GERAR DESCONFIANÇA.",1,0,FN,7.073057869461161e-35
BernoulliNB,2,"Urna batizada meus amigos
Ele satanás não tem tantos eleitores assim!",1,0,FN,3.79089880723711e-122
BernoulliNB,2,Os cara vê os vídeos vê o cara indo fazer a macumba e ainda não acreditar pqp,1,0,FN,6.850431044280445e-128
BernoulliNB,2,Com esse vídeo qualquer idiota vera que fomos logrados nas urnas eletrônicas,1,0,FN,1.2618660356841855e-109
BernoulliNB,2,*A Palavra de Ordem agora é o seguinte:Se o Luladrao ganhar ele não pode assumir temos que invadir Brasília e por abaixo o Palácio do Planalto e o Supremo Tribunal Federal!*:thumbs_up:,1,0,FN,3.0796581645769696e-93
BernoulliNB,2,SE O LULADRAO ROUBAR ESSAS ELEIÇÕES  NÃO VÃO MAIS ME ROUBAR NEM UM CENTAVO A MAIS JA CHEGA DO PLANO COLLOR,1,0,FN,4.325325573398541e-104
BernoulliNB,2,"Quem tem que provar não sou eu, não nenhum triplex nem sítio, quem tem que provar é o LULADRÃO",1,0,FN,4.520816749913247e-22
BernoulliNB,2,"PESSOAL,  BÓRA DIVULGAR ESSE RETARDADO FAZENDO CAMPANHA PRA RISCAR CARROS COM ADESIVOS BOLSONARO!
VAMOS ACABAR COM A CARREIRA DELE!",1,0,FN,3.75288460863116e-40
BernoulliNB,2,"O filho dele é viado e ele, um homem evoluído, apoia incondicionalmente.",1,0,FN,0.0018060574901556565
BernoulliNB,2,"Bolsonarista: Marcha p Jesus
Petistas: Marcha p maconha
De qual lado vc está?",1,0,FN,2.0913523721410353e-114
BernoulliNB,2,"PRESTA ATENÇÃO!!:face_screaming_in_fear::face_screaming_in_fear:
Olha até onde vai os roubos 
Dos dois ex presidentes do Brasil 
Lulaladrão e Dilma
e de seus comparsas...
Lulaladrão tem fazendas na AGENTINAS :face_screaming_in_fear::face_screaming_in_fear:

COMPARTILHEM!!!
PF, INVESTIGUEM ISSO!!!",1,0,FN,7.686974951628481e-46
BernoulliNB,2,"NÃO SEI O QUE E PIOR.
ESCUTAR ESSA PESSOA FALANDO.
OU O LULADRAO VOLTAR A CENA DO CRIME.
BOLSONARO REELEITO BB",1,0,FN,5.8853440102249056e-24
BernoulliNB,2,"IMPRESSIONANTE COMO TEM GENTE QUE APOIA LADRÃO.
FIZERAM UMA LAVAGEM CELEBRAL.
ESQUECEU TUDO QUE O LULADRAO ROUBOU.
INACREDITÁVEL.",1,0,FN,8.143252541216385e-43
BernoulliNB,2,"Só falou merda em , a vacina foi comprada depois da aprovação da Anvisa tá ok , povo retardado",1,0,FN,3.572743049279991e-22
BernoulliNB,2,"Retardado não, tenho embasamento. Vc tem fala leve mas não tem embasamento",1,0,FN,6.096348968894347e-73
BernoulliNB,2,"*POR ORDEM DO TERRORISTA, LULA, JÁ COMEÇOU A BADERNA BLOQUEANDO AS ESTRADAS E EXTORQUINDO OS MOTORISTAS JÁ INVADIRAM FAZENDAS MATARAM E ROUBARAM A CARNE DO GADO PORÉM AGORA NO GOVERNO DE BOLSONARO E DENTRO DA LEI, OS CIDADÃOS TÊM O JUSTO DIREITO DE A QUALQUER CUSTO DEFENDER A SUA VIDA, O SEU PATRIMÔNIO E A SUA FAMÍLIA, TUDO DENTRO DAS QUATRO LINHAS DA CONSTITUIÇÃO BRASILEIRA.AÍ ESTÁ O PERIGO E A RESPONSABILIDADE DESTE CANALHA QUE VAI SER PRESO EM FLAGRANTE A QUALQUER MOMENTO.*",1,0,FN,1.4053319297193908e-94
BernoulliNB,2,"*A situação política transcendeu os candidatos, para quem não entende não se trata de Bolsonaro X LulaLadrão, mas sim de Brasil x Foro de SP.*",1,0,FN,2.6893535128863387e-115
BernoulliNB,2,Vc não deve usar de artifícios de viados para tentar denegrir,1,0,FN,1.0959978662708131e-117
BernoulliNB,2,Gente vamos encher aquilo lá por favor fazer melhor que o LULALADRÃO no Club tamoio em São Gonçalo vamos mostrar nossa força :flexed_biceps: :flexed_biceps: :flexed_biceps: :flexed_biceps:,1,0,FN,2.836708256173477e-107
BernoulliNB,2,Fora bozo adorador do bode capa preta,1,0,FN,1.2873524749023199e-67
BernoulliNB,2,VOCÊ É MUITO OTÁRIO :rolling_on_the_floor_laughing::face_with_tears_of_joy::face_with_tears_of_joy::face_with_tears_of_joy::face_with_tears_of_joy: VOU TE MARCAR GADO BURRO E IREI TE LIGAR NA VITÓRIA DO LULA. TUDO BEM???,1,0,FN,2.1732628294692558e-13
BernoulliNB,2,LULADRÃO e sua quadrilha quer voltar a sena do crime juntos para dilacerar o Brasil outra vez. ....Fora comunistas,1,0,FN,5.762615030617334e-49
BernoulliNB,2,COLOQUEI PARTE DO DINHEIRO NO CU ARROMBADO da VADIA DA TUA MÃE :rolling_on_the_floor_laughing::face_with_tears_of_joy::face_with_tears_of_joy::face_with_tears_of_joy:,1,0,FN,5.559552671187532e-109
BernoulliNB,2,"Se um dia você se sentir um perfeito idiota, lembre-se dessa foto.",1,0,FN,0.07072257478857905
BernoulliNB,2,"Por que o inferno e seus ""CPX"" (cupinxas) se voltaram todos contra o Presidente Bolsonaro? Pois se engana quem pensa que estaremos escolhendo apenas um Presidente da República no próximo dia 30. Portanto, acorde desse seu sono profundo e pare de ser chamado de idiota caindo em montagens e manipulações da mídia e dos asseclas patrocinados pelo verdadeiro crime organizado. Acorda ou! Pois burros são eles que pensam que somos idiotas e que não estamos percebendo o que está por vir se a organização criminosa voltar ao poder.",1,0,FN,6.643093909670649e-22
BernoulliNB,2,"Olha o q esse imbecil ,amigo de Lula fala a respeito de Tupa e Marília.Isso serve para nós do interior paulista :backhand_index_pointing_down::backhand_index_pointing_down::backhand_index_pointing_down:",1,0,FN,4.1983921588435467e-66
BernoulliNB,2,"O cantor paraense Wanderley Andrade fez uma música especialmente para o candidato LULADRAO.

ELE MERECE ESSA GRANDE HOMENAGEM.

AUDIO:",1,0,FN,2.5946307866443085e-90
BernoulliNB,2,"Pode!!! Moro foi péssimo, deixou o poder subir a cabeça, um idiota como Ministro. Mas na Lava a Jato ele mandou super bem.",1,0,FN,3.7566751528535416e-107
BernoulliNB,2,"Imbecil 
Pensa pra falar!
O Lula deveria ter entrado numa antes de se candidatar!",1,0,FN,8.491683628835147e-112
BernoulliNB,2,Teco escuta aí esse Áudio Vídeo aí acima :index_pointing_up::backhand_index_pointing_up::index_pointing_up::index_pointing_up::index_pointing_up:. Para vc vê o CANALHA DO LULADRÃO.,1,0,FN,7.248702182199429e-113
BernoulliNB,2,Lula já está propondo uma nova constituição sem ao menos saber se vai se eleger . O golpe já está armado pelo PT só cai só se for muito idiota!!! Janaina pascoal acabou de twitar e ela é bem informada.,1,0,FN,1.7868298913001054e-31
BernoulliNB,2,O engraçado que vocês ver que pode parar para pensar no primeiro turno é tanta gente reclamando que existiu roubo nas urnas gente mostrando e provando que ouve roubo e do lado do bem você não vê ninguém defendendo ou falando nada a respeito não vê Bolsonaro e ninguém comentando a respeito ainda agora você percebe que lula já está se garantindo na vitória você percebe que o partido do lulaladrão já estão falando em punir e fechar várias coisas dando já um tipo de ordem para os ministros gente eu vou ser sincero estou começando a ficar com medo e preocupado o que está para acontecer com esse nosso país sinceramente estou muito preocupado,1,0,FN,1.4979788916876526e-21
BernoulliNB,2,Horário de propaganda dos apoiadores do LULADRÃO,1,0,FN,2.5979753135461993e-65
BernoulliNB,2,LULADRÃO aguardando resposta de negociação com MARCOLA em São Paulo,1,0,FN,7.052291152104705e-98
BernoulliNB,2,"CALMA , FOI ASSIM NA VENEZUELA, BOLÍVIA, CHILE, ARGENTINA, COLÔMBIA, E ESTÁ SENDO NO BRASIL.

ISTO NÃO É DEMOCRACIA, NÃO HÁ DEMOCRACIA NO BRASIL, SÓ IDIOTA ACREDITA NESTA FALÁCIA.",1,0,FN,2.1080770913190485e-65
BernoulliNB,2,"Cumé qui é, LULADRÃO esperando Autorização do TRAFICANTE Marcola pra transitar em São Paulo???? 
Foi isso mesmo que eu ouvi?
Aí é o FIM!!",1,0,FN,5.96140695798131e-110
BernoulliNB,2,"Tai seu idiota posta a matéria sem ler veja com essa deputada vota o partido SOLIDARIEDADE faz parte dos aliados fiéis, Bolsonaro tem ainda outros seis partidos que têm taxa de alinhamento ao governo superior a 50%. Ou seja, votam mais com o governo que com a oposição. Esse grupo é composto por 52 deputados que integram os seguintes partidos: Solidariedade, Cidadania, Podemos, Pros, Avante e PV.",1,0,FN,6.34261606827017e-80
BernoulliNB,2,".




       *“O TSE (Tribunal Superior Eleitoral)*



 

      *Concedeu à campanha do ex-presidiário  Luladrão  (PT) 184 inserções de 30 segundos nos espaços anteriormente destinados à propaganda do presidente Jair Bolsonaro (PL) na televisão.*


      *A determinação foi estabelecida em decisões tomadas nesta 4ª feira (19.out.2022) sobre pedidos de direito de resposta formulados pelo petista.”*



.",1,0,FN,1.2073951332185508e-105
BernoulliNB,2,Por você me chamar de burra por também ter minhas opiniões :face_with_tears_of_joy:,1,0,FN,8.383049817824634e-15
BernoulliNB,2,*UM POUCO DA CORRUPÇÃO DO GOVERNO LULADRÃO*,1,0,FN,3.3002943350864223e-23
BernoulliNB,2,"PIOR   QUE  TEM  MUITOS   IDIOTAS  QUE   ACREDITAM     NESTES    CARAS   !   BOLSONARO  SERÁ   PRESO  , QUAL  ACUSAÇÃO    ? QUAL   CRIME  QUE  BOLSONARO   COMETEU   QUE  PODE    LEVA- LO  A  UM  JULGAMENTO   E  CONDENAÇÃO   ?    PORQUE   ESTE  CARA  NÃO   ADIVINHA  QUAIS   NÚMEROS   VAI  DAR  NA  MEGA SENA   QUANDO  O  PRÊMIO  ESTA  ACUMULADO   ? SERÁ   QUE  ESTE  IDIOTA   PENSA   QUE  NOSSO   BRASIL   VAI  SER  IGUAL   A  VENEZUELA   SE  ESTE  PRESIDIÁRIO   LULA   VENCER   AS  ELEIÇÕES   NO  SEGUNDO   TURNO   ?  SERÁ   QUE  ESTE  IDIOTA   PENSA   QUE  A   POPULAÇÃO  DO BEM   ESTA  DORMINDO   AINDA   ???:goblin::goblin::goblin::goblin::goblin::goblin:",1,0,FN,1.4374015239392166e-100
BernoulliNB,2,"Agora azedou o pé do frango, Luladrão ovacionado na saída dos torcedores do Flamengo 
:backhand_index_pointing_down::backhand_index_pointing_down::backhand_index_pointing_down::backhand_index_pointing_down::backhand_index_pointing_down::backhand_index_pointing_down::backhand_index_pointing_down::backhand_index_pointing_down::backhand_index_pointing_down:",1,0,FN,8.793962110116635e-106
BernoulliNB,2,"Corre nos bastidores:

Dizem que LULADRÃO descobriu a traição programada  de Alkimin e Michael temer e STF...
Plano orquestrado pelo Alexandre de Moraes, para a volta da burguesia e do PSDB ao poder...
O plano descoberto é vencer a eleição com o molusco e aí começa a trama,
No dia 01 de janeiro. O STF reabre o processo do molusco e depois de 30 dias, julgamento super rápido, lula volta a ser preso, assim Alkimin e Michael temer, os dois que  um padrinho de nascimento e o outro padrinho de casamento.
Alkimin assume a presidência no dia 01 de fevereiro.
Lula descobriu a traição, agora a cupula lá do PT está de mãos atadas, não podendo fazer nada pra salvar o molusco da cadeia ou proteger a vida dele.
O que vai acontecer nessas duas semanas para a eleição? O que o molusco e seu partido vão fazer?
Aguardamos os próximos capítulos!",1,0,FN,5.886681980775752e-85
BernoulliNB,2,"Agora eu entendo pq, entre o primeiro turno e o segundo, teremos 4 semanas e não 3 como de costume. Dia 30 é  Domingo. Dia 29 é sábado e 28 é  sexta-feira, Dia do Funcionário Público, feriado para eles. Eleição  é dia 30. Dia 01 de Novembro (provável feriado) ponto facultativo e dia 02/11 Finados. 
Outro feriado. Feriadão de 5 dias com uma eleição no meio. Quem viaja num feriadão? Eleitores do Bolsonaro ou  do Luladrão? Abstenção severa? A quem vai beneficiar? Muita coincidência ou armação? Não vamos viajar. Vamos votar.
*Para reflexão*
Repasse pra conscientização.",1,0,FN,4.049599812073029e-109
BernoulliNB,2,":thinking_face:SE: A :backhand_index_pointing_up_medium-dark_skin_tone:ESQUERDA VOLTAR AO PODER:backhand_index_pointing_up_medium-dark_skin_tone:TODA ESSA DESGRAÇA VAI ACONTECER!:man_gesturing_OK_medium-light_skin_tone::woman_gesturing_OK_medium_skin_tone:E OS CULPADOS, SERÃO: TODOS OS CRISTÃOS(CRENTES  E CATÓLICOS) QUE: APOIARAM AS TREVAS:ogre::smiling_face_with_horns: EXTERIORES.POIS, ESTÃO: COM ""AFINIDADES"", COM INIMIGO DE DEUS!. É FATO!. É SÓ LÊ :backhand_index_pointing_right_medium_skin_tone:João.8.44 eJoão10.10 :backhand_index_pointing_right_medium_skin_tone:Mateus.10.36 ""VOTAREM EM ""LULADRÃO"" É ""TRAIREM""! JESUS.:backhand_index_pointing_right_medium_skin_tone:João.6.70 :backhand_index_pointing_right_medium_skin_tone:Mateus.26.21 :thinking_face:ENQUANTO, HÁ VIDA. HÁ ESPERANÇA. Tiago.5.19,20 COM ""VERDADEIRO ARREPENDIMENTO"" CHORO, PRANTO E JE JUNS"" ATÉ DIA 29 DO CORRENTE, MÊS E ANO, DÁ TEMPO. SE: NÃO  ACEITEREM, ( CONSELHOS, E EXORTAÇÕES),DEIXE-OS PRA LÁ. PORQUE! :backhand_index_pointing_right_medium_skin_tone:Mateus.5.20 :backhand_index_pointing_right_medium_skin_tone:NAUM.1.2,3 :backhand_index_pointing_right_medium_skin_tone:HEBREUS.10.26 a 31. :backhand_index_pointing_right_medium_skin_tone:1a.Pedro. 4.18. ""AMADOS IRMÃOS"" :thinking_face:ASSISTAM :backhand_index_pointing_up_medium_skin_tone: :thinking_face:MEDITEM, E :backhand_index_pointing_right_medium_skin_tone:REPASSEM",1,0,FN,7.707281479763399e-124
BernoulliNB,2,"Seguem esses idiota que falam asneiras, por isso que ficam burros.",1,0,FN,4.262674819209582e-14
BernoulliNB,2,A quem nosso país estava entregue!!!!! Meu Deus!!!! A essa louca!!!!,1,0,FN,9.770622022783339e-21
BernoulliNB,2,ISSO SE CHAMA MILAGRE:index_pointing_up::index_pointing_up::index_pointing_up::index_pointing_up:OS MENINOS DO LULADRAO QUASE TOMAM UMA CERVEJINHA:rolling_on_the_floor_laughing::rolling_on_the_floor_laughing::rolling_on_the_floor_laughing::rolling_on_the_floor_laughing::rolling_on_the_floor_laughing::rolling_on_the_floor_laughing::rolling_on_the_floor_laughing::rolling_on_the_floor_laughing:,1,0,FN,2.3372452952553422e-83
BernoulliNB,2,*STF/ TSE... que tanto falou na Lisura e Segurança do Sistema Eleitoral/ ... acontecendo tantas falcatruas entre o PT/ Luladrão/ Esquerda...junto com o STF/ TSE...nunca vi uma Eleição com fraudes atrás de fraudes...isto é tratar o Cidadão/ Eleitor como um Idiota/ Palhaço.*,1,0,FN,6.694672767115803e-39
BernoulliNB,2,ASSIM É A PROMESSA DO LULADRÃO :rolling_on_the_floor_laughing::rolling_on_the_floor_laughing::rolling_on_the_floor_laughing:,1,0,FN,2.018488040005501e-107
BernoulliNB,2,"NOVA ORDEM MUNDIAL. O GOOGLE É ""NOM"" TAMBÉM :angry_face_with_horns::angry_face_with_horns::angry_face_with_horns::angry_face_with_horns::angry_face_with_horns::angry_face_with_horns::angry_face_with_horns::angry_face_with_horns::angry_face_with_horns::angry_face_with_horns::angry_face_with_horns::angry_face_with_horns::angry_face_with_horns::angry_face_with_horns::angry_face_with_horns::face_vomiting::face_vomiting::face_vomiting::face_vomiting::face_vomiting::face_vomiting::face_vomiting::face_vomiting::face_vomiting::sunglasses::angry_face_with_horns::face_vomiting::face_vomiting::face_vomiting::eyes::eyes::eyes::eyes::eyes::eyes::face_vomiting:RABUDO OLHUDO SATANÁS LULADRÃO  NOM GOOGLE.",1,0,FN,1.1854318467367716e-77
BernoulliNB,2,Ciro SEMPRE CERTEIRO NA ANÁLISE e imbecil ao escolher um lado.,1,0,FN,1.3376813806165208e-110
BernoulliNB,2,"A macumba tá comendo para derrubar Bolsonaro ...
Mais a luz não se mistura com as trevas e vamos vencer essa batalha amém",1,0,FN,1.965031863982498e-127
BernoulliNB,2,Seu idiota eu não estou nesse grupo. E ja expliquei que aconteceu. Vc esta no que eu tô.,1,0,FN,9.114745871367189e-30
BernoulliNB,2,"Não está não 
Ele é deformado mesmo assim como as ideias dele:beaming_face_with_smiling_eyes:",1,0,FN,5.146534185698614e-105
BernoulliNB,2,"Graças a Deus, ele é muito burro! :raising_hands:",1,0,FN,2.1597324724305528e-11
BernoulliNB,2,"Mais um apadrinhado político  defendendo o “LULADRÃO”! Nomeado pelo “LULARÁPIO” para o STF em 2003, lá permaneceu até 2014. Ficou conhecido pelas constantes brigas com o GILMAR MENDES e por estar costumeiramente com dispensas médicas alegando problemas de coluna, ao que, certa feita, em um período de longa dispensa, foi visto dançando animadamente com uma bela advogada, o que lhe rendeu muitas notas na mídia e questionamentos! Com apenas 11 anos de STF, a pedido foi para casa gozar dos altos e polpudos salários do SUPREMO! Foi o relator do PROCESSO que ficou conhecido como “MENSALÃO”! Com uma bela “passada de mano”, JOAQUIM BARBOSA protegeu o seu padrinho no “MENSALÃO”! E ficou o dito pelo não dito e alguns “peixes menos graúdos” “pagaram o pato!!!” Hoje, mesmo sabendo de tudo que pesa contra o “ padrinho”, BARBOSA o apoia incondicionalmente!!!:smirking_face::smirking_face::smirking_face::smirking_face::smirking_face::smirking_face::smirking_face::smirking_face::smirking_face::smirking_face::smirking_face::smirking_face:",1,0,FN,2.0980642964882e-56
BernoulliNB,2,"Realmente, o povo brasileiro não é mais idiota, todos acordaram :folded_hands_light_skin_tone::thumbs_up::Brazil:",1,0,FN,5.646314199911867e-118
BernoulliNB,2,"Eu sei,mas têm muito baiano jumento ,no trabalho é um exemplo.",1,0,FN,1.1175107009594417e-08
BernoulliNB,2,"se tudo transcorreu sem nenhuma manipulação, vida normal, caso contrário, não será admissível o povo ser feito de idiotas",1,0,FN,7.88459352591378e-109
BernoulliNB,2,"Gente esse safado ganhou na fraude , sabemos que tem muito idiota , iludido que deu voto ao ladrão, infelizmente! Mas houve fraude :pensive_face:",1,0,FN,5.313361567393e-74
BernoulliNB,2,"Belém do Pará também fazendo seu dever. Estou com essa massa de apoiadores do Bolsonaro para limpar o Brasil de ratos que governaram desde redemocratização.

Bolsonaro tem seus defeitos, mas ninguém melhor para  botar o Brasil nos eixos como fez nos 4 anos de mandato. 

Vai deixar legados para história. 

Renasceu a direita inexistente até então. Roubaram eleição dele, se não conseguirmos reverter o Lulaladrão terá oposição jamais vista na casa parlamentar e ele terá enormes dificuldades para implantar seus projetos nefastos. 

Essa massa de população que invade as ruas e praças do Brasil agora não permitirá  os atrasos e caos que ele quer executar.",1,0,FN,1.241895144812429e-101
BernoulliNB,2,"Cara imbecil, tem que dar uma peia nele e dar um prejuízo no carro.",1,0,FN,7.919499798606754e-86
BernoulliNB,2,"Imbecil é você. Não vou nem acabar de escutar, meu ouvido não é fossa não.",1,0,FN,8.162618121128767e-104
BernoulliNB,2,Esse idiota está desde ontem esse grupo é ofendendo xingando todo mundo,1,0,FN,4.400088632683459e-121
BernoulliNB,2,"Escuta essa...Manicoré no Amazonas...Zero votos para Bolsonaro,mas olha isso :face_with_symbols_on_mouth::face_with_symbols_on_mouth::face_with_symbols_on_mouth: COMO PODE NENHUM VOTO ?? SE VC DUVIDA DAS FRAUDES, É MAIS  IDIOTA SEM CÉREBRO QUE GOSTA DE SER ROUBAD@",1,0,FN,5.41681892443523e-119
BernoulliNB,2,É  ser muito mongol pra crer que essa corja vá aceitar a vitória do Bolsonaro!,1,0,FN,3.030981753721901e-75
BernoulliNB,2,"Esse imbecil ao invés  de estudar e preparar o seu futuro, fica defendendo bandido, nz esperança  de arrumar uma boquinha.
Garoto não  se engane, os bandidos só  vão  te usar e te dar uma migalhas.",1,0,FN,6.663451893483441e-27
BernoulliNB,2,"Esse gado é retardado, do pode. 

Óbvio que o código pode ser modificado. O que NAO FOI e a DEFESA comprova a lisura do pleito tanto no:

a) *Boletim de urna 100% igual o divulgado*
b) *Como no teste filmado* 

(Afirmação da própria Defesa)

Por isso fazem testes todas as eleições e as urnas são escolhidas aleatoriamente.",1,0,FN,1.4111293829033735e-05
BernoulliNB,3,"Esse seu assunto aí já foi respondido por vários aqui. Mas parece que você é masoquista e quer continuar apanhando.
Não vou ficar dando palco pra doido.",1,0,FN,1.2447078291383633e-122
BernoulliNB,3,"O problema que petista assiste e concorda com Lula.
Até que um filho seja morto em um assalto, ou sua filha seja estuprada ....as pessoas por interesse próprio só dão valor na policia quando seis homens armados entram em sua casa e fazem sua família de refém",1,0,FN,0.0021624510718744883
BernoulliNB,3,Perfeito para o gado ficar louco no pequeno curral mental que possui,1,0,FN,7.162012036440547e-75
BernoulliNB,3,"""Eu vou de Lula! Entenda o porquê!!! As Entidades do Inferno estão todas a favor dele, e o Lula vai Vencer! E todas as Almas que votarem nele ganharão uma Visão Especial todas as Noites ao Dormir""... (Repasse para as Pessoas que pensam em votar no Lula e que ainda não sabem quem está por trás dele!)",1,0,FN,4.6308323008041314e-97
BernoulliNB,3,*THIAGO MARTINS CONVIDA A POPULAÇÃO BAIANA PARA SEPULTAR A VELHA POLÍTICA NA BAHIA*,1,0,FN,5.902757178605761e-79
BernoulliNB,3,"Quantas fofuras em
Na época do luladrao ninguém se interessava em política. Com Bolsonaro até as crianças querem discutir política 
Essa Bolsonaro é realmente o MITO :flexed_biceps_medium-light_skin_tone::flexed_biceps_medium-light_skin_tone::green_heart::folded_hands_medium-light_skin_tone::raising_hands_medium-light_skin_tone::clapping_hands_medium-light_skin_tone::clapping_hands_medium-light_skin_tone:",1,0,FN,3.224900757075129e-64
BernoulliNB,3,Simone Tebet acabou com o Bolsonaro.  Ela entregou todo o esquema criminoso do BOZO,1,0,FN,1.2350884294887262e-114
BernoulliNB,3,Compartilhem sem dó é importante esse vídeo mostra o tanto e o quanto à esquerda é covarde mas nós à direita devemos nos unir,1,0,FN,6.389471862774767e-107
BernoulliNB,3,Aquele nojento não engana ninguém! Falando no amor agora pra dá um de doido ... ENCANTADOR DE BURRO!!,1,0,FN,7.397084256362439e-109
BernoulliNB,3,"Corja de bandido … Deus é maior que td isso , só permite pq temos o livre arbítrio … depois não adianta chorar , plantou , colheu , simples assim",1,0,FN,7.712312522875799e-90
BernoulliNB,3,"*Minhas considerações sobre o debate presidencial na Globo.*

*Jornalista Delmar Rodrigues*

*Lula  O eterno ladrão*
*Simone e Soraya as perdidas*
*Felipe o equilibrado*
*Ciro o esperançoso*
*Kelman o penetra*
*Bolsonaro o reeleito*

*Pelo que vi nesse último debate, todos os pretensos candidatos a cadeira de presidente,  só fortaleceram  a reeleição de Jair M. Bolsonaro, é  incrível como eles ainda olham para o povo como um tolo, ignorante e incapaz de saber e perceber a realidade desse país.*
*Da forma como se deu o debate, ficou claro que Bolsonaro ganha no primeiro turno, salvo se alguma coisa ocorrer como na eleição passada  em que tivemos um segundo turno duvidoso.*",1,0,FN,2.0699411405108838e-129
BernoulliNB,3,":backhand_index_pointing_up: *Aquí está a vergonha da esquerda.*

*Eles tentaram destruir esse vídeo. Compartilhem com um conhecido esquerdaopata!!!* :winking_face::winking_face::thumbs_up::thumbs_up::thumbs_up::thumbs_up::thumbs_up::thumbs_up::thumbs_up::thumbs_up::thumbs_up::thumbs_up:

#Bolsonaro2022 

Grupo: 
[USER]",1,0,FN,0.0009443266649845412
BernoulliNB,3,"*ALERTA ...PERIGO !!!.*
LULA NÃO É BOM, LULA NUNCA FOI BOM, *LULA NUNCA SERÁ BOM.*
LULA NÃO TEM PLANO DE GOVERNO, *LULA SÓ TEM AMEAÇAS.*
LULA DESVIOU *DO POVO BRASILEIRO, TRABALHADOR E HONESTO,* QUASE *OITO TRILHÕES DE REAIS,* PARA FINANCIAR *DITADURAS COMUNISTAS,* AO REDOR DO MUNDO.
*ESTEJA CIENTE DISSO, NO MOMENTO DO SEU VOTO; VOCÊ ESTARÁ DANDO UMA PROCURAÇÃO PARA UM TRAIDOR, COMO LULA.*
VOCÊ ESTARÁ *JOGANDO SEUS FILHOS E NETOS, EM UM ABISMO SEM VOLTA.*:index_pointing_up::index_pointing_up::index_pointing_up:",1,0,FN,1.4217774285139796e-57
BernoulliNB,3,Passar o dia chupando ovo de pt para ganhar um pão com mortadela,1,0,FN,4.0231840835126545e-65
BernoulliNB,3,Esse casal é bolsonaro Nato Nato e nato tanto eu como ela partimos para cima do Zap para conquistar Voto para o bolsonaro e assim que todos os casais tem que fazer a maldição do PT tem que ser acabado nessa gestão agora nós todos juntos seremos forte,1,0,FN,4.448948149450944e-98
BernoulliNB,3,"Amanhã dia 02/10/2022, teremos eleição para Dep. Federal, Dep. Estadual, Senadores e o principal , o Presidente da República. 
Peço humildemente que antes de depositarem os seus votos nas urnas, que pensem em seus filhos, netos e bisnetos. Porque essa eleição não é somente para definir quem presidirá o nosso País, mas sim para definir quem irá cuidar do nosso futuro, do futuro de nossos filhos, netos e bisnetos. Esse pessoal que prega o socialismo e comunismo não deve ter noção da devastação que isso causa em nossas vidas. Por isso se oriente com Deus e peça a Ele uma direção, certamente Ele lhe dará. Procurem no Gloogle a respeito da agenda de 2030 (NOM). Ótima votação e excelente domingo. Deus é que está no controle.",1,0,FN,2.755869494809174e-28
BernoulliNB,3,"Tem o macho, tem o super macho, tem mega macho, tem o super homem, e tem esse cara aí que gritou ""Ladrão"" no meio da petezada no comício do presidiário. 
Esse é meu ídolo...",1,0,FN,8.201135581235406e-20
BernoulliNB,3,"""Meu coração está aflito pela nação. Não sabemos o que se passa nos bastidores e nem qual o limite (ou a falta dele) daqueles sem escrúpulos. O Brasil é um dos últimos países da América Latina onde o socialismo não tocou a mão e fez apodrecer. É triste ver a realidade de argentinos, venezuelanos, cubanos e outros. Potências que estão se esvaindo. Aqueles que não tiveram tanta instrução são os que mais votam na esquerda, ironicamente, pois são eles quem deveriam mais temer a falta de oportunidade gerada através das políticas populistas que tornam qualquer Estado infrutífero. Onde há maior liberdade econômica, ali há chances e chances de passar por qualquer crise sem perecer. Que Deus tenha misericórdia do Brasil."":folded_hands: (Fran Peçóis). 
*#primeiroturnobolsonaro*",1,0,FN,1.3412425087107957e-13
BernoulliNB,3,Kkkk valeu Mengão. Acho q é o primeiro bolsominion que não me xingou nem se irritou cmg.,1,0,FN,4.649735525018016e-20
BernoulliNB,3,"Irmãos cristãos católicos e evangélicos, enquanto o inferno queima enxofre e a PETRALHADA queima chifre e a rosca, é nosso DEVER estar em oração em favor da nossa NAÇÃO e do nosso Presidente. Vamos ficar nesse dia  em ininterrupta ORAÇÃO e vigilância, aguardando a providência do Senhor Deus em nosso favor. Que o Senhor Deus continue nos abençoando em mais esse dia :folded_hands::folded_hands::folded_hands:",1,0,FN,8.082764043341084e-101
BernoulliNB,3,Partiu indo ajudar nosso presidente a acabar com veio do cão,1,0,FN,4.0869913801757397e-107
BernoulliNB,3,"Eu estou trazendo esse plint após um comentário de um vídeo de um bando de macunbeiros fazendo seus despacho na frente de um cemitério. Porque estou fazendo isso no meu plint fala que Deus não dorme e esse noite ouve muitos louvores lave e anite teremos sim um resultado muito positivo vou trazer pra vcs verem o que se falou na lave foi puro fogo :fire: de Deus aguardem.após o resultado, mas já adiantando um pouquinho teremos prisões :zipper-mouth_face:",1,0,FN,5.860908903087818e-144
BernoulliNB,3,"GENTE 
É SIMPLES 

PRESTA ATENCAO 

MINISTRO TIRA LULADRAO DA  CADEIA

STF ABSOLVE O MALDITO 

E O TORNA ELEGÍVEL 

DEPOIS NEGAM O VOTO IMPRESSO 

PROIBE UM MONTE DE COISAS

O BRASILEIRO FROUXO ASSISTE TUDO DA GLOBOBUNDA E FICA NO SOFÁ 

AQUELA MULTIDAO EM BRASILIA TIVESSE ARRANCADO DO PODER PELO PESCOÇO
MORAES 
BARROSO 
FACCINE E COMPANHIA 

AS ELEIÇOES FOSSEM MAIS TRANSPARENTE E  MENOS FRAUDE",1,0,FN,1.4283840434062014e-105
BernoulliNB,3,"Também sou meu caro. Mais um demônio desse nunca vai vê meu voto.
Infelizmente tem gente burra muito tola...",1,0,FN,3.6212683528190265e-59
BernoulliNB,3,Eu também sou nordestina. Moro na Capital da Paraíba. O Nordeste deu está vitória ao ex- presidiário.Me sinto envergonhada e péssima!:pensive_face::pensive_face::pensive_face:,1,0,FN,1.043023333432217e-43
BernoulliNB,3,Meu nordeste não precisa de opiniões de FILHO DA PUTA NENHUM do sul e nem do sudeste . MEU NORDESTE É ROLA DURA .,1,0,FN,0.005496344400798367
BernoulliNB,3,"Pessoal o nosso presidente é esperto! Ele já pensou em tudo e sabia que o risco de fraude era gigante! 
Ele fez várias motociatas , passeatas, carreatas, e diversas paralisações! Ele sabe que uma hora todos esses vídeos (incluindo 7 de setembro) que mostram essas paralisações, vai ajudar ele a mostrar que essa eleição contra o ladrao foi FRAUDE",1,0,FN,5.435189557355361e-132
BernoulliNB,3,"QUANDO O LULA ROUBOU O BRASIL ELE ROUBOU TODOS ROUBOU O POBRE O RICO O PRETO O BRANCO O ÍNDIO ....... O SOCIAL COMUNISMO NÃO VAI POUPAR NINGUÉM QUEM VOTOU NO LULA VAI SE FERRAR DO MESMO JEITO.....
IGUALZINHO NA VENEZUELA",1,0,FN,4.036149805623734e-45
BernoulliNB,3,"O fascismo nasceu da esquerda 

Ou será se foi a esquerda que pariu o fascismo


:thinking_face:",1,0,FN,2.820259050436104e-16
BernoulliNB,3,48.4 do ladrão contra 43.2 puta que pariu foi roubado agente vai ter de ir votar dinovo pqp,1,0,FN,1.340640743266449e-134
BernoulliNB,3,"É verdade! Infelizmente o povo está acostumado com políticos que faz baixaria nos palanques. Talvez o Capitão Wagner pela sua educação, não quis fazer isso mas tá aí um bandido eleito, e  correndo um grande risco de ladrão lá e ladrão cá.  
Meu Deus!",1,0,FN,1.723520109356051e-123
BernoulliNB,3,"Vamos lutar contra isso, se abaixarmos a cabeça seremos coniventes com o futuro negro que se descortina",1,0,FN,0.0003534271287616468
BernoulliNB,3,"Além de tudo é burra, não entende o contexto da conversa.",1,0,FN,5.2281490203655926e-46
BernoulliNB,3,Já está anunciado que ela quer falar cara a cara com Luladrao para apoia-lo,1,0,FN,1.6534889201990476e-14
BernoulliNB,3,"*CIDADES QUE O PT CONVOCOU SÃO LÁZARO PARA OS MORTOS VOTAREM NO LULADRÃO*

_ N.S. da Glória (Se) 
3.053 habitantes: _4.615 votaram no Lula.

 _Porto da Pedra: (Pe) 6.122 habitantes: _8.090 votaram no Lula. 

_Poço das Antas(Pe) População: 4.342 habitantes: _5.873 Votaram no Lula. 

_Xique Xique (BA) 43.548 habitantes: Pasmem :face_screaming_in_fear:: _64.805 habitantes votaram no Lula. 

_Barragem(BA) 25.687 habitantes: _31.338 votaram no Lula. 

_Nova Liberdade (BA) 11.026 habitantes: _16.192 votaram no Lula.

_ Novaçores (BA) 9.622 habitantes: _12.351 votaram  no Lula.

_Guananbim(BA) população: _19.764 habitantes: 22.538 Votaram no Lula.

 _Joaçaba (BA) 6.142 habitantes: _6.984 votaram no Lula.

_ Antas(BA) população: 11.434 habitantes: _18.001 votaram no Lula. 

...e mais 192 cidades Brasileiras (Bahia com maior número)  em que os *MORTOS RESSUSCITARAM* para VOTAR NO LULADRÃO :woman_facepalming_medium-light_skin_tone:, e aí TSE????????????",1,0,FN,6.3542821499186085e-49
BernoulliNB,3,"Nem perco meu tempo mais , ninguém é retardado , a ponto de não ver o que de verdade acontece … não tenho mais psicológico pra isso… e detalhe , não podemos mudar o outro , esta mudança depende única e exclusivamente da pessoa",1,0,FN,1.5296191739116156e-104
BernoulliNB,3,OLHA O QUE ESSE IDIOTA FALA SOBRE AS ARMAS.,1,0,FN,2.48340608281368e-106
BernoulliNB,3,E tem um monte de idiota que está votando no pior presidente da história,1,0,FN,1.5593015657970552e-105
BernoulliNB,3,"O EX AMIGO DO 
LULA, FAZ REVELAÇÕES  
SOBRE O LULALADRÃO !!


COMPARTILHEM!!",1,0,FN,8.64066071008034e-36
BernoulliNB,3,Pro retardado que postou isso esqueceu de posta o terceiro vídeo que ele desmente todos esses aí chora gado,1,0,FN,9.158892455444199e-92
BernoulliNB,3,"O presidente do MDB é o Baleia Rossi, ele liberou os filiados pra escolherem em quem apoiar",1,0,FN,7.113334889099441e-124
BernoulliNB,3,"Segundo a declaração do lula , com 10 reais se compra um voto de um baiano",1,0,FN,3.29994009089114e-35
BernoulliNB,3,"A TV LIBERAL E O EDMILSON RODRIGUES DEVERIAM TER A HONRA DE LEMBRAREM DAS OFENÇAS QUE A ESQUERDA FEZ À IGREJA CATÓLICA, QUANDO FORAM IMPEDIDIR AS ATIVIDADES DAS IGREJAS CATÓLICAS COMO MISSAS, CASAMENTOS.

CAGARAM NAS IGREJAS

QUEBRARAM IMAGENS DOS SANTOS DAS IGREJAS 

ENFIARAM CRUCIFIXO NAS PARTES INTIMAS DELES 

OFENDERAM À JESUS

E ASSIM POR DIANTE...

COMPARTILHEM ESTA LEMBRANÇA PARA ACABAR COM AS FALÁCIAS DO EDMILSON RODRIGUES, DA TV LIBERAL E DE TODOS OS ESQUERDOPATASOPORTUNISTAS, QUE NÃO TÊM O QUE FAZER NA VIDA.

LOGO ELES, QUE FORAM OS QUE MAIS OFENDERAM AS IGREJAS E RELIGIOSOS, AGORA ESTÃO DANDO UMA DE PROTETORES DO CÍRIO DE NAZARÉ. 

BANDO HIPÓCRITAS SEM VERGONHAS!!!!!!

:enraged_face::enraged_face::enraged_face::enraged_face:",1,0,FN,0.14428229106927656
BernoulliNB,3,"Em poucas palavras... Juiz Marco Aurélio ""EX-STF"" explica o LULAdrão 2022 ! :clapping_hands_light_skin_tone::clapping_hands_light_skin_tone::clapping_hands_light_skin_tone:",1,0,FN,2.36890398799722e-133
BernoulliNB,3,Já a digníssima JANJA de LULADRÃO nem sai nas entrevistas pra não falar merda e entregar o marido ladrão ou porque simplesmente ela não é uma pessoa sociável! :man_facepalming_light_skin_tone:,1,0,FN,4.360138059313683e-78
BernoulliNB,3,QUEM MATOU CELSO DANIEL  LULADRAO  12 MILHÕES  VICE DE SIMONE TEBET ENTREGA  TUDO,1,0,FN,1.1330748748557579e-76
BernoulliNB,3,Não sabe mesmo vc ignora tudos crimes desse desgoverno e desse idiota presidente.,1,0,FN,1.4260510825672792e-88
BernoulliNB,3,"Ele não está flodando, não manda pornografia, não está enchendo de links, imagens nem vídeos. Não posso tirar ele somente por ser um idiota.",1,0,FN,4.2108367533631794e-98
BernoulliNB,3,"UMA VERDADE AOS FUNCIONÁRIOS PÚBLICOS. 

Se o molusco voltar, com as ameaças que ele fez a Zema, irá cortar verbas para o estado de Minas Gerais e consequentemente para os municípios. 

Aí o que acontece?

Muitos municípios terão que demitir funcionários.

Então o LULADRAO será horrível para Minas Gerais.",1,0,FN,2.0031834390246982e-122
BernoulliNB,3,Rigoni parece som de despertador... só funciona quando alguém quer. É um idiota brincando de política.,1,0,FN,4.536091192279454e-22
BernoulliNB,3,"Essa Xuxa é uma Idiota, sem estudo e se acha a tal. Coitada",1,0,FN,2.4333324375933426e-16
BernoulliNB,3,"Essa imbecil de Xuxa que fez sucesso deitando com Pelé, foi precursora de filmes pornôs  usando criança como partner, não tem moral pra contestar denúncia da Senadora Damares. 
Eu assistí ""Amor, estranho Amor"".",1,0,FN,6.000470477400634e-73
BernoulliNB,3,Não imaginava que ele seria tão presente assim pra evitar luLADRAO e PT voltar a presidência :clapping_hands_light_skin_tone::clapping_hands_light_skin_tone::clapping_hands_light_skin_tone::clapping_hands_light_skin_tone::clapping_hands_light_skin_tone::clapping_hands_light_skin_tone::clapping_hands_light_skin_tone::clapping_hands_light_skin_tone::clapping_hands_light_skin_tone::clapping_hands_light_skin_tone::clapping_hands_light_skin_tone::clapping_hands_light_skin_tone::clapping_hands_light_skin_tone::clapping_hands_light_skin_tone:,1,0,FN,2.182954070075205e-104
BernoulliNB,3,"Por que chamar de imbecil? Jumento, e várias ofensas? 
Um dia seremos também?",1,0,FN,2.125980078388703e-110
BernoulliNB,3,"*AQUI EM SÃO PAULO ESTAMOS FAZENDO AÇÃO EM CIMA DOS VIADUTOS ( FOMOS ROUBADOS NAS URNAS) A ÚNICA SAÍDA PARA SE LIVRAR DO COMUNISMO, O CIDADÃO QUE TEM POSSE DE ARMA DE FOGO, CACS E TODA A POLÍCIA DO :Brazil: CASO ROUBAREM NO SEGUNDO TURNO NOVAMENTE É SE REUNIR NA FRENTE DOS QUARTÉIS DAS FORÇAS ARMADAS E IR PRÁ GUERRA, CASO CONTRÁRIO SEREMOS PERSEGUIDOS E MORTOS POR ESSES MALDITOS COMUNISTAS ( OU FICAR A PÁTRIA LIVRE OU MORRER PELO :Brazil:*",1,0,FN,4.8207755420665495e-18
BernoulliNB,3,"Essa criatura LULADRÃO,  ACHOU QUE IRIA BRINCAR DE SER PRESIDENTE. FELIZMENTE MAIS DA METADE DOS ELEITORES NÃO GOSTAM DELE. ELE ACHOU QUE SERIA FÁCIL DEMAIS. FELIZMENTE O BRASILEIRO ACORDOU.  DEVIA SER 60%, TOMAR QUE CHEGUE :folded_hands_medium-light_skin_tone::folded_hands_medium-light_skin_tone::folded_hands_medium-light_skin_tone::folded_hands_medium-light_skin_tone:",1,0,FN,1.9419691301879497e-100
BernoulliNB,3,"*O POVO VENEZUELANO EM RORAIMA TENTANDO ABRIR OS OLHOS DOS BRASILEIROS PRA NÃO VOTAREM NO LULADRÃO, POIS CONHECEM DE PERTO O HORROR QUE É VIVER EM UM REGIME ESQUERDISTA COMO O DA VENEZUELA!* :backhand_index_pointing_down::backhand_index_pointing_down::backhand_index_pointing_down::backhand_index_pointing_down:",1,0,FN,2.666739724438874e-60
BernoulliNB,3,"Meu Deus isso não pode ser verdade, Lulaladrao dizer isso sobre tiros em paraisopolis no Candidato Tarcísio. Ele jamais pode ser presidente se essa notícia for verdadeira.",1,0,FN,9.158209940192333e-95
BernoulliNB,3,"Suposto atentado com morte verdadeira que é pra causar maior impacto , né seu idiota mentiroso? Sò podia ser das trevas...",1,0,FN,0.0007291453520582928
BernoulliNB,3,"Por trás dos Bastidores,  logo termino do debate, Moro faz fortes acusações contra lulaladrão,  rebatendo suas mentiras.

[USER] 

BOLSONARO 22",1,0,FN,2.94827040526521e-29
BernoulliNB,3,"Hoje 18/10/22 Ao visitar comunidade ribeirinha em eldorado do Carajás no Pará , vandalos do MST e de movimento de reforma agrária, ateiam fogo em carros de padre Zeno da Paróquia de Eldorado  e freiras que o acompanhavam.
Se o LULADRAO presidiário ganhar corremos sério risco de uma convulsão social, uma guerra civil.",1,0,FN,1.3457146699078836e-100
BernoulliNB,3,":loudspeaker::infinity:
*REFLEXÃO PARA O SEU DIA_A_DIA DE UM CIDADÃO BRASILEIRO !!!*

VEJO O JULGAMENTO TODOS OS DIAS, VEJO MAIS A HIPOCRISIA DO ELEITOR.
É até muito engraçado o brasileiro:
Passar a vida colocando dinheiro :money_with_wings::four_leaf_clover: na poupança,,  compra um carro do seu sonho, faz o seguro do carro, fica com medo do ladrão roubar o seu único bem vitorioso;

Compra uma casa :house_with_garden: do seu sonho, erguer um muro bem alto, até coloca grampos e cerca elétrica, com medo do ladrão roubar os seus bens; 

Compra um celular do seu sonho, faz seguro do celular, quando o cidadão sai de casa :house_with_garden: coloca o celular dentro da calça, com medo do ladrão roubar;

O cidadão evita sair de casa :house_with_garden: com a família, com medo do ladrão.

Ai sai de casa :house_with_garden: dia 30 de outubro para VOTAR no LULALADRÃO. Entenda esse tipo de ELEITOR ...!!!!

Fica a dica para os valores da família conservadores brasileira sólida!!! :eye_in_speech_bubble:",1,0,FN,2.5476155608594337e-118
BernoulliNB,3,"Está tudo caminhando para uma ditadura .
E olha como vivem o povo em um ditadura .
Tem que ser muito idiota para achar que vcs terão lugar nessa mesa",1,0,FN,2.1693467771980288e-132
BernoulliNB,3,"Agora se segura pra não cair da cadeira...

Cumé qui é?
O LULADRÃO está esperando uma Autorização do TRAFICANTE Marcola pra transitar em São Paulo???
Foi isso mesmo que eu ouvi?
Aí é o mesmo FIM!!!
:flushed_face::thinking_face::enraged_face::Brazil::Brazil::Brazil::sun::folded_hands_light_skin_tone: :backhand_index_pointing_down_light_skin_tone:",1,0,FN,2.1832917610115982e-103
BernoulliNB,3,"Uma coisa eu te falo nada nesse mundo acontece sem a permissão de Deus, muitos acredita que o Lula ganhou no primeiro turno por causa das macumba falcatrua que teve, mais pode ter certeza que não, O que é uma macumba perto de Deus é nada",1,0,FN,3.6593610139991574e-115
BernoulliNB,3,Para quem acha que o Lula não mente! E ainda Confia nele! Es a prova! :index_pointing_up_medium_skin_tone::index_pointing_up_medium_skin_tone::index_pointing_up_medium_skin_tone: O Lula não era a favor do aborto? E a favor da ideologia de gênero? Agora diz que não :rolling_on_the_floor_laughing::rolling_on_the_floor_laughing::rolling_on_the_floor_laughing: cuidado! Eu acho que também não está mas apoiando você que é gay!!,1,0,FN,2.2630544170156468e-101
BernoulliNB,3,LULADRÃO.,1,0,FN,4.7379938181660384e-71
BernoulliNB,3,"Não viu o idiota aí passador de pano de miliciano pedófilo ? Eleas são assim , acham que podem tudo ! Essa zona acaba domingo. Na verdade dia 31 de Dezembro, mas dia 30 agora estaremos na contagem regressiva para novos ares , Lula vem aí … :red_heart::Brazil:",1,0,FN,2.592770322121103e-34
BernoulliNB,3,"Nesse vídeo
LULADRAO diz que vai apoiar

Invasão no campo e na cidade",1,0,FN,6.765733676076686e-114
BernoulliNB,3,"Agora se segura pra não cair da cadeira LULADRAO esperando autorização do traficante Marcola pra transitar São Paulo !!
Foi mesmo que ouvi ??
Aí e o FIM !!
:police_car_light::oncoming_police_car::rat::cockroach::scorpion::mouse::rat::money_bag::rat::oncoming_police_car::police_car_light:",1,0,FN,8.355015800981388e-121
BernoulliNB,3,"DESCULPEM. NÃO ESTOU MAIS AGUETANDO. A TAL GLOBO TV ( blog do Lisboa) já deu o resultado das URNAS DE DOMINGO! E VITORIO PARA O MELIANTE MAIOR LULADRÃO???, ISSO E ATÉ "" DEBOCHE PURO"", CONTRA CIDADÃOS DE BEM",1,0,FN,1.498436344853118e-82
BernoulliNB,3,:folded_hands::Brazil::yellow_heart::thumbs_up::thumbs_up::green_heart::raising_hands::clapping_hands::clapping_hands::clapping_hands:Parabéns!! Esse é o Meu Presidente Bolsonaro!! Abençoado!! Honrado!! Honesto!! Deus! Pátria! Família!! Deus Acima de Tudo e o Brasil Acima de todos!!Mito!! Sábio! Abençoado e protegido por Deus!! Sempre!! Orgulho!! Valeu ! Calou a boca do Burro! Lula Ladrão!!,1,0,FN,6.281716721628571e-113
BernoulliNB,3,"Um baita idiota
A pessoa que postou!
Até então a gente falava de política mas tinha respeito!",1,0,FN,4.6438204366573073e-76
BernoulliNB,3,"Tem eleitor desinformado e até retardado,  mas, penso que o pior é o logaritmo. Teremos terceiro turno.",1,0,FN,3.7758757868604473e-97
BernoulliNB,3,Até quem não entende de política tá falando que ele fez um monte de idiota esperar pra no final ele agradecer os 58 milhões de votos e pronto rsrsrsrsrs,1,0,FN,3.571818661615156e-114
BernoulliNB,3,Teve um imbecil que passou o carro por cima de 5 pessoas em mirassol tá passando no cidade alerta,1,0,FN,1.6099846953473351e-99
BernoulliNB,3,Completamente idiota é quem posta vídeos antigos e fake News. Esses são completamente IDIOTAS!,1,0,FN,1.4316493874238942e-99
BernoulliNB,3,*BOLSONARO MÓ V14DO BROCHA KKKKKKKKKKKKKKKKKKKKK PUTA Q PARIU MUITO BICHAKKKKKKKKKK*,1,0,FN,1.6850915754294715e-41
BernoulliNB,3,A DREITA E MUITO IDIOTA,1,0,FN,8.392807671669547e-111
BernoulliNB,3,E vc suando com essa piada de 5 série chamando ele de bicha,1,0,FN,2.1645945884378817e-75
BernoulliNB,3,"Charles "" Patrícia Nunes"" proprietária da ""Gesso Nunes""                                              End: R: Hostilio de Souza,    673,Itapuca-Resende/ RJ         Vamos Deixa-la Famosinha  VAMOS BOICOTAR A EMPRESA DESSA VADIA.",1,0,FN,1.1436009639150977e-85
BernoulliNB,3,"No nordeste é tudo baiano, preguiçoso, pobre, que não tem o que comer... etc... se não fosse por SP a galera morre no nordeste... é assim a educação lá",1,0,FN,9.952343197977027e-15
BernoulliNB,3,"Ouvi a conversa entre duas pessoas e descobri os motivos de ter tanta gente idiota, desinformará e imbecil nesse Brasil",1,0,FN,1.3562343004377318e-30
BernoulliNB,4,"*Frankstein apóia Boslonaro*

*O famoso monstro dos filmes e desenhos animados Frankstein, declarou hoje seu total apoio ao candidato Boslonaro.*

*De acordo com Frank, Lula é o pior de todos os monstros, sendo uma criatura desprovida de qualquer valor.*

*Deus abençoe o Brasil*

:Brazil::folded_hands_light_skin_tone:",1,0,FN,6.195057551752924e-68
BernoulliNB,4,"acha q está sempre coberto de razão e não aceita ser contrariado por ter um ego frágil, vc é desprezível e seus argumentos não passam de falácias rasas.",1,0,FN,8.058662284921836e-05
BernoulliNB,4,"O SATANÁS está certo!!!! O LULA se une com todas as religiões, se diz democrático e prega que vai respeitar a opção de credo e fica excluindo o satanismo?!",1,0,FN,7.686266206344126e-26
BernoulliNB,4,"Disse muito bem, não se trata de votar no Presidente Bolsonaro ou no Lula, com todos os seus roubos, seus cúmplices e suas mentiras, trata-se de votar em um Sistema, um Sistema que tem tudo a ver com o Diabo e outro Sistema que tem tudo a ver com os ensinamentos de Deus, e se a gente estiver com Deus, teremos uma nação abençoada, e se não, estaremos em um lugar amaldiçoado que nem se pode dizer que é uma nação.
Deus abençoe o discernimento das pessoas que estão escolhendo maldição e renegando a Deus e por conseguinte às suas bençãos.",1,0,FN,2.7519697702088212e-142
BernoulliNB,4,"Urnas sendo manipuladas dentro de sindicato ligado ao PT segundo informações a cidade é Itapeva, mas não disseram se é em SP ou MG pois ambos estados tem cidade com esse nome..  Eu não tenho dúvidas que a FRAUDE será estrondosa para IMPEDIR a reeleição de Bolsonaro... GRAVÍSSIMO... Óbvio que a adulteração do programa deve estar sendo feita em cada cidade essa semana, ao receberem as urnas..  elas foram lacradas pelo TSE sem permitir as FFAA fazer inspeção por isso mesmo, porque já estava combinado com os sindicatos que estão recebendo as urnas, tirar o lacre e Fraudar seus programas para que mudem os votos e FRAUDEM a eleição em favor da ESQUERDA.",1,0,FN,4.1661640910210034e-117
BernoulliNB,4,"Essa :index_pointing_up:foi boa q Colei:index_pointing_up::rolling_on_the_floor_laughing::rolling_on_the_floor_laughing::rolling_on_the_floor_laughing::rolling_on_the_floor_laughing:


Demostração de censura.
Calado.
Mudo.
Medo?
Vermelho ditador em forma democracia.
Vermelho que não liberta.......
etc,.....









Eu Sou eh 22.
Esperança .
Liberdade.
Vida.
Alegria.
Paz de vivência de Em amarelo rico de sabedorias....
Força...Luta... guerreiros :thumbs_up::thumbs_up::thumbs_up::victory_hand::victory_hand::victory_hand::Brazil::Brazil::Brazil::Brazil::Brazil::victory_hand::victory_hand::victory_hand::victory_hand::Brazil::Brazil::Brazil::Brazil:
22
22
22
22
22
:victory_hand:
:Brazil::thumbs_up::thumbs_up::thumbs_up::thumbs_up::thumbs_up::thumbs_up::thumbs_up::Brazil::victory_hand::Brazil::victory_hand::thumbs_up::thumbs_up::thumbs_up::thumbs_up::thumbs_up::thumbs_up::thumbs_up::thumbs_up::thumbs_up::thumbs_up::Brazil:",1,0,FN,2.2424362237219948e-48
BernoulliNB,4,*A maior prova da formação de quadrilha que 9dedos pratica de forma legalizada e velada pelo STF. Ministros que deveriam zelar pela boa conduta do cidadão hj aceita tapa de ladrão é a famosa frase : na mão de malandro.  Nojo dessa turma maldita.*,1,0,FN,4.047914415436582e-86
BernoulliNB,4,"Eita laskeira


*Cheguei aqui agora na cidade.*
e tah todo mundo aqui de verde amarelo... soltando foquete e tudo mais.:Brazil::Brazil::Brazil::Brazil::Brazil::Brazil::Brazil::Brazil::victory_hand::victory_hand::victory_hand::Brazil::Brazil::Brazil::Brazil::Brazil::Brazil::Brazil::Brazil::Brazil::Brazil::Brazil::Brazil::Brazil::Brazil::Brazil::Brazil::Brazil:
Agora sim botei fé no nosso Bolsonaro ..
Irruuuu viva o Brazil,..:Brazil::Brazil::Brazil::Brazil::Brazil::thumbs_up::victory_hand::thumbs_up::Brazil::Brazil::Brazil:





Aqui Não tem Vermelho:Vietnam: de LulaLadrão Não :Angola::brain::kitchen_knife::Vietnam::enraged_face::enraged_face::enraged_face:



Irruuuuuuuu
:Brazil::Brazil::Brazil::Brazil::Brazil:
Aqui Em Goiás eh TODO MUNDO BOLSONARO....VERDE E AMARELO.....:Brazil::Brazil::Brazil::Brazil::victory_hand::Brazil::Brazil::victory_hand::victory_hand::victory_hand::Brazil::Brazil::Brazil::thumbs_up::Brazil::Brazil::Brazil:


iiiiiiiiirrrrrrrrrrruuuuuuuuuuuuuu


Vai ser de lavada no primeiro turno.
Chupa datafalsa ..globo lixo.. UOU <corruptos.



Somos todos Brasil brasileiro..verde amarelo e não vermelho,



Já ganhou BOLSONARO,

:Brazil::Brazil::Brazil::victory_hand::victory_hand::Brazil::victory_hand::victory_hand::victory_hand::victory_hand::Brazil::Brazil::victory_hand::victory_hand::victory_hand::victory_hand::victory_hand::victory_hand::victory_hand::victory_hand::Brazil::Brazil::Brazil::Brazil::Brazil::Brazil::Brazil::Brazil::Brazil::Brazil::Brazil::Brazil::Brazil::Brazil::Brazil::Brazil:


22
22
22
22
22



:victory_hand::Brazil::Brazil::Brazil::Brazil::Brazil::Brazil::Brazil::Brazil::thumbs_up:",1,0,FN,8.106859268618262e-125
BernoulliNB,4,"AS GLOBOS...:pinched_fingers::heavy_dollar_sign::pinched_fingers: POLITICOS,.:pinched_fingers::triangular_flag::heavy_dollar_sign::pinched_fingers::pinched_fingers::pinched_fingers: STE.. STF..caiado UOU..,,,ETC,.....

SÃO Os que mas fala em DEMOCRACIA.....

TAL DEMOCRACIA QUE ESCONDE DIREITINHO A DITADURA.

SIM O CAPETA SI VESTE DE SANTO gente.
Faz parte do aplique 171...:pinched_fingers::heavy_dollar_sign::heavy_dollar_sign::pinched_fingers::triangular_flag::triangular_flag::Angola::triangular_flag::ogre::left-facing_fist::ogre::left-facing_fist::brain::kitchen_knife::brain::kitchen_knife::brain::triangular_flag::Angola::triangular_flag::Angola::Vietnam::Vietnam::Vietnam::Vietnam::Vietnam::Angola::pinched_fingers::pinched_fingers::heavy_dollar_sign:",1,0,FN,3.114231291250252e-113
BernoulliNB,4,"[27/9 19:17] +55 [PHONE]: Ê BÒSTA NÀ CARÁÊ BÒSTA NÀ CARÁÊ BÒSTA NÀ CARÁÊ BÒSTA NÀ CARÁÊ BÒSTA NÀ CARÁÊ BÒSTA NÀ CARÁÊ BÒSTA NÀ CARÁHOMENS CAGANDO NA MINHA BOCAHOMENS CAGANDO NA MINHA BOCAHOMENS CAGANDO NA MINHA BOCAHOMENS CAGANDO NA MINHA BOCAHOMENS CAGANDO NA MINHA BOCAHOMENS CAGANDO NA MINHA BOCAHOMENS CAGANDO NA MINHA BOCAHOMENS CAGANDO NA MINHA BOCAHOMENS VOMITANDO NA MINJA BOCAHOMENS VOMITANDO NA MINJA BOCAHOMENS VOMITANDO NA MINJA BOCAHOMENS VOMITANDO NA MINJA BOCAHOMENS CAGANDO VOMITANDO E MIJANDO NA NINHA BOCA
[27/9 19:17] .: O carlinhos é um viado, o carlinhos é um viado chupando homens e engolindo esperma, carlinhos vc é um viado hein vc chupa um monte de pinto e engole bastante esperma, homens mijando na boca do carlinhos, homens mijando na boca do carlinhos, homens mijando dentro da boca do carlinhos, eu sou um estrupado, eu gosto de ser estrupado, eu amo ser estrupado, eu amo ser arrombado, eu sou um estrupado",1,0,FN,7.203338431352068e-59
BernoulliNB,4,"VOTAR NO LULA, É VOTAR NA CORRUPÇÃO, NO APOIO AOS LADRÕES DE CELULAR, É VOTAR NO APOIO A LIBERAÇÃO DAS DROGAS, É VOTAR NO CASAMENTO GAY, VOTAR NO LULA É EROTIZAR AS CRIANÇAS, É PEDIR A VOLTA DO KIT GAY, VOTAR NO LULA É A POBREZA VIVER DE MIGALHISMO, VOTAR NO LULA É QUER VER DE NOVO MALAS E MAIS MALAS CHEIAS DE DINHEIRO PÚBLICO ROUBADO PELA QUADRILHA DE BANDIDOS DA ESQUERDA",1,0,FN,1.1843813008636564e-78
BernoulliNB,4,"SÁBADO   DIA  1  DE  OUTUBRO   A  POPULAÇÃO DO BEM   QUE  È  A  MAIORIA   DOS   BRASILEIROS   VAI   DESMASCARAR   ÉSTAS   PESQUISAS   COMPRADAS  , MENTIROSAS   , TODAS  ESTAS  MÍDIAS   ESQUERDISTA    QUÊ  NÃO   ACEITAMOS   MAIS   ESTA  ESQUERDA   DO DIABO   EM  NOSSO   BRASIL   ! VAMOS   TODOS   JUNTOS E MISTURADOS  SAIR  AS  RUAS   DE  TODO BRASIL  PARA  MOSTRAR   AO  MUNDO   EM  CARREATA   E  MOTOCIATA      QUE  NOSSA  BANDEIRA   JAMAIS SERÁ VERMELHA   ! NO  DIA  SEGUINTE   DIA  2  DE  OUTUBRO   VAMOS   DAR  UM  TIRO  DE  MISERICÓRDIA   NESSA  ESQUERDA   DO DIABO   E  VARRER   TODOS   ESTES  TRAIDORES  DA PÁTRIA   INFRILTADOS   NO  LEGISLATIVO   ! A  POPULAÇÃO   DO BEM   APRENDEU   A  LIÇÃO E VAI  DAR   O  TROCO   PARA TODOS ESTES TRAIDORES   DENTRO   DA  CABINE   DE  VOTAÇÃO   ! QUEM  AINDA   DÚVIDA   VERÁ   NO  PRÓXIMO   DOMINGO   A  NOITE   !:thinking_face::thinking_face::thinking_face::thinking_face::thinking_face::thinking_face:",1,0,FN,3.012634461850598e-79
BernoulliNB,4,"Sou de Aratiba RS, sou de direita, tenho pavor de comunistas, ladrões, corruptos, esquerdistas e PTistas. 
Minha cidade de interior tem em torno de 6.000 eleitores. 
Aqui sempre foi um reduto de PTistas pois foi a segunda cidade do RS em apostar no PT e em Lula, desde a criação desse partido das trevas.
Na eleição de 2018 para presidente tivemos 48% dos votos para o Bolsonaro e em 2 turno 57,5%.
Para prefeito em 2020 contra o PT, ganhamos de 60,2% dos votos.
Nesta eleição devemos ampliar esse resultado no 1 turno.
MINHA PERGUNTA: QUAL SEU ESTADO E MUNICIPIO E COMO ESTA AI?",1,0,FN,1.310931033047378e-08
BernoulliNB,4,*Olha só o Marquinhos enfrentando o Capitão Mamata que estava na musculação enquanto pessoas morriam na pandemia*,1,0,FN,2.319706311557399e-133
BernoulliNB,4,"Abriram a porta do inferno e saiu os demônios velhos e derrotados que nada fizeram pelo Brasil, aliás fizeram sim, roubaram a nação , tudo bandido vagabundos",1,0,FN,1.9429032798090987e-50
BernoulliNB,4,Cristãos se preparem porque daqui até Domingo o Satanáz usara seus fiéis para atacar não só o presidente mais toda a população de bem que ama a Deus a familia e o País,1,0,FN,9.910021257090624e-46
BernoulliNB,4,":backhand_index_pointing_up: *Propinas, roubos, falcatruas...rachadinhas...*
*Representa a esquerda.*

*O mais curioso é que o Wilian Boner e Renata noticiaram isso.:face_screaming_in_fear::face_screaming_in_fear:*",1,0,FN,1.819435597396768e-101
BernoulliNB,4,"Quem é o esmolé retardado que vai humilhar Neymar,ele tá cagando e andando pra esmolé desqualificado.",1,0,FN,4.54793720304657e-49
BernoulliNB,4,È  POR  ISTO   AUE  A  MAIORIA   DA POPULAÇÃO DO BEM   NÃO   VAI  VOLTAR   EM  CANDIDATOS   DA  ESQUERDA SATÂNICA   ! VAMOS  REELEGER   BOLSONARO   NO  1TURNO    E  QUANTO   ESTES   TRAIDORES DA PÁTRIA   SERÁ   UMA  MISSÃO   PARA BOLSONARO E FFAA   EM  2023   ! :thinking_face::thinking_face::thinking_face::thinking_face::thinking_face:,1,0,FN,1.1766722023096684e-16
BernoulliNB,4,"Senhor meu Deus. Não permita que a nossa nação caia nas mãos de corruptos de novo, de ladrões, de socialistas… Pessoas que só pensam em si mesmas, que são contra a família, as crianças, a moral e a ordem. Que querem um mundo pervertido, sujo, escuro… Nos livre do mal meu Pai, pelo menos por mais 4 anos, para que possamos mostrar para nossos filhos, para as novas gerações, o que é bom, o que é aprazível, que o Brasil tem jeito. Por favor meu Pai. Nosso povo é sofrido demais. Escute as nossas orações, em nome de Jesus. Amém :folded_hands_medium-light_skin_tone:",1,0,FN,5.763011537719825e-94
BernoulliNB,4,*:sleepy_face:ISSO É MUITO TRISTE E CHOCANTE ! Esses filhos do diabo tem uma alta conta á prestar com Deus.*,1,0,FN,2.3311068868386587e-81
BernoulliNB,4,"Olha aí os discípulos do demônio fazendo magia pra da certo.

Mais Deus não dorme.
Deus é maior sempre!",1,0,FN,1.369358041792567e-62
BernoulliNB,4,"Pessoas que são cristãos jamais pode votar em quem é contra os princípios da igreja.
Quem apoia o aborto, a ideologia de gênero, é contra a família apoia o comunismo.
Vote  consciente.
22 neles.
DEUS, PATRIA , FAMÍLIA",1,0,FN,2.0214173429678793e-77
BernoulliNB,4,Dessa vez o povo não acredita nas Fake News do BOZO não. Kkkkk. Começou arranjando um PADRE FAKE. Que vergonha 01 . Kkkk.,1,0,FN,4.494157032381301e-110
BernoulliNB,4,"Olha aí muié, os macumbeiros , fazendo macumba nós cemitérios pra Bolsonaro,e um bando de crente sem vergonha apoiando um macumbeiro desse",1,0,FN,7.69500028179545e-86
BernoulliNB,4,PESQUISAS DE BOCA DE URNA CONFIRMAM É É É É BOLSONAROOOOOOOO EM PRIMEIRO TURNO COM MAIS DE 90 MILHÕES DE VOTOS PARA DESESPERO DA ESQUERDALHA AMALDIÇOADA DOENTIA E FEDORENTAA,1,0,FN,4.593449248734198e-105
BernoulliNB,4,"Não somos coveiro mas, hj faremos o enterro do Bozo.:coffin:

Velório aberto ás 17hs.",1,0,FN,4.091667390129626e-127
BernoulliNB,4,DILMA ATRAPALHANDO A VOTAÇÃO :backhand_index_pointing_up::backhand_index_pointing_up::rolling_on_the_floor_laughing::rolling_on_the_floor_laughing::rolling_on_the_floor_laughing::rolling_on_the_floor_laughing::rolling_on_the_floor_laughing:TÁ ATÉ AGORA PROCURANDO O MOUSE PRA CLICAR :rolling_on_the_floor_laughing::rolling_on_the_floor_laughing::rolling_on_the_floor_laughing::rolling_on_the_floor_laughing:SAI DAI BURRA  DO CARALHO,1,0,FN,2.2520579707281205e-121
BernoulliNB,4,"Só acho que o cachaceiro foi bem votado. Meu Deus, o Brasil não é para amadores.",1,0,FN,3.895173798215006e-136
BernoulliNB,4,"Está estranho ... Lentamente o Bolsonaro está diminuindo e o Lula Ladrão aumentando ..

Ainda tem pessoas votando .. 

Se o horário e até às 17 porque tem gente votando agora as 19:30 .. 

Está estranho .. 

O TSE aponta que Lula Ladrão ganha em todos os estados do Nordeste onde ele tambem não podia andar nas ruas ..

Está estranho isso ..",1,0,FN,8.700635898756277e-105
BernoulliNB,4,"PESSOAL ATENÇÃO! 

SEI QUE ABALA UM POUCO TODOS NÓS VER A DIFERENÇA REDUZINDO! 

MAS ACHO QUE É CLARO PRA TODOS: 

ESTAMOS LIDANDO COM MÁFIA, QUADRILHA, BANDIDOS!

É OBVIO QUE ESTÁ HAVENDO FRAUDE! É ÓBVIO! 

TENHO DITO: SE PREPAREM PARA SAIR ÀS RUAS!

NÃO VAMOS ACEITAR ESSE SISTEMA DE VOTAÇÃO E PONTO FINAL! 

VAMOS PARAR O BRASIL!

COMECEM A DIVULGAR ISSO NOS GRUPOS! 

SE FORMOS ÀS RUAS BOLSONARO VAI ORDENAR ÀS FORÇAS ARMADAS À AGIR! 

REPITO: VAMOS TOMAR AS RUAS DO BRASIL! 

FORÇA E HONRA! 
DEUS ABENÇOE O BRASIL!  :Brazil::Brazil::Brazil:",1,0,FN,8.311930942531659e-114
BernoulliNB,4,"Com certeza meu irmão e esse Ladrão não assume a presidência em nome do Senhor JESUS CRISTO, eu creio!!:folded_hands_dark_skin_tone::folded_hands_dark_skin_tone::folded_hands_dark_skin_tone::raising_hands_dark_skin_tone::raising_hands_dark_skin_tone::raising_hands_dark_skin_tone:",1,0,FN,9.204595558460095e-102
BernoulliNB,4,Me recuso a acreditar que o povo brasileiro e tão imbecil assim,1,0,FN,2.911376195943243e-43
BernoulliNB,4,"Precisamos nos unir e orar clama a Jesus, porque os filhos de Satanás estão unidos",1,0,FN,3.3478986752738213e-76
BernoulliNB,4,":clown_face::clown_face::clown_face::clown_face::clown_face::clown_face::clown_face:
*CADÊ OS 54 MILHOES DE ELEITORES DO LULADRÃO COMEMORANDO NAS RUAS?*

*E ELE NÃO DISSE QUE INDEPENDENTE DOS RESULTADOS, ELE IRIA FALAR COM SEUS ELEITORES EM SÃO PAULO NA AVENIDA PAULISTA?*

*AONDE ENTÃO OS ELEITORES DO LULADRÃO E QUE SILÊNCIO É ESTE NO EVENTO DO LULADRÃO?*

*ALGUEM AI VIU OS 54 MILHÕES DE ELEITORES DO LULADRÃO?*",1,0,FN,8.568908905367228e-90
BernoulliNB,4,"Eu sou Nordestina e moro na Bahia, mas a culpa é do Nordeste mesmo. Por isso que vive no atraso.",1,0,FN,3.836371640942366e-27
BernoulliNB,4,"Exatamente quem vive de promessa e santo , estes jumentos não aprende puta que pariu 47% um ladrão não e possível foi manipulado NAO PODE SER",1,0,FN,3.1657392338648407e-93
BernoulliNB,4,"Não perca, é tudo o que eles querem, como dizem...é mais que uma eleição, é uma guerra espiritual, não é atoa que apelaram para Macumba, Bruxaria essas coisas, mas mesmo assim Deus não permitiu a vitória do Diabo.",1,0,FN,7.70178524807531e-142
BernoulliNB,4,Junta os votos do luladrao de ontem e mais o da Simone pronto eleito af,1,0,FN,1.313188409302479e-35
BernoulliNB,4,"SE ISSO NÃO É SUFICIENTE PARA COMPROVAR A FRAUDE NA APURAÇÃO, ENTÃO REALMENTE O TSE VAI ELEGER O LULADRÃO NO 2° TURNO.",1,0,FN,5.197331846377655e-56
BernoulliNB,4,O comunismo:Vietnam: é a religião de satanás,1,0,FN,3.638660961095488e-05
BernoulliNB,4,"Nao to atribulada nao, olha o vidro ai, o cara fazendo a cabeça do Lula, colocando ele sob a autoridade do demônio, e o próprio Lula frequenta centro de macumba, falso profeta é vc que fica julgando os outros sem conhecer.",1,0,FN,7.409972209346445e-44
BernoulliNB,4,Idiota o assunto agora não é esse.... Sai pra la satanás.,1,0,FN,1.3228697230916914e-96
BernoulliNB,4,"Kkkkk
Isso me diziam para o primeiro turno

Eu agora virei
SAO TOMÉ

TALVEZ SE EU TOMAR UM MÉ VOLTE A CONFIAR

O SISTEMA É SUJO POR SI SO

E NOSSO PRESIDENTE INOCENTE 

SE ELE NAO TOMAR PROVIDÊNCIAS DE VIGIAR AS URNAS 

SEREMOS HUMILHADOS COMO FOMOS NO PRIMEIRO TURNO 

SUGESTAO

BOLSONARO DEVE MANDAR  RECOLHER AS URNAS DO PRIMEIRO TURNO E COMPRAR DE UMA OUTRA EMPRESA E O EXECUTIVO DISTRIBUIR
CASO CONTRARIO ATE MOISES , PEDRO JOSUE
JOSE DO EGITO
TODOS ESSES DEFUNTOS VOLTARAO EM LULADRAO",1,0,FN,1.1784492210219422e-124
BernoulliNB,4,"Vamos derrubar a página desse imbecil pessoal, não somos da laia deles, mas podemos impedir ele de falar merda e ficar por isso mesmo",1,0,FN,3.4841723053132355e-97
BernoulliNB,4,"*TENHO CERTEZA QUE ESSE SEGUNDO TURNO SERÁ BEM APERTADO.*

SERÁ ACIRADA A DISPUTA, TANTO PELO ROUBO ELEITRÔNICO, COMO TAMBÉM PELA QUANTIDADE DE IDIOTAS QUE IRÃO NOVAMENTE SE ABSTER, E DOS QUE IRÃO VOTAR NULO OU EM BRANCO.

É FODA!

AGUARDEM FORTES EMOÇÕES PARA O DIA 30.

SERÁ APERTADO O PLACAR (ESCORE).",1,0,FN,1.3343776404897033e-95
BernoulliNB,4,"Esse kara parece que me ouviu falar ha 6 meses atras.

Eu preocupado com as urnas e fraudes
Tambem com o exercito brasileiro

Lamento dizer
O EXERCITO BRASILEIRO NAO APOIA BOLSONARO

ESQUEÇAM ISSO
ELES NUNCA SE MANIFESTARAM VERDADEIRAMENTE AO LADO DO BOLSONARO

E SENDO ELES QUE ESCONTRARAM FRAUDE NAO SE MANIFESTARAM A FAVOR DO POVO

PENSEM COMIGO

16 ANOS QUE O CORRUPTO LULADRAO ALICIA ESSA CLASSE

BOZO TEM APENA 4 ANOS E NAO COMPROU O EXÉRCITO 
HA 1 ANO ATRAS  MEU DISCURSO É:

CUIDADO COM AS URNAR 
POEM AGENTES DO BOZO PARA FISCALIZAR 
NAO DEIXA A LA VONTÊ NAS MAS DO STE E SINDICATO DOS TRABALHADORES E GLOBOBUNDA, ETC

CUIDADO COM O EXERCITO

BOM
O RESULTADO FOI 
FRAUDES

EI ZESONARO
É MELHOR  VOCE E  SEUS FILHOS FICAREM ASSIM Ô
 DE :eye::eye: :eye::eye: :eye::eye: NAS URNAS 
SENAO ELES VAO TE DA BALINHAS PRA CHUPAR E VC IRA SAIR PRA FAZER CAMPANHA DE NOVO E VAI ESQUECER DO ELEMENTO QUE TE DERROTOU NO PRIMEIRO TURNA

A S    U R N A S",1,0,FN,4.346931471131786e-92
BernoulliNB,4,VEJAM O QUE ACONTECEU NA TV AO VIVO BOLSONARO  COM 55% E O LULADRAO  COM 36% 8:20 H DA NOITE SE DERAM MAL,1,0,FN,3.7309730033618467e-116
BernoulliNB,4,"Gente, sinceramente vcs fazem propaganda do LULADRÃO BBB toda hora. Só mostram vídeos desse meliante",1,0,FN,3.832918709767949e-14
BernoulliNB,4,"Amo Patrick, faço campanha com todo prazer e alegria, mas vou sair do grupo porque não consigo conviver com pessoas que apoiam bandidos que querem entregar o Brasil ao comunismo maldito. Abraço aos que amam a família e a liberdade.
Deus acima de todos :folded_hands:",1,0,FN,3.59342885974439e-95
BernoulliNB,4,":Brazil::Brazil::Brazil:

SENHOR RENOVA A NOSSA FORÇA, AUMENTA A NOSSA FÊ...ENVIA OS TEUS :baby_angel: ANJOS PARA ACAMPAR AO REDOR DE NOSSAS VIDAS COMO ESCUDO DE PROTEÇÃO,  ABENÇOE O BRASIL, CADA DIRIGENTE, ENVIE TUA LUZ, TEU :fire: FOGO SANTO...OH DEUS DE GLORIA :raising_hands_light_skin_tone: TODA HONRA É DADA A TI,  CLAMAMOS A UM DEUS QUE TUDO PODE, A ELE NAO HA IMPOSSIVEL. CREMOS NO PODER DA ORAÇÃO. ATRAVÉS DELA VAMOS OBTER A GRAÇA PELA TUA INFINITA MISERICÓRDIA,  QUE TRARÁ RESPOSTA A TODO AQUELE QUE É CONTRA A TEUS ENSINAMENTOS. ELES VERÃO A TUA GLORIA, O TEU PODER QUE HA..VERÃO QUE A NOSSA VIDA TEM DONO, O NOSSO PAÍS REINA O TEU PODER. NADA ACONTECERÁ SEM A TUA VONTADE, PORQUE TU ES O TODO PODEROSO, A PORTA QUE O SENHOR FECHA NÃO HA QUEM ABRA E A PORTA QUE O SENHOR ABRE NAO A QUEM FECHE... A TI CLAMAMOS,  PEDIMOS E SUPLICAMOS PELA LIBERTAÇÃO DO NOSSO PAÍS, QUE ELE SEJA LIBERTO DE TODA MALDADE, DE TODA CORRUPÇÃO, DE TODA CEGUEIRA ESPIRITUAL, DE TODA MALDIÇÃO, OBRA DE MACUMBARIA E FEITIÇARIA, TODO LEVANTE DO INFERNO...AMÉM

 :raising_hands_light_skin_tone::raising_hands_light_skin_tone::raising_hands_light_skin_tone::fire::fire::fire::Brazil::Brazil::Brazil::white_heart::white_heart::white_heart:",1,0,FN,3.9723561387805635e-31
BernoulliNB,4,"Está jovem é um exemplo vivo de toda maldade que viveu na Venezuela e está nos prestando um favor.
Mesmo assim, milhões de idiotas Brasileiros pensam como este idiota e ainda aprovam o Lula como Presidente.

Precisamos de mais Empresários, cantores, artistas, jogadores de futebol se posicionarem em público CONTRA A ELEIÇÃO DO CACHACEIRO E LADRÃO.",1,0,FN,2.2751166507202165e-103
BernoulliNB,4,"A PIOR DAS PIORES!!!! JA FALARAM MAL DEMAIS E, É POR ISSO QUE DIGO, ESSES ETERNOS CANDIDATOS A PRESIDENTE,  SÃO  PALHAÇOS E A DONA MARINA DA SILVA ,A MAIOR PALHAÇA. TODAS ELEIÇÕES ELA ESTA PRESENTE COMO CANDIDATA. SURPREENDENTEMENTE NÃO FOI NESSA! PORQUE SERÁ???? UMA ICÓGNITA, TUDO BEM. AGORA JA ESTA DECLARANDO APOIO AO LULADRÃO.  ISSO MESMO!!! NO MÍNIMO A MARINA DA SILVA ESPEROU A VIDA INTEIRA PELO LULADRÃO.  ELE, CLARO, SÓ QUER FILÉ,  NUNCA NEM COGITOU A PAIXÃO DA MAIS INSOSSA E ARDOROSA FÃ DELE.",1,0,FN,2.9426299975279887e-99
BernoulliNB,4,"""Ser vaiado por uma multidão de idiotas é o preço por não ser um deles"" Olavo de Carvalho",1,0,FN,3.2713431814633347e-84
BernoulliNB,4,"Quem é essa idiota? Onde está escrito ou cadê a lei que proibi crianças e adolescentes a frequentar a igreja? Fui criada dentro da igreja e meus  também sempre foram, quando pequenos",1,0,FN,2.2182356756912687e-69
BernoulliNB,4,"Mas, quanto aos tímidos, e aos incrédulos, e aos abomináveis, e aos homicidas, e aos que se prostituem, E AOS FEITICEIROS (PAIS DE SANTO, MACUMBEIROS E SATANISTAS), e aos idólatras e a todos os mentirosos, a sua parte será no LAGO que ARDE com FOGO E ENXOFRE ; o que é a SEGUNDA MORTE.

Apocalipse 21:8",1,0,FN,3.9518606397950536e-16
BernoulliNB,4,O VÍDEO QUE O LULADRAO  PEDIU PARA O STF TIRE DO AR NO FINAL O MORO ARREBENTA COM O LULADRAO  VEJAM,1,0,FN,5.3078555382994325e-93
BernoulliNB,4,"Ignora ele, vamos trocar uma ideia, é mais fácil eu passar conhecimento aos demais com vc que está disposto a debater, do que com esse gado burro que só quer fugir pq é burro",1,0,FN,2.7566122982852995e-53
BernoulliNB,4,"Gordinha agredindo gordinho, em defesa do LULADRÃO :rolling_on_the_floor_laughing::rolling_on_the_floor_laughing::rolling_on_the_floor_laughing::rolling_on_the_floor_laughing:",1,0,FN,7.857709452083977e-84
BernoulliNB,4,ATÉ AGORA SÓ FALOU DE VOCÊ E DA TUA FAMÍLIA. O GENOCIDA SÓ PENSA NELE E NA FAMÍLIA. TE CHAMOU DE BURRO E IDIOTA VÁRIAS VEZES,1,0,FN,2.0047390879801968e-38
BernoulliNB,4,"Quanto era mesmo a gasolina antes do Bolsonaro? O Pix foi criado pelos funcionários do BC, não foi ideia do idiota. As outras brincadeiras são boas.",1,0,FN,5.41637172456651e-95
BernoulliNB,4,LULADRÃO e sua quadrilha quer voltar a sena do crime juntos para dilacerar o Brasil outra vez....Já começaram as ações no Espírito Santo.. Fora comunistas :ogre:,1,0,FN,4.911852396392852e-65
BernoulliNB,4,"*Danones o desequilibrado, mesmo após ter declarado apoio, falando umas verdades sobre o LULADRÃO e o pt.*",1,0,FN,1.1129385005165762e-72
BernoulliNB,4,"*Exatamente, faltou o presidente Bolsonaro citar que em todos os órgãos ambientais eram corrupções sistêmicas, durante os desgovernos de Luladrão*:index_pointing_up::index_pointing_up::index_pointing_up::thinking_face::thinking_face::thinking_face::man_facepalming::man_facepalming::man_facepalming::backhand_index_pointing_down::backhand_index_pointing_down::backhand_index_pointing_down::backhand_index_pointing_down::backhand_index_pointing_down::backhand_index_pointing_down::backhand_index_pointing_down::backhand_index_pointing_down::backhand_index_pointing_down::backhand_index_pointing_down::backhand_index_pointing_down::backhand_index_pointing_down::backhand_index_pointing_down::backhand_index_pointing_down::backhand_index_pointing_down::backhand_index_pointing_down::backhand_index_pointing_down::backhand_index_pointing_down::backhand_index_pointing_down::backhand_index_pointing_down:",1,0,FN,2.2432408275171448e-30
BernoulliNB,4,"Esse vídeo :backhand_index_pointing_down: mostra o chefe do tráfico de uma das maiores e mais violenta favelas de SALVADOR/ BA (Nordeste de Amaralina)

O Rasta, como é conhecido, aparece com Lulaladrao. 
:thinking_face:
Amigos ! Isso é muito sério! 
O cachaceiro está se alinhando com várias facções criminosas do Brasil. Devemos alertar aos isentōes para que revejam suas intenções de anular o voto. 

Apoiar Bolsonaro e esquecer essa birra inrustida por nosso presidente é o melhor caminho .",1,0,FN,1.975486012432682e-133
BernoulliNB,4,"Tem o macho
tem o super macho
tem o mega macho
tem o hiper macho
e tem esse cara aí que gritou: ""Ladrão"" no meio da petezada no comício do Luladrão :backhand_index_pointing_down_medium-light_skin_tone:",1,0,FN,1.3796443092899746e-28
BernoulliNB,4,"*Eu não gosto de dar uma de Policia dos grupos no zap e na web em geral mas não tem jeito...*

*Os Comunista-Socialista-Nazi-Fascistas-Satanistas infiltrados causam uma serie de problemas de proposito.*

Sou contra a Censura,A VIGILANCIA TOTAL/DESTRUICAO DA PRIVACIDADE DA POPULAÇÃO/ESPIONAGEM POLITICA/ENQUADRAMENTO-CANCELAMENTO-DESTRUICAO DE REPUTAÇÃO-IMPLANTACAO DOS CREDITOS SOCIAIS DA MARCA DA BESTA USANDO DA INTERNET PARA ESCRAVIZAR/CONTROLAR O POVO -BOICOTE-DESTRUICAO ATÉ DA VIDA DOS DISSIDENTES QUE SÃO OS CONTRA DITADURA COMUNISTA QUE OS SOVIETICOS ESTALINISTAS FIZERAM NA UNIÃO SOVIETICA FAZEM ISSO ATÉ HOJE NA CHINA COMUNISTA QUE ESTES CRIMINOSOS FAZEM e o controle do fluxo da informacao na web e fora da web em todas as suas formas mas deixar que Terroristas Manipulem e controlem a mente e as acoes da maioria do povo com Mentiras e Desinformação é uma coisa que não podemos permitir que aconteça.",1,0,FN,4.274142846811105e-25
BernoulliNB,4,Mano o grupo está no limite máximo... Assim que aparecer uma vaga a gente add ele... Ou identificar um Vermelhinho incubado...:smiling_face_with_sunglasses::Brazil:,1,0,FN,1.1858433521980633e-114
BernoulliNB,4,"Só uma pessoa louca ou alcoolizada, teria uma postura covarde dessas contra uma criança . Isso é crime. Uma mulher velha dessas ainda não aprendeu???",1,0,FN,7.846781987991784e-63
BernoulliNB,4,"*Quanto vale a palavra destes dois OTÁRIOS? Nada certo? Pois é!* Por isso, vão fingir que não disseram o que disseram, porque Bolsonaro superou EM MUITO o LULADRÃO. :man_shrugging_light_skin_tone:",1,0,FN,2.040682079300196e-34
BernoulliNB,4,O que fez esse homem mudar de opinião?????? Por quê passou a defender o CANALHA LULADRÃO???? Há muita lama nessa mudança!!!! A vitória do BOLSONARO é uma necessidade de sobrevivência para todos nós!!!,1,0,FN,6.481456812186865e-75
BernoulliNB,4,TERRORISTAS DO MST:index_pointing_up::index_pointing_up::index_pointing_up::index_pointing_up:LULADRAO TÁ INDO PRO TUDO OU NADA:index_pointing_up::index_pointing_up::index_pointing_up:CANAL DO SÃO FRANCISCO :index_pointing_up::index_pointing_up:COMUNISTAS SÓ SAEM NA BALA,1,0,FN,7.868696486670967e-19
BernoulliNB,4,Com adesivo do LULADRÃO vc ganha trânsito livre do TRE para estacionar em cima de calçadas,1,0,FN,8.956766294275268e-110
BernoulliNB,4,BOLSONARO  REI DA PICANHA HOJE SE COMPRA 3 VEZES MAIS DO QUE NO GOVERNO DO LULADRAO  DA UM BUSCA NO GOOGLE,1,0,FN,1.97252244795076e-38
BernoulliNB,4,"*Colômbia sucumbindo pelo comunismo de seu Presidente Traficante Gustavo Petro, amigo apoiado e apoiador de Lula, e a população começa a agredir e matar policiais nas ruas! E aqui, ""Idiotas Burros"" fazem o ""L""!*:backhand_index_pointing_down:",1,0,FN,1.7305184006499787e-19
BernoulliNB,4,"Aqui são tudo vagabundo, não apóiam o presidente, a gente não ver esse idiota do Josemar se pronunciar",1,0,FN,5.462594408714774e-114
BernoulliNB,4,PATRIOTAS É. MUITO IMPORTANTE QUE VOCES VEJAM ESTE VIDEO DESTA DENTISTA E AQUI TEM TODO TIPO DE AMEAÇA QUE O LULADRAO  FEZ E QUE O STF RETIROU COMO FAKE NWIS VEJAM VEJAM VEJAM,1,0,FN,1.6327628363050871e-80
BernoulliNB,4,"O PROBLEMA É JUSTAMENTE O TSE, PORQUÊ ELE TÁ DO LADO DO LULADRÃO E NÃO DO PRESIDENTE BOLSONARO. ESSE É O GRANDE PROBLEMA.:enraged_face::enraged_face::enraged_face::enraged_face:",1,0,FN,4.900400943836301e-103
BernoulliNB,4,"Desculpa. É me chamar de idiota (ou qualquer pessoa) dizer q tem outro significado pra ""pintar clima"", entre um homem e uma mulher (como vc disse), no caso, meninas ""arrumadinhas"" como ele disse",1,0,FN,8.84549694232806e-86
BernoulliNB,4,"Gente eu fico chocado com essa propaganda eleitoral do Bozo. Parece que todos são anjos de candura!! Nem parece o doido que fala merda todo dia. Os marketeiriz estão de parabéns viu. É muita mentira e muita enganação. E o brasileiro esquece o que aconteceu até na semana passada pra votar nesse monstro. Aliás a monstruosidade de Bolsonaro. aumenta ainda mais com tanta fake News, hipocrisia e promessas fajutas do programa eleitoral . É muita cara de pau. O brasileiro é muuuuuito burro , meu Deus",1,0,FN,5.054572082416087e-91
BernoulliNB,4,BANDIDO DEFENDE BANDIDO E TEM JUMENTO QUE VOTA EM LULADRÃO,1,0,FN,1.3281818233230977e-46
BernoulliNB,4,OLHA O QUE O LULADRÃO MANDOU FAZER COM AS PESSOAS QUE NÃO VOTARAM NELE.:face_screaming_in_fear::face_screaming_in_fear::face_screaming_in_fear::face_screaming_in_fear:,1,0,FN,1.6063685315780757e-77
BernoulliNB,4,IGOR DONO DO FLOW PODCAST REVELA QUE NÚMEROS DA LIVE DO LULADRAO FORAM MANIPULADOS! SE MENTE ATÉ EM UMA LIVE IMAGINA NA FRENTE DE UM PAÍS?,1,0,FN,1.0698926161182499e-73
BernoulliNB,4,Não sei como os petistas por ódio ao presidente ACEITAM ESSE LULA SÓ POR BIRRA olha as propostas desse LULALADRÃO,1,0,FN,2.6924726674805124e-68
BernoulliNB,4,O Pesoal de Anchita com o MEPES venerando o Luladrão e Casagrande,1,0,FN,4.962960667991165e-80
BernoulliNB,4,O baiano tem que se ferrar mesmo. Votar em um carniça ladrão! Pqp,1,0,FN,1.3982492032576778e-112
BernoulliNB,4,"Quem disse isso, foi o ministro MARCOLA do governo do LULADRÃO",1,0,FN,5.719070388299622e-41
BernoulliNB,4,"No passado os Profetas
Homens santos não poderiam ""ser dúbios"" em decisão crucial 
O CASTIGO 
Era o apedrejamento até à morte. Hj a exemplo do que A CORJA DO STF FEZ À FAVOR DE LULALADRÃO É ABOMINÁVEL 

DEIXOU Á NAÇÃO EM EMINENTE GUERRA CIVIL 
Ê SE O PREÇO FOR ESSE ESPERO QUE UM SNNIPER COM O DEDO NO GATILHO Ê A MÍRA APONTADA PRIMEIRO PARA A CABEÇA DOS MINISTROS Q OCASIONARAM TÃO DESAGRADÁVEL SITUAÇÃO.

#UMSNIPPERPARAFACHIN

#UMSNIPPERPARAALEXANDREDEMORAES

#UMSNIPPERPARALULALADRÃO",1,0,FN,5.137919793374381e-82
BernoulliNB,4,"Alguém explica para o idiota do Haddad que oxigênio é inflamável e não pode ser transportado por avião, devido a despressurização e pode explodir. É um produto altamente explosivo.",1,0,FN,1.03193689970381e-56
BernoulliNB,4,Ainda é tempo de PaiLula baixar nesse terreiro. Talvez tome vergonha naquela cara lambida.,1,0,FN,6.187879524819774e-46
BernoulliNB,4,"DIA 30/10.., NÃO VOTE EM LULADRAO…, PROTEJA A SUA FAMÍLIA.., NÃO AS DROGAS, ABORTO, CORRUPÇÃO, AOS TROMBADINHAS DE CELULAR…, E A SUA LIBERDADE..!!!! PENSE NISSO NA HORA DE VOTAR…!!!",1,0,FN,4.6002946284800767e-05
BernoulliNB,4,Olha só o que encontraram no monte! Depois dizem que a guerra não é espiritual! Meu Deus :face_screaming_in_fear::face_screaming_in_fear::face_screaming_in_fear: macumba pro ladrão ganhar Saravá :backhand_index_pointing_up::index_pointing_up::face_with_crossed-out_eyes::raised_fist::oncoming_fist::smiling_face_with_horns::crying_face:,1,0,FN,9.495646345963353e-143
BernoulliNB,4,BOLSA GAY NA ARGENTINA. SE O MULA VOLTAR VAI SER AQUI TAMBÉM.,1,0,FN,1.6118210923043502e-86
BernoulliNB,4,GloboLIXO colocou ponto eletrônico no LULADRÃO,1,0,FN,1.4601875963231746e-102
BernoulliNB,4,Que gente idiota né…. Vamos aguardar…. Pq o Sudeste não foi tudo ainda…..,1,0,FN,1.1012639996192568e-108
BernoulliNB,4,"Gente, vou falar pra vcs o q eu acho

Desde o primeiro turno eu sabia q o Lula ia ganhar, é nítido, o STF e ele já estavam arquitetando tudo, vcs não acharam estranho o Bolsonaro sem fazer nada???


É óbvio que ele tá com estratégia, ele tá deixando eles fazerem e acontecer, só tá pegando provas pra exercer o artigo 142...

Bolsonaro n é burro, ele sabia que isso ia acontecer e já tava planejando isso, deixou eles pensarem que ganharam, pra chegar com tudo e prender todo mundo",1,0,FN,2.755201988961997e-29
BernoulliNB,4,"Na minha opinião, no NE já sabíamos que era previsível isso. O problema foi que, no Sul, o imbecil do Ônix, com a arrogância e prepotência sem limites, estrava com a mão na taça e resolveu diminuir com barbáries o seu opositor e acabou fazendo com que os indecisos e que, inclusive muita gente que iria votar no Bolsonaro, virassem o voto em repúdio às suas colocações no último debate.
Ou seja, Zema e Tarcísio ajudaram e o Ônix……….",1,0,FN,7.164318528023092e-58
BernoulliNB,4,"Não é só fantasiosa, é criminosa de tão idiota. Realmente não acredito que após tanto tempo da derrota do Trump tem alguém acreditando em operação storm. O que me pergunto é somente se quem cria esse tipo de conteúdo é esquizofrênico, se é proposital para enganar gente muito burra ou se está só tirando um barato. Seja como for a existência e compartilhamento desse tipo de loucura talvez dê uma pista da razão dessa derrota que não começou hoje.",1,0,FN,7.161710771241747e-106
BernoulliNB,4,"Vc está tão incisivo e grilado quanto eles nas suas falas. Respira amigo! Eu entendi o seu ponto de vista. Acho que o caminho é respeitar!

Se vc não acha que seja o caminho, faça da maneira que achar necessário fazer. Agora chamar o outro de acéfalo, imbecil por pensar diferente de vc complica!",1,0,FN,3.3652228336232546e-86
BernoulliNB,4,"VÍDEO VERDADEIRAMENTE  CORRETO.  TEMOS QUE CLAMAR PELO BRASIL  SENDO ASSIM  DEUS  VAI OUVIR A MAIORIA  E SE A MAIORIA  FOR  O LADO BOM, E SE A MAIORIA  FOR CONTRA O CASAMENTO GAY.  SE A MAIORIA FOR CONTRA AS DROGAS  . SE A MAIORIA  FOR CONTRA  CORRUPÇÃO.  SE A MAIORIA  FOR CONTRA O ABORTO  ENTÃO  O BEM VENCERÁ  OS ESCLARECEDORES...COMPARTILHEM..",1,0,FN,1.5146132451862403e-102
BernoulliNB,4,"Daniela Lima d CNN continua a insistir que não terá como revogar o resultado das eleições  . Toda  a imprensa esta assim divulgando . O imbecil do Datena traíra,  está em conivência também dizendo : temos de respeitar as urnas . Não vamos recuar nem um milímetro,  é tudo ou nada temos muito a perder  .",1,0,FN,4.613462894271878e-107
BernoulliNB,4,"Discurso idiota, milhares da famílias pegando o AUXÍLIO EMERGÊNCIAL DE 600 REAIS A 1.000 REAIS!!!:man_facepalming_light_skin_tone:",1,0,FN,2.4984526294451186e-135
BernoulliNB,4,"REPASSEM ESSA MENSAGEM ENQUANTO DURAR O PROCESSO  DE INTERVENÇÃO FEDERAL, ART. 142  OU  ANULAÇÃO DA VOTAÇÃO:   PATRIOTAS, NÃO OUÇAM O QUE OUTRAS PESSOAS ESPALHAM POR AÍ. MANTENHAM O FOCO ATÉ O NOSSO PR. SE PRONUNCIAR.                    MANTENHAM-SE NAS MANIFESTAÇÕES EM FRENTE AOS QUARTÉIS. REVEZEM- SE, MAS SE MANTENHAM FIRMES. TUDO QUE OS ESQUERDOPATAS QUEREM AGORA É QUE DESANIMEMOS. QUANDO DESCONFIAREM DE ALGUM INFILTRADO NOS GRUPOS SOLICITEM A ELES QUE DIVULGUEM OS SEUS LINKS DO YOU TUBE, FÁCIL, SE ELE NÃO DIVULGAR O EXCLUA. MAS, MAIS IMPORTANTE QUE QQ POSTAGEM É MANTERMOS AS MANIFESTAÇÕES, AGUARDARMOS E PARARMOS APENAS QUANDO O NOSSO PR. SE PRONUNCIAR SOBRE O RESULTADO DE TUDO ISSO. VAMOS FAZER NOSSA PARTE E NÃO DAR OUVIDOS AOS DESANIMADOS OU AOS INFILTRADOS. ENQUANTO HOUVER ESPERANÇA HAVERÁ LUTA. DEUS ESTÁ CONOSCO.:folded_hands::Brazil::Brazil::Brazil::Brazil::Brazil::Brazil::Brazil::Brazil::Brazil:",1,0,FN,1.4661909595110726e-101
BernoulliNB,4,"Se continuarem com essa confusão idiota os dois lados vão acelerar o processo de destruição do país, aí sim podemos ficar pior que muitos países de extrema miséria, pensem",1,0,FN,2.1990000282524215e-105
BernoulliNB,4,"Coloquei pq devemos ficar sabendo,quem são o idiotas q estam falando mal dos caminhoneiros,pq um monstro desse aí tem q ficar conhecido, famoso.",1,0,FN,7.644076558162846e-79
BernoulliNB,4,Tinham q  da na cara dele até esse idiota nascer cabelo,1,0,FN,6.1770777917991165e-40
BernoulliNB,4,Meu deus foi confirmado     lula faz macumba pra bolsonaro  e agora eles São amantes,1,0,FN,2.0018885320945113e-50
BernoulliNB,4,"NEGATIVO, TODOS PRA FRENTE DOS QUARTÉIS, ESTÃO QUERENDO ENFRAQUECER AS MANIFESTAÇÕES, SE DERRUBARMOS LULALADRÃO TODO O SISTEMA CORRUPTO CAI",1,0,FN,3.6424881680287577e-31
MultinomialNB,0,"Se o povo sul-mato-grossense tiver vergonha na cara, nunca mais vota  nesta  idiota. Eu nunca votei nela e não votarei.",1,0,FN,0.02707454239614752
MultinomialNB,0,Inclusive ele criou satã para nós torturar para sempre no inferno pq sabe oq faz,1,0,FN,1.9092471713562856e-07
MultinomialNB,0,"Pois é agora pra tirar esse canalha traidor, só daqui 8 anos.",1,0,FN,7.581833496666998e-11
MultinomialNB,0,O esquerdista Ciro teve um clímax com  o ataque do Bolsonaro frente ao Loola.,1,0,FN,1.3659779345632023e-06
MultinomialNB,0,"ÚLTIMO DEBATE DA GLOBO PRESIDENCIÁVEIS 
VAMOS ASSISTIR PELO OS CANAIS  DE DIREITA NO YOUTUBE  PRA GLOBO NÃO TER MUITA AUDIÊNCIA:chart_decreasing:",1,0,FN,3.2165282055819643e-13
MultinomialNB,0,PROJETO DA ESQUERDA :backhand_index_pointing_up::backhand_index_pointing_up:TRANSFORMAR MILHÕES DE JOVENS EM ZUMBIS :backhand_index_pointing_up::backhand_index_pointing_up:JESUS É MAIOR E VENCEREMOS :folded_hands::folded_hands:,1,0,FN,2.519706729780488e-08
MultinomialNB,0,"Olha o que esse Bandido,Ladrão está falando,uma calúnia e defamaçao,olha para cara do bandido vermelho,quer tirar nossa Atençao,mais a Maioria dos Brasileiros,estão decedidos,reeleger o presidente.:folded_hands::Brazil::Brazil::Brazil::Brazil:.vocês não vão tomar o poder com fraudes.vamos se possível for para guerra.lutaremos pela nossa,Pátria, pela  Democracia e nossa Liberdade.ate a Morte.:Brazil::Brazil::folded_hands::folded_hands::folded_hands::blue_heart::green_heart::yellow_heart::white_heart:Todos Pelo Brasil e Deus Acima de Tudo :folded_hands::Brazil:",1,0,FN,0.047378016076466294
MultinomialNB,0,"Bom dia Grupo Abençoado.  Que Deus nos Abençõe em mais um dia.    E que a vontade de cutucar Petistas nunca nos falte.    Pelo bem da Nação. 
Mito na Veia 
Forte abraço 
22",1,0,FN,0.023753718896775633
MultinomialNB,0,"Caraiiii 

Comparar gigante Brasil 
Com esses paiseco menos que o Acre!!!

Tá errado isso ai

Comparar com país decente!",1,0,FN,2.5924091967794148e-09
MultinomialNB,0,"Bom dia.

Para Refletir:

""O "" cidadão"" sai de casa, tranca as janelas põe cadeados nas grades fecha a porta com três diferente fechaduras, retira o carro da garagem , para no farol fecha os vidros totalmente. 
 Para na rua aciona o alarme, bloqueador e  rastreador do carro, entra em uma seção eleitoral e vota em um ladrão.

 Vai entender a ""lógica"" do universo.""

Que Deus tenha misericórdia.

Forte abraço.",1,0,FN,0.1768300851506889
MultinomialNB,0,"Comando vermelho declara apoio à Lula e Freixo na quadra da Mangueira
 Gente, olha a situação do Rio:backhand_index_pointing_up_medium_skin_tone::backhand_index_pointing_up_medium_skin_tone::backhand_index_pointing_up_medium_skin_tone: tire suas conclusões se o Lula, o PT e toda a esquerda é ou não uma organização criminosa. Dia 02 vote consciente. Só temos uma única alternativa 22 Bolsonaro.",1,0,FN,0.0001545844366600416
MultinomialNB,0,"*ESTE É O REGIME DA CHINA QUE LULA AMEAÇA TRAZER PARA O BRASIL, SÓ MORRERÃO OPERÁRIOS E OPERÁRIAS QUE NÃO AGUENTARÃO O REGIME FORÇADO DE TRABALHO ESCRAVO PRODUZINDO PRODUTOS QUE SÃO VENDIDOS PARA O MUNDO POR PREÇOS BARATOS. ENQUANTO OS RICOS SAIRIAM DO BRASIL ATÉ DEZEMBRO*.",1,0,FN,1.4743248644401865e-09
MultinomialNB,0,":raised_fist_dark_skin_tone: *BANDEIRAÇO* :raised_fist_medium-dark_skin_tone:

:spiral_calendar: Hoje (27/09) - 16h
:round_pushpin:Av. Godofredo Maciel com Perimetral 

Galera de Fortaleza e adjacências, convidamos todas, todos e todes para juntos ocupar as ruas no bandeiraço *PSOL COM LULA* . Cola conosco por lá e vamos juntos celebrar a esperança!

*Faltam apenas 5 dias para vencermos o fascismo elegendo Lula 13 e Renato Roseno 50500.*

:raised_fist_dark_skin_tone::raised_fist_light_skin_tone::raised_fist_medium-dark_skin_tone:",1,0,FN,2.122110747973275e-13
MultinomialNB,0,"Tô torcendo para luladrão voltar com dona Marisa,  vai ser tão bom vê-los juntos outra vez.",1,0,FN,0.46606634749024844
MultinomialNB,0,"Ao chegar mais cedo em casa, o marido encontra sua mulher nua na cama, prostada e respirando ofegante.
-O que houve querida? Vc não está passando bem?
-Acho que é um ataque do coração, responde ela.
Ao ouvir isso, o marido corre pro telefone, feito um louco, para chamar um médico. Enquanto tentava discar, o filho chega perto dele e avisa:
-Pai, tem um fantasma no banheiro.
O marido vai até lá, abre a porta e, encontra um cara vestindo um lençol. Puxa o pano e dá de cara com o seu melhor amigo, pelado. Ficou indignado e disse:
-Pelo amor de Deus Alfredo! Minha mulher tendo um infarto e vc fica assustando as crianças.

Assim é a mentalidade de um petista, que finge  que Lula não é ladrão.

 Sensacional! :face_with_tears_of_joy::face_with_tears_of_joy::face_with_tears_of_joy::face_with_tears_of_joy::face_with_tears_of_joy::face_with_tears_of_joy:",1,0,FN,0.019357183968776677
MultinomialNB,0,"Kkk
Com certeza só que estamos entre os dois 
Como diz a PALAVRA DE DEUS SOMOS EMBAIXADORES DE CRISTO NA TERRA 
.....
DEVEMOS TER A MENTE DE CTISTO""!
Quando vc vota é confirma para Deus vc manda o recado de que concorda com aquilo que o candidato pensa..
Enquanto Lula quer a destruição da família, liberação do aborto e das drogas, cartilha das drogas e LGBTQIA+ nas escolas com banheiro trigenero, ou seja sua filha vai usar banheiro junto com marmanjo...
E ai... Lula quer aprovar no congresso leis que impedem vc evangelizar no Brasil coisa que já acontece em vários países de esquerda com presidentes amigos de Lula...
Citamos a Nicarágua agora...
Na França se vc evangelizar na rua paga multa para o governo..
EUA já não se pode ler a Bíblia fora da Igreja...
Nas praças...
Etc",1,0,FN,8.582526720905985e-08
MultinomialNB,0,A mulherzinha que ganhou a eleição usando o nome de Bolsonaro ficou stressadinha kkkk,1,0,FN,2.4634386291311854e-08
MultinomialNB,0,"É difícil ter comunhão com um crente desse que compactua com a bandidagem.
Os olhos de Deus estão em todo lugar, observando esses.",1,0,FN,5.851799195965626e-11
MultinomialNB,0,"*UMA PIADA*

O filho do PETISTA (brasileiro nato) nasceu e ele ficou muito feliz, pois o que mais desejava era um filho. A mulher (brasileira nata) do PETISTA ficou de repouso pós parto e tomava sopinha no canudinho, diga-se de passagem, preparada pelo próprio PETISTA, bem como todos os dias o mesmo dizia que a amava e estava muito feliz.
Um belo dia, o PETISTA percebeu que seu filho não abria os olhos e muito preocupado foi consultar o médico que fez o parto:
PETISTA: - ""Dr, tem algo estranho com meu filho,  ele não abre o olho""
O médico, muito constrangido disse:
- ""Quem tem que abrir o olho é o Sr""
:rolling_on_the_floor_laughing::rolling_on_the_floor_laughing::rolling_on_the_floor_laughing::rolling_on_the_floor_laughing::face_with_tears_of_joy::face_with_tears_of_joy::face_with_tears_of_joy::face_with_tears_of_joy::face_with_tears_of_joy::face_with_tears_of_joy:",1,0,FN,3.483635206564052e-06
MultinomialNB,0,"Antes que algum cretino diga que o evento do Satanás (lula) foi um sucesso em BH, mostrando imagens em close,segue o vídeo.
Completamente vazio em plena Avenida Afonso Pena (principal de BH).
Nâo existe como este cretino vencer a eleição, SEM QUE ALGUMA COISA ESTRANHA OCORRA NO SISTEMA DE VOTAÇÃO. 
Repasse, inclusive com esta mensagem para que todos saibam a verdade.",1,0,FN,0.03848479895103974
MultinomialNB,0,Gado agressivo.,1,0,FN,3.8728348992836493e-08
MultinomialNB,0,"*Veja essa reflexão, o socialista Renato Casagrande quer eleger o bandido de nove dedos. Nunca foi tão fácil escolher o nosso candidato!*

*MANATO E BOLSONARO :keycap_2::keycap_2: :Brazil::Luxembourg:*",1,0,FN,2.00721480097494e-06
MultinomialNB,0,LULADRAO NERVOSO APOIS O DEBATE .,1,0,FN,0.41338912486790136
MultinomialNB,0,O  voto   è  pessoal   è  particular  !   Eu  NÃO   sou  anônimo   minha   COLINHA   e  da  família   e  alguns   amigos   será   está  ! NÃO   VOTAMOS   em  candidatos   que  apoia   a  esquerda   do DIABO   !  Somos   PATRIOTAS   !:thumbs_up_medium-dark_skin_tone::thumbs_up_medium-dark_skin_tone::thumbs_up_medium-dark_skin_tone::thumbs_up_medium-dark_skin_tone::thumbs_up_medium-dark_skin_tone::thumbs_up_medium-dark_skin_tone:,1,0,FN,2.9385653073424414e-12
MultinomialNB,0,O PROJETO DA ESQUERDA É  FUDER O BRASIL:backhand_index_pointing_up::backhand_index_pointing_up::backhand_index_pointing_up::rolling_on_the_floor_laughing::rolling_on_the_floor_laughing::rolling_on_the_floor_laughing::rolling_on_the_floor_laughing::rolling_on_the_floor_laughing::rolling_on_the_floor_laughing:E BENEFICIAR OS AMIGUINHOS COMUNISTAS  FDP,1,0,FN,2.8303972731504718e-08
MultinomialNB,0,Esse aí independente das falácia que nego costuma falar pior é a roubalheira que o Lula cometeu contra o nosso país Eduardo Costa é um dos grande apoiadores de Jair Messias bolsonaro,1,0,FN,1.0685954576838532e-11
MultinomialNB,0,"Deus que nos livre desse bandido,canalha voltar a ser “presidente” da nossa nação",1,0,FN,5.081692637382236e-07
MultinomialNB,0,"É decreto idiota e todo mundo sabe que não pode, só os idiotas acreditam nisso .",1,0,FN,1.4875643412108037e-05
MultinomialNB,0,"Manda o Felipe Neto ir pra puta que o pariu, amanhã é dia de eleição, quem é esse moleque, ele é candidato a que? Acordem, postem essas merdas não, amanhã é tudo ou Venezuela...",1,0,FN,6.739144180197637e-06
MultinomialNB,0,"A HORA E ESSA PATRIOTAS VAMOS NOS LIVRAR DESSES BANDIDOS SANGUESSUGAS QUE ESCRAVISAR NOSSO POVO , DEUS ACIMA DE TUDO, BRASIL ACIMA DE TODOS ...",1,0,FN,0.0017629925104634624
MultinomialNB,0,"Bom dia à todos! 
Se você Acredita em DEUS, na Pátria, na Família, na Paz e Prosperidade, então deve estar consciente que HOJE venceremos o SATANÁS e Seus SEGUIDORES.",1,0,FN,0.44393000145857947
MultinomialNB,0,"Povo q não tem noção do que é um Satanás, disfarçado de gente e cachaceiro!!:thumbs_down_dark_skin_tone::thumbs_down_dark_skin_tone::thumbs_down_dark_skin_tone::face_vomiting::face_vomiting::face_vomiting::confounded_face::confounded_face::face_with_steam_from_nose::face_with_steam_from_nose::face_with_steam_from_nose::face_with_steam_from_nose:",1,0,FN,1.6827509719517471e-06
MultinomialNB,0,POR QUE O NORDESTE ESTÁ TÃO ATRASADO ??? JÁ VI ESSE FILME ANTES…,1,0,FN,5.308658261228134e-11
MultinomialNB,0,"Não entendo como um ladrao consegue ganhar tantos votos,  Novamente o povo escolhe o ladrao!!! e deixa Jesus na saudade!!! A História se repete!!:enraged_face::enraged_face::enraged_face::enraged_face:",1,0,FN,3.934915618058749e-12
MultinomialNB,0,Um ex presidiário que falou em publico que faz pacto até com o diabo e as pessoas não consegue ver essas coisas,1,0,FN,3.3711145879394506e-12
MultinomialNB,0,Nordeste é tão piada que tá quase eleito o galo cego pra federal diz ai:clown_face::clown_face:,1,0,FN,0.0005977396299276805
MultinomialNB,0,"Constata-se a minha velha teoria:
 #LATADELIXOBRASIL
#LATADELIXOPARÁ 
COLOCANDO AS DUAS IMUNDÍCIE GOVERNADOR LADRÃO ELEITO
Ê UM QUADRILHEIRO CHEFE DA MAIOR ORGANIZAÇÃO CRIMINOSA DO BRASIL NO 2° TURNO SÓ PROVA QUE O PARÁ Ê O BRASIL NA GRANDE MAIORIA DESSE ESTADO Ê DESSA NAÇÃO É CONSTITUÍDA DE VAGABUNDOS, PARASITAS DO DINHEIRO PÚBLICO; RETARDADOS, SAFADOS, ESTELIONATÁRIOS, CÚMPLICES DA CANALHADA QUE FAZEM A POLITICALHA QUE EMPERRA Ê JOGA O ESTADO Ê A NAÇÃO NESSA IMUNDÍCIE DE ATRASO SOCIAL CUJO IDH É ESSE LIXO QUE PROVAM OQUE EU FALO 
#LATADELIXOBRASIL 
#LATADELIXOPARÁ.",1,0,FN,0.00011519402334818774
MultinomialNB,0,Do mesmo jeito que eles não negam que tem apoio do diabo.,1,0,FN,1.9067953485300966e-09
MultinomialNB,0,Exato! Como pode uma cretina dessa está em um grupo de direita! Tira ela ou saiu eu,1,0,FN,1.1613697520949056e-06
MultinomialNB,0,"PESSOAL BOA NOITE.
MUITAS DAS VEZES PASSAM VÍDEOS DESPERCEBIDOS QUE NÃO CONSIGO ACOMPANHAR.
ALGUÉM POR UM ACASO TEM O VÍDEO TÃO FALADO DO MARCOLA APOIANDO O LULADRÃO?
SE ALGUÉM TIVER POSTA E ME MARCA POR FAVOR.
OBRIGADO!! :rightwards_hand_light_skin_tone:‍:leftwards_hand_light_skin_tone::Brazil::footprints:",1,0,FN,7.96280422462839e-08
MultinomialNB,0,"Esse idiota só vive disso, tem que entrar no link da postagem e denunciar o youtuber pra ele perder logo a página pra deixar de ser espalhador de fake news.",1,0,FN,1.0368950287225364e-08
MultinomialNB,0,"Escuta essa aí, do Gedel Vieira Lima, ele gravou esse vídeo em Goiânia, quando ele fala da Dilma Rousseff e da filha Paula Rousseff, elas fizeram o cartório abrir a noite, em Pirenópolis Goiás, pra registrar as fazendas compradas com dinheiro :money_with_wings: roubado. A outra fazenda do LuLADRÃO, que ele não lembra o nome é a Santa Bárbara. :face_screaming_in_fear::face_screaming_in_fear:",1,0,FN,2.537380371933431e-08
MultinomialNB,0,"~ Você que é Cristão precisa repassar este vídeo da filha do Lula agradecendo a maçonaria pela liberdade do Lula como também os vídeos relacionados à blasfêmia do Lula contra Jesus e ele no centro de Umbanda! :red_exclamation_mark::red_exclamation_mark::red_exclamation_mark::double_exclamation_mark:

~ Querem destruir o Brasil ao máximo e tirar o Bolsonaro de jogada! Criam edições e falsas imagens como fizeram do Ciro Gomes ao lado de Bolsonaro! Como também fizeram uma nova investida contra o Bolsonaro!

Vídeo Deep Fake: Uma tática muito utilizada para meter candidatos onde não estão como também falar coisas que ele não falou!

O que a mulher no centro de Umband diz à Lula? Simples: xanobal é proveniente de baal, a antiga serpente. 

Todas as lideranças mundiais que são à favor dos LGBTs, Abortos e a destruição da igreja como a perseguição do exercício da fé!

Como a ministra espanhola da igualdade ligada aos governos apoiantes de Lula quer liberar a pedofilia!
Como PCC comemorou a vitória de Lula no primeiro turno!
~ Compartilhem à todos os contatos e grupos! :Brazil:",1,0,FN,5.059516778184813e-07
MultinomialNB,0,"Mulher de Lula posta foto com pomba-gira, xangô, preto velho e se declara ser da umbanda - Folha da Política:link:",1,0,FN,8.481485041642335e-05
MultinomialNB,0,Não podemos deixar cair no esquecimento! E o idiota do Alkimin se prestou á isso!,1,0,FN,0.006158727354587937
MultinomialNB,0,":Brazil::Brazil::Brazil::fire::fire::fire::Brazil::Brazil::Brazil:

:curly_loop: SENHOR LIVRA O BRASIL DE TODO MAL, QUEBRA TODA CORRENTE DE MALDIÇÃO, TODA OBRA DE MACUMBARIA E FEITIÇARIA,  LEVANTA O NORDESTE, QUE AS PESSOAS QUE NÃO VOTARAM O SENHOR POSSA ESTAR TIRANDO TODA CEGUEIRA ESPIRITUAL. PAI QUERIDO, NOS PROTEJA E LIVRE DE TODO MAL, LIVRE AS NOSSAS FAMILIAS...SOMOS EXÉRCITOS GUERREIRO VALENTE DA LINHA DE FRENTE DE CRISTO. O BRASIL TEM SOLUÇÃO,  

:Brazil::Brazil::Brazil::fire::fire::fire::Brazil::Brazil::Brazil:",1,0,FN,4.581938886006235e-07
MultinomialNB,0,Vamos mostrar para esse idiota quem ou melhor quantos estão com Bolsonaro????,1,0,FN,4.1656694931040113e-07
MultinomialNB,0,"Gente, é sou SOBE do tal"" L"" de LULADRÃO. Só  agora. Nem tinha ideia. E aqui em São LUÍS  do MARÁ  MARANHÃO,  não vejo muito. Aqui o povo é falso, eu acho. Pra mim, eu achava que em SÃO LUÍS,  BOLSONARO ganharia aqui na capital. Mais também,  tanta gente suspeita e eleitassss. Até a filha Do SIR NEY, MARAJÁ  DO MARÁ,  foi eleita deputada federal. Estranho muito estranho.  Os eleito daqui e inclusive o BANDIDO  MOR, teve muitos votos. TODA ESSA ELEIÇÃO FOI MUITO SUSPEITA. SE NÃO TIVEREM CUIDADO, FARÃO AINDA PIOR: NESSA CONTAGEM MENTIROSA DE VOTOS!!!! LADRÕES LADRÕES LADRÕES LADRÕES ROUBARAM AS ELEIÇÕES :mouse::mouse::mouse::mouse::mouse::mouse::mouse::mouse::mouse::mouse::mouse::mouse::mouse:",1,0,FN,2.833167092615608e-09
MultinomialNB,0,"*POVO FIQUEM ESPERTOS; UM GRANDE NÚMERO DE MESÁRIOS QUE ESTEVE NESSAS ELEIÇÕES, DE CERTEZA ESTAVAM NUM ESQUEMA PARA COLABORAR COM AS FRAUDES DAS URNAS, ISSO FORA A SOLTURA TEMPORÁRIA DE PRESIDIÁRIOS PARA VOTAR NO LULADRÃO*



FIQUEM DE OLHO VIVO:eyes::eyes::eyes:",1,0,FN,3.2751132931848565e-06
MultinomialNB,0,"É não seu imbecil, isso aí é resultado das ações do Bozo",1,0,FN,0.15765549974720292
MultinomialNB,0,"Amigo o problema não e ele ser gay ou bi ate porque eu sou tbm.

O problema e que ele tem um discurso extremamente lgbtfobico e esse exposed mostra a hipocrisia dele",1,0,FN,1.7318672066713635e-07
MultinomialNB,0,"*VAGUINHO, O JAGUNÇO DE BELFOR ROXO*
*LULADRAO O CANDIDATO DO CRIME ORGANIZADO*:enraged_face::enraged_face::enraged_face::enraged_face:",1,0,FN,1.3047714692672793e-06
MultinomialNB,0,"Voto em Bolsonaro, pra dizer que sou rico, e quem vota no LULADRÃO, é pra dizer o quê??:rolling_on_the_floor_laughing::rolling_on_the_floor_laughing::rolling_on_the_floor_laughing::rolling_on_the_floor_laughing::winking_face_with_tongue:",1,0,FN,7.153455745633255e-08
MultinomialNB,0,Esse cara está ajudando o aleijado das mãos a se eleger.,1,0,FN,5.7896019073769185e-06
MultinomialNB,0,BOM DIA MES QUERIDOS DO GRUPO NÃO  TA FÁCIL AS FACÇÃO CRIMINOSAS QUEREM TOMAR CONTA DO NOSSO BRASIL TA BEM COMPLICADO TEMOS QUE PEDIR A DEUS SABEDORIA E ORAR LUTAR PORQUE A CAPETADA QUER VENCER DE QUALQUER MANEIRA JESUS É CHAVE DA NOSSA VITÓRIA  VAMOS ORAR QUE NOSSO DEUS ESTEJA SEMPRE NO COMANDO DAS NOSSAS VIDAS PORQUE O LULA É SUA MANADA SÃO TODOS MUITO SUJOS NÃO AMA NEM A SI MESMO SÃO UMA MANADA DE PORCOS SUJO IMUNDOS TERRIVEL VAMOS ORAR COM DEUS VAMOS TER VITÓRIAS:clapping_hands_light_skin_tone::clapping_hands_light_skin_tone::clapping_hands_light_skin_tone::clapping_hands_light_skin_tone::clapping_hands_light_skin_tone::clapping_hands_light_skin_tone::clapping_hands_light_skin_tone::clapping_hands_light_skin_tone::clapping_hands_light_skin_tone::clapping_hands_light_skin_tone::clapping_hands_light_skin_tone::clapping_hands_light_skin_tone::clapping_hands_light_skin_tone::clapping_hands_light_skin_tone::clapping_hands_light_skin_tone::clapping_hands_light_skin_tone:,1,0,FN,2.152092501818075e-06
MultinomialNB,0,"Após passagem por favela do RJ, Luladrão foi homenageado por seus amigos. :backhand_index_pointing_down_light_skin_tone:",1,0,FN,0.009491680531711007
MultinomialNB,0,Pra não dizer que é fake.:face_with_tears_of_joy::face_with_tears_of_joy::face_with_tears_of_joy::face_with_tears_of_joy::backhand_index_pointing_up: você não sabe de porra nenhuma :face_with_tears_of_joy::face_with_tears_of_joy::face_with_tears_of_joy::face_with_tears_of_joy: Luladrão falando para o seu assessor kkkk,1,0,FN,2.4606524148572273e-10
MultinomialNB,0,Tem até gay apoiando Bolsomaro aqui. Poderiam explicar as falas dele contra gays aqui :backhand_index_pointing_down::backhand_index_pointing_down::backhand_index_pointing_down:,1,0,FN,7.368755106005531e-08
MultinomialNB,0,"*Bolsonaro vence de lavada  debate do consórcio da imprensa e muito tranquilo e sereno,  lavou a alma de milhões de brasileiros quando expos que o Luladrão só está concorrendo porque Fachin seu cabo eleitoral o descondenou dos seus crimes de corrupção.*",1,0,FN,4.8358483164761704e-06
MultinomialNB,0,":backhand_index_pointing_up:Quem é CONTRA bandido como o LULADRÃO está com Bolsonaro (22).

Avante Brasil! :Brazil::Brazil::Brazil:",1,0,FN,4.936489800360449e-07
MultinomialNB,0,NORDESTINA VOTOU NO LULADRAO  E SE ARREPENDE AMARGAMENTE,1,0,FN,0.3953567242411189
MultinomialNB,0,"O LuLadrão mexeu com o cara errado. *Zema* tá com sangue nos olhos agora!!!
Reunião hoje com mais de 500 Prefeitos em MG.
:Brazil::Brazil::Brazil: Orgulho de MINAS GERAIS e dos MINEIROS! *VÃO VIRAR ESSE TREM !!!!!
:backhand_index_pointing_down_dark_skin_tone::backhand_index_pointing_down_dark_skin_tone::backhand_index_pointing_down_dark_skin_tone::backhand_index_pointing_down_dark_skin_tone::backhand_index_pointing_down_dark_skin_tone:",1,0,FN,0.005787393310198362
MultinomialNB,0,"*O estrago do PT/ Luladrão na favela e agora a tentativa de ataque a Michele em Brasília e Tarciso em São Paulo com tiros foi muito grande...o apoio a Bolsonaro está muito forte.*

*Pessoas que votaram no Ladrão por causa das Pesquisas Manipuladas e foram enganadas...todo mundo vai votar no* *BOLSONARO...e pessoal está com sangue no olho...estou panfletando direto em Rio da Ostras..*
*Bolsonaro está subindo na reta final...não tem mais como conter isso.*

*BOLSONARO ganha está Eleição no 2o TURNO.*",1,0,FN,1.5171551442350693e-05
MultinomialNB,0,"Agora se segura pra não cair da cadeira TIO 

Cumé qui é, LULADRÃO esperando Autorização do TRAFICANTE Marcola pra transitar em São Paulo???? 
Foi isso mesmo que eu ouvi?
Aí é o FIM!!",1,0,FN,0.04104875685985776
MultinomialNB,0,PATRIOTAS DA UM BUSCA AI NO GOOGLE  ESTADIO MANE GARRINCHA E VEJAM O QUE APARECE NO DIA 1* DE JANEIRO DE 2023 POSSE DO LULADRAO  JA ESTÃO COMEMORANDO O QUE SIGNIFICA  ISSO,1,0,FN,0.005619475376601923
MultinomialNB,0,Ta e aí tu é policia se for prende ele idiota ou queres por culpa em alguém,1,0,FN,4.8236337570399446e-05
MultinomialNB,0,"Passeata do Prefeito Waguinho de Belford Roxo no Bairro Bom Pastor em apoio ao LULADRÃO!!!! O motorista do carro reclamou do transtorno que estava causando no trânsito, e o prefeito mandou empurrar o carro dele com uma retroescavadeira.",1,0,FN,1.2605969211878065e-07
MultinomialNB,0,"BOLSONARO REELEITO :folded_hands_medium-light_skin_tone::folded_hands_medium-light_skin_tone::folded_hands_medium-light_skin_tone::folded_hands_medium-light_skin_tone::green_heart::Brazil::yellow_heart:! CANSADOS? QUE HIRONIA E ESSA?  VOTAR NUM VAGABUNDO LULADRÃO E SUA QUADRILHA DE TOGADOS? Daqui a pouco se esse meliante ganha, ADEUS LIBERDADE",1,0,FN,1.0591304370659483e-10
MultinomialNB,0,Aí que está a questão ! Pobre vai pela fome que o lula nunca matou..Tira o povo como idiota ..:horse_face::horse_face::horse_face::horse_face::horse_face:,1,0,FN,0.0019005467870239566
MultinomialNB,0,Ele mesmo disse que bastava dar 10 reais para o baiano ficar feliz,1,0,FN,1.224410001635315e-10
MultinomialNB,0,"*O DITADOR DA VENEZUELA ESTÁ APOIANDO O LADRÃO :man_facepalming_light_skin_tone::triangular_flag::man_facepalming::China::man_facepalming::triangular_flag::man_facepalming::China::man_facepalming:Nunca devemos esquecer que o MADURO só está no poder segundo Ele próprio, com o grande APÓIO do LULALADRÃO, fato inquestionável. E, agora o DITADOR de lá da VENEZUELA, faz o mesmo, ou seja, dando o seu APÓIO ao LADRÃO brasileiro... É isso que você, sua esposa e seus filhos querem num ""FUTURO BEM PRÓXIMO,"" para terem o que comer vão ter que catar comida no lixo ou terem que sacrificar seus animais de estimação???*",1,0,FN,0.399916643409081
MultinomialNB,0,"Tudo bandido e insanos, comunista, fascista, doente. Deus vai fazer justiça. Em nome de Jesus",1,0,FN,0.08976873170044951
MultinomialNB,0,Depois de tudo isso! Eu parar p discutir com petista! O idiota serei euuu,1,0,FN,0.008128959370234506
MultinomialNB,0,":thinking_face::backhand_index_pointing_up_medium-dark_skin_tone:ASSISTAM :man_gesturing_OK_medium-light_skin_tone::thinking_face:EU ACHO: QUE OS ELEITORES DO:backhand_index_pointing_right_medium_skin_tone: ""LULADRÃO"" SÃO: ""CUMPLICES DISSO!. :thinking_face:PESSOAS DE BEM, HONESTAS, QUE: SÃO CONTRA:backhand_index_pointing_right_medium_skin_tone:"" MENTIRAS "", ""ROUBOS,"", ""ABORTOS"",""IDEOLOGIAS DE GÊNEROS "", ""LIBERAÇÃO DAS DROGAS"", ""EROTIZAÇÃO"", E ""IDIOTIZAÇÃO DE CRIANÇAS "" NAS ESCOLAS. TUDO ISSO: OBRAS DO :angry_face_with_horns:MALIGNO. Esses 2 versículos.é um resumo disso tudo.:backhand_index_pointing_right_medium_skin_tone:João.8.44 e João.1010. :thinking_face::backhand_index_pointing_up_medium-dark_skin_tone:ASSISTAM E :backhand_index_pointing_right_medium_skin_tone:REPASSEM,  AOS CONTATOS.",1,0,FN,1.3855572404550374e-05
MultinomialNB,0,"Já saiu o resultado do dia 30 de outubro sobre as eleições.

LULA ganhou de Bolsonaro com *52% dos votos*.

Já temos definido o Presidente do Brasil para 2023. *LULADRAO*.

É muita falcatrua da *GLOBO*",1,0,FN,2.262213864568686e-11
MultinomialNB,0,Axei q era fake mas é verdade msm:face_with_hand_over_mouth:Bolsonaro disparou na frente do Luladrao,1,0,FN,0.0007461353391203067
MultinomialNB,0,Acabei de ver na band o Luladrao 53% e Bolsonaro47% não posso acreditar numa coisa dessas.,1,0,FN,1.5750253095498004e-10
MultinomialNB,0,LULADRAO E O INCENTIVO AO MST FDPS,1,0,FN,1.0212102506927802e-08
MultinomialNB,0,"Esse mafioso é bandido e fim de conversa!  É nojento ver esse tipo de notícia, é chamar o povo de idiota na lata!",1,0,FN,2.804605785829496e-10
MultinomialNB,0,ENQUANTO ISSO O LULADRÃO AUMENTAVA 12 REAIS,1,0,FN,0.011238089097299214
MultinomialNB,0,"Pq cidadão de bem, honesto como Lula Ladrão diz que não tem uma alma viva mais honesta que Ele",1,0,FN,3.688437949881219e-11
MultinomialNB,0,":fire::fire::fire::fire::fire:Eduardo Paes foi levar o *LULADRÃO* para ver o jogo do Vasco, e foi recepcionado dessa brilhante e calorosa forma !:backhand_index_pointing_up:",1,0,FN,5.69424061541067e-10
MultinomialNB,0,Como um cidadão que diz ser cristão vota num candidato que apoia invasão de terra dos outros de casas apoia os costumes lgbt legalização de drogas e de ladrões de celulares etc que Jesus é esse,1,0,FN,2.55745527000915e-09
MultinomialNB,0,GENTE TENHAM CALMA PARA COM ISSO CONFIA NO SENHOR E EU FICO ME PERGUNTANDO? ESSE É O BOLSONARO QUE EU VOTEI CERTAMENTE NÃO SERÁ QUE BOLSONARO É IMBECIL É I***** E VAI ENTREGAR NAÇÃO DE GRAÇA COM FRAUDE?? ENTREGAR DE MÃO BEIJADA ?AH ESSE NÃO É CERTAMENTE O PRESIDENTE ASTUTO FEROZ QUE EU ESCOLHI PARA ADMINISTRAR UM PAÍS EU CONTINUO CONFIANDO NO MEU CAPITA0 ATÉ O DIA 31 DE DEZEMBRO ELE É O PRESIDENTE DESTA NAÇÃO E EU VOU AGUARDAR O SEU PRONUNCIAMENTO POIS CONFIO EM DEUS!,1,0,FN,0.000709158023323606
MultinomialNB,0,"*_Mais uma imbecil e  inconsciente._*

*_Em menos de 24 h já está sentindo na pele o resultado da sua imbecibilidade e alienação:_*",1,0,FN,0.00011083140935219447
MultinomialNB,0,Vc é louca uma criminosa. Cala a boca e vem para as ruas,1,0,FN,0.0004801378720716922
MultinomialNB,0,"Helder Barbalho fez campanha p Lulaladrao. Então , temos que começar pelo Pará p mudar",1,0,FN,7.419989079770031e-06
MultinomialNB,0,Sabe que esse bandido tava apoiando o presidente que eu e você votamos ! E ainda era idiota pra chamar ele de mito,1,0,FN,1.8468618960598167e-09
MultinomialNB,0,"VC PENSA QUE EU SOU BURRA QUE NEM TU NÉ, EU SEI QUE TU TÁ SE FAZENDO PASSAR PELA CARLA ZAMBELI, EU VOU É TE ENTREGAR PRA ELA.AGUARDE.",1,0,FN,0.44874126199380515
MultinomialNB,0,"*Tá parecendo que nós vamos continuar com final :eyes::Brazil::crying_face:  2002. a infelicidade do 2022 com um ladrão tomando conta do nosso país será??  vai ser tudo a mesma merda roubalheira e fazer o povo sofrer.* e os idiotas que votaram no Lula acreditam que ele fazerer alguma coisa mas não viram nada do que aconteceu  no passado será? :thinking_face: só tristeza o povo passando fome os dólares nas cuecas dos ladrões políticos e hoje  são as pessoas que o Lula quer de volta com ele no poder. :face_with_monocle:

que Deus abençoe todos os brasileiros mas ainda temos  muito pela frente mas se tiver uma chance a mais de não deixar o ladrão do Lula não pegar a Presidência temos que fazer de tudo e o mais é esperar o presidente Bolsonaro Fala alguma coisa assim que ele posicionar falar a última palavra aí nós podemos tocar o 2023 com Deus no Comando e de :eyes: e grudados igual carrapato em quem tiver fazendo as coisas erradas para prejudicar o nosso país Nunca! :saluting_face::Brazil:",1,0,FN,0.27161669607702515
MultinomialNB,0,"Hipócrita. Não tem pq protestar? Um ladrão voltando ao poder ilegalmente, fazendo o povo Brasileiro de palhaço e se faz de idiota.  Quem gostar do ladrão de estimação que comemore ,eu Não ! E o povo está nas ruas pq quer, graças ao pouco de Democracia q ainda nos resta, e uma constituição q vcs sonham em nos tirar.",1,0,FN,4.039436054873858e-05
MultinomialNB,0,"Pois continue trabalhando e estudando, é melhor que ficar igual um idiota defendendo político e passando vergonha",1,0,FN,0.0001228915676931059
MultinomialNB,1,"Quando terminar essa eleição vamos fazer uma festa para recuperar as amizades perdidas e as brigas familiares.
-Quem votou no bolsonaro traz a carne e a cerveja.
-Quem votou em branco traga frango e linguiça.
-Quem anulou o voto traga pão de alho e coração.
-Quem faltou na votação traga gelo e carvão. 
-E quem votou no PT não precisa vir.",1,0,FN,0.00020708325231451517
MultinomialNB,1,"Oi estou vendo que vc acha que me sentiria ofendido por sua colocação, mas vamos lá, tirando a clara baixeza de seu argumento, aonde precisa tentar ofender, um esforço deveras patético para uma pessoa que quer se dispor como alguém de alguma forma superior a outra, então vamos pela lei de Cristo somos todos irmãos e irmãs e todos iguais perante a Deus, não cabendo condenar ninguém.

Também há a questão que mesmo na Bíblia calúnia e difamação é um ato criminoso ao qual é muito mal visto então se já passamos uma pá de cal sobre esse seu infeliz pronunciamento.

Não, não sou homo sexual, não tenho qualquer trejeitos delicado e muito menos sou destemperado e barraqueiro.

Também não estou em cima de qualquer muro, me coloco aqui em uma posição clara entre Belzebu e Baphomet eu não fico com nenhum, anjos caídos não se arrependem de seus pecados e este é o caso destes dois déspotas.",1,0,FN,1.0248500380524486e-12
MultinomialNB,1,"Garota inteligente e muito patriota, mas com certeza ela teria que ter alguém à protegendo onde ela for, porque a esquerda da universidade não irão perdoar essa Super Guerreira :Brazil::folded_hands_light_skin_tone::Brazil:. São de jovens iguais que o Brasil :Brazil:precisa :clapping_hands::thumbs_up:",1,0,FN,0.02304318703947531
MultinomialNB,1,Se fosse vermelha a reação  da globolixo seria a mesma? Claro que não,1,0,FN,4.197872285204637e-12
MultinomialNB,1,"GOVERNADOR CLÁUDIO CASTRO TAMBÉM ESTÁ COM A GENTE

:Brazil: SE VOCÊ APOIA O NOSSO PRESIDENTE JAIR BOLSONARO, O GOVERNADOR CLÁUDIO CASTRO E O FUTURO SENADOR DANIEL SILVEIRA, VOCÊ TAMBÉM FAZ PARTE DA FAMÍLIA JORDY!  :thumbs_up::Brazil::clapping_hands:

:backhand_index_pointing_down::backhand_index_pointing_down::backhand_index_pointing_down::backhand_index_pointing_down::backhand_index_pointing_down::backhand_index_pointing_down::backhand_index_pointing_down::backhand_index_pointing_down::backhand_index_pointing_down:
:Brazil: RENAN JORDY :keycap_2::keycap_2::keycap_1::keycap_1::keycap_1: 
:Brazil: CARLOS JORDY  :keycap_2::keycap_2::keycap_1::keycap_1:
:Brazil: DANIEL SILVEIRA :keycap_1::keycap_4::keycap_2:
:Brazil: CLÁUDIO CASTRO :keycap_2::keycap_2:
:Brazil: JAIR BOLSONARO  :keycap_2::keycap_2:

:police_car_light:COMPARTILHE COM O MÁXIMO DE PATRIOTAS E AJUDE O BRASIL A FICAR LIVRE DO LULADRÃO, MARCELO FROUXO, ENTRE OUTROS CRÁPULAS QUE SÓ ASSOLAM O PAÍS.",1,0,FN,0.006626829968600022
MultinomialNB,1,"Vamos combater a esquerda até vencermos essa guerra. 
SALVE NOSSO CONTATO 

Vote nos candidatos do Bolsonaro :Brazil: :Brazil: :Brazil: :Brazil: :Brazil: :Brazil:

* Deputado Federal: Coronel Malabarba 44.00

* Deputado Estadual: Ruy Irigaray BOLSONARO 44.000

* Presidente: Jair Bolsonaro 22
",1,0,FN,4.4769995061449725e-07
MultinomialNB,1,"Já estão preparados para o golpe da esquerda  ???
:pensive_face::loudly_crying_face:
Não vejo outro cenário...

Aqui no RN , vai ser proibido todo tipo de forças policiais e  etc.. 
Por perto das zonas eleitorais...

 Sempre se soube que eleição é perigoso pois sempre alguém vem cobrar contas com seus desafetos e por aí vai , imagina como vai ser domingo...

Que Deus nos proteja :folded_hands_light_skin_tone::raising_hands_light_skin_tone::folded_hands_light_skin_tone::raising_hands_light_skin_tone::folded_hands_light_skin_tone:",1,0,FN,4.97941036645544e-05
MultinomialNB,1,"*AMEAÇA QUE ESSE TRAÍDOR DESGRAÇADO FAZ CONTRA A NAÇÃO E O POVO BRASILEIRO, SE POR VENTURA ELE GANHASSE AS ELEIÇÕES, ATÉ DEZEMBRO OS RICOS SAIRIAM DO PAÍS E OS POBRES SERIAM ESCRAVIZADOS E MUITOS ASSASSINADOS*.
*ASSISTAM COM ATENÇÃO ESTE VÍDEO E OUTROS QUE IREMOS POSTAR.*",1,0,FN,6.131177218236096e-08
MultinomialNB,1,"Um infeliz desse ainda qer se reeleger
Só sifor no inferno q e lugar de cão",1,0,FN,0.002379072169114092
MultinomialNB,1,"Isto aconteceu em 2018, na véspera do segundo turno
Quando Bolsonaro ganhou, a petezada sumiu. Pararam as invasões de imóveis",1,0,FN,1.2704454151829052e-06
MultinomialNB,1,":backhand_index_pointing_up::backhand_index_pointing_up::backhand_index_pointing_up:
""Artistas acreditam que se tiverem benesses financeiras tudo vale...
Este oportunismo surgiu com a associação PT e artistas, que foram comprados para fazerem ""propaganda"" da esquerda.""

*Fonte:* Canal Layla Fiuza",1,0,FN,0.15489905293961576
MultinomialNB,1,"Sim. A ação contra bandidos deve ser enérgica. Entre tombar um bandido ou um cidadão de bem que tombe o bandido. Mas,e os números mostram isso_ não é só o bandido que deve ser combatido, mas o crime e o crime é um fato social com uma série de fatores criminógenos: desigualdade, base familiar, falência da educação formal ,entre outros.
Esperar que o crime diminua simplesmente eliminando criminosos é como supor que um balde sob a goteira resolverá o problema da telha destruída.",1,0,FN,1.7770770043658356e-09
MultinomialNB,1,"GENTEEE, ESSE LADRA DO LULA ESTA MUITO TRANQUILO COM A VITÓRIA DELE,  TEM ARMAÇÃO POR AÍ. VAMOS ORAR E PEDIR A DEUS QUE CANCELE TODA AÇÃO DO MAL QUE ESTIVER ARMADO PARA AS NOSSAS ELEIÇÕES.",1,0,FN,2.428102379938132e-10
MultinomialNB,1,"O Adélio é cria da Globo. E vão cutucar ainda mais? Como diz minha mãe, o diabo ensina fazer a panela, mas não a tampa. Vem castigo a cavalo pra eles. :enraged_face::enraged_face:",1,0,FN,1.538730027864113e-09
MultinomialNB,1,É SÓ TROCAR  O NOME BOLSONARO POR LULADRAO :backhand_index_pointing_up::backhand_index_pointing_up::backhand_index_pointing_up::rolling_on_the_floor_laughing::rolling_on_the_floor_laughing::rolling_on_the_floor_laughing::rolling_on_the_floor_laughing:A ANÁLISE FICA. REAL E VERDADEIRA :rolling_on_the_floor_laughing::rolling_on_the_floor_laughing:,1,0,FN,1.0846644105887248e-08
MultinomialNB,1,"Antes que algum cretino diga que o evento do Satanás (lula) foi um sucesso em BH, segue o vídeo.
Completamente vazio em plena Avenida Afonso Pena (principal de BH).
Nâo existe como este cretino vencer a eleição. 
Repasse, inclusive com esta mensagem para que todos saibam a verdade.
:backhand_index_pointing_down::backhand_index_pointing_down::backhand_index_pointing_down::backhand_index_pointing_down::backhand_index_pointing_down::backhand_index_pointing_down::backhand_index_pointing_down::backhand_index_pointing_down::backhand_index_pointing_down:",1,0,FN,6.051603117943371e-05
MultinomialNB,1,"GOVERNADOR DA BAHIA, CORRUPTO E DITADOR COMUNISTA! CADÊ AS FFAA?",1,0,FN,0.411497135440662
MultinomialNB,1,"*CONCLAMAMOS A TODOS OS CIDADÃOS E CIDADÃS DE BEM DA NOSSA NAÇÃO.* 
*JOVENS E CRIANÇAS, ADULTOS E IDOSOS,* PARA COMPARECEREM AS URNAS, *NESTE PRÓXIMO DOMINGO, NO DIA GLORIOSO 02 DE OUTUBRO DE 2022,* VESTINDO AS CORES *VERDE E AMARELO.*
CATÓLICOS E EVANGÉLICOS, *PRECISAMOS NOS UNIR CONTRA UM INIMIGO COMUM,* O COMUNISMO E O SOCIALISMO.
*BRASIL ACIMA DE TUDO, DEUS ACIMA DE TODOS.* :index_pointing_up::index_pointing_up::index_pointing_up:",1,0,FN,2.8367819067701045e-05
MultinomialNB,1,"Lula e uma piada esse demônio nem podia ser candidato mas o Brasil deixou um ficha suja, ladrao, presidiário",1,0,FN,0.0034239990694867285
MultinomialNB,1,Ceara hj a noite  01/10/22 o velho ladrão vai toma uma trolhada no rabo que vai perder ate as pregas :face_with_tears_of_joy::face_with_tears_of_joy::face_with_tears_of_joy::face_with_tears_of_joy::face_with_tears_of_joy::face_with_tears_of_joy::face_with_tears_of_joy:,1,0,FN,4.218569095844158e-09
MultinomialNB,1,":cloud_with_lightning:

:Russia: Citação de Vladimir Putin:
""Prefiro ser enforcado por lealdade do que recompensado por traição!""

PALAVRAS IMPORTANTES DE PUTIN AO POVO

Putin: Cidadãos do mundo, falo com vocês sabendo que minha mensagem será distorcida e enquadrada. Estou sendo feito um perpetrador, mas só queria proteger meu povo que está sob ataque há mais de 10 anos. Não sou contra os cidadãos da Europa, são os vossos dirigentes que estão contra vós!

Esta é a sua chamada de despertar. Os nazistas venceram a Segunda Guerra Mundial!

Os líderes da UE são nazistas e você está bem ciente disso.

É o mesmo clube, com a mesma abordagem, que outros estados escravistas. Eles ignoram a sua e a minha opinião. Por que eu explodiria minhas próprias linhas de gás?

Eu posso simplesmente fechar a torneira. Essas alegações contra a Rússia são muito fáceis de desmascarar. Quem está bombardeando a usina nuclear?

A Europa é governada por nazistas que adoram Satanás!",1,0,FN,2.625572394830621e-09
MultinomialNB,1,Tão tudo caladinho os Bolsominion,1,0,FN,3.3189367064342438e-06
MultinomialNB,1,"Agora, resta à DIREITA, com 82% dos votos apurados, *torcer para ter segundo turno*.

Chances reais de vitória do LADRÃO no primeiro turno. 

Só a Bahia tem quase 2 milhões de votos *não apurados* e lá o LADRÃO tem 2 votos para cada voto de Bolsonaro.",1,0,FN,0.00012042324691937614
MultinomialNB,1,"Pessoal tá claro que há fraude... Os petistas estavam muito confiantes, mesmo com o Ladrão sem sair nas ruas, mesmo sendo bandido, principalmente de terem permitido o CABEÇA DE OVO, Ficar a frente do STE.....

*LEGALMENTE* SERIA IMPOSSÍVEL O EX- PRESIDIÁRIO PASSAR DO 1° TURNO E MUITO MENOS VENCER AS ELEIÇÕES.....",1,0,FN,0.30960834274447946
MultinomialNB,1,"Sou de Natal, todos arrasados, uma governadora idiota, imbecil, desonesta , mas a miséria é levado pra votar igual a gado . Ainda peço a Deus pra ter segundo turno :folded_hands::folded_hands::folded_hands:",1,0,FN,0.0004316442096690318
MultinomialNB,1,"Deus E Deus De Surpresas , Confia Gente , Esse Comunista Não Vai Voltar Ao Poder",1,0,FN,3.72091973904239e-05
MultinomialNB,1,"A situação vai ficar pior se não  tomarem uma atitude, nosso povo vai ser praticamente escravizado por esse DITADOR dos inferno .",1,0,FN,9.053471071050505e-10
MultinomialNB,1,"BEM FEITO PARA NÓS E PARA O BRASIL.  TODO MUNDO FALANDO DO ROUBO DAS URNAS. E O BOLSONARO COVARDE E ACEITOU QUE NÃO TIVESSE VOTO IMPRESSO.  GRAÇAS A DEUS QUE NÃO  TENHO FILHO PARA VER ELES SOFREREM COM O COMUNISMO E A FALTA DE LIBERDADE. RELIGIÃO ACABOU, BANCOS AGORA VÃO TIRAR ATÉ A CARNE DAS PESSOAS.  NO USA ACONTEU O ROUBO NA ELEIÇÃO,  VC ACHAVAM QUE AQUI NO TERCEIRO MUNDO NÃO IRIA ACONTER? VOU DORMIR COM A CABEÇA ERGUIDA POR TER FEITO DE TUDO PARA NÃO DEIXAR OS LADRÕES LONGE DO PODER.  INFELIZMENTE NÓS  SOMOS OTÁVIOS POR ACEITAR A URNA ELETRÔNICA. VCS ACHAM MESMO QUE O RESULTADO É ESSE MESMO? O POVO TEM QUE PRA RUA E PEDIR OUTRA ELEIÇÃO. SOMOS MAIORIA E TEMOS CERTEZA DO ROBO. SE ELES REALMENTE TEM A CERTEZA QUE VENCERAM,  VÃO  ACEITAR.",1,0,FN,0.4134585959298727
MultinomialNB,1,FRAUDE PURA. ELEITORES DO BOLSONARO VOTARAM EM LULADRÃO.      TÁ,1,0,FN,1.1120432892726448e-07
MultinomialNB,1,"Ha 2000 anos o povo escolhe o ladrao. Ontem não foi diferente. Triste ver tanta gente ou ignorante e sem acesso à informaçãode qualidade ou desprovido de valores éticos e morais. Mas não adianta só reclamar. Temos que sair da nossa zona de conforto e lutar, garimpar votos etc onde quer que seja. Que Deus nos proteja do mal.",1,0,FN,6.970363957211748e-13
MultinomialNB,1,"Já pedi, implorei, entenderam, concordaram, muitos mas, não tocam no assunto, não tem nas redes e em nenhum lugar

Sou o único retardado que alerta sobre isso há anos, sozinho

Com a importância que eu tenho, é o mesmo que falar com as paredes",1,0,FN,4.2832473367118137e-10
MultinomialNB,1,"O baphomet é uma personificação da magia

 Tanto que ele é cheio de simbolismos",1,0,FN,3.152318494770254e-11
MultinomialNB,1,"Ele claramente não serviu, a única coisa que ele serviu foi de idiota útil",1,0,FN,0.0003306179181668296
MultinomialNB,1,":index_pointing_up::index_pointing_up::index_pointing_up::index_pointing_up::index_pointing_up::index_pointing_up::index_pointing_up::index_pointing_up::index_pointing_up::index_pointing_up::index_pointing_up::index_pointing_up::index_pointing_up::index_pointing_up::index_pointing_up::index_pointing_up:

*Conselho estratégico pra essa guerra, estamos a poucos dias da batalha final *

*Não perca tempo em tentar convencer esquerdopatas, essa gente tem cabeça feita, são lobotomizados, são bestializados, são psicopatas em diferentes graus, só Deus pode fazer o milagre *

*Corra atrás dos indecisos, tem aí mais de 40 milhões, de não comparecimento, votos em branco, etc etcetera *.

*Vamos correr atrás dessa gente, esqueçam os petistas por enquanto*.

*Confesso que gosto de ver petista irritado kkkkkkkkkkkk, mas vamos esquecer essa gente, e focar agora em outro alvo :bullseye: *.

:call_me_hand::call_me_hand::call_me_hand::call_me_hand:",1,0,FN,6.593079925936041e-13
MultinomialNB,1,Mais nem os cachorros ficam mais amarrados com com pote na frente...este é idiota mesmo...Lula roubou até o cérebro dele,1,0,FN,0.024501322905172408
MultinomialNB,1,"Linda estória é a do LULADRÃO, de uma só tacada ganhou de brinde um triplex, um sítio e alguns milhões.",1,0,FN,0.22411678143097424
MultinomialNB,1,"A OBRA MAIS IMPORTANTE DO PATRIOTA TRABALHADOR HONESTO DO GOVERNO JAIR MESSIAS BOLSONARO E DO BRASIL, FOI A CONSTRUÇÃO SEM CORRUPÇÃO DA  TRANSPOSIÇÃO DO RIO SÃO FRANCISCO ENTREGUE AO POVO NORDESTINO.
NO NORDESTE O COMUNISTA DITADOR LULALADRAO E O PARTIDO DOS TRABALHADORES, NÃO ROUBAM MAIS.
10.10.2022",1,0,FN,0.07628473338788377
MultinomialNB,1,"Que todos se conscientizem de que: nesse momento o mais importante é coletar informações e estratégias nos grupos e levá-las para fora dos grupos - levá-las a todos os isentões, àqueles que vão à praia no dia do voto, àqueles que porventura vão votar errado (votar no criminoso) - de nada adianta participar de um grupo se não fizer isso - e hastear a Bandeira do Brasil para fora de todas as janelas do  nosso imenso território nacional é de suma importância para dar visibilidade ao nosso desejo: Liberdade, Deus, Pátria e família - o mundo precisa conhecer o nosso desejo - é necessário que todos compreendam o risco que estamos correndo - lutamos pela liberdade, contra o comunismo escravagista e genocida. Que Deus nos abençoe.",1,0,FN,4.2386554913966085e-11
MultinomialNB,1,"Cara de onde vc conseguiu tirar tal conclusão? E pare com risadinha forçada soa ridículo parece um retardado.

Vamo lá sem desviar, deixe de ser esse covarde e não fuja do assunto.

Bolsonaro disse que participaria de um ritual indigna que ia comer carne humana?",1,0,FN,3.668755031389653e-05
MultinomialNB,1,LULADRAO VAI POR O DOLAR A 40 REAIS :rolling_on_the_floor_laughing::rolling_on_the_floor_laughing::rolling_on_the_floor_laughing::rolling_on_the_floor_laughing::rolling_on_the_floor_laughing::rolling_on_the_floor_laughing::rolling_on_the_floor_laughing::rolling_on_the_floor_laughing::rolling_on_the_floor_laughing:E INFLAÇÃO A 100%,1,0,FN,9.811459291726663e-10
MultinomialNB,1,"Isto a Globolixo/UOLixo/Foice de São Paulo etc não mostram e nem vai mostrar!
O Lulaladrão já não esconde mais a sua participação com o PCC,o CV e outras organizações criminosas, até internacionais, como as FARCS da Colômbia e os Narcos do México.
Hoje, 12 de outubro de 2022, foi ao Complexo do Alemão, no Rio, e seu reuniu com líderes do tráfico. *Posou com o boné do ""CPX"", um dos líderes do tráfico (CPX é uma gíria usada, tb, no mundo do crime e nos presídios).*
Entendeu o porquê de 98% dos presos e presas votaram no Lulaladrão?!
Cabe uma observação: esta lei eleitoral é um lixo, que tem tantos absurdos como este: um bandido, que está preso, pode votar e decidir o futuro da nação.... Sim, alguém que é péssimo exemplo pode votar em quem vai decidir o futuro do país! Será que bandidos, pedófilos, traficantes, estupradores, estelionatários etc votariam em quem os combate? É claro que não! Fica a observação",1,0,FN,0.05309894010385743
MultinomialNB,1,LULADRAO com boné do traficante mister m fdm,1,0,FN,3.2909766929470746e-09
MultinomialNB,1,Olha o que a Ptezada andam aprontando na rua. ESTÃO PENSANDO QUE LULADRAO JA GANHOU E ESTÃO SAIDO PRA RUA APRONTA.           DEUS NOS LIVRE DESSES BANDIDOS.,1,0,FN,0.20905067889202958
MultinomialNB,1,Deixa de ser imbecíl! Não existe ninguém descondenado idiota ! Cada uma puta que pariu ! O povo imbecil ! Dia 30 acaba !,1,0,FN,0.19335308328517825
MultinomialNB,1,Um idiota. Bem feito pra quem baba o ovo desse canalha.,1,0,FN,0.00011075853874514643
MultinomialNB,1,":backhand_index_pointing_up: *Mais uma mentira do LulaLadrão sobre a refinaria no Maranhão!* :man_facepalming::man_facepalming::man_facepalming::man_facepalming::man_facepalming::man_facepalming::man_facepalming::man_facepalming::man_facepalming::man_facepalming::man_facepalming::man_facepalming::man_facepalming:

Canal
[USER]:Brazil:",1,0,FN,8.953443536559991e-05
MultinomialNB,1,*PREFEITO DA CIDADE DE ROSARIO NO MARANHÃO  VAI ATÉ  A CIDADE DE BACABEIRA PARA DESMENTIR O LULADRÃO  QUE NO DEBATE DISSE QUE LÁ  HAVIA UMA REFINARIA EM PLENO FUNCIONAMENTO FEITA POR ELE. NÃO  EXISTE CANALHA MENTIROSO MAIOR QUE LULA NESSE PAIS. PTEZAIADA VOCÊS  JÁ  DERAM UM GOOGLE  HOJE PRA DESCOBRIR AS MENTIRES DO SEU DEUS CORRUPTO LADRÃO  E GENOCIDA???*,1,0,FN,0.00521244768099787
MultinomialNB,1,"Xandão vai decidir em favor do LuLADRÃO e do Corinthians. 

Certeza!",1,0,FN,6.1964705182859e-10
MultinomialNB,1,":megaphone::keycap_2::keycap_2::Brazil: *ATENÇÃO MUITA ATENÇÃO.* :Brazil::keycap_2::keycap_2::megaphone:

*Viagens em feriadão impensado irá nos CUSTAR 4 anos, talvez sem trabalho e sem dinheiro para viajar*

*Agora eu entendo pq, entre o primeiro turno e o segundo, teremos 4 semanas e não 3 como de costume. Dia 30 é um Domingo. Dia 29 é um sábado e 28 é uma sexta-feira. Dia do Funcionário Público. Com o de costume, feriado para o funcionalismo público. Eleição dia 30. Dia 01 de Novembro provável feriado/ponto facultativo e, dia 02/11, Finados. Outro feriado. Feriadão de 5 dias com uma eleição no meio. Quem viaja num feriadão? Eleitores do Bolsonaro ou eleitores do Luladrao? Abstenção severa? A quem vai beneficiar? Muita coincidência ou armação? Não vamos viajar. Vamos votar. Para reflexão.*:oncoming_fist::Brazil:",1,0,FN,1.7165933797117765e-12
MultinomialNB,1,SOLTURA DE UM DOS MAIORES TRAFICANTES DO BRASIL COM O OBJETIVO CLARO DE CONSEGUIR VOTOS PRO LULADRÃO  !,1,0,FN,0.005308755882523887
MultinomialNB,1,"Agora eu entendo pq, entre o primeiro turno e o segundo, teremos 4 semanas e não 3 como de costume.

Dia 30 é  Domingo. 
Dia 29 é sábado.
Dia 28 é  sexta-feira, DIA DO FUNCIONÁRIO PÚBLICO, feriado para eles.

Eleição  é dia 30.

Dia 01 de Novembro, (provável feriado) ponto facultativo.
E dia 02 de novembro, é FINADOS, outro feriado.

Feriadão de 5 dias  com uma eleição no meio.

Quem viaja num feriadão?

Eleitores do Bolsonaro ou  do Luladrão?

Abstenção severa?

A quem vai beneficiar?

Muita coincidência ou armação?

Não vamos viajar!

Vamos votar.

*Para reflexão*
Repasse para conscientização.",1,0,FN,2.8431603637316714e-09
MultinomialNB,1,PLANO DE GOVERNO  DO PT LULADRAO  CONFISCAR O DINHEIRO DO  POVO,1,0,FN,0.10018930495565345
MultinomialNB,1,"Enquanto isto, o Seu L lula LADRÃO, MATA CRIANÇAS em terreiro de UMBANDA, o BOLSONARO recebe ORAÇÃO, um CLAMOR a Deus 0ela vida dele",1,0,FN,4.242388878136982e-06
MultinomialNB,1,Teria sido ela mesmo que escreveu?! Marieta Severo era esquerdista de carteirinha e defendia Lulaladrao juntamente com a “rede esgoto”! :thinking_face:,1,0,FN,5.5123777552200754e-05
MultinomialNB,1,Não é a toa que lgbts maioria de esquerda são os que mais cometem pedofilia,1,0,FN,0.0008037092336446507
MultinomialNB,1,TALVEZ  NÃO  VAI  TER  NADA  DIA TRINTA  SO VAI  DIA TRINTA  DE NOVEMBRO  DESCUBRIU  FRAUDES   CAMPANHA  DO NOSSO PRESIDENTE JAIR  O PARTIDO  DO LULADRAO  ÉSTAR ENVOLVIDO  TA DANDO  NA TV JOVEM PAN  OS DEPUTADOS  ESTÃO  QUERENDO  MUDA PRA O S JAIR  BOLSONARIO  NÃO  FICAR  NO PREJUÍZO,1,0,FN,5.870979039539909e-09
MultinomialNB,1,"Se o Bolsonaro aceitar esta RASTEIRA da dupla Xandão & LADRÃO, ele vai merecer o título de TRUMP dos TRÓPICOS.

Tem que ser muito IMBECIL para aceitar uma RASTEIRA dessa, no segundo turno das Eleições Presidenciais 2022, estando ele no cargo de Comandante em Chefe das FFAA, de Chefe do Chefe da PF, porque Presidente da República.",1,0,FN,0.04130884377113841
MultinomialNB,1,Sabe porque o nosso Presidente Bolsonaro ganhou o debate? Simplesmente porque ELE tinha e tem argumentos suficientes para derrubar qualquer pergunta que viesse do seu adversário Lulaladrão. Moral da história:  Ser justo e verdadeiro nunca vai cair de moda.,1,0,FN,8.729656281564655e-06
MultinomialNB,1,Mas os dois usam isso gente  isso serve pra auxiliar  os dois que mlk idiota,1,0,FN,9.238526648316316e-08
MultinomialNB,1,"*Quem for de são Paulo e outras regiões e tiver empresa, não contratem NORDESTINOS. Eu sou uma Nordestina Piauiense. Porém, não me conformo eles acabarem com nosso Estado e ir procurar emprego fora.*",1,0,FN,0.0014889380238096905
MultinomialNB,1,A CASA CAIU!!!  OS NORDESTINO AGORA ESTÁ MOSTRANDO QUEM VAI COMER CAPIM.  INGUINORANTE DAS DESGRAÇA :Brazil::Brazil::Brazil::Brazil::Brazil:,1,0,FN,2.6394974655818426e-09
MultinomialNB,1,"Wilian Bonner, a última fala dele no final da apuração, ""a  pessoa q falar em fraude ou e burro ou está doente"",.",1,0,FN,3.037305461188108e-08
MultinomialNB,1,"Não está sendo fácil digerir essas histórias em que o estádio mane garrincha já teria sido reservado para posse do Lula bem antes mesmo das eleições do 2º turno e também aquela imagem da rede esgoto mostrando vitória do Lulaladrao bem como as gravações de final de ano com Lula eleito!!! 
Tem caroço nesse angu! :thinking_face::man_shrugging_medium-light_skin_tone:",1,0,FN,1.4378324540559997e-11
MultinomialNB,1,"Após o golpe nas urnas. Ops, quer dizer, ""vitória"" :smirking_face: a projeção da inflação que seria negativa para o ano que vem, sofreu uma TOTAL REVIRAVOLTA! Agora vai vim POCANDO! Faz o L RETARDADO! :thumbs_up:",1,0,FN,8.911565792908335e-09
MultinomialNB,1,"Caraca! Aconteceu comigo um fato curioso, quando fui votar e foram me entregar meu comprovante, ele já estava destacado, estava preso com um clipes. Achei estranho. Mad estou até agora indignada porque não questionei nada, como pude ser idiota dessa forma. Que raiva:enraged_face:",1,0,FN,2.548771565806461e-08
MultinomialNB,1,"Bando de idiota Jaqueline eu nem discuto com eles , vou é sair do grupo",1,0,FN,1.4956952698677917e-09
MultinomialNB,1,PESSOAL BOA TARDE É BEM ISSO VIU QUE ALAN FALOU EU VASCULHEI AS REDES SOCIAIS AGORA DE MANHÃ OS NOTICIÁRIOS DE TODOS NÃO ESTÃO DANDO SEQUER NENHUMA RELEVÂNCIA ESTÃO DEIXANDO A GENTE PASSAR BATIDO COMO IDIOTAS INCLUSIVE A JOVEM PAN DISSE AGORA COM TRINDADE ACABEI DE OUVIR QUE AS MANIFESTAÇÕES SÃO PACÍFICAS AS VIAS ESTÃO SENDO DESOBSTRUÍDAS OS CARROS ESTÃO PASSANDO AQUI QUE   ÍAMOS FICAR ORDEIRAMENTE NAS RUAS MAS A MEDIDA DO POSSÍVEL ACABARIA  OU SEJA A IMPRENSA ESTÁ DESESTABILIZANDO AS MANIFESTAÇÕES,1,0,FN,1.4958477526702405e-08
MultinomialNB,1,"Esse jornalista da Bandeirantes chamou todas as pessoas e os caminhoneiros que participaram dos movimentos de hoje. (02/novembro/2022) de IDIOTAS.                                   Ele entende que e' normal o POVO BRASILEIRO aceitar um bandido , criminoso , julgado e CONDENADO em 3 instâncias da justiça e por cerca de 12 juízes de Direito e descondenado por um advogado/juiz (juiz nomeado pelo próprio ex-presidente condenado) do STF ser PRESIDENTE DA REPÚBLICA.     Vamos divulgar isso e nao assistir mais a BANDEIRANTES.   PS: Falou agora a noite no Jornal da Bandeirantes por volta das 20 horas",1,0,FN,3.500882411998098e-09
MultinomialNB,1,"Por quê, a bíblia é contra o aborto, contra o homossexualismo, contra as drogas (vícios) , contra o espiritismo (macumbas), contra os ladrões etc...",1,0,FN,0.0004899657849907819
MultinomialNB,1,*AS BIBA AI KKKKKKKKKKKKKKK BOLSONARI É MUITO VIADO PUTA Q PARIUKKKKKKKKKKKK*,1,0,FN,2.1111844825244726e-05
MultinomialNB,1,O SENHOR ESTÁ SE REFERINDO A QUEM É A MIM! PRIMEIRO PONTO PROCURE SABER COM QUEM O SENHOR ESTÁ FALANDO QUANTO AO TEXTO QUE EU POSTEI SEU IMBECIL VAI ENTENDER O QUE ESTÁ ESCRITO PARA NÃO FALAR IMBECILIDADE,1,0,FN,1.2004840763545818e-07
MultinomialNB,1,"Que loucura, macumba pura contra o presidente e contra o Brasil... Satanás quer de qualquer forma tomar o poder, mas DEUS não vai deixar!!!",1,0,FN,5.846167971901705e-09
MultinomialNB,2,"Gente...até  qdo  isto???
Tenho netos ...adolescentes..
Inteligentes... não toleram ideologias de nenhum tipo...
Como encarar esta raivosa intolerância...
Como mãe...avó de 73 anos...nunca vi isto...
SÓ JESUS  NA NOSSA CAUSA...
Oremos...oremos... Nossa 
Oração...
SENTADO À DIREITA DE DEUS QUE PAI...não a esquerda...
Brasil acima de tudo...
DEUS acima de todos...
:green_heart::Brazil:",1,0,FN,0.07669629620535198
MultinomialNB,2,":keycap_2:

15. Em outras palavras, as emendas do relator podem até ser criticadas, mas apenas numa lógica de eficiência do gasto público, questionando se os parlamentares direciom os recursos para as áreas que mais precisam, e nunca por configurar compra de apoio, como ocorria no Mensalão.

16. Pior: para conseguir apoio, Lula e o PT usavam emendas; loteavam ministérios e estatais, entregando parcelas muito maiores do orçamento nas mãos dos partidos; e ainda desviavam dinheiro público para comprar parlamentares e anular o Legislativo. Era tudo ao mesmo tempo!

17. Então, da próxima vez que você encontrar alguém malandramente tentando comparar as duas coisas, deixe claro que o Mensalão foi um esquema criminoso e um golpe contra o Legislativo enquanto o tal ""Orçamento Secreto"" é, no máximo, uma forma menos eficiente de alocar recursos.",1,0,FN,2.126166947149744e-05
MultinomialNB,2,"Agora Bolsonaro arranjou uma casa de um cidadão normal, humilde para fazer live...
É disso que o povo gosta :beaming_face_with_smiling_eyes:
Só falta mesmo ele fazer live com a Michelle interpretando em libras, e o Molusco corta o resto dos 9 tentáculos ...:thumbs_up::sweat_droplets:",1,0,FN,5.641551200058623e-08
MultinomialNB,2,O ex presidiário se ausenta de mas uma entrevista... mas na Globo ele ta confirmado.. algo estranho ? :face_with_tears_of_joy:,1,0,FN,7.649560127138135e-14
MultinomialNB,2,"Um dia eu estava em um grupo de colegas com ideologia da esquerda e fiz um pedido de emprego para ser jardineiro para um amigo que teve problemas com a justiça, tinha sido preso, era alcoólatra e às vezes mentia. Falei que ele era gente boa e estava passando por uma fase difícil. Todos os colegas refutaram o meu pedido dizendo, Eduardo, assim fica difícil contratar um cara desses. Tenho filho pequeno e não confio.
Expliquei que se para ser jardineiro ele era tão criterioso, por que não para ser o presidente da República, uma vez que os atributos tidos como negativos eram os mesmos?
Cri-cri-cri.. o grilo cantou",1,0,FN,0.03345294937655613
MultinomialNB,2,"COMBATE AO ATIVISMO LGBT Infelizmente, grupos de pressão, que sequestram pautas identitárias, querem subverter a noção de igualdade e garantir favorecimentos para si em detrimento do restante da sociedade. É o caso, por exemplo, do movimento LGBT, que em Salvador ameaça os comerciantes e busca, a seu bel prazer, criminalizar quem não os coloca sobre um pedestal. Como vereador, lutei contra as medidas autoritárias do ativismo LGBT que queriam multar donos de estabelecimentos comerciais de forma injusta. Somos todos iguais perante à lei e, principalmente, a Deus. Peço seu voto agora para deputado estadual! Comprarei essa briga para proteger os comerciantes e as famílias de toda Bahia. 

#CezarLeite
#DeputadoEstadual
:keycap_2::keycap_0::keycap_0::keycap_2::keycap_2::check_mark_button::Brazil:

#CL20022
#20022
#LeiteNelesBahia 
#CezarLeite20022
#TimeCezarLeite
#BolsoLeite20022 
#Bolsonaro22
#Roma22
#Raissa222",1,0,FN,4.644434100433808e-06
MultinomialNB,2,"A matéria do New York Times diz: ""Líderes políticos de esquerda e grande parte da imprensa e do público brasileiro apoiaram amplamente as ações de Moraes como medidas necessárias para combater a ameaça singular representada por Bolsonaro.

Mas muitos juristas dizem que as demonstrações de força de Moraes, sob a bandeira de salvar a democracia, estão ameaçando empurrar o país para uma queda antidemocrática.",1,0,FN,8.018414638739338e-11
MultinomialNB,2,Os trouxas da esquerda terá mais 4 anos dizendo que é resistência. :rolling_on_the_floor_laughing::rolling_on_the_floor_laughing:,1,0,FN,0.0001694792208057337
MultinomialNB,2,são 25 minutos de vídeo que mostra toda realidade dos anos de gorveno do PT sem montagem são reportagem de época meus deus como o povo brasileiro deixou chegar a esse nível :loudly_crying_face:,1,0,FN,0.000321879011787232
MultinomialNB,2,Só bandido não quer o cidadão de bem armado. Nunca foi tão fácil escolher.,1,0,FN,4.0839006430566874e-05
MultinomialNB,2,Desprezível esse cidadão  como pode esse cata além de apoiar o ex presidiário  falando mentira,1,0,FN,0.00030476867237721637
MultinomialNB,2,"Para quem está pensando em votar na esquerda na próxima semana, vou enviar uns vídeos da Colômbia: os caminhoneiros param nos postos para abastecer e a população saqueia os produtos. Também estão fechando as estradas para roubar. O governo prometeu coisas que agora não pode cumprir e a população está revoltada.  Provavelmente vocês não vão ver isso na mídia do Brasil:",1,0,FN,2.2168427059156396e-07
MultinomialNB,2,"Imbecil, deve ter sido ameaçado novamente igual foi quando ainda tinha 11 anos de STF e pediu renúncia kkkkkkkkkkkkkkkkkkkkkkkkk babaca covarde.",1,0,FN,3.8155640175796356e-05
MultinomialNB,2,"Capaz do Lula encontrar o Palácio todo cagado, com móveis históricos quebrados, livros raros mofados em algum porão, objetos furtados, louça suja na pia, merda na privada que alguém não deu descarga... sabe como essa gente é, né?!",1,0,FN,1.0813998387257775e-08
MultinomialNB,2,"Quanto ao aparelhamento, é resultado de 30 anos de governos de centro esquerda e de esquerda.",1,0,FN,9.588128120952999e-06
MultinomialNB,2,Todas essas conversas que nos falamos aqui não vai dar em nada nosso presidente Bolsonaro tem o poder de para esse STF e deixa as eleições para outro dia porque os petistas estão comemorando eles já sabem que as urnas estão fraudadas para o ladrão tomar o poder  . Vamos Bolsonaro faça alguma coisa pelo amor de Deus,1,0,FN,5.983148113306202e-08
MultinomialNB,2,"A ex  professoea /Advogada  deputada Simone de tablet vai hj debate Jajá ela lá hj Querendo ser professora..do PCC hoje tá afiada com LulaLadrao e GloboLixoManipulativa:rolling_on_the_floor_laughing:........etc:Vietnam::kitchen_knife::Brazil::heavy_dollar_sign::pinched_fingers::pinched_fingers::heavy_dollar_sign::kitchen_knife::heavy_dollar_sign::heavy_dollar_sign::heavy_dollar_sign::heavy_dollar_sign:

O mito vai.hoje tá lá firme e forte..sozinho.....ele sim eh nosso LÍDER,
NOSSO VERDE ESPERANCA.
NOSSO AMARELO RIQUEZA EM EXPANDIR EMPREGOS NO BRASIL,....

e não nas chinas...cuba...etc...:Vietnam::heavy_dollar_sign::pinched_fingers::Vietnam::heavy_dollar_sign::pinched_fingers::Vietnam::heavy_dollar_sign::pinched_fingers::Vietnam::heavy_dollar_sign::pinched_fingers::Vietnam::heavy_dollar_sign::pinched_fingers::Vietnam::enraged_face::enraged_face::Vietnam::Vietnam::Vietnam::Vietnam::pinched_fingers::heavy_dollar_sign::heavy_dollar_sign::heavy_dollar_sign:
Luladrao PCC STF... Caiado....etc,...:heavy_dollar_sign::pinched_fingers::heavy_dollar_sign::pinched_fingers::kitchen_knife::Brazil::kitchen_knife::Brazil::pinched_fingers::heavy_dollar_sign::pinched_fingers::heavy_dollar_sign::pinched_fingers::middle_finger::pinched_fingers::heavy_dollar_sign::kitchen_knife::kitchen_knife::heavy_dollar_sign::kitchen_knife::heavy_dollar_sign::heavy_dollar_sign::kitchen_knife:",1,0,FN,3.57666678994641e-11
MultinomialNB,2,:triangular_flag: O padre é o satanás wm transformação de anjo de luz .,1,0,FN,9.073110170137011e-08
MultinomialNB,2,"*não é Fake News!*
Zema está com Lula!
Zema nao está com o presidente Bolsonaro. Parabéns a ""direita"" que vai deixar de votar no Viana (indicado pelo presidente) para votar em candidatos alinhados com a Esquerda, inclusive com bandidos que roubaram a nação. O resultado é esse.:backhand_index_pointing_up_light_skin_tone:",1,0,FN,3.56070523241532e-08
MultinomialNB,2,"Não dá para associar um monstro com este animalzinho trabalhador.
Não há nenhuma semelhança com o LADRÃO.",1,0,FN,2.564918255406657e-05
MultinomialNB,2,"Abrem os olhos , não pensem só no momento , pensem nas futuras gerações , não queiram pra eles o que não quer pra vcs hoje , esquerda é a destruição da família , amanhã votem consciente, sejam maduros , inteligentes , abraços",1,0,FN,0.008819140750958708
MultinomialNB,2,"MARCOLA do PCC acaba de declarar voto e APOIO AO LULADRÃO,
PORQUE SERÁ??????????",1,0,FN,0.00040915267746981313
MultinomialNB,2,"O TSE NÃO  CONTABILIZA POR UM CERTO TEMPO , AFIM DE TRANSFERIR VOTOS DO BOLSONARO PARA O LULADRÃO  ATRASA A ATUALIZAÇÃO E VAI FAZENDO LULADRÃO SUBIR AOS POUQUINHOS PARA NÃO GERAR DESCONFIANÇA.",1,0,FN,0.06335156428763497
MultinomialNB,2,"Urna batizada meus amigos
Ele satanás não tem tantos eleitores assim!",1,0,FN,2.397714644345204e-10
MultinomialNB,2,Os cara vê os vídeos vê o cara indo fazer a macumba e ainda não acreditar pqp,1,0,FN,2.578931515941676e-10
MultinomialNB,2,Com esse vídeo qualquer idiota vera que fomos logrados nas urnas eletrônicas,1,0,FN,3.26483208614859e-09
MultinomialNB,2,*A Palavra de Ordem agora é o seguinte:Se o Luladrao ganhar ele não pode assumir temos que invadir Brasília e por abaixo o Palácio do Planalto e o Supremo Tribunal Federal!*:thumbs_up:,1,0,FN,2.787372102774312e-09
MultinomialNB,2,SE O LULADRAO ROUBAR ESSAS ELEIÇÕES  NÃO VÃO MAIS ME ROUBAR NEM UM CENTAVO A MAIS JA CHEGA DO PLANO COLLOR,1,0,FN,7.030307553428685e-10
MultinomialNB,2,"Quem tem que provar não sou eu, não nenhum triplex nem sítio, quem tem que provar é o LULADRÃO",1,0,FN,0.4739586285894755
MultinomialNB,2,"PESSOAL,  BÓRA DIVULGAR ESSE RETARDADO FAZENDO CAMPANHA PRA RISCAR CARROS COM ADESIVOS BOLSONARO!
VAMOS ACABAR COM A CARREIRA DELE!",1,0,FN,0.08022022039484131
MultinomialNB,2,"Bolsonarista: Marcha p Jesus
Petistas: Marcha p maconha
De qual lado vc está?",1,0,FN,4.326458598226676e-11
MultinomialNB,2,"PRESTA ATENÇÃO!!:face_screaming_in_fear::face_screaming_in_fear:
Olha até onde vai os roubos 
Dos dois ex presidentes do Brasil 
Lulaladrão e Dilma
e de seus comparsas...
Lulaladrão tem fazendas na AGENTINAS :face_screaming_in_fear::face_screaming_in_fear:

COMPARTILHEM!!!
PF, INVESTIGUEM ISSO!!!",1,0,FN,0.060376906156280885
MultinomialNB,2,"NÃO SEI O QUE E PIOR.
ESCUTAR ESSA PESSOA FALANDO.
OU O LULADRAO VOLTAR A CENA DO CRIME.
BOLSONARO REELEITO BB",1,0,FN,0.11685174335360395
MultinomialNB,2,"IMPRESSIONANTE COMO TEM GENTE QUE APOIA LADRÃO.
FIZERAM UMA LAVAGEM CELEBRAL.
ESQUECEU TUDO QUE O LULADRAO ROUBOU.
INACREDITÁVEL.",1,0,FN,0.002684692829802516
MultinomialNB,2,"Só falou merda em , a vacina foi comprada depois da aprovação da Anvisa tá ok , povo retardado",1,0,FN,0.37738069343615605
MultinomialNB,2,"Retardado não, tenho embasamento. Vc tem fala leve mas não tem embasamento",1,0,FN,0.00012179916561505337
MultinomialNB,2,"*POR ORDEM DO TERRORISTA, LULA, JÁ COMEÇOU A BADERNA BLOQUEANDO AS ESTRADAS E EXTORQUINDO OS MOTORISTAS JÁ INVADIRAM FAZENDAS MATARAM E ROUBARAM A CARNE DO GADO PORÉM AGORA NO GOVERNO DE BOLSONARO E DENTRO DA LEI, OS CIDADÃOS TÊM O JUSTO DIREITO DE A QUALQUER CUSTO DEFENDER A SUA VIDA, O SEU PATRIMÔNIO E A SUA FAMÍLIA, TUDO DENTRO DAS QUATRO LINHAS DA CONSTITUIÇÃO BRASILEIRA.AÍ ESTÁ O PERIGO E A RESPONSABILIDADE DESTE CANALHA QUE VAI SER PRESO EM FLAGRANTE A QUALQUER MOMENTO.*",1,0,FN,1.7485857151670418e-07
MultinomialNB,2,"*A situação política transcendeu os candidatos, para quem não entende não se trata de Bolsonaro X LulaLadrão, mas sim de Brasil x Foro de SP.*",1,0,FN,2.908552849955566e-09
MultinomialNB,2,Vc não deve usar de artifícios de viados para tentar denegrir,1,0,FN,1.5258234948692918e-07
MultinomialNB,2,Gente vamos encher aquilo lá por favor fazer melhor que o LULALADRÃO no Club tamoio em São Gonçalo vamos mostrar nossa força :flexed_biceps: :flexed_biceps: :flexed_biceps: :flexed_biceps:,1,0,FN,8.913129376851893e-10
MultinomialNB,2,Fora bozo adorador do bode capa preta,1,0,FN,3.113970262609065e-07
MultinomialNB,2,LULADRÃO e sua quadrilha quer voltar a sena do crime juntos para dilacerar o Brasil outra vez. ....Fora comunistas,1,0,FN,0.003985462274477544
MultinomialNB,2,COLOQUEI PARTE DO DINHEIRO NO CU ARROMBADO da VADIA DA TUA MÃE :rolling_on_the_floor_laughing::face_with_tears_of_joy::face_with_tears_of_joy::face_with_tears_of_joy:,1,0,FN,3.86785854103212e-09
MultinomialNB,2,"Olha o q esse imbecil ,amigo de Lula fala a respeito de Tupa e Marília.Isso serve para nós do interior paulista :backhand_index_pointing_down::backhand_index_pointing_down::backhand_index_pointing_down:",1,0,FN,0.013863008256852011
MultinomialNB,2,"O cantor paraense Wanderley Andrade fez uma música especialmente para o candidato LULADRAO.

ELE MERECE ESSA GRANDE HOMENAGEM.

AUDIO:",1,0,FN,3.3310641554320938e-09
MultinomialNB,2,"Pode!!! Moro foi péssimo, deixou o poder subir a cabeça, um idiota como Ministro. Mas na Lava a Jato ele mandou super bem.",1,0,FN,8.484119202470688e-09
MultinomialNB,2,"Imbecil 
Pensa pra falar!
O Lula deveria ter entrado numa antes de se candidatar!",1,0,FN,9.465314221450563e-09
MultinomialNB,2,Teco escuta aí esse Áudio Vídeo aí acima :index_pointing_up::backhand_index_pointing_up::index_pointing_up::index_pointing_up::index_pointing_up:. Para vc vê o CANALHA DO LULADRÃO.,1,0,FN,1.8286434832316777e-08
MultinomialNB,2,Lula já está propondo uma nova constituição sem ao menos saber se vai se eleger . O golpe já está armado pelo PT só cai só se for muito idiota!!! Janaina pascoal acabou de twitar e ela é bem informada.,1,0,FN,0.012015740433623632
MultinomialNB,2,O engraçado que vocês ver que pode parar para pensar no primeiro turno é tanta gente reclamando que existiu roubo nas urnas gente mostrando e provando que ouve roubo e do lado do bem você não vê ninguém defendendo ou falando nada a respeito não vê Bolsonaro e ninguém comentando a respeito ainda agora você percebe que lula já está se garantindo na vitória você percebe que o partido do lulaladrão já estão falando em punir e fechar várias coisas dando já um tipo de ordem para os ministros gente eu vou ser sincero estou começando a ficar com medo e preocupado o que está para acontecer com esse nosso país sinceramente estou muito preocupado,1,0,FN,0.38633983258620264
MultinomialNB,2,Horário de propaganda dos apoiadores do LULADRÃO,1,0,FN,0.0001896099578114247
MultinomialNB,2,LULADRÃO aguardando resposta de negociação com MARCOLA em São Paulo,1,0,FN,1.1463572692672626e-07
MultinomialNB,2,"CALMA , FOI ASSIM NA VENEZUELA, BOLÍVIA, CHILE, ARGENTINA, COLÔMBIA, E ESTÁ SENDO NO BRASIL.

ISTO NÃO É DEMOCRACIA, NÃO HÁ DEMOCRACIA NO BRASIL, SÓ IDIOTA ACREDITA NESTA FALÁCIA.",1,0,FN,0.00037251447790821523
MultinomialNB,2,"Cumé qui é, LULADRÃO esperando Autorização do TRAFICANTE Marcola pra transitar em São Paulo???? 
Foi isso mesmo que eu ouvi?
Aí é o FIM!!",1,0,FN,3.249144765805678e-08
MultinomialNB,2,"Tai seu idiota posta a matéria sem ler veja com essa deputada vota o partido SOLIDARIEDADE faz parte dos aliados fiéis, Bolsonaro tem ainda outros seis partidos que têm taxa de alinhamento ao governo superior a 50%. Ou seja, votam mais com o governo que com a oposição. Esse grupo é composto por 52 deputados que integram os seguintes partidos: Solidariedade, Cidadania, Podemos, Pros, Avante e PV.",1,0,FN,1.1727688868955002e-05
MultinomialNB,2,".




       *“O TSE (Tribunal Superior Eleitoral)*



 

      *Concedeu à campanha do ex-presidiário  Luladrão  (PT) 184 inserções de 30 segundos nos espaços anteriormente destinados à propaganda do presidente Jair Bolsonaro (PL) na televisão.*


      *A determinação foi estabelecida em decisões tomadas nesta 4ª feira (19.out.2022) sobre pedidos de direito de resposta formulados pelo petista.”*



.",1,0,FN,1.109757599766878e-07
MultinomialNB,2,*UM POUCO DA CORRUPÇÃO DO GOVERNO LULADRÃO*,1,0,FN,0.2913276911464559
MultinomialNB,2,"PIOR   QUE  TEM  MUITOS   IDIOTAS  QUE   ACREDITAM     NESTES    CARAS   !   BOLSONARO  SERÁ   PRESO  , QUAL  ACUSAÇÃO    ? QUAL   CRIME  QUE  BOLSONARO   COMETEU   QUE  PODE    LEVA- LO  A  UM  JULGAMENTO   E  CONDENAÇÃO   ?    PORQUE   ESTE  CARA  NÃO   ADIVINHA  QUAIS   NÚMEROS   VAI  DAR  NA  MEGA SENA   QUANDO  O  PRÊMIO  ESTA  ACUMULADO   ? SERÁ   QUE  ESTE  IDIOTA   PENSA   QUE  NOSSO   BRASIL   VAI  SER  IGUAL   A  VENEZUELA   SE  ESTE  PRESIDIÁRIO   LULA   VENCER   AS  ELEIÇÕES   NO  SEGUNDO   TURNO   ?  SERÁ   QUE  ESTE  IDIOTA   PENSA   QUE  A   POPULAÇÃO  DO BEM   ESTA  DORMINDO   AINDA   ???:goblin::goblin::goblin::goblin::goblin::goblin:",1,0,FN,3.861580345042059e-08
MultinomialNB,2,"Agora azedou o pé do frango, Luladrão ovacionado na saída dos torcedores do Flamengo 
:backhand_index_pointing_down::backhand_index_pointing_down::backhand_index_pointing_down::backhand_index_pointing_down::backhand_index_pointing_down::backhand_index_pointing_down::backhand_index_pointing_down::backhand_index_pointing_down::backhand_index_pointing_down:",1,0,FN,5.420052940062773e-08
MultinomialNB,2,"Corre nos bastidores:

Dizem que LULADRÃO descobriu a traição programada  de Alkimin e Michael temer e STF...
Plano orquestrado pelo Alexandre de Moraes, para a volta da burguesia e do PSDB ao poder...
O plano descoberto é vencer a eleição com o molusco e aí começa a trama,
No dia 01 de janeiro. O STF reabre o processo do molusco e depois de 30 dias, julgamento super rápido, lula volta a ser preso, assim Alkimin e Michael temer, os dois que  um padrinho de nascimento e o outro padrinho de casamento.
Alkimin assume a presidência no dia 01 de fevereiro.
Lula descobriu a traição, agora a cupula lá do PT está de mãos atadas, não podendo fazer nada pra salvar o molusco da cadeia ou proteger a vida dele.
O que vai acontecer nessas duas semanas para a eleição? O que o molusco e seu partido vão fazer?
Aguardamos os próximos capítulos!",1,0,FN,7.66621891060166e-07
MultinomialNB,2,"Agora eu entendo pq, entre o primeiro turno e o segundo, teremos 4 semanas e não 3 como de costume. Dia 30 é  Domingo. Dia 29 é sábado e 28 é  sexta-feira, Dia do Funcionário Público, feriado para eles. Eleição  é dia 30. Dia 01 de Novembro (provável feriado) ponto facultativo e dia 02/11 Finados. 
Outro feriado. Feriadão de 5 dias com uma eleição no meio. Quem viaja num feriadão? Eleitores do Bolsonaro ou  do Luladrão? Abstenção severa? A quem vai beneficiar? Muita coincidência ou armação? Não vamos viajar. Vamos votar.
*Para reflexão*
Repasse pra conscientização.",1,0,FN,1.7660399965290948e-08
MultinomialNB,2,":thinking_face:SE: A :backhand_index_pointing_up_medium-dark_skin_tone:ESQUERDA VOLTAR AO PODER:backhand_index_pointing_up_medium-dark_skin_tone:TODA ESSA DESGRAÇA VAI ACONTECER!:man_gesturing_OK_medium-light_skin_tone::woman_gesturing_OK_medium_skin_tone:E OS CULPADOS, SERÃO: TODOS OS CRISTÃOS(CRENTES  E CATÓLICOS) QUE: APOIARAM AS TREVAS:ogre::smiling_face_with_horns: EXTERIORES.POIS, ESTÃO: COM ""AFINIDADES"", COM INIMIGO DE DEUS!. É FATO!. É SÓ LÊ :backhand_index_pointing_right_medium_skin_tone:João.8.44 eJoão10.10 :backhand_index_pointing_right_medium_skin_tone:Mateus.10.36 ""VOTAREM EM ""LULADRÃO"" É ""TRAIREM""! JESUS.:backhand_index_pointing_right_medium_skin_tone:João.6.70 :backhand_index_pointing_right_medium_skin_tone:Mateus.26.21 :thinking_face:ENQUANTO, HÁ VIDA. HÁ ESPERANÇA. Tiago.5.19,20 COM ""VERDADEIRO ARREPENDIMENTO"" CHORO, PRANTO E JE JUNS"" ATÉ DIA 29 DO CORRENTE, MÊS E ANO, DÁ TEMPO. SE: NÃO  ACEITEREM, ( CONSELHOS, E EXORTAÇÕES),DEIXE-OS PRA LÁ. PORQUE! :backhand_index_pointing_right_medium_skin_tone:Mateus.5.20 :backhand_index_pointing_right_medium_skin_tone:NAUM.1.2,3 :backhand_index_pointing_right_medium_skin_tone:HEBREUS.10.26 a 31. :backhand_index_pointing_right_medium_skin_tone:1a.Pedro. 4.18. ""AMADOS IRMÃOS"" :thinking_face:ASSISTAM :backhand_index_pointing_up_medium_skin_tone: :thinking_face:MEDITEM, E :backhand_index_pointing_right_medium_skin_tone:REPASSEM",1,0,FN,3.4658755792557596e-11
MultinomialNB,2,A quem nosso país estava entregue!!!!! Meu Deus!!!! A essa louca!!!!,1,0,FN,0.22832808543874014
MultinomialNB,2,ISSO SE CHAMA MILAGRE:index_pointing_up::index_pointing_up::index_pointing_up::index_pointing_up:OS MENINOS DO LULADRAO QUASE TOMAM UMA CERVEJINHA:rolling_on_the_floor_laughing::rolling_on_the_floor_laughing::rolling_on_the_floor_laughing::rolling_on_the_floor_laughing::rolling_on_the_floor_laughing::rolling_on_the_floor_laughing::rolling_on_the_floor_laughing::rolling_on_the_floor_laughing:,1,0,FN,7.246309969836112e-08
MultinomialNB,2,ASSIM É A PROMESSA DO LULADRÃO :rolling_on_the_floor_laughing::rolling_on_the_floor_laughing::rolling_on_the_floor_laughing:,1,0,FN,1.669721351837767e-08
MultinomialNB,2,"NOVA ORDEM MUNDIAL. O GOOGLE É ""NOM"" TAMBÉM :angry_face_with_horns::angry_face_with_horns::angry_face_with_horns::angry_face_with_horns::angry_face_with_horns::angry_face_with_horns::angry_face_with_horns::angry_face_with_horns::angry_face_with_horns::angry_face_with_horns::angry_face_with_horns::angry_face_with_horns::angry_face_with_horns::angry_face_with_horns::angry_face_with_horns::face_vomiting::face_vomiting::face_vomiting::face_vomiting::face_vomiting::face_vomiting::face_vomiting::face_vomiting::face_vomiting::sunglasses::angry_face_with_horns::face_vomiting::face_vomiting::face_vomiting::eyes::eyes::eyes::eyes::eyes::eyes::face_vomiting:RABUDO OLHUDO SATANÁS LULADRÃO  NOM GOOGLE.",1,0,FN,0.0003055695765288543
MultinomialNB,2,Ciro SEMPRE CERTEIRO NA ANÁLISE e imbecil ao escolher um lado.,1,0,FN,2.482468261685216e-07
MultinomialNB,2,"A macumba tá comendo para derrubar Bolsonaro ...
Mais a luz não se mistura com as trevas e vamos vencer essa batalha amém",1,0,FN,4.0993903845525897e-10
MultinomialNB,2,Seu idiota eu não estou nesse grupo. E ja expliquei que aconteceu. Vc esta no que eu tô.,1,0,FN,0.2088791777752897
MultinomialNB,2,"Não está não 
Ele é deformado mesmo assim como as ideias dele:beaming_face_with_smiling_eyes:",1,0,FN,9.002969749844128e-10
MultinomialNB,2,"Mais um apadrinhado político  defendendo o “LULADRÃO”! Nomeado pelo “LULARÁPIO” para o STF em 2003, lá permaneceu até 2014. Ficou conhecido pelas constantes brigas com o GILMAR MENDES e por estar costumeiramente com dispensas médicas alegando problemas de coluna, ao que, certa feita, em um período de longa dispensa, foi visto dançando animadamente com uma bela advogada, o que lhe rendeu muitas notas na mídia e questionamentos! Com apenas 11 anos de STF, a pedido foi para casa gozar dos altos e polpudos salários do SUPREMO! Foi o relator do PROCESSO que ficou conhecido como “MENSALÃO”! Com uma bela “passada de mano”, JOAQUIM BARBOSA protegeu o seu padrinho no “MENSALÃO”! E ficou o dito pelo não dito e alguns “peixes menos graúdos” “pagaram o pato!!!” Hoje, mesmo sabendo de tudo que pesa contra o “ padrinho”, BARBOSA o apoia incondicionalmente!!!:smirking_face::smirking_face::smirking_face::smirking_face::smirking_face::smirking_face::smirking_face::smirking_face::smirking_face::smirking_face::smirking_face::smirking_face:",1,0,FN,0.0002031227082973601
MultinomialNB,2,"Realmente, o povo brasileiro não é mais idiota, todos acordaram :folded_hands_light_skin_tone::thumbs_up::Brazil:",1,0,FN,1.8013074261484148e-09
MultinomialNB,2,"Eu sei,mas têm muito baiano jumento ,no trabalho é um exemplo.",1,0,FN,0.18966285904183944
MultinomialNB,2,"se tudo transcorreu sem nenhuma manipulação, vida normal, caso contrário, não será admissível o povo ser feito de idiotas",1,0,FN,5.773558124963227e-08
MultinomialNB,2,"Gente esse safado ganhou na fraude , sabemos que tem muito idiota , iludido que deu voto ao ladrão, infelizmente! Mas houve fraude :pensive_face:",1,0,FN,0.0009439759435938508
MultinomialNB,2,"Belém do Pará também fazendo seu dever. Estou com essa massa de apoiadores do Bolsonaro para limpar o Brasil de ratos que governaram desde redemocratização.

Bolsonaro tem seus defeitos, mas ninguém melhor para  botar o Brasil nos eixos como fez nos 4 anos de mandato. 

Vai deixar legados para história. 

Renasceu a direita inexistente até então. Roubaram eleição dele, se não conseguirmos reverter o Lulaladrão terá oposição jamais vista na casa parlamentar e ele terá enormes dificuldades para implantar seus projetos nefastos. 

Essa massa de população que invade as ruas e praças do Brasil agora não permitirá  os atrasos e caos que ele quer executar.",1,0,FN,9.090490804163432e-11
MultinomialNB,2,"Cara imbecil, tem que dar uma peia nele e dar um prejuízo no carro.",1,0,FN,3.873013465619114e-06
MultinomialNB,2,"Imbecil é você. Não vou nem acabar de escutar, meu ouvido não é fossa não.",1,0,FN,4.1999417809914124e-07
MultinomialNB,2,Esse idiota está desde ontem esse grupo é ofendendo xingando todo mundo,1,0,FN,1.4631580399062253e-09
MultinomialNB,2,"Escuta essa...Manicoré no Amazonas...Zero votos para Bolsonaro,mas olha isso :face_with_symbols_on_mouth::face_with_symbols_on_mouth::face_with_symbols_on_mouth: COMO PODE NENHUM VOTO ?? SE VC DUVIDA DAS FRAUDES, É MAIS  IDIOTA SEM CÉREBRO QUE GOSTA DE SER ROUBAD@",1,0,FN,7.142103776599464e-10
MultinomialNB,2,É  ser muito mongol pra crer que essa corja vá aceitar a vitória do Bolsonaro!,1,0,FN,5.712240617465123e-07
MultinomialNB,3,"Esse seu assunto aí já foi respondido por vários aqui. Mas parece que você é masoquista e quer continuar apanhando.
Não vou ficar dando palco pra doido.",1,0,FN,1.52548147228098e-11
MultinomialNB,3,Perfeito para o gado ficar louco no pequeno curral mental que possui,1,0,FN,2.835560688051948e-06
MultinomialNB,3,"""Eu vou de Lula! Entenda o porquê!!! As Entidades do Inferno estão todas a favor dele, e o Lula vai Vencer! E todas as Almas que votarem nele ganharão uma Visão Especial todas as Noites ao Dormir""... (Repasse para as Pessoas que pensam em votar no Lula e que ainda não sabem quem está por trás dele!)",1,0,FN,7.260185116772445e-10
MultinomialNB,3,*THIAGO MARTINS CONVIDA A POPULAÇÃO BAIANA PARA SEPULTAR A VELHA POLÍTICA NA BAHIA*,1,0,FN,1.6083803610906337e-08
MultinomialNB,3,"Quantas fofuras em
Na época do luladrao ninguém se interessava em política. Com Bolsonaro até as crianças querem discutir política 
Essa Bolsonaro é realmente o MITO :flexed_biceps_medium-light_skin_tone::flexed_biceps_medium-light_skin_tone::green_heart::folded_hands_medium-light_skin_tone::raising_hands_medium-light_skin_tone::clapping_hands_medium-light_skin_tone::clapping_hands_medium-light_skin_tone:",1,0,FN,1.1107393777195484e-06
MultinomialNB,3,Simone Tebet acabou com o Bolsonaro.  Ela entregou todo o esquema criminoso do BOZO,1,0,FN,4.016047165828724e-11
MultinomialNB,3,Compartilhem sem dó é importante esse vídeo mostra o tanto e o quanto à esquerda é covarde mas nós à direita devemos nos unir,1,0,FN,6.9446370495591e-11
MultinomialNB,3,Aquele nojento não engana ninguém! Falando no amor agora pra dá um de doido ... ENCANTADOR DE BURRO!!,1,0,FN,6.3476149967031365e-09
MultinomialNB,3,"Corja de bandido … Deus é maior que td isso , só permite pq temos o livre arbítrio … depois não adianta chorar , plantou , colheu , simples assim",1,0,FN,2.0021732898415303e-09
MultinomialNB,3,"*Minhas considerações sobre o debate presidencial na Globo.*

*Jornalista Delmar Rodrigues*

*Lula  O eterno ladrão*
*Simone e Soraya as perdidas*
*Felipe o equilibrado*
*Ciro o esperançoso*
*Kelman o penetra*
*Bolsonaro o reeleito*

*Pelo que vi nesse último debate, todos os pretensos candidatos a cadeira de presidente,  só fortaleceram  a reeleição de Jair M. Bolsonaro, é  incrível como eles ainda olham para o povo como um tolo, ignorante e incapaz de saber e perceber a realidade desse país.*
*Da forma como se deu o debate, ficou claro que Bolsonaro ganha no primeiro turno, salvo se alguma coisa ocorrer como na eleição passada  em que tivemos um segundo turno duvidoso.*",1,0,FN,2.2394390917706752e-11
MultinomialNB,3,":backhand_index_pointing_up: *Aquí está a vergonha da esquerda.*

*Eles tentaram destruir esse vídeo. Compartilhem com um conhecido esquerdaopata!!!* :winking_face::winking_face::thumbs_up::thumbs_up::thumbs_up::thumbs_up::thumbs_up::thumbs_up::thumbs_up::thumbs_up::thumbs_up::thumbs_up:

#Bolsonaro2022 

Grupo: 
[USER]",1,0,FN,0.23500094210211459
MultinomialNB,3,"*ALERTA ...PERIGO !!!.*
LULA NÃO É BOM, LULA NUNCA FOI BOM, *LULA NUNCA SERÁ BOM.*
LULA NÃO TEM PLANO DE GOVERNO, *LULA SÓ TEM AMEAÇAS.*
LULA DESVIOU *DO POVO BRASILEIRO, TRABALHADOR E HONESTO,* QUASE *OITO TRILHÕES DE REAIS,* PARA FINANCIAR *DITADURAS COMUNISTAS,* AO REDOR DO MUNDO.
*ESTEJA CIENTE DISSO, NO MOMENTO DO SEU VOTO; VOCÊ ESTARÁ DANDO UMA PROCURAÇÃO PARA UM TRAIDOR, COMO LULA.*
VOCÊ ESTARÁ *JOGANDO SEUS FILHOS E NETOS, EM UM ABISMO SEM VOLTA.*:index_pointing_up::index_pointing_up::index_pointing_up:",1,0,FN,1.5807794765347755e-05
MultinomialNB,3,Passar o dia chupando ovo de pt para ganhar um pão com mortadela,1,0,FN,6.5256323472597015e-06
MultinomialNB,3,Esse casal é bolsonaro Nato Nato e nato tanto eu como ela partimos para cima do Zap para conquistar Voto para o bolsonaro e assim que todos os casais tem que fazer a maldição do PT tem que ser acabado nessa gestão agora nós todos juntos seremos forte,1,0,FN,1.3197118616127485e-09
MultinomialNB,3,"Amanhã dia 02/10/2022, teremos eleição para Dep. Federal, Dep. Estadual, Senadores e o principal , o Presidente da República. 
Peço humildemente que antes de depositarem os seus votos nas urnas, que pensem em seus filhos, netos e bisnetos. Porque essa eleição não é somente para definir quem presidirá o nosso País, mas sim para definir quem irá cuidar do nosso futuro, do futuro de nossos filhos, netos e bisnetos. Esse pessoal que prega o socialismo e comunismo não deve ter noção da devastação que isso causa em nossas vidas. Por isso se oriente com Deus e peça a Ele uma direção, certamente Ele lhe dará. Procurem no Gloogle a respeito da agenda de 2030 (NOM). Ótima votação e excelente domingo. Deus é que está no controle.",1,0,FN,0.0003080436827928316
MultinomialNB,3,"Tem o macho, tem o super macho, tem mega macho, tem o super homem, e tem esse cara aí que gritou ""Ladrão"" no meio da petezada no comício do presidiário. 
Esse é meu ídolo...",1,0,FN,0.13250195357498395
MultinomialNB,3,"""Meu coração está aflito pela nação. Não sabemos o que se passa nos bastidores e nem qual o limite (ou a falta dele) daqueles sem escrúpulos. O Brasil é um dos últimos países da América Latina onde o socialismo não tocou a mão e fez apodrecer. É triste ver a realidade de argentinos, venezuelanos, cubanos e outros. Potências que estão se esvaindo. Aqueles que não tiveram tanta instrução são os que mais votam na esquerda, ironicamente, pois são eles quem deveriam mais temer a falta de oportunidade gerada através das políticas populistas que tornam qualquer Estado infrutífero. Onde há maior liberdade econômica, ali há chances e chances de passar por qualquer crise sem perecer. Que Deus tenha misericórdia do Brasil."":folded_hands: (Fran Peçóis). 
*#primeiroturnobolsonaro*",1,0,FN,0.00044115685677622766
MultinomialNB,3,Kkkk valeu Mengão. Acho q é o primeiro bolsominion que não me xingou nem se irritou cmg.,1,0,FN,0.18632625420679008
MultinomialNB,3,"Irmãos cristãos católicos e evangélicos, enquanto o inferno queima enxofre e a PETRALHADA queima chifre e a rosca, é nosso DEVER estar em oração em favor da nossa NAÇÃO e do nosso Presidente. Vamos ficar nesse dia  em ininterrupta ORAÇÃO e vigilância, aguardando a providência do Senhor Deus em nosso favor. Que o Senhor Deus continue nos abençoando em mais esse dia :folded_hands::folded_hands::folded_hands:",1,0,FN,9.932428405751418e-10
MultinomialNB,3,Partiu indo ajudar nosso presidente a acabar com veio do cão,1,0,FN,1.2349507646041495e-10
MultinomialNB,3,"Eu estou trazendo esse plint após um comentário de um vídeo de um bando de macunbeiros fazendo seus despacho na frente de um cemitério. Porque estou fazendo isso no meu plint fala que Deus não dorme e esse noite ouve muitos louvores lave e anite teremos sim um resultado muito positivo vou trazer pra vcs verem o que se falou na lave foi puro fogo :fire: de Deus aguardem.após o resultado, mas já adiantando um pouquinho teremos prisões :zipper-mouth_face:",1,0,FN,1.3332506863168848e-14
MultinomialNB,3,"*_É HOJE NO PRIMEIRO TURNO PELA PRIMEIRA VEZ NA HISTÓRIA SE DEUS QUISER! DEUS OLHAI POR NOSSA NAÇÃO! QUE O COMUNISMO JAMAIS IMPERE NO NOSSO PAÍS! DEUS PÁTRIA,FAMÍLIA E LIBERDADE! BRASIL ACIMA DE TUDO,DEUS ACIMA DE TODOS!_* :place_of_worship::folded_hands_light_skin_tone::keycap_2::keycap_2::Brazil:",1,0,FN,0.32172403737935096
MultinomialNB,3,"GENTE 
É SIMPLES 

PRESTA ATENCAO 

MINISTRO TIRA LULADRAO DA  CADEIA

STF ABSOLVE O MALDITO 

E O TORNA ELEGÍVEL 

DEPOIS NEGAM O VOTO IMPRESSO 

PROIBE UM MONTE DE COISAS

O BRASILEIRO FROUXO ASSISTE TUDO DA GLOBOBUNDA E FICA NO SOFÁ 

AQUELA MULTIDAO EM BRASILIA TIVESSE ARRANCADO DO PODER PELO PESCOÇO
MORAES 
BARROSO 
FACCINE E COMPANHIA 

AS ELEIÇOES FOSSEM MAIS TRANSPARENTE E  MENOS FRAUDE",1,0,FN,3.178728240991144e-10
MultinomialNB,3,"Também sou meu caro. Mais um demônio desse nunca vai vê meu voto.
Infelizmente tem gente burra muito tola...",1,0,FN,0.0428843306531112
MultinomialNB,3,Eu também sou nordestina. Moro na Capital da Paraíba. O Nordeste deu está vitória ao ex- presidiário.Me sinto envergonhada e péssima!:pensive_face::pensive_face::pensive_face:,1,0,FN,1.588780989179651e-05
MultinomialNB,3,"Pessoal o nosso presidente é esperto! Ele já pensou em tudo e sabia que o risco de fraude era gigante! 
Ele fez várias motociatas , passeatas, carreatas, e diversas paralisações! Ele sabe que uma hora todos esses vídeos (incluindo 7 de setembro) que mostram essas paralisações, vai ajudar ele a mostrar que essa eleição contra o ladrao foi FRAUDE",1,0,FN,9.341844161481023e-13
MultinomialNB,3,"QUANDO O LULA ROUBOU O BRASIL ELE ROUBOU TODOS ROUBOU O POBRE O RICO O PRETO O BRANCO O ÍNDIO ....... O SOCIAL COMUNISMO NÃO VAI POUPAR NINGUÉM QUEM VOTOU NO LULA VAI SE FERRAR DO MESMO JEITO.....
IGUALZINHO NA VENEZUELA",1,0,FN,0.00013419978337836526
MultinomialNB,3,"O fascismo nasceu da esquerda 

Ou será se foi a esquerda que pariu o fascismo


:thinking_face:",1,0,FN,0.05809526797697948
MultinomialNB,3,48.4 do ladrão contra 43.2 puta que pariu foi roubado agente vai ter de ir votar dinovo pqp,1,0,FN,7.103587472986943e-10
MultinomialNB,3,"É verdade! Infelizmente o povo está acostumado com políticos que faz baixaria nos palanques. Talvez o Capitão Wagner pela sua educação, não quis fazer isso mas tá aí um bandido eleito, e  correndo um grande risco de ladrão lá e ladrão cá.  
Meu Deus!",1,0,FN,1.171548035056077e-12
MultinomialNB,3,"Além de tudo é burra, não entende o contexto da conversa.",1,0,FN,0.01751233158752235
MultinomialNB,3,Já está anunciado que ela quer falar cara a cara com Luladrao para apoia-lo,1,0,FN,0.2167893400045357
MultinomialNB,3,"*CIDADES QUE O PT CONVOCOU SÃO LÁZARO PARA OS MORTOS VOTAREM NO LULADRÃO*

_ N.S. da Glória (Se) 
3.053 habitantes: _4.615 votaram no Lula.

 _Porto da Pedra: (Pe) 6.122 habitantes: _8.090 votaram no Lula. 

_Poço das Antas(Pe) População: 4.342 habitantes: _5.873 Votaram no Lula. 

_Xique Xique (BA) 43.548 habitantes: Pasmem :face_screaming_in_fear:: _64.805 habitantes votaram no Lula. 

_Barragem(BA) 25.687 habitantes: _31.338 votaram no Lula. 

_Nova Liberdade (BA) 11.026 habitantes: _16.192 votaram no Lula.

_ Novaçores (BA) 9.622 habitantes: _12.351 votaram  no Lula.

_Guananbim(BA) população: _19.764 habitantes: 22.538 Votaram no Lula.

 _Joaçaba (BA) 6.142 habitantes: _6.984 votaram no Lula.

_ Antas(BA) população: 11.434 habitantes: _18.001 votaram no Lula. 

...e mais 192 cidades Brasileiras (Bahia com maior número)  em que os *MORTOS RESSUSCITARAM* para VOTAR NO LULADRÃO :woman_facepalming_medium-light_skin_tone:, e aí TSE????????????",1,0,FN,0.0009155833589530736
MultinomialNB,3,"Nem perco meu tempo mais , ninguém é retardado , a ponto de não ver o que de verdade acontece … não tenho mais psicológico pra isso… e detalhe , não podemos mudar o outro , esta mudança depende única e exclusivamente da pessoa",1,0,FN,1.7517251047338724e-08
MultinomialNB,3,OLHA O QUE ESSE IDIOTA FALA SOBRE AS ARMAS.,1,0,FN,3.1932594134291735e-08
MultinomialNB,3,E tem um monte de idiota que está votando no pior presidente da história,1,0,FN,4.998679471945957e-08
MultinomialNB,3,"O EX AMIGO DO 
LULA, FAZ REVELAÇÕES  
SOBRE O LULALADRÃO !!


COMPARTILHEM!!",1,0,FN,0.04849530982526414
MultinomialNB,3,Pro retardado que postou isso esqueceu de posta o terceiro vídeo que ele desmente todos esses aí chora gado,1,0,FN,1.3608308009218227e-06
MultinomialNB,3,"O presidente do MDB é o Baleia Rossi, ele liberou os filiados pra escolherem em quem apoiar",1,0,FN,1.3883162334705096e-11
MultinomialNB,3,"Segundo a declaração do lula , com 10 reais se compra um voto de um baiano",1,0,FN,0.0015737023945381825
MultinomialNB,3,"A TV LIBERAL E O EDMILSON RODRIGUES DEVERIAM TER A HONRA DE LEMBRAREM DAS OFENÇAS QUE A ESQUERDA FEZ À IGREJA CATÓLICA, QUANDO FORAM IMPEDIDIR AS ATIVIDADES DAS IGREJAS CATÓLICAS COMO MISSAS, CASAMENTOS.

CAGARAM NAS IGREJAS

QUEBRARAM IMAGENS DOS SANTOS DAS IGREJAS 

ENFIARAM CRUCIFIXO NAS PARTES INTIMAS DELES 

OFENDERAM À JESUS

E ASSIM POR DIANTE...

COMPARTILHEM ESTA LEMBRANÇA PARA ACABAR COM AS FALÁCIAS DO EDMILSON RODRIGUES, DA TV LIBERAL E DE TODOS OS ESQUERDOPATASOPORTUNISTAS, QUE NÃO TÊM O QUE FAZER NA VIDA.

LOGO ELES, QUE FORAM OS QUE MAIS OFENDERAM AS IGREJAS E RELIGIOSOS, AGORA ESTÃO DANDO UMA DE PROTETORES DO CÍRIO DE NAZARÉ. 

BANDO HIPÓCRITAS SEM VERGONHAS!!!!!!

:enraged_face::enraged_face::enraged_face::enraged_face:",1,0,FN,0.1656289060295233
MultinomialNB,3,"Em poucas palavras... Juiz Marco Aurélio ""EX-STF"" explica o LULAdrão 2022 ! :clapping_hands_light_skin_tone::clapping_hands_light_skin_tone::clapping_hands_light_skin_tone:",1,0,FN,2.605005914247586e-10
MultinomialNB,3,Já a digníssima JANJA de LULADRÃO nem sai nas entrevistas pra não falar merda e entregar o marido ladrão ou porque simplesmente ela não é uma pessoa sociável! :man_facepalming_light_skin_tone:,1,0,FN,0.042046553953588535
MultinomialNB,3,QUEM MATOU CELSO DANIEL  LULADRAO  12 MILHÕES  VICE DE SIMONE TEBET ENTREGA  TUDO,1,0,FN,5.359881743341995e-07
MultinomialNB,3,Não sabe mesmo vc ignora tudos crimes desse desgoverno e desse idiota presidente.,1,0,FN,1.2779125791226413e-05
MultinomialNB,3,"Ele não está flodando, não manda pornografia, não está enchendo de links, imagens nem vídeos. Não posso tirar ele somente por ser um idiota.",1,0,FN,2.785682842890855e-07
MultinomialNB,3,"UMA VERDADE AOS FUNCIONÁRIOS PÚBLICOS. 

Se o molusco voltar, com as ameaças que ele fez a Zema, irá cortar verbas para o estado de Minas Gerais e consequentemente para os municípios. 

Aí o que acontece?

Muitos municípios terão que demitir funcionários.

Então o LULADRAO será horrível para Minas Gerais.",1,0,FN,2.91677100879962e-11
MultinomialNB,3,"Essa imbecil de Xuxa que fez sucesso deitando com Pelé, foi precursora de filmes pornôs  usando criança como partner, não tem moral pra contestar denúncia da Senadora Damares. 
Eu assistí ""Amor, estranho Amor"".",1,0,FN,4.720049269265217e-06
MultinomialNB,3,Não imaginava que ele seria tão presente assim pra evitar luLADRAO e PT voltar a presidência :clapping_hands_light_skin_tone::clapping_hands_light_skin_tone::clapping_hands_light_skin_tone::clapping_hands_light_skin_tone::clapping_hands_light_skin_tone::clapping_hands_light_skin_tone::clapping_hands_light_skin_tone::clapping_hands_light_skin_tone::clapping_hands_light_skin_tone::clapping_hands_light_skin_tone::clapping_hands_light_skin_tone::clapping_hands_light_skin_tone::clapping_hands_light_skin_tone::clapping_hands_light_skin_tone:,1,0,FN,9.215298373963482e-10
MultinomialNB,3,"Por que chamar de imbecil? Jumento, e várias ofensas? 
Um dia seremos também?",1,0,FN,8.59669975690143e-09
MultinomialNB,3,"Essa criatura LULADRÃO,  ACHOU QUE IRIA BRINCAR DE SER PRESIDENTE. FELIZMENTE MAIS DA METADE DOS ELEITORES NÃO GOSTAM DELE. ELE ACHOU QUE SERIA FÁCIL DEMAIS. FELIZMENTE O BRASILEIRO ACORDOU.  DEVIA SER 60%, TOMAR QUE CHEGUE :folded_hands_medium-light_skin_tone::folded_hands_medium-light_skin_tone::folded_hands_medium-light_skin_tone::folded_hands_medium-light_skin_tone:",1,0,FN,3.3564714304581043e-07
MultinomialNB,3,"*O POVO VENEZUELANO EM RORAIMA TENTANDO ABRIR OS OLHOS DOS BRASILEIROS PRA NÃO VOTAREM NO LULADRÃO, POIS CONHECEM DE PERTO O HORROR QUE É VIVER EM UM REGIME ESQUERDISTA COMO O DA VENEZUELA!* :backhand_index_pointing_down::backhand_index_pointing_down::backhand_index_pointing_down::backhand_index_pointing_down:",1,0,FN,0.0014342484237294167
MultinomialNB,3,"Meu Deus isso não pode ser verdade, Lulaladrao dizer isso sobre tiros em paraisopolis no Candidato Tarcísio. Ele jamais pode ser presidente se essa notícia for verdadeira.",1,0,FN,4.572080002636539e-11
MultinomialNB,3,"Por trás dos Bastidores,  logo termino do debate, Moro faz fortes acusações contra lulaladrão,  rebatendo suas mentiras.

[USER] 

BOLSONARO 22",1,0,FN,0.37341673324187824
MultinomialNB,3,"Hoje 18/10/22 Ao visitar comunidade ribeirinha em eldorado do Carajás no Pará , vandalos do MST e de movimento de reforma agrária, ateiam fogo em carros de padre Zeno da Paróquia de Eldorado  e freiras que o acompanhavam.
Se o LULADRAO presidiário ganhar corremos sério risco de uma convulsão social, uma guerra civil.",1,0,FN,1.295290068062717e-09
MultinomialNB,3,":loudspeaker::infinity:
*REFLEXÃO PARA O SEU DIA_A_DIA DE UM CIDADÃO BRASILEIRO !!!*

VEJO O JULGAMENTO TODOS OS DIAS, VEJO MAIS A HIPOCRISIA DO ELEITOR.
É até muito engraçado o brasileiro:
Passar a vida colocando dinheiro :money_with_wings::four_leaf_clover: na poupança,,  compra um carro do seu sonho, faz o seguro do carro, fica com medo do ladrão roubar o seu único bem vitorioso;

Compra uma casa :house_with_garden: do seu sonho, erguer um muro bem alto, até coloca grampos e cerca elétrica, com medo do ladrão roubar os seus bens; 

Compra um celular do seu sonho, faz seguro do celular, quando o cidadão sai de casa :house_with_garden: coloca o celular dentro da calça, com medo do ladrão roubar;

O cidadão evita sair de casa :house_with_garden: com a família, com medo do ladrão.

Ai sai de casa :house_with_garden: dia 30 de outubro para VOTAR no LULALADRÃO. Entenda esse tipo de ELEITOR ...!!!!

Fica a dica para os valores da família conservadores brasileira sólida!!! :eye_in_speech_bubble:",1,0,FN,1.2385959254535506e-09
MultinomialNB,3,"Está tudo caminhando para uma ditadura .
E olha como vivem o povo em um ditadura .
Tem que ser muito idiota para achar que vcs terão lugar nessa mesa",1,0,FN,1.2071323280395043e-10
MultinomialNB,3,"Agora se segura pra não cair da cadeira...

Cumé qui é?
O LULADRÃO está esperando uma Autorização do TRAFICANTE Marcola pra transitar em São Paulo???
Foi isso mesmo que eu ouvi?
Aí é o mesmo FIM!!!
:flushed_face::thinking_face::enraged_face::Brazil::Brazil::Brazil::sun::folded_hands_light_skin_tone: :backhand_index_pointing_down_light_skin_tone:",1,0,FN,5.031272604755173e-07
MultinomialNB,3,"Uma coisa eu te falo nada nesse mundo acontece sem a permissão de Deus, muitos acredita que o Lula ganhou no primeiro turno por causa das macumba falcatrua que teve, mais pode ter certeza que não, O que é uma macumba perto de Deus é nada",1,0,FN,2.769541251383604e-10
MultinomialNB,3,Para quem acha que o Lula não mente! E ainda Confia nele! Es a prova! :index_pointing_up_medium_skin_tone::index_pointing_up_medium_skin_tone::index_pointing_up_medium_skin_tone: O Lula não era a favor do aborto? E a favor da ideologia de gênero? Agora diz que não :rolling_on_the_floor_laughing::rolling_on_the_floor_laughing::rolling_on_the_floor_laughing: cuidado! Eu acho que também não está mas apoiando você que é gay!!,1,0,FN,1.9993086488534654e-09
MultinomialNB,3,LULADRÃO.,1,0,FN,0.0010078655227569924
MultinomialNB,3,"Não viu o idiota aí passador de pano de miliciano pedófilo ? Eleas são assim , acham que podem tudo ! Essa zona acaba domingo. Na verdade dia 31 de Dezembro, mas dia 30 agora estaremos na contagem regressiva para novos ares , Lula vem aí … :red_heart::Brazil:",1,0,FN,0.05484499450895022
MultinomialNB,3,"Nesse vídeo
LULADRAO diz que vai apoiar

Invasão no campo e na cidade",1,0,FN,1.6878441730047035e-10
MultinomialNB,3,"Agora se segura pra não cair da cadeira LULADRAO esperando autorização do traficante Marcola pra transitar São Paulo !!
Foi mesmo que ouvi ??
Aí e o FIM !!
:police_car_light::oncoming_police_car::rat::cockroach::scorpion::mouse::rat::money_bag::rat::oncoming_police_car::police_car_light:",1,0,FN,3.679544042342106e-11
MultinomialNB,3,"DESCULPEM. NÃO ESTOU MAIS AGUETANDO. A TAL GLOBO TV ( blog do Lisboa) já deu o resultado das URNAS DE DOMINGO! E VITORIO PARA O MELIANTE MAIOR LULADRÃO???, ISSO E ATÉ "" DEBOCHE PURO"", CONTRA CIDADÃOS DE BEM",1,0,FN,1.3029187026055435e-05
MultinomialNB,3,:folded_hands::Brazil::yellow_heart::thumbs_up::thumbs_up::green_heart::raising_hands::clapping_hands::clapping_hands::clapping_hands:Parabéns!! Esse é o Meu Presidente Bolsonaro!! Abençoado!! Honrado!! Honesto!! Deus! Pátria! Família!! Deus Acima de Tudo e o Brasil Acima de todos!!Mito!! Sábio! Abençoado e protegido por Deus!! Sempre!! Orgulho!! Valeu ! Calou a boca do Burro! Lula Ladrão!!,1,0,FN,2.4479042563784434e-09
MultinomialNB,3,"Um baita idiota
A pessoa que postou!
Até então a gente falava de política mas tinha respeito!",1,0,FN,4.922945551759895e-06
MultinomialNB,3,"Tem eleitor desinformado e até retardado,  mas, penso que o pior é o logaritmo. Teremos terceiro turno.",1,0,FN,7.445427881455215e-08
MultinomialNB,3,Até quem não entende de política tá falando que ele fez um monte de idiota esperar pra no final ele agradecer os 58 milhões de votos e pronto rsrsrsrsrs,1,0,FN,2.7197709825740403e-09
MultinomialNB,3,Teve um imbecil que passou o carro por cima de 5 pessoas em mirassol tá passando no cidade alerta,1,0,FN,1.779459374913264e-06
MultinomialNB,3,Completamente idiota é quem posta vídeos antigos e fake News. Esses são completamente IDIOTAS!,1,0,FN,1.4031522406161042e-06
MultinomialNB,3,*BOLSONARO MÓ V14DO BROCHA KKKKKKKKKKKKKKKKKKKKK PUTA Q PARIU MUITO BICHAKKKKKKKKKK*,1,0,FN,0.4050267926013052
MultinomialNB,3,A DREITA E MUITO IDIOTA,1,0,FN,2.333794804500849e-09
MultinomialNB,3,E vc suando com essa piada de 5 série chamando ele de bicha,1,0,FN,2.3572947897462847e-05
MultinomialNB,3,"Charles "" Patrícia Nunes"" proprietária da ""Gesso Nunes""                                              End: R: Hostilio de Souza,    673,Itapuca-Resende/ RJ         Vamos Deixa-la Famosinha  VAMOS BOICOTAR A EMPRESA DESSA VADIA.",1,0,FN,8.351452278719989e-07
MultinomialNB,3,"No nordeste é tudo baiano, preguiçoso, pobre, que não tem o que comer... etc... se não fosse por SP a galera morre no nordeste... é assim a educação lá",1,0,FN,0.006875038913731174
MultinomialNB,4,"*Frankstein apóia Boslonaro*

*O famoso monstro dos filmes e desenhos animados Frankstein, declarou hoje seu total apoio ao candidato Boslonaro.*

*De acordo com Frank, Lula é o pior de todos os monstros, sendo uma criatura desprovida de qualquer valor.*

*Deus abençoe o Brasil*

:Brazil::folded_hands_light_skin_tone:",1,0,FN,1.1709741668179468e-07
MultinomialNB,4,"acha q está sempre coberto de razão e não aceita ser contrariado por ter um ego frágil, vc é desprezível e seus argumentos não passam de falácias rasas.",1,0,FN,0.3700573949755526
MultinomialNB,4,"O SATANÁS está certo!!!! O LULA se une com todas as religiões, se diz democrático e prega que vai respeitar a opção de credo e fica excluindo o satanismo?!",1,0,FN,0.09857467327055548
MultinomialNB,4,"Disse muito bem, não se trata de votar no Presidente Bolsonaro ou no Lula, com todos os seus roubos, seus cúmplices e suas mentiras, trata-se de votar em um Sistema, um Sistema que tem tudo a ver com o Diabo e outro Sistema que tem tudo a ver com os ensinamentos de Deus, e se a gente estiver com Deus, teremos uma nação abençoada, e se não, estaremos em um lugar amaldiçoado que nem se pode dizer que é uma nação.
Deus abençoe o discernimento das pessoas que estão escolhendo maldição e renegando a Deus e por conseguinte às suas bençãos.",1,0,FN,2.467266657172224e-14
MultinomialNB,4,"Urnas sendo manipuladas dentro de sindicato ligado ao PT segundo informações a cidade é Itapeva, mas não disseram se é em SP ou MG pois ambos estados tem cidade com esse nome..  Eu não tenho dúvidas que a FRAUDE será estrondosa para IMPEDIR a reeleição de Bolsonaro... GRAVÍSSIMO... Óbvio que a adulteração do programa deve estar sendo feita em cada cidade essa semana, ao receberem as urnas..  elas foram lacradas pelo TSE sem permitir as FFAA fazer inspeção por isso mesmo, porque já estava combinado com os sindicatos que estão recebendo as urnas, tirar o lacre e Fraudar seus programas para que mudem os votos e FRAUDEM a eleição em favor da ESQUERDA.",1,0,FN,7.084402060829665e-12
MultinomialNB,4,"Essa :index_pointing_up:foi boa q Colei:index_pointing_up::rolling_on_the_floor_laughing::rolling_on_the_floor_laughing::rolling_on_the_floor_laughing::rolling_on_the_floor_laughing:


Demostração de censura.
Calado.
Mudo.
Medo?
Vermelho ditador em forma democracia.
Vermelho que não liberta.......
etc,.....









Eu Sou eh 22.
Esperança .
Liberdade.
Vida.
Alegria.
Paz de vivência de Em amarelo rico de sabedorias....
Força...Luta... guerreiros :thumbs_up::thumbs_up::thumbs_up::victory_hand::victory_hand::victory_hand::Brazil::Brazil::Brazil::Brazil::Brazil::victory_hand::victory_hand::victory_hand::victory_hand::Brazil::Brazil::Brazil::Brazil:
22
22
22
22
22
:victory_hand:
:Brazil::thumbs_up::thumbs_up::thumbs_up::thumbs_up::thumbs_up::thumbs_up::thumbs_up::Brazil::victory_hand::Brazil::victory_hand::thumbs_up::thumbs_up::thumbs_up::thumbs_up::thumbs_up::thumbs_up::thumbs_up::thumbs_up::thumbs_up::thumbs_up::Brazil:",1,0,FN,9.221569395231755e-05
MultinomialNB,4,*A maior prova da formação de quadrilha que 9dedos pratica de forma legalizada e velada pelo STF. Ministros que deveriam zelar pela boa conduta do cidadão hj aceita tapa de ladrão é a famosa frase : na mão de malandro.  Nojo dessa turma maldita.*,1,0,FN,2.843302381624107e-06
MultinomialNB,4,"Eita laskeira


*Cheguei aqui agora na cidade.*
e tah todo mundo aqui de verde amarelo... soltando foquete e tudo mais.:Brazil::Brazil::Brazil::Brazil::Brazil::Brazil::Brazil::Brazil::victory_hand::victory_hand::victory_hand::Brazil::Brazil::Brazil::Brazil::Brazil::Brazil::Brazil::Brazil::Brazil::Brazil::Brazil::Brazil::Brazil::Brazil::Brazil::Brazil::Brazil:
Agora sim botei fé no nosso Bolsonaro ..
Irruuuu viva o Brazil,..:Brazil::Brazil::Brazil::Brazil::Brazil::thumbs_up::victory_hand::thumbs_up::Brazil::Brazil::Brazil:





Aqui Não tem Vermelho:Vietnam: de LulaLadrão Não :Angola::brain::kitchen_knife::Vietnam::enraged_face::enraged_face::enraged_face:



Irruuuuuuuu
:Brazil::Brazil::Brazil::Brazil::Brazil:
Aqui Em Goiás eh TODO MUNDO BOLSONARO....VERDE E AMARELO.....:Brazil::Brazil::Brazil::Brazil::victory_hand::Brazil::Brazil::victory_hand::victory_hand::victory_hand::Brazil::Brazil::Brazil::thumbs_up::Brazil::Brazil::Brazil:


iiiiiiiiirrrrrrrrrrruuuuuuuuuuuuuu


Vai ser de lavada no primeiro turno.
Chupa datafalsa ..globo lixo.. UOU <corruptos.



Somos todos Brasil brasileiro..verde amarelo e não vermelho,



Já ganhou BOLSONARO,

:Brazil::Brazil::Brazil::victory_hand::victory_hand::Brazil::victory_hand::victory_hand::victory_hand::victory_hand::Brazil::Brazil::victory_hand::victory_hand::victory_hand::victory_hand::victory_hand::victory_hand::victory_hand::victory_hand::Brazil::Brazil::Brazil::Brazil::Brazil::Brazil::Brazil::Brazil::Brazil::Brazil::Brazil::Brazil::Brazil::Brazil::Brazil::Brazil:


22
22
22
22
22



:victory_hand::Brazil::Brazil::Brazil::Brazil::Brazil::Brazil::Brazil::Brazil::thumbs_up:",1,0,FN,3.3764311885304496e-11
MultinomialNB,4,"AS GLOBOS...:pinched_fingers::heavy_dollar_sign::pinched_fingers: POLITICOS,.:pinched_fingers::triangular_flag::heavy_dollar_sign::pinched_fingers::pinched_fingers::pinched_fingers: STE.. STF..caiado UOU..,,,ETC,.....

SÃO Os que mas fala em DEMOCRACIA.....

TAL DEMOCRACIA QUE ESCONDE DIREITINHO A DITADURA.

SIM O CAPETA SI VESTE DE SANTO gente.
Faz parte do aplique 171...:pinched_fingers::heavy_dollar_sign::heavy_dollar_sign::pinched_fingers::triangular_flag::triangular_flag::Angola::triangular_flag::ogre::left-facing_fist::ogre::left-facing_fist::brain::kitchen_knife::brain::kitchen_knife::brain::triangular_flag::Angola::triangular_flag::Angola::Vietnam::Vietnam::Vietnam::Vietnam::Vietnam::Angola::pinched_fingers::pinched_fingers::heavy_dollar_sign:",1,0,FN,2.680792793327936e-10
MultinomialNB,4,"[27/9 19:17] +55 [PHONE]: Ê BÒSTA NÀ CARÁÊ BÒSTA NÀ CARÁÊ BÒSTA NÀ CARÁÊ BÒSTA NÀ CARÁÊ BÒSTA NÀ CARÁÊ BÒSTA NÀ CARÁÊ BÒSTA NÀ CARÁHOMENS CAGANDO NA MINHA BOCAHOMENS CAGANDO NA MINHA BOCAHOMENS CAGANDO NA MINHA BOCAHOMENS CAGANDO NA MINHA BOCAHOMENS CAGANDO NA MINHA BOCAHOMENS CAGANDO NA MINHA BOCAHOMENS CAGANDO NA MINHA BOCAHOMENS CAGANDO NA MINHA BOCAHOMENS VOMITANDO NA MINJA BOCAHOMENS VOMITANDO NA MINJA BOCAHOMENS VOMITANDO NA MINJA BOCAHOMENS VOMITANDO NA MINJA BOCAHOMENS CAGANDO VOMITANDO E MIJANDO NA NINHA BOCA
[27/9 19:17] .: O carlinhos é um viado, o carlinhos é um viado chupando homens e engolindo esperma, carlinhos vc é um viado hein vc chupa um monte de pinto e engole bastante esperma, homens mijando na boca do carlinhos, homens mijando na boca do carlinhos, homens mijando dentro da boca do carlinhos, eu sou um estrupado, eu gosto de ser estrupado, eu amo ser estrupado, eu amo ser arrombado, eu sou um estrupado",1,0,FN,0.015466907758830747
MultinomialNB,4,"VOTAR NO LULA, É VOTAR NA CORRUPÇÃO, NO APOIO AOS LADRÕES DE CELULAR, É VOTAR NO APOIO A LIBERAÇÃO DAS DROGAS, É VOTAR NO CASAMENTO GAY, VOTAR NO LULA É EROTIZAR AS CRIANÇAS, É PEDIR A VOLTA DO KIT GAY, VOTAR NO LULA É A POBREZA VIVER DE MIGALHISMO, VOTAR NO LULA É QUER VER DE NOVO MALAS E MAIS MALAS CHEIAS DE DINHEIRO PÚBLICO ROUBADO PELA QUADRILHA DE BANDIDOS DA ESQUERDA",1,0,FN,1.1525834172965785e-06
MultinomialNB,4,"SÁBADO   DIA  1  DE  OUTUBRO   A  POPULAÇÃO DO BEM   QUE  È  A  MAIORIA   DOS   BRASILEIROS   VAI   DESMASCARAR   ÉSTAS   PESQUISAS   COMPRADAS  , MENTIROSAS   , TODAS  ESTAS  MÍDIAS   ESQUERDISTA    QUÊ  NÃO   ACEITAMOS   MAIS   ESTA  ESQUERDA   DO DIABO   EM  NOSSO   BRASIL   ! VAMOS   TODOS   JUNTOS E MISTURADOS  SAIR  AS  RUAS   DE  TODO BRASIL  PARA  MOSTRAR   AO  MUNDO   EM  CARREATA   E  MOTOCIATA      QUE  NOSSA  BANDEIRA   JAMAIS SERÁ VERMELHA   ! NO  DIA  SEGUINTE   DIA  2  DE  OUTUBRO   VAMOS   DAR  UM  TIRO  DE  MISERICÓRDIA   NESSA  ESQUERDA   DO DIABO   E  VARRER   TODOS   ESTES  TRAIDORES  DA PÁTRIA   INFRILTADOS   NO  LEGISLATIVO   ! A  POPULAÇÃO   DO BEM   APRENDEU   A  LIÇÃO E VAI  DAR   O  TROCO   PARA TODOS ESTES TRAIDORES   DENTRO   DA  CABINE   DE  VOTAÇÃO   ! QUEM  AINDA   DÚVIDA   VERÁ   NO  PRÓXIMO   DOMINGO   A  NOITE   !:thinking_face::thinking_face::thinking_face::thinking_face::thinking_face::thinking_face:",1,0,FN,1.1482682987282726e-07
MultinomialNB,4,"Sou de Aratiba RS, sou de direita, tenho pavor de comunistas, ladrões, corruptos, esquerdistas e PTistas. 
Minha cidade de interior tem em torno de 6.000 eleitores. 
Aqui sempre foi um reduto de PTistas pois foi a segunda cidade do RS em apostar no PT e em Lula, desde a criação desse partido das trevas.
Na eleição de 2018 para presidente tivemos 48% dos votos para o Bolsonaro e em 2 turno 57,5%.
Para prefeito em 2020 contra o PT, ganhamos de 60,2% dos votos.
Nesta eleição devemos ampliar esse resultado no 1 turno.
MINHA PERGUNTA: QUAL SEU ESTADO E MUNICIPIO E COMO ESTA AI?",1,0,FN,0.10189585428107802
MultinomialNB,4,*Olha só o Marquinhos enfrentando o Capitão Mamata que estava na musculação enquanto pessoas morriam na pandemia*,1,0,FN,6.912005775247375e-14
MultinomialNB,4,"Abriram a porta do inferno e saiu os demônios velhos e derrotados que nada fizeram pelo Brasil, aliás fizeram sim, roubaram a nação , tudo bandido vagabundos",1,0,FN,0.011358537275813187
MultinomialNB,4,Cristãos se preparem porque daqui até Domingo o Satanáz usara seus fiéis para atacar não só o presidente mais toda a população de bem que ama a Deus a familia e o País,1,0,FN,5.0494731479964593e-05
MultinomialNB,4,":backhand_index_pointing_up: *Propinas, roubos, falcatruas...rachadinhas...*
*Representa a esquerda.*

*O mais curioso é que o Wilian Boner e Renata noticiaram isso.:face_screaming_in_fear::face_screaming_in_fear:*",1,0,FN,3.323349942344107e-10
MultinomialNB,4,"Quem é o esmolé retardado que vai humilhar Neymar,ele tá cagando e andando pra esmolé desqualificado.",1,0,FN,0.006991836720790706
MultinomialNB,4,È  POR  ISTO   AUE  A  MAIORIA   DA POPULAÇÃO DO BEM   NÃO   VAI  VOLTAR   EM  CANDIDATOS   DA  ESQUERDA SATÂNICA   ! VAMOS  REELEGER   BOLSONARO   NO  1TURNO    E  QUANTO   ESTES   TRAIDORES DA PÁTRIA   SERÁ   UMA  MISSÃO   PARA BOLSONARO E FFAA   EM  2023   ! :thinking_face::thinking_face::thinking_face::thinking_face::thinking_face:,1,0,FN,0.16733613165857522
MultinomialNB,4,"Senhor meu Deus. Não permita que a nossa nação caia nas mãos de corruptos de novo, de ladrões, de socialistas… Pessoas que só pensam em si mesmas, que são contra a família, as crianças, a moral e a ordem. Que querem um mundo pervertido, sujo, escuro… Nos livre do mal meu Pai, pelo menos por mais 4 anos, para que possamos mostrar para nossos filhos, para as novas gerações, o que é bom, o que é aprazível, que o Brasil tem jeito. Por favor meu Pai. Nosso povo é sofrido demais. Escute as nossas orações, em nome de Jesus. Amém :folded_hands_medium-light_skin_tone:",1,0,FN,1.1681269398330245e-08
MultinomialNB,4,*:sleepy_face:ISSO É MUITO TRISTE E CHOCANTE ! Esses filhos do diabo tem uma alta conta á prestar com Deus.*,1,0,FN,1.7295164988449791e-09
MultinomialNB,4,"Olha aí os discípulos do demônio fazendo magia pra da certo.

Mais Deus não dorme.
Deus é maior sempre!",1,0,FN,1.9874079585230289e-07
MultinomialNB,4,"Pessoas que são cristãos jamais pode votar em quem é contra os princípios da igreja.
Quem apoia o aborto, a ideologia de gênero, é contra a família apoia o comunismo.
Vote  consciente.
22 neles.
DEUS, PATRIA , FAMÍLIA",1,0,FN,2.2521903600930656e-07
MultinomialNB,4,Dessa vez o povo não acredita nas Fake News do BOZO não. Kkkkk. Começou arranjando um PADRE FAKE. Que vergonha 01 . Kkkk.,1,0,FN,2.4295564643385767e-10
MultinomialNB,4,"Olha aí muié, os macumbeiros , fazendo macumba nós cemitérios pra Bolsonaro,e um bando de crente sem vergonha apoiando um macumbeiro desse",1,0,FN,0.0005563868402571994
MultinomialNB,4,PESQUISAS DE BOCA DE URNA CONFIRMAM É É É É BOLSONAROOOOOOOO EM PRIMEIRO TURNO COM MAIS DE 90 MILHÕES DE VOTOS PARA DESESPERO DA ESQUERDALHA AMALDIÇOADA DOENTIA E FEDORENTAA,1,0,FN,1.4288777377344947e-07
MultinomialNB,4,"Não somos coveiro mas, hj faremos o enterro do Bozo.:coffin:

Velório aberto ás 17hs.",1,0,FN,8.060846710716463e-12
MultinomialNB,4,DILMA ATRAPALHANDO A VOTAÇÃO :backhand_index_pointing_up::backhand_index_pointing_up::rolling_on_the_floor_laughing::rolling_on_the_floor_laughing::rolling_on_the_floor_laughing::rolling_on_the_floor_laughing::rolling_on_the_floor_laughing:TÁ ATÉ AGORA PROCURANDO O MOUSE PRA CLICAR :rolling_on_the_floor_laughing::rolling_on_the_floor_laughing::rolling_on_the_floor_laughing::rolling_on_the_floor_laughing:SAI DAI BURRA  DO CARALHO,1,0,FN,1.990061835793493e-10
MultinomialNB,4,"Só acho que o cachaceiro foi bem votado. Meu Deus, o Brasil não é para amadores.",1,0,FN,3.7560443053724844e-14
MultinomialNB,4,"Está estranho ... Lentamente o Bolsonaro está diminuindo e o Lula Ladrão aumentando ..

Ainda tem pessoas votando .. 

Se o horário e até às 17 porque tem gente votando agora as 19:30 .. 

Está estranho .. 

O TSE aponta que Lula Ladrão ganha em todos os estados do Nordeste onde ele tambem não podia andar nas ruas ..

Está estranho isso ..",1,0,FN,7.744243698134026e-10
MultinomialNB,4,"PESSOAL ATENÇÃO! 

SEI QUE ABALA UM POUCO TODOS NÓS VER A DIFERENÇA REDUZINDO! 

MAS ACHO QUE É CLARO PRA TODOS: 

ESTAMOS LIDANDO COM MÁFIA, QUADRILHA, BANDIDOS!

É OBVIO QUE ESTÁ HAVENDO FRAUDE! É ÓBVIO! 

TENHO DITO: SE PREPAREM PARA SAIR ÀS RUAS!

NÃO VAMOS ACEITAR ESSE SISTEMA DE VOTAÇÃO E PONTO FINAL! 

VAMOS PARAR O BRASIL!

COMECEM A DIVULGAR ISSO NOS GRUPOS! 

SE FORMOS ÀS RUAS BOLSONARO VAI ORDENAR ÀS FORÇAS ARMADAS À AGIR! 

REPITO: VAMOS TOMAR AS RUAS DO BRASIL! 

FORÇA E HONRA! 
DEUS ABENÇOE O BRASIL!  :Brazil::Brazil::Brazil:",1,0,FN,3.5276243485929217e-12
MultinomialNB,4,"Com certeza meu irmão e esse Ladrão não assume a presidência em nome do Senhor JESUS CRISTO, eu creio!!:folded_hands_dark_skin_tone::folded_hands_dark_skin_tone::folded_hands_dark_skin_tone::raising_hands_dark_skin_tone::raising_hands_dark_skin_tone::raising_hands_dark_skin_tone:",1,0,FN,3.79136425314571e-09
MultinomialNB,4,Me recuso a acreditar que o povo brasileiro e tão imbecil assim,1,0,FN,0.2519393804778726
MultinomialNB,4,"Precisamos nos unir e orar clama a Jesus, porque os filhos de Satanás estão unidos",1,0,FN,3.048448236476923e-06
MultinomialNB,4,":clown_face::clown_face::clown_face::clown_face::clown_face::clown_face::clown_face:
*CADÊ OS 54 MILHOES DE ELEITORES DO LULADRÃO COMEMORANDO NAS RUAS?*

*E ELE NÃO DISSE QUE INDEPENDENTE DOS RESULTADOS, ELE IRIA FALAR COM SEUS ELEITORES EM SÃO PAULO NA AVENIDA PAULISTA?*

*AONDE ENTÃO OS ELEITORES DO LULADRÃO E QUE SILÊNCIO É ESTE NO EVENTO DO LULADRÃO?*

*ALGUEM AI VIU OS 54 MILHÕES DE ELEITORES DO LULADRÃO?*",1,0,FN,2.858935331430305e-07
MultinomialNB,4,"Eu sou Nordestina e moro na Bahia, mas a culpa é do Nordeste mesmo. Por isso que vive no atraso.",1,0,FN,0.002477188455082277
MultinomialNB,4,"Exatamente quem vive de promessa e santo , estes jumentos não aprende puta que pariu 47% um ladrão não e possível foi manipulado NAO PODE SER",1,0,FN,3.9219157281595717e-07
MultinomialNB,4,"Não perca, é tudo o que eles querem, como dizem...é mais que uma eleição, é uma guerra espiritual, não é atoa que apelaram para Macumba, Bruxaria essas coisas, mas mesmo assim Deus não permitiu a vitória do Diabo.",1,0,FN,2.8944891348218586e-12
MultinomialNB,4,Junta os votos do luladrao de ontem e mais o da Simone pronto eleito af,1,0,FN,0.0012941006285532653
MultinomialNB,4,"SE ISSO NÃO É SUFICIENTE PARA COMPROVAR A FRAUDE NA APURAÇÃO, ENTÃO REALMENTE O TSE VAI ELEGER O LULADRÃO NO 2° TURNO.",1,0,FN,0.0007686186809496964
MultinomialNB,4,O comunismo:Vietnam: é a religião de satanás,1,0,FN,0.29397115912237276
MultinomialNB,4,"Nao to atribulada nao, olha o vidro ai, o cara fazendo a cabeça do Lula, colocando ele sob a autoridade do demônio, e o próprio Lula frequenta centro de macumba, falso profeta é vc que fica julgando os outros sem conhecer.",1,0,FN,0.20837083598493986
MultinomialNB,4,Idiota o assunto agora não é esse.... Sai pra la satanás.,1,0,FN,1.0140104250391973e-05
MultinomialNB,4,"Kkkkk
Isso me diziam para o primeiro turno

Eu agora virei
SAO TOMÉ

TALVEZ SE EU TOMAR UM MÉ VOLTE A CONFIAR

O SISTEMA É SUJO POR SI SO

E NOSSO PRESIDENTE INOCENTE 

SE ELE NAO TOMAR PROVIDÊNCIAS DE VIGIAR AS URNAS 

SEREMOS HUMILHADOS COMO FOMOS NO PRIMEIRO TURNO 

SUGESTAO

BOLSONARO DEVE MANDAR  RECOLHER AS URNAS DO PRIMEIRO TURNO E COMPRAR DE UMA OUTRA EMPRESA E O EXECUTIVO DISTRIBUIR
CASO CONTRARIO ATE MOISES , PEDRO JOSUE
JOSE DO EGITO
TODOS ESSES DEFUNTOS VOLTARAO EM LULADRAO",1,0,FN,3.079124736386502e-11
MultinomialNB,4,"Vamos derrubar a página desse imbecil pessoal, não somos da laia deles, mas podemos impedir ele de falar merda e ficar por isso mesmo",1,0,FN,6.106927892089343e-06
MultinomialNB,4,"*TENHO CERTEZA QUE ESSE SEGUNDO TURNO SERÁ BEM APERTADO.*

SERÁ ACIRADA A DISPUTA, TANTO PELO ROUBO ELEITRÔNICO, COMO TAMBÉM PELA QUANTIDADE DE IDIOTAS QUE IRÃO NOVAMENTE SE ABSTER, E DOS QUE IRÃO VOTAR NULO OU EM BRANCO.

É FODA!

AGUARDEM FORTES EMOÇÕES PARA O DIA 30.

SERÁ APERTADO O PLACAR (ESCORE).",1,0,FN,5.38414379386954e-07
MultinomialNB,4,"Esse kara parece que me ouviu falar ha 6 meses atras.

Eu preocupado com as urnas e fraudes
Tambem com o exercito brasileiro

Lamento dizer
O EXERCITO BRASILEIRO NAO APOIA BOLSONARO

ESQUEÇAM ISSO
ELES NUNCA SE MANIFESTARAM VERDADEIRAMENTE AO LADO DO BOLSONARO

E SENDO ELES QUE ESCONTRARAM FRAUDE NAO SE MANIFESTARAM A FAVOR DO POVO

PENSEM COMIGO

16 ANOS QUE O CORRUPTO LULADRAO ALICIA ESSA CLASSE

BOZO TEM APENA 4 ANOS E NAO COMPROU O EXÉRCITO 
HA 1 ANO ATRAS  MEU DISCURSO É:

CUIDADO COM AS URNAR 
POEM AGENTES DO BOZO PARA FISCALIZAR 
NAO DEIXA A LA VONTÊ NAS MAS DO STE E SINDICATO DOS TRABALHADORES E GLOBOBUNDA, ETC

CUIDADO COM O EXERCITO

BOM
O RESULTADO FOI 
FRAUDES

EI ZESONARO
É MELHOR  VOCE E  SEUS FILHOS FICAREM ASSIM Ô
 DE :eye::eye: :eye::eye: :eye::eye: NAS URNAS 
SENAO ELES VAO TE DA BALINHAS PRA CHUPAR E VC IRA SAIR PRA FAZER CAMPANHA DE NOVO E VAI ESQUECER DO ELEMENTO QUE TE DERROTOU NO PRIMEIRO TURNA

A S    U R N A S",1,0,FN,7.646555432578066e-09
MultinomialNB,4,VEJAM O QUE ACONTECEU NA TV AO VIVO BOLSONARO  COM 55% E O LULADRAO  COM 36% 8:20 H DA NOITE SE DERAM MAL,1,0,FN,1.8714303030836196e-11
MultinomialNB,4,"Amo Patrick, faço campanha com todo prazer e alegria, mas vou sair do grupo porque não consigo conviver com pessoas que apoiam bandidos que querem entregar o Brasil ao comunismo maldito. Abraço aos que amam a família e a liberdade.
Deus acima de todos :folded_hands:",1,0,FN,1.4397030552319575e-10
MultinomialNB,4,":Brazil::Brazil::Brazil:

SENHOR RENOVA A NOSSA FORÇA, AUMENTA A NOSSA FÊ...ENVIA OS TEUS :baby_angel: ANJOS PARA ACAMPAR AO REDOR DE NOSSAS VIDAS COMO ESCUDO DE PROTEÇÃO,  ABENÇOE O BRASIL, CADA DIRIGENTE, ENVIE TUA LUZ, TEU :fire: FOGO SANTO...OH DEUS DE GLORIA :raising_hands_light_skin_tone: TODA HONRA É DADA A TI,  CLAMAMOS A UM DEUS QUE TUDO PODE, A ELE NAO HA IMPOSSIVEL. CREMOS NO PODER DA ORAÇÃO. ATRAVÉS DELA VAMOS OBTER A GRAÇA PELA TUA INFINITA MISERICÓRDIA,  QUE TRARÁ RESPOSTA A TODO AQUELE QUE É CONTRA A TEUS ENSINAMENTOS. ELES VERÃO A TUA GLORIA, O TEU PODER QUE HA..VERÃO QUE A NOSSA VIDA TEM DONO, O NOSSO PAÍS REINA O TEU PODER. NADA ACONTECERÁ SEM A TUA VONTADE, PORQUE TU ES O TODO PODEROSO, A PORTA QUE O SENHOR FECHA NÃO HA QUEM ABRA E A PORTA QUE O SENHOR ABRE NAO A QUEM FECHE... A TI CLAMAMOS,  PEDIMOS E SUPLICAMOS PELA LIBERTAÇÃO DO NOSSO PAÍS, QUE ELE SEJA LIBERTO DE TODA MALDADE, DE TODA CORRUPÇÃO, DE TODA CEGUEIRA ESPIRITUAL, DE TODA MALDIÇÃO, OBRA DE MACUMBARIA E FEITIÇARIA, TODO LEVANTE DO INFERNO...AMÉM

 :raising_hands_light_skin_tone::raising_hands_light_skin_tone::raising_hands_light_skin_tone::fire::fire::fire::Brazil::Brazil::Brazil::white_heart::white_heart::white_heart:",1,0,FN,0.027080028122067088
MultinomialNB,4,"Está jovem é um exemplo vivo de toda maldade que viveu na Venezuela e está nos prestando um favor.
Mesmo assim, milhões de idiotas Brasileiros pensam como este idiota e ainda aprovam o Lula como Presidente.

Precisamos de mais Empresários, cantores, artistas, jogadores de futebol se posicionarem em público CONTRA A ELEIÇÃO DO CACHACEIRO E LADRÃO.",1,0,FN,2.4766232933380768e-05
MultinomialNB,4,"A PIOR DAS PIORES!!!! JA FALARAM MAL DEMAIS E, É POR ISSO QUE DIGO, ESSES ETERNOS CANDIDATOS A PRESIDENTE,  SÃO  PALHAÇOS E A DONA MARINA DA SILVA ,A MAIOR PALHAÇA. TODAS ELEIÇÕES ELA ESTA PRESENTE COMO CANDIDATA. SURPREENDENTEMENTE NÃO FOI NESSA! PORQUE SERÁ???? UMA ICÓGNITA, TUDO BEM. AGORA JA ESTA DECLARANDO APOIO AO LULADRÃO.  ISSO MESMO!!! NO MÍNIMO A MARINA DA SILVA ESPEROU A VIDA INTEIRA PELO LULADRÃO.  ELE, CLARO, SÓ QUER FILÉ,  NUNCA NEM COGITOU A PAIXÃO DA MAIS INSOSSA E ARDOROSA FÃ DELE.",1,0,FN,3.562076759433431e-07
MultinomialNB,4,"""Ser vaiado por uma multidão de idiotas é o preço por não ser um deles"" Olavo de Carvalho",1,0,FN,0.00035786961286543627
MultinomialNB,4,"Quem é essa idiota? Onde está escrito ou cadê a lei que proibi crianças e adolescentes a frequentar a igreja? Fui criada dentro da igreja e meus  também sempre foram, quando pequenos",1,0,FN,7.842501835537696e-06
MultinomialNB,4,O VÍDEO QUE O LULADRAO  PEDIU PARA O STF TIRE DO AR NO FINAL O MORO ARREBENTA COM O LULADRAO  VEJAM,1,0,FN,3.1143349665543696e-09
MultinomialNB,4,"Ignora ele, vamos trocar uma ideia, é mais fácil eu passar conhecimento aos demais com vc que está disposto a debater, do que com esse gado burro que só quer fugir pq é burro",1,0,FN,0.044761357871958146
MultinomialNB,4,"Gordinha agredindo gordinho, em defesa do LULADRÃO :rolling_on_the_floor_laughing::rolling_on_the_floor_laughing::rolling_on_the_floor_laughing::rolling_on_the_floor_laughing:",1,0,FN,4.533786073459e-06
MultinomialNB,4,"Quanto era mesmo a gasolina antes do Bolsonaro? O Pix foi criado pelos funcionários do BC, não foi ideia do idiota. As outras brincadeiras são boas.",1,0,FN,2.8014498891644007e-08
MultinomialNB,4,LULADRÃO e sua quadrilha quer voltar a sena do crime juntos para dilacerar o Brasil outra vez....Já começaram as ações no Espírito Santo.. Fora comunistas :ogre:,1,0,FN,2.488149168172941e-05
MultinomialNB,4,"*Danones o desequilibrado, mesmo após ter declarado apoio, falando umas verdades sobre o LULADRÃO e o pt.*",1,0,FN,7.600750554025092e-05
MultinomialNB,4,"*Exatamente, faltou o presidente Bolsonaro citar que em todos os órgãos ambientais eram corrupções sistêmicas, durante os desgovernos de Luladrão*:index_pointing_up::index_pointing_up::index_pointing_up::thinking_face::thinking_face::thinking_face::man_facepalming::man_facepalming::man_facepalming::backhand_index_pointing_down::backhand_index_pointing_down::backhand_index_pointing_down::backhand_index_pointing_down::backhand_index_pointing_down::backhand_index_pointing_down::backhand_index_pointing_down::backhand_index_pointing_down::backhand_index_pointing_down::backhand_index_pointing_down::backhand_index_pointing_down::backhand_index_pointing_down::backhand_index_pointing_down::backhand_index_pointing_down::backhand_index_pointing_down::backhand_index_pointing_down::backhand_index_pointing_down::backhand_index_pointing_down::backhand_index_pointing_down::backhand_index_pointing_down:",1,0,FN,0.1551487144115558
MultinomialNB,4,"Esse vídeo :backhand_index_pointing_down: mostra o chefe do tráfico de uma das maiores e mais violenta favelas de SALVADOR/ BA (Nordeste de Amaralina)

O Rasta, como é conhecido, aparece com Lulaladrao. 
:thinking_face:
Amigos ! Isso é muito sério! 
O cachaceiro está se alinhando com várias facções criminosas do Brasil. Devemos alertar aos isentōes para que revejam suas intenções de anular o voto. 

Apoiar Bolsonaro e esquecer essa birra inrustida por nosso presidente é o melhor caminho .",1,0,FN,1.8976087019796784e-12
MultinomialNB,4,"Tem o macho
tem o super macho
tem o mega macho
tem o hiper macho
e tem esse cara aí que gritou: ""Ladrão"" no meio da petezada no comício do Luladrão :backhand_index_pointing_down_medium-light_skin_tone:",1,0,FN,0.48214659497055323
MultinomialNB,4,Mano o grupo está no limite máximo... Assim que aparecer uma vaga a gente add ele... Ou identificar um Vermelhinho incubado...:smiling_face_with_sunglasses::Brazil:,1,0,FN,8.8229461851488e-11
MultinomialNB,4,"Só uma pessoa louca ou alcoolizada, teria uma postura covarde dessas contra uma criança . Isso é crime. Uma mulher velha dessas ainda não aprendeu???",1,0,FN,5.5336277606377346e-05
MultinomialNB,4,"*Quanto vale a palavra destes dois OTÁRIOS? Nada certo? Pois é!* Por isso, vão fingir que não disseram o que disseram, porque Bolsonaro superou EM MUITO o LULADRÃO. :man_shrugging_light_skin_tone:",1,0,FN,0.1308733443970137
MultinomialNB,4,O que fez esse homem mudar de opinião?????? Por quê passou a defender o CANALHA LULADRÃO???? Há muita lama nessa mudança!!!! A vitória do BOLSONARO é uma necessidade de sobrevivência para todos nós!!!,1,0,FN,1.5621750744853106e-05
MultinomialNB,4,TERRORISTAS DO MST:index_pointing_up::index_pointing_up::index_pointing_up::index_pointing_up:LULADRAO TÁ INDO PRO TUDO OU NADA:index_pointing_up::index_pointing_up::index_pointing_up:CANAL DO SÃO FRANCISCO :index_pointing_up::index_pointing_up:COMUNISTAS SÓ SAEM NA BALA,1,0,FN,0.2611765963942816
MultinomialNB,4,Com adesivo do LULADRÃO vc ganha trânsito livre do TRE para estacionar em cima de calçadas,1,0,FN,2.4532219104430845e-08
MultinomialNB,4,BOLSONARO  REI DA PICANHA HOJE SE COMPRA 3 VEZES MAIS DO QUE NO GOVERNO DO LULADRAO  DA UM BUSCA NO GOOGLE,1,0,FN,0.005608286242457805
MultinomialNB,4,"Aqui são tudo vagabundo, não apóiam o presidente, a gente não ver esse idiota do Josemar se pronunciar",1,0,FN,8.059493064898898e-09
MultinomialNB,4,PATRIOTAS É. MUITO IMPORTANTE QUE VOCES VEJAM ESTE VIDEO DESTA DENTISTA E AQUI TEM TODO TIPO DE AMEAÇA QUE O LULADRAO  FEZ E QUE O STF RETIROU COMO FAKE NWIS VEJAM VEJAM VEJAM,1,0,FN,1.9207671880061175e-07
MultinomialNB,4,"O PROBLEMA É JUSTAMENTE O TSE, PORQUÊ ELE TÁ DO LADO DO LULADRÃO E NÃO DO PRESIDENTE BOLSONARO. ESSE É O GRANDE PROBLEMA.:enraged_face::enraged_face::enraged_face::enraged_face:",1,0,FN,5.369951157697691e-08
MultinomialNB,4,"Desculpa. É me chamar de idiota (ou qualquer pessoa) dizer q tem outro significado pra ""pintar clima"", entre um homem e uma mulher (como vc disse), no caso, meninas ""arrumadinhas"" como ele disse",1,0,FN,8.704130691624567e-07
MultinomialNB,4,"Gente eu fico chocado com essa propaganda eleitoral do Bozo. Parece que todos são anjos de candura!! Nem parece o doido que fala merda todo dia. Os marketeiriz estão de parabéns viu. É muita mentira e muita enganação. E o brasileiro esquece o que aconteceu até na semana passada pra votar nesse monstro. Aliás a monstruosidade de Bolsonaro. aumenta ainda mais com tanta fake News, hipocrisia e promessas fajutas do programa eleitoral . É muita cara de pau. O brasileiro é muuuuuito burro , meu Deus",1,0,FN,9.03753856595813e-09
MultinomialNB,4,BANDIDO DEFENDE BANDIDO E TEM JUMENTO QUE VOTA EM LULADRÃO,1,0,FN,0.15234605473788318
MultinomialNB,4,OLHA O QUE O LULADRÃO MANDOU FAZER COM AS PESSOAS QUE NÃO VOTARAM NELE.:face_screaming_in_fear::face_screaming_in_fear::face_screaming_in_fear::face_screaming_in_fear:,1,0,FN,1.0197726286560963e-05
MultinomialNB,4,IGOR DONO DO FLOW PODCAST REVELA QUE NÚMEROS DA LIVE DO LULADRAO FORAM MANIPULADOS! SE MENTE ATÉ EM UMA LIVE IMAGINA NA FRENTE DE UM PAÍS?,1,0,FN,2.531274600493929e-07
MultinomialNB,4,Não sei como os petistas por ódio ao presidente ACEITAM ESSE LULA SÓ POR BIRRA olha as propostas desse LULALADRÃO,1,0,FN,0.001463331456892527
MultinomialNB,4,O Pesoal de Anchita com o MEPES venerando o Luladrão e Casagrande,1,0,FN,1.2699931052978812e-05
MultinomialNB,4,O baiano tem que se ferrar mesmo. Votar em um carniça ladrão! Pqp,1,0,FN,2.992339444498793e-09
MultinomialNB,4,"Quem disse isso, foi o ministro MARCOLA do governo do LULADRÃO",1,0,FN,0.025025908431964974
MultinomialNB,4,"No passado os Profetas
Homens santos não poderiam ""ser dúbios"" em decisão crucial 
O CASTIGO 
Era o apedrejamento até à morte. Hj a exemplo do que A CORJA DO STF FEZ À FAVOR DE LULALADRÃO É ABOMINÁVEL 

DEIXOU Á NAÇÃO EM EMINENTE GUERRA CIVIL 
Ê SE O PREÇO FOR ESSE ESPERO QUE UM SNNIPER COM O DEDO NO GATILHO Ê A MÍRA APONTADA PRIMEIRO PARA A CABEÇA DOS MINISTROS Q OCASIONARAM TÃO DESAGRADÁVEL SITUAÇÃO.

#UMSNIPPERPARAFACHIN

#UMSNIPPERPARAALEXANDREDEMORAES

#UMSNIPPERPARALULALADRÃO",1,0,FN,9.927158007957889e-09
MultinomialNB,4,"Alguém explica para o idiota do Haddad que oxigênio é inflamável e não pode ser transportado por avião, devido a despressurização e pode explodir. É um produto altamente explosivo.",1,0,FN,0.00392323262694323
MultinomialNB,4,Ainda é tempo de PaiLula baixar nesse terreiro. Talvez tome vergonha naquela cara lambida.,1,0,FN,0.0003871867409923934
MultinomialNB,4,"DIA 30/10.., NÃO VOTE EM LULADRAO…, PROTEJA A SUA FAMÍLIA.., NÃO AS DROGAS, ABORTO, CORRUPÇÃO, AOS TROMBADINHAS DE CELULAR…, E A SUA LIBERDADE..!!!! PENSE NISSO NA HORA DE VOTAR…!!!",1,0,FN,0.21220052524642527
MultinomialNB,4,Olha só o que encontraram no monte! Depois dizem que a guerra não é espiritual! Meu Deus :face_screaming_in_fear::face_screaming_in_fear::face_screaming_in_fear: macumba pro ladrão ganhar Saravá :backhand_index_pointing_up::index_pointing_up::face_with_crossed-out_eyes::raised_fist::oncoming_fist::smiling_face_with_horns::crying_face:,1,0,FN,6.334469051027619e-12
MultinomialNB,4,BOLSA GAY NA ARGENTINA. SE O MULA VOLTAR VAI SER AQUI TAMBÉM.,1,0,FN,1.2675973323967341e-06
MultinomialNB,4,GloboLIXO colocou ponto eletrônico no LULADRÃO,1,0,FN,3.7416545962145475e-07
MultinomialNB,4,Que gente idiota né…. Vamos aguardar…. Pq o Sudeste não foi tudo ainda…..,1,0,FN,5.544800576761128e-09
MultinomialNB,4,"Gente, vou falar pra vcs o q eu acho

Desde o primeiro turno eu sabia q o Lula ia ganhar, é nítido, o STF e ele já estavam arquitetando tudo, vcs não acharam estranho o Bolsonaro sem fazer nada???


É óbvio que ele tá com estratégia, ele tá deixando eles fazerem e acontecer, só tá pegando provas pra exercer o artigo 142...

Bolsonaro n é burro, ele sabia que isso ia acontecer e já tava planejando isso, deixou eles pensarem que ganharam, pra chegar com tudo e prender todo mundo",1,0,FN,0.01274820370188429
MultinomialNB,4,"Na minha opinião, no NE já sabíamos que era previsível isso. O problema foi que, no Sul, o imbecil do Ônix, com a arrogância e prepotência sem limites, estrava com a mão na taça e resolveu diminuir com barbáries o seu opositor e acabou fazendo com que os indecisos e que, inclusive muita gente que iria votar no Bolsonaro, virassem o voto em repúdio às suas colocações no último debate.
Ou seja, Zema e Tarcísio ajudaram e o Ônix……….",1,0,FN,0.08638504664453629
MultinomialNB,4,"Não é só fantasiosa, é criminosa de tão idiota. Realmente não acredito que após tanto tempo da derrota do Trump tem alguém acreditando em operação storm. O que me pergunto é somente se quem cria esse tipo de conteúdo é esquizofrênico, se é proposital para enganar gente muito burra ou se está só tirando um barato. Seja como for a existência e compartilhamento desse tipo de loucura talvez dê uma pista da razão dessa derrota que não começou hoje.",1,0,FN,1.6575698390121363e-06
MultinomialNB,4,"Vc está tão incisivo e grilado quanto eles nas suas falas. Respira amigo! Eu entendi o seu ponto de vista. Acho que o caminho é respeitar!

Se vc não acha que seja o caminho, faça da maneira que achar necessário fazer. Agora chamar o outro de acéfalo, imbecil por pensar diferente de vc complica!",1,0,FN,3.6652051851737592e-06
MultinomialNB,4,"VÍDEO VERDADEIRAMENTE  CORRETO.  TEMOS QUE CLAMAR PELO BRASIL  SENDO ASSIM  DEUS  VAI OUVIR A MAIORIA  E SE A MAIORIA  FOR  O LADO BOM, E SE A MAIORIA  FOR CONTRA O CASAMENTO GAY.  SE A MAIORIA FOR CONTRA AS DROGAS  . SE A MAIORIA  FOR CONTRA  CORRUPÇÃO.  SE A MAIORIA  FOR CONTRA O ABORTO  ENTÃO  O BEM VENCERÁ  OS ESCLARECEDORES...COMPARTILHEM..",1,0,FN,3.4328900235668973e-10
MultinomialNB,4,"Daniela Lima d CNN continua a insistir que não terá como revogar o resultado das eleições  . Toda  a imprensa esta assim divulgando . O imbecil do Datena traíra,  está em conivência também dizendo : temos de respeitar as urnas . Não vamos recuar nem um milímetro,  é tudo ou nada temos muito a perder  .",1,0,FN,1.0934724453678187e-07
MultinomialNB,4,"Discurso idiota, milhares da famílias pegando o AUXÍLIO EMERGÊNCIAL DE 600 REAIS A 1.000 REAIS!!!:man_facepalming_light_skin_tone:",1,0,FN,6.242903389011199e-11
MultinomialNB,4,"REPASSEM ESSA MENSAGEM ENQUANTO DURAR O PROCESSO  DE INTERVENÇÃO FEDERAL, ART. 142  OU  ANULAÇÃO DA VOTAÇÃO:   PATRIOTAS, NÃO OUÇAM O QUE OUTRAS PESSOAS ESPALHAM POR AÍ. MANTENHAM O FOCO ATÉ O NOSSO PR. SE PRONUNCIAR.                    MANTENHAM-SE NAS MANIFESTAÇÕES EM FRENTE AOS QUARTÉIS. REVEZEM- SE, MAS SE MANTENHAM FIRMES. TUDO QUE OS ESQUERDOPATAS QUEREM AGORA É QUE DESANIMEMOS. QUANDO DESCONFIAREM DE ALGUM INFILTRADO NOS GRUPOS SOLICITEM A ELES QUE DIVULGUEM OS SEUS LINKS DO YOU TUBE, FÁCIL, SE ELE NÃO DIVULGAR O EXCLUA. MAS, MAIS IMPORTANTE QUE QQ POSTAGEM É MANTERMOS AS MANIFESTAÇÕES, AGUARDARMOS E PARARMOS APENAS QUANDO O NOSSO PR. SE PRONUNCIAR SOBRE O RESULTADO DE TUDO ISSO. VAMOS FAZER NOSSA PARTE E NÃO DAR OUVIDOS AOS DESANIMADOS OU AOS INFILTRADOS. ENQUANTO HOUVER ESPERANÇA HAVERÁ LUTA. DEUS ESTÁ CONOSCO.:folded_hands::Brazil::Brazil::Brazil::Brazil::Brazil::Brazil::Brazil::Brazil::Brazil:",1,0,FN,3.4502894102629534e-09
MultinomialNB,4,"Se continuarem com essa confusão idiota os dois lados vão acelerar o processo de destruição do país, aí sim podemos ficar pior que muitos países de extrema miséria, pensem",1,0,FN,7.123031756236571e-08
MultinomialNB,4,"Coloquei pq devemos ficar sabendo,quem são o idiotas q estam falando mal dos caminhoneiros,pq um monstro desse aí tem q ficar conhecido, famoso.",1,0,FN,0.00011434688973637937
MultinomialNB,4,Tinham q  da na cara dele até esse idiota nascer cabelo,1,0,FN,0.17452629907144152
MultinomialNB,4,Meu deus foi confirmado     lula faz macumba pra bolsonaro  e agora eles São amantes,1,0,FN,0.0001228120346861001
MultinomialNB,4,"NEGATIVO, TODOS PRA FRENTE DOS QUARTÉIS, ESTÃO QUERENDO ENFRAQUECER AS MANIFESTAÇÕES, SE DERRUBARMOS LULALADRÃO TODO O SISTEMA CORRUPTO CAI",1,0,FN,0.08871566320887586
LinearSVC,0,Inclusive ele criou satã para nós torturar para sempre no inferno pq sabe oq faz,1,0,FN,-1.569620325963292
LinearSVC,0,A blogueira nem apagou a calúnia e olha só a virgem no puteiro,1,0,FN,-1.3273833514375375
LinearSVC,0,"Pois é agora pra tirar esse canalha traidor, só daqui 8 anos.",1,0,FN,-1.7949222100646622
LinearSVC,0,"Socialismo em Los Angeles. Caos total depois que passaram a legislação permitindo até 900 dólares em roubo sem punição.

Não podemos permitir que a esquerda tome conta do poder, com eles no poder tudo que há de pior pode acontecer.",1,0,FN,-0.7983016228475928
LinearSVC,0,O esquerdista Ciro teve um clímax com  o ataque do Bolsonaro frente ao Loola.,1,0,FN,-1.2027830147978416
LinearSVC,0,"ÚLTIMO DEBATE DA GLOBO PRESIDENCIÁVEIS 
VAMOS ASSISTIR PELO OS CANAIS  DE DIREITA NO YOUTUBE  PRA GLOBO NÃO TER MUITA AUDIÊNCIA:chart_decreasing:",1,0,FN,-1.4329054952650313
LinearSVC,0,Domingo é a nossa vez de varrer a esquerda do Brasil.,1,0,FN,-2.42783561720532
LinearSVC,0,"Bom dia Grupo Abençoado.  Que Deus nos Abençõe em mais um dia.    E que a vontade de cutucar Petistas nunca nos falte.    Pelo bem da Nação. 
Mito na Veia 
Forte abraço 
22",1,0,FN,-0.674626056645957
LinearSVC,0,"Caraiiii 

Comparar gigante Brasil 
Com esses paiseco menos que o Acre!!!

Tá errado isso ai

Comparar com país decente!",1,0,FN,-1.4975882761826376
LinearSVC,0,"*ESTE É O REGIME DA CHINA QUE LULA AMEAÇA TRAZER PARA O BRASIL, SÓ MORRERÃO OPERÁRIOS E OPERÁRIAS QUE NÃO AGUENTARÃO O REGIME FORÇADO DE TRABALHO ESCRAVO PRODUZINDO PRODUTOS QUE SÃO VENDIDOS PARA O MUNDO POR PREÇOS BARATOS. ENQUANTO OS RICOS SAIRIAM DO BRASIL ATÉ DEZEMBRO*.",1,0,FN,-0.2953795141100343
LinearSVC,0,":raised_fist_dark_skin_tone: *BANDEIRAÇO* :raised_fist_medium-dark_skin_tone:

:spiral_calendar: Hoje (27/09) - 16h
:round_pushpin:Av. Godofredo Maciel com Perimetral 

Galera de Fortaleza e adjacências, convidamos todas, todos e todes para juntos ocupar as ruas no bandeiraço *PSOL COM LULA* . Cola conosco por lá e vamos juntos celebrar a esperança!

*Faltam apenas 5 dias para vencermos o fascismo elegendo Lula 13 e Renato Roseno 50500.*

:raised_fist_dark_skin_tone::raised_fist_light_skin_tone::raised_fist_medium-dark_skin_tone:",1,0,FN,-0.5700397477126686
LinearSVC,0,[USER] ADM??? VAI TOMA BEM NO MEIO DO SEU CU SEU FILHO DE UMA PUTA,1,0,FN,-1.2385984397796015
LinearSVC,0,"Você não é comunista, vc é moleque mimado criado com a vovó, dá turma você é o quê dava o :OK_hand: pros amigos e hj fuma maconha pra dizer que é macho...",1,0,FN,-0.0688566220602071
LinearSVC,0,"As fraudes estão realmente acontecendo
Isso é muito sério
O POVO não merece isso
Somos vítima desse sistema esquerdista que querem o poder para destruir o BRASIL.
Foi por isso que não permitiram o voto impresso.",1,0,FN,-0.8454024274442518
LinearSVC,0,"Kkk
Com certeza só que estamos entre os dois 
Como diz a PALAVRA DE DEUS SOMOS EMBAIXADORES DE CRISTO NA TERRA 
.....
DEVEMOS TER A MENTE DE CTISTO""!
Quando vc vota é confirma para Deus vc manda o recado de que concorda com aquilo que o candidato pensa..
Enquanto Lula quer a destruição da família, liberação do aborto e das drogas, cartilha das drogas e LGBTQIA+ nas escolas com banheiro trigenero, ou seja sua filha vai usar banheiro junto com marmanjo...
E ai... Lula quer aprovar no congresso leis que impedem vc evangelizar no Brasil coisa que já acontece em vários países de esquerda com presidentes amigos de Lula...
Citamos a Nicarágua agora...
Na França se vc evangelizar na rua paga multa para o governo..
EUA já não se pode ler a Bíblia fora da Igreja...
Nas praças...
Etc",1,0,FN,-0.09712327132985388
LinearSVC,0,A mulherzinha que ganhou a eleição usando o nome de Bolsonaro ficou stressadinha kkkk,1,0,FN,-1.0114931536399463
LinearSVC,0,Esse é um recalcado comunista contra Deus contra igreja … e a figura do maligno aqui na terra,1,0,FN,-0.4645268250609103
LinearSVC,0,"É difícil ter comunhão com um crente desse que compactua com a bandidagem.
Os olhos de Deus estão em todo lugar, observando esses.",1,0,FN,-1.512890622662543
LinearSVC,0,"*UMA PIADA*

O filho do PETISTA (brasileiro nato) nasceu e ele ficou muito feliz, pois o que mais desejava era um filho. A mulher (brasileira nata) do PETISTA ficou de repouso pós parto e tomava sopinha no canudinho, diga-se de passagem, preparada pelo próprio PETISTA, bem como todos os dias o mesmo dizia que a amava e estava muito feliz.
Um belo dia, o PETISTA percebeu que seu filho não abria os olhos e muito preocupado foi consultar o médico que fez o parto:
PETISTA: - ""Dr, tem algo estranho com meu filho,  ele não abre o olho""
O médico, muito constrangido disse:
- ""Quem tem que abrir o olho é o Sr""
:rolling_on_the_floor_laughing::rolling_on_the_floor_laughing::rolling_on_the_floor_laughing::rolling_on_the_floor_laughing::face_with_tears_of_joy::face_with_tears_of_joy::face_with_tears_of_joy::face_with_tears_of_joy::face_with_tears_of_joy::face_with_tears_of_joy:",1,0,FN,-1.9422228337519862
LinearSVC,0,Gado agressivo.,1,0,FN,-1.9751943916264636
LinearSVC,0,O queria saber o porquê que na esquerda só tem mulheres feias...parecem dragões,1,0,FN,-0.21271834269434658
LinearSVC,0,"Mas que na esquerda as mulheres parecem dragões, isso não se pode negar",1,0,FN,-0.7190948188306698
LinearSVC,0,O  voto   è  pessoal   è  particular  !   Eu  NÃO   sou  anônimo   minha   COLINHA   e  da  família   e  alguns   amigos   será   está  ! NÃO   VOTAMOS   em  candidatos   que  apoia   a  esquerda   do DIABO   !  Somos   PATRIOTAS   !:thumbs_up_medium-dark_skin_tone::thumbs_up_medium-dark_skin_tone::thumbs_up_medium-dark_skin_tone::thumbs_up_medium-dark_skin_tone::thumbs_up_medium-dark_skin_tone::thumbs_up_medium-dark_skin_tone:,1,0,FN,-0.15616416119398585
LinearSVC,0,O PROJETO DA ESQUERDA É  FUDER O BRASIL:backhand_index_pointing_up::backhand_index_pointing_up::backhand_index_pointing_up::rolling_on_the_floor_laughing::rolling_on_the_floor_laughing::rolling_on_the_floor_laughing::rolling_on_the_floor_laughing::rolling_on_the_floor_laughing::rolling_on_the_floor_laughing:E BENEFICIAR OS AMIGUINHOS COMUNISTAS  FDP,1,0,FN,-1.7786138886059553
LinearSVC,0,"Gente vamos ser inteligente, se silveira vencer vai ser caçado e abrir uma grande brecha pra Molon, esse cara tem uma das mentes mais diabólicas da extrema esquerda o jeito e votar no Romário mesmo menos ruim.",1,0,FN,-1.6653795361879957
LinearSVC,0,Esse aí independente das falácia que nego costuma falar pior é a roubalheira que o Lula cometeu contra o nosso país Eduardo Costa é um dos grande apoiadores de Jair Messias bolsonaro,1,0,FN,-2.049772398949866
LinearSVC,0,"Deus que nos livre desse bandido,canalha voltar a ser “presidente” da nossa nação",1,0,FN,-0.7068471339421386
LinearSVC,0,"Manda o Felipe Neto ir pra puta que o pariu, amanhã é dia de eleição, quem é esse moleque, ele é candidato a que? Acordem, postem essas merdas não, amanhã é tudo ou Venezuela...",1,0,FN,-1.9261026268749397
LinearSVC,0,"A HORA E ESSA PATRIOTAS VAMOS NOS LIVRAR DESSES BANDIDOS SANGUESSUGAS QUE ESCRAVISAR NOSSO POVO , DEUS ACIMA DE TUDO, BRASIL ACIMA DE TODOS ...",1,0,FN,-0.6545077336928664
LinearSVC,0,POR QUE O NORDESTE ESTÁ TÃO ATRASADO ??? JÁ VI ESSE FILME ANTES…,1,0,FN,-1.714360999620406
LinearSVC,0,Pessoal nossa problema é no Nordeste o Lula roubou o dinheiro para fazer transposição do dia são Francisco é ainda voltam no lula meu Deus,1,0,FN,-0.5865702160188968
LinearSVC,0,"Não entendo como um ladrao consegue ganhar tantos votos,  Novamente o povo escolhe o ladrao!!! e deixa Jesus na saudade!!! A História se repete!!:enraged_face::enraged_face::enraged_face::enraged_face:",1,0,FN,-1.7129121696417728
LinearSVC,0,É o Único momento que Tenho Vergonha de Ser Nordestino e na politica,1,0,FN,-1.1445068836659147
LinearSVC,0,Nordeste é tão piada que tá quase eleito o galo cego pra federal diz ai:clown_face::clown_face:,1,0,FN,-1.016565150294003
LinearSVC,0,Exato! Como pode uma cretina dessa está em um grupo de direita! Tira ela ou saiu eu,1,0,FN,-0.0817582643695573
LinearSVC,0,"~ Você que é Cristão precisa repassar este vídeo da filha do Lula agradecendo a maçonaria pela liberdade do Lula como também os vídeos relacionados à blasfêmia do Lula contra Jesus e ele no centro de Umbanda! :red_exclamation_mark::red_exclamation_mark::red_exclamation_mark::double_exclamation_mark:

~ Querem destruir o Brasil ao máximo e tirar o Bolsonaro de jogada! Criam edições e falsas imagens como fizeram do Ciro Gomes ao lado de Bolsonaro! Como também fizeram uma nova investida contra o Bolsonaro!

Vídeo Deep Fake: Uma tática muito utilizada para meter candidatos onde não estão como também falar coisas que ele não falou!

O que a mulher no centro de Umband diz à Lula? Simples: xanobal é proveniente de baal, a antiga serpente. 

Todas as lideranças mundiais que são à favor dos LGBTs, Abortos e a destruição da igreja como a perseguição do exercício da fé!

Como a ministra espanhola da igualdade ligada aos governos apoiantes de Lula quer liberar a pedofilia!
Como PCC comemorou a vitória de Lula no primeiro turno!
~ Compartilhem à todos os contatos e grupos! :Brazil:",1,0,FN,-3.122760470654409
LinearSVC,0,"Mulher de Lula posta foto com pomba-gira, xangô, preto velho e se declara ser da umbanda - Folha da Política:link:",1,0,FN,-2.3272350390529217
LinearSVC,0,"Fui ameaçada de morte :woman_facepalming_medium-light_skin_tone:
Mandei até a localização pra vadia",1,0,FN,-0.39096792514603357
LinearSVC,0,LULADRÁO SE AUTO-DEClARANDO À NAÇÃO BRASILEIRA. ASSISTA E COMPARTILHE COM TODOS OS SEUS CONTATOS.,1,0,FN,-0.06641768416194921
LinearSVC,0,Esse cara está ajudando o aleijado das mãos a se eleger.,1,0,FN,-0.7594015362727544
LinearSVC,0,BOM DIA MES QUERIDOS DO GRUPO NÃO  TA FÁCIL AS FACÇÃO CRIMINOSAS QUEREM TOMAR CONTA DO NOSSO BRASIL TA BEM COMPLICADO TEMOS QUE PEDIR A DEUS SABEDORIA E ORAR LUTAR PORQUE A CAPETADA QUER VENCER DE QUALQUER MANEIRA JESUS É CHAVE DA NOSSA VITÓRIA  VAMOS ORAR QUE NOSSO DEUS ESTEJA SEMPRE NO COMANDO DAS NOSSAS VIDAS PORQUE O LULA É SUA MANADA SÃO TODOS MUITO SUJOS NÃO AMA NEM A SI MESMO SÃO UMA MANADA DE PORCOS SUJO IMUNDOS TERRIVEL VAMOS ORAR COM DEUS VAMOS TER VITÓRIAS:clapping_hands_light_skin_tone::clapping_hands_light_skin_tone::clapping_hands_light_skin_tone::clapping_hands_light_skin_tone::clapping_hands_light_skin_tone::clapping_hands_light_skin_tone::clapping_hands_light_skin_tone::clapping_hands_light_skin_tone::clapping_hands_light_skin_tone::clapping_hands_light_skin_tone::clapping_hands_light_skin_tone::clapping_hands_light_skin_tone::clapping_hands_light_skin_tone::clapping_hands_light_skin_tone::clapping_hands_light_skin_tone::clapping_hands_light_skin_tone:,1,0,FN,-0.8073992206793061
LinearSVC,0,Tem até gay apoiando Bolsomaro aqui. Poderiam explicar as falas dele contra gays aqui :backhand_index_pointing_down::backhand_index_pointing_down::backhand_index_pointing_down:,1,0,FN,-2.2322164866649996
LinearSVC,0,"Inflama mais que Carne de Porco.
Provavelmente um Eleitor do Lula incubado.:smiling_face_with_sunglasses:",1,0,FN,-1.9086634460927043
LinearSVC,0,"BOLSONARO REELEITO :folded_hands_medium-light_skin_tone::folded_hands_medium-light_skin_tone::folded_hands_medium-light_skin_tone::folded_hands_medium-light_skin_tone::green_heart::Brazil::yellow_heart:! CANSADOS? QUE HIRONIA E ESSA?  VOTAR NUM VAGABUNDO LULADRÃO E SUA QUADRILHA DE TOGADOS? Daqui a pouco se esse meliante ganha, ADEUS LIBERDADE",1,0,FN,-0.07611906418556058
LinearSVC,0,"Tudo bandido e insanos, comunista, fascista, doente. Deus vai fazer justiça. Em nome de Jesus",1,0,FN,-1.8772552782731746
LinearSVC,0,"Já saiu o resultado do dia 30 de outubro sobre as eleições.

LULA ganhou de Bolsonaro com *52% dos votos*.

Já temos definido o Presidente do Brasil para 2023. *LULADRAO*.

É muita falcatrua da *GLOBO*",1,0,FN,-0.052378573112835336
LinearSVC,0,Axei q era fake mas é verdade msm:face_with_hand_over_mouth:Bolsonaro disparou na frente do Luladrao,1,0,FN,-1.22031688724566
LinearSVC,0,Acabei de ver na band o Luladrao 53% e Bolsonaro47% não posso acreditar numa coisa dessas.,1,0,FN,-0.9114236679062127
LinearSVC,0,Como um cidadão que diz ser cristão vota num candidato que apoia invasão de terra dos outros de casas apoia os costumes lgbt legalização de drogas e de ladrões de celulares etc que Jesus é esse,1,0,FN,-0.7768350280985143
LinearSVC,1,"Mais uma vez o PT= Partido das Trevas apela ao MP para proibir as escolas de ensinar as crianças a rezar o Pai nosso, Oração ensinada pelo próprio Jesus. 

O PT tenta de todas as formas acabar com a Religião em Todo Brasil.",1,0,FN,-0.11542198795326139
LinearSVC,1,"Quando terminar essa eleição vamos fazer uma festa para recuperar as amizades perdidas e as brigas familiares.
-Quem votou no bolsonaro traz a carne e a cerveja.
-Quem votou em branco traga frango e linguiça.
-Quem anulou o voto traga pão de alho e coração.
-Quem faltou na votação traga gelo e carvão. 
-E quem votou no PT não precisa vir.",1,0,FN,-3.9286679127696478
LinearSVC,1,"Oi estou vendo que vc acha que me sentiria ofendido por sua colocação, mas vamos lá, tirando a clara baixeza de seu argumento, aonde precisa tentar ofender, um esforço deveras patético para uma pessoa que quer se dispor como alguém de alguma forma superior a outra, então vamos pela lei de Cristo somos todos irmãos e irmãs e todos iguais perante a Deus, não cabendo condenar ninguém.

Também há a questão que mesmo na Bíblia calúnia e difamação é um ato criminoso ao qual é muito mal visto então se já passamos uma pá de cal sobre esse seu infeliz pronunciamento.

Não, não sou homo sexual, não tenho qualquer trejeitos delicado e muito menos sou destemperado e barraqueiro.

Também não estou em cima de qualquer muro, me coloco aqui em uma posição clara entre Belzebu e Baphomet eu não fico com nenhum, anjos caídos não se arrependem de seus pecados e este é o caso destes dois déspotas.",1,0,FN,-1.5532689543367348
LinearSVC,1,"Garota inteligente e muito patriota, mas com certeza ela teria que ter alguém à protegendo onde ela for, porque a esquerda da universidade não irão perdoar essa Super Guerreira :Brazil::folded_hands_light_skin_tone::Brazil:. São de jovens iguais que o Brasil :Brazil:precisa :clapping_hands::thumbs_up:",1,0,FN,-0.36440490505197565
LinearSVC,1,Se fosse vermelha a reação  da globolixo seria a mesma? Claro que não,1,0,FN,-0.711215455495304
LinearSVC,1,"Quem é de Direita nem assiste essa emissora lixo , literalmente.",1,0,FN,-0.27411035109598086
LinearSVC,1,"Vamos combater a esquerda até vencermos essa guerra. 
SALVE NOSSO CONTATO 

Vote nos candidatos do Bolsonaro :Brazil: :Brazil: :Brazil: :Brazil: :Brazil: :Brazil:

* Deputado Federal: Coronel Malabarba 44.00

* Deputado Estadual: Ruy Irigaray BOLSONARO 44.000

* Presidente: Jair Bolsonaro 22
",1,0,FN,-3.219697791134766
LinearSVC,1,"Já estão preparados para o golpe da esquerda  ???
:pensive_face::loudly_crying_face:
Não vejo outro cenário...

Aqui no RN , vai ser proibido todo tipo de forças policiais e  etc.. 
Por perto das zonas eleitorais...

 Sempre se soube que eleição é perigoso pois sempre alguém vem cobrar contas com seus desafetos e por aí vai , imagina como vai ser domingo...

Que Deus nos proteja :folded_hands_light_skin_tone::raising_hands_light_skin_tone::folded_hands_light_skin_tone::raising_hands_light_skin_tone::folded_hands_light_skin_tone:",1,0,FN,-0.29149354235167413
LinearSVC,1,Bicho estou louco aqui. Alguém chegou a ler o que o bandido de nove dedos escreveu???,1,0,FN,-1.4247666271194537
LinearSVC,1,"Um infeliz desse ainda qer se reeleger
Só sifor no inferno q e lugar de cão",1,0,FN,-0.9079269781013216
LinearSVC,1,"Isto aconteceu em 2018, na véspera do segundo turno
Quando Bolsonaro ganhou, a petezada sumiu. Pararam as invasões de imóveis",1,0,FN,-0.22731055716972778
LinearSVC,1,":backhand_index_pointing_up::backhand_index_pointing_up::backhand_index_pointing_up:
""Artistas acreditam que se tiverem benesses financeiras tudo vale...
Este oportunismo surgiu com a associação PT e artistas, que foram comprados para fazerem ""propaganda"" da esquerda.""

*Fonte:* Canal Layla Fiuza",1,0,FN,-0.8711357517394199
LinearSVC,1,Olha o tipo de gente que vota no ex-presidiario. Na verdade eles que financiam a campanha dele e de outros candidatos de esquerda. A quem interessa ver o maior bandido do Brasil de volta? Pelas nossas famílias e pelo futuro dos nossos filhos vamos de BOLSONARO 22 :Brazil::Brazil::Brazil::Brazil::Brazil::Brazil::Brazil::Brazil::Brazil::Brazil::Brazil::Brazil:,1,0,FN,-0.24043514644368744
LinearSVC,1,"Sim. A ação contra bandidos deve ser enérgica. Entre tombar um bandido ou um cidadão de bem que tombe o bandido. Mas,e os números mostram isso_ não é só o bandido que deve ser combatido, mas o crime e o crime é um fato social com uma série de fatores criminógenos: desigualdade, base familiar, falência da educação formal ,entre outros.
Esperar que o crime diminua simplesmente eliminando criminosos é como supor que um balde sob a goteira resolverá o problema da telha destruída.",1,0,FN,-0.6930750118187418
LinearSVC,1,"GENTEEE, ESSE LADRA DO LULA ESTA MUITO TRANQUILO COM A VITÓRIA DELE,  TEM ARMAÇÃO POR AÍ. VAMOS ORAR E PEDIR A DEUS QUE CANCELE TODA AÇÃO DO MAL QUE ESTIVER ARMADO PARA AS NOSSAS ELEIÇÕES.",1,0,FN,-0.6430437063065374
LinearSVC,1,É SÓ TROCAR  O NOME BOLSONARO POR LULADRAO :backhand_index_pointing_up::backhand_index_pointing_up::backhand_index_pointing_up::rolling_on_the_floor_laughing::rolling_on_the_floor_laughing::rolling_on_the_floor_laughing::rolling_on_the_floor_laughing:A ANÁLISE FICA. REAL E VERDADEIRA :rolling_on_the_floor_laughing::rolling_on_the_floor_laughing:,1,0,FN,-0.11651446246033356
LinearSVC,1,"Não vai dar Ciro dessa vez.
Mas se você gosta do Ciro, quer dizer que você é mais próximo do Lula que do Boçal genocida. Então vem de Lula logo e vamos fechar o caixão do Biroliro no primeiro turno",1,0,FN,-3.824151005857134
LinearSVC,1,"*CONCLAMAMOS A TODOS OS CIDADÃOS E CIDADÃS DE BEM DA NOSSA NAÇÃO.* 
*JOVENS E CRIANÇAS, ADULTOS E IDOSOS,* PARA COMPARECEREM AS URNAS, *NESTE PRÓXIMO DOMINGO, NO DIA GLORIOSO 02 DE OUTUBRO DE 2022,* VESTINDO AS CORES *VERDE E AMARELO.*
CATÓLICOS E EVANGÉLICOS, *PRECISAMOS NOS UNIR CONTRA UM INIMIGO COMUM,* O COMUNISMO E O SOCIALISMO.
*BRASIL ACIMA DE TUDO, DEUS ACIMA DE TODOS.* :index_pointing_up::index_pointing_up::index_pointing_up:",1,0,FN,-2.374477237897674
LinearSVC,1,Já disse aqui que o deus dos bolsonarentos é Mamon?,1,0,FN,-1.318116159249175
LinearSVC,1,Ceara hj a noite  01/10/22 o velho ladrão vai toma uma trolhada no rabo que vai perder ate as pregas :face_with_tears_of_joy::face_with_tears_of_joy::face_with_tears_of_joy::face_with_tears_of_joy::face_with_tears_of_joy::face_with_tears_of_joy::face_with_tears_of_joy:,1,0,FN,-0.16166710578051388
LinearSVC,1,":cloud_with_lightning:

:Russia: Citação de Vladimir Putin:
""Prefiro ser enforcado por lealdade do que recompensado por traição!""

PALAVRAS IMPORTANTES DE PUTIN AO POVO

Putin: Cidadãos do mundo, falo com vocês sabendo que minha mensagem será distorcida e enquadrada. Estou sendo feito um perpetrador, mas só queria proteger meu povo que está sob ataque há mais de 10 anos. Não sou contra os cidadãos da Europa, são os vossos dirigentes que estão contra vós!

Esta é a sua chamada de despertar. Os nazistas venceram a Segunda Guerra Mundial!

Os líderes da UE são nazistas e você está bem ciente disso.

É o mesmo clube, com a mesma abordagem, que outros estados escravistas. Eles ignoram a sua e a minha opinião. Por que eu explodiria minhas próprias linhas de gás?

Eu posso simplesmente fechar a torneira. Essas alegações contra a Rússia são muito fáceis de desmascarar. Quem está bombardeando a usina nuclear?

A Europa é governada por nazistas que adoram Satanás!",1,0,FN,-0.2320693638582366
LinearSVC,1,Nordestino tem é que vende capa de volante e tomar água do pipa pra sempre,1,0,FN,-0.042240064888885126
LinearSVC,1,"Deus E Deus De Surpresas , Confia Gente , Esse Comunista Não Vai Voltar Ao Poder",1,0,FN,-1.0569382379916434
LinearSVC,1,"Vídeo para aqueles petista que diz que é crente, católico,   mas que vota no Lula você tem pacto com esta merda!!!",1,0,FN,-1.2527181999775314
LinearSVC,1,"Ha 2000 anos o povo escolhe o ladrao. Ontem não foi diferente. Triste ver tanta gente ou ignorante e sem acesso à informaçãode qualidade ou desprovido de valores éticos e morais. Mas não adianta só reclamar. Temos que sair da nossa zona de conforto e lutar, garimpar votos etc onde quer que seja. Que Deus nos proteja do mal.",1,0,FN,-1.3808601781921572
LinearSVC,1,Esse professa com certeza vai ficar só no cheirinho do tão sonhado kite gay na sua escola:face_with_tears_of_joy::face_with_tears_of_joy: Bolsonaro reeleito mais 4 ano garantido sem esse kite gay nas escolas :folded_hands::folded_hands:,1,0,FN,-1.032480558339444
LinearSVC,1,"Esse já era luladrao, sempre foi, quem é Bolsonaro é fiel não muda nunca, isso é um palhaço de esquerda querendo confundir a cabeça dos nordestinos",1,0,FN,-0.4648687934124559
LinearSVC,1,":index_pointing_up::index_pointing_up::index_pointing_up::index_pointing_up::index_pointing_up::index_pointing_up::index_pointing_up::index_pointing_up::index_pointing_up::index_pointing_up::index_pointing_up::index_pointing_up::index_pointing_up::index_pointing_up::index_pointing_up::index_pointing_up:

*Conselho estratégico pra essa guerra, estamos a poucos dias da batalha final *

*Não perca tempo em tentar convencer esquerdopatas, essa gente tem cabeça feita, são lobotomizados, são bestializados, são psicopatas em diferentes graus, só Deus pode fazer o milagre *

*Corra atrás dos indecisos, tem aí mais de 40 milhões, de não comparecimento, votos em branco, etc etcetera *.

*Vamos correr atrás dessa gente, esqueçam os petistas por enquanto*.

*Confesso que gosto de ver petista irritado kkkkkkkkkkkk, mas vamos esquecer essa gente, e focar agora em outro alvo :bullseye: *.

:call_me_hand::call_me_hand::call_me_hand::call_me_hand:",1,0,FN,-1.619137685992834
LinearSVC,1,"Descansemos em Deus, pois a oração tem poder de fazer muito macumbeiro e catimbozeiro passar mal.",1,0,FN,-1.1129022247836904
LinearSVC,1,Vídeo muito bom. Por quê o socialismo não dá certo em lugar nenhum do mundo. Visto que a base vem do comunismo. Que foi criado por um vagabundo que nunca trabalhou na vida.,1,0,FN,-0.4891979030786653
LinearSVC,1,"A OBRA MAIS IMPORTANTE DO PATRIOTA TRABALHADOR HONESTO DO GOVERNO JAIR MESSIAS BOLSONARO E DO BRASIL, FOI A CONSTRUÇÃO SEM CORRUPÇÃO DA  TRANSPOSIÇÃO DO RIO SÃO FRANCISCO ENTREGUE AO POVO NORDESTINO.
NO NORDESTE O COMUNISTA DITADOR LULALADRAO E O PARTIDO DOS TRABALHADORES, NÃO ROUBAM MAIS.
10.10.2022",1,0,FN,-0.07266361078666547
LinearSVC,1,"Que todos se conscientizem de que: nesse momento o mais importante é coletar informações e estratégias nos grupos e levá-las para fora dos grupos - levá-las a todos os isentões, àqueles que vão à praia no dia do voto, àqueles que porventura vão votar errado (votar no criminoso) - de nada adianta participar de um grupo se não fizer isso - e hastear a Bandeira do Brasil para fora de todas as janelas do  nosso imenso território nacional é de suma importância para dar visibilidade ao nosso desejo: Liberdade, Deus, Pátria e família - o mundo precisa conhecer o nosso desejo - é necessário que todos compreendam o risco que estamos correndo - lutamos pela liberdade, contra o comunismo escravagista e genocida. Que Deus nos abençoe.",1,0,FN,-2.218800777878639
LinearSVC,1,LULADRAO VAI POR O DOLAR A 40 REAIS :rolling_on_the_floor_laughing::rolling_on_the_floor_laughing::rolling_on_the_floor_laughing::rolling_on_the_floor_laughing::rolling_on_the_floor_laughing::rolling_on_the_floor_laughing::rolling_on_the_floor_laughing::rolling_on_the_floor_laughing::rolling_on_the_floor_laughing:E INFLAÇÃO A 100%,1,0,FN,-0.17748023712114244
LinearSVC,1,"Faço isso! 
Todo material que denigre a imagem desse bandido e sua corja bem como as mazelas que já fez e ainda pretende fazer, eu envio a aqueles que ainda teimam em dizer que Lulaladrao não é Lulaladrao! 
Recebo vários “elogios”, mas continuo na luta por, quem sabe, uma mudança de pensamento!",1,0,FN,-0.9989096989830571
LinearSVC,1,Mais uma militante pró luladrão pulou do barco,1,0,FN,-0.1697920521852959
LinearSVC,1,"Agora eu entendo pq, entre o primeiro turno e o segundo, teremos 4 semanas e não 3 como de costume. Dia 30 é um Domingo. Dia 29 é um sábado e 28 é uma sexta-feira. Dia do Funcionário Público. Com o de costume, feriado para o funcionalismo público. Eleição dia 30. Dia 01 de Novembro provável feriado/ponto facultativo e, dia 02/11, Finados. Outro feriado. Feriadão de 5 dias com uma eleição no meio. Quem viaja num feriadão? Eleitores do Bolsonaro ou eleitores do Luladrao? Abstenção severa? A quem vai beneficiar? Muita coincidência ou armação? Não vamos viajar. Vamos votar. Para reflexão.

:flushed_face::flushed_face::flushed_face::flushed_face::flushed_face::flushed_face::flushed_face::backhand_index_pointing_up::backhand_index_pointing_up::backhand_index_pointing_up::backhand_index_pointing_up::backhand_index_pointing_up:",1,0,FN,-0.9481343816581034
LinearSVC,1,":megaphone::keycap_2::keycap_2::Brazil: *ATENÇÃO MUITA ATENÇÃO.* :Brazil::keycap_2::keycap_2::megaphone:

*Viagens em feriadão impensado irá nos CUSTAR 4 anos, talvez sem trabalho e sem dinheiro para viajar*

*Agora eu entendo pq, entre o primeiro turno e o segundo, teremos 4 semanas e não 3 como de costume. Dia 30 é um Domingo. Dia 29 é um sábado e 28 é uma sexta-feira. Dia do Funcionário Público. Com o de costume, feriado para o funcionalismo público. Eleição dia 30. Dia 01 de Novembro provável feriado/ponto facultativo e, dia 02/11, Finados. Outro feriado. Feriadão de 5 dias com uma eleição no meio. Quem viaja num feriadão? Eleitores do Bolsonaro ou eleitores do Luladrao? Abstenção severa? A quem vai beneficiar? Muita coincidência ou armação? Não vamos viajar. Vamos votar. Para reflexão.*:oncoming_fist::Brazil:",1,0,FN,-1.1576122483169693
LinearSVC,1,"Cenas lamentáveis de violência política promovida por apoiadores do ex-presidiário, em Porto Alegre.

O Brasil vai virar o caos com a eleição do ex presidiário , q se aliou o PCC E O COMANDO VERMELHO

Petista agredindo cidadão pacato, com a família, imagina o Luladrao no poder , censura ,invasões , corrupção , violência",1,0,FN,-0.16572540514184517
LinearSVC,1,"Daqui a pouco petista vai inventar que estão estressadas por causa da TPM sendo homem .
Pqp",1,0,FN,-1.7047758179959185
LinearSVC,1,TALVEZ  NÃO  VAI  TER  NADA  DIA TRINTA  SO VAI  DIA TRINTA  DE NOVEMBRO  DESCUBRIU  FRAUDES   CAMPANHA  DO NOSSO PRESIDENTE JAIR  O PARTIDO  DO LULADRAO  ÉSTAR ENVOLVIDO  TA DANDO  NA TV JOVEM PAN  OS DEPUTADOS  ESTÃO  QUERENDO  MUDA PRA O S JAIR  BOLSONARIO  NÃO  FICAR  NO PREJUÍZO,1,0,FN,-0.16375082205494493
LinearSVC,1,Como podemos aceitar um sociopata e ex presidiário para governar o nosso país????? Fora Lula!!!,1,0,FN,-0.045716198157527005
LinearSVC,1,"Gente ontem eu estava no Rio e este é o folder que estavam distribuindo . Agora não tem como falarem que isso é FAKE . E eu pergunto : vcs realmente votarão num homem que quer liberar as drogas ordenamente deve ser por ordem . Ora libera a cocaina , depois na ordem segue a maconha , etc . Prestem atenção da Frase:ESTÁ LIVRE DE MOVIMENTOS CRISTÃOS . Eu sou uma serva do senhor e não posso concordar com isso  . Creio em Deus e que ele vive . E só Deus pode dar e tirar a vida . Então, como posso ser a favor DA LIBERDADE DO ABORTO ? Gente nem vou falar mas nada . No restaurante onde eu estava com alguns amigos e amigas  Se tornou insuportável quando começou o debate . Sabe por que? Por que algumas pessoas que são todos apoiados do Lula, os mesmo que estavam destrubuindo estes panfletos e adesivos ,começaram a gritar e gritar muito. Surtaram !!!!! várias pessoas ficaram assustadas E em sua maioria eram LGBTs. Que começaram a escandalizar o local . Não estou descriminado ninguém.",1,0,FN,-0.8527683787577486
LinearSVC,1,"*Quem for de são Paulo e outras regiões e tiver empresa, não contratem NORDESTINOS. Eu sou uma Nordestina Piauiense. Porém, não me conformo eles acabarem com nosso Estado e ir procurar emprego fora.*",1,0,FN,-1.129614081031808
LinearSVC,1,A CASA CAIU!!!  OS NORDESTINO AGORA ESTÁ MOSTRANDO QUEM VAI COMER CAPIM.  INGUINORANTE DAS DESGRAÇA :Brazil::Brazil::Brazil::Brazil::Brazil:,1,0,FN,-0.7242960841253314
LinearSVC,1,"Eu, assim como muitos eleitores de Bolsonaro, nao confio nesse site “boatos”.
Faz parte da mesma corja de sites tipo “tabu” que também já foi desmascarado pois seu criador era defensor ferrenho dos Lulaladrao! 
Todos nós sabemos que os banqueiros tomaram muito prejuízo, isto é, deixaram de faturar milhões com as transações do pix por serem isentas de taxas.
Um dos requisitos mostrados pelos banqueiros para apoiar o molusco era justamente a taxação das transações bancárias bem como fim dos bancos virtuais!!!",1,0,FN,-1.394223506979315
LinearSVC,2,Imagina as crianças sadias que o povo da sua religião deixou doente,1,0,FN,-0.3262737105580737
LinearSVC,2,"Gente...até  qdo  isto???
Tenho netos ...adolescentes..
Inteligentes... não toleram ideologias de nenhum tipo...
Como encarar esta raivosa intolerância...
Como mãe...avó de 73 anos...nunca vi isto...
SÓ JESUS  NA NOSSA CAUSA...
Oremos...oremos... Nossa 
Oração...
SENTADO À DIREITA DE DEUS QUE PAI...não a esquerda...
Brasil acima de tudo...
DEUS acima de todos...
:green_heart::Brazil:",1,0,FN,-0.20540392939828417
LinearSVC,2,"Agora Bolsonaro arranjou uma casa de um cidadão normal, humilde para fazer live...
É disso que o povo gosta :beaming_face_with_smiling_eyes:
Só falta mesmo ele fazer live com a Michelle interpretando em libras, e o Molusco corta o resto dos 9 tentáculos ...:thumbs_up::sweat_droplets:",1,0,FN,-1.6163796472077234
LinearSVC,2,O ex presidiário se ausenta de mas uma entrevista... mas na Globo ele ta confirmado.. algo estranho ? :face_with_tears_of_joy:,1,0,FN,-2.9570248604834677
LinearSVC,2,"Um dia eu estava em um grupo de colegas com ideologia da esquerda e fiz um pedido de emprego para ser jardineiro para um amigo que teve problemas com a justiça, tinha sido preso, era alcoólatra e às vezes mentia. Falei que ele era gente boa e estava passando por uma fase difícil. Todos os colegas refutaram o meu pedido dizendo, Eduardo, assim fica difícil contratar um cara desses. Tenho filho pequeno e não confio.
Expliquei que se para ser jardineiro ele era tão criterioso, por que não para ser o presidente da República, uma vez que os atributos tidos como negativos eram os mesmos?
Cri-cri-cri.. o grilo cantou",1,0,FN,-0.47606706597706616
LinearSVC,2,"COMBATE AO ATIVISMO LGBT Infelizmente, grupos de pressão, que sequestram pautas identitárias, querem subverter a noção de igualdade e garantir favorecimentos para si em detrimento do restante da sociedade. É o caso, por exemplo, do movimento LGBT, que em Salvador ameaça os comerciantes e busca, a seu bel prazer, criminalizar quem não os coloca sobre um pedestal. Como vereador, lutei contra as medidas autoritárias do ativismo LGBT que queriam multar donos de estabelecimentos comerciais de forma injusta. Somos todos iguais perante à lei e, principalmente, a Deus. Peço seu voto agora para deputado estadual! Comprarei essa briga para proteger os comerciantes e as famílias de toda Bahia. 

#CezarLeite
#DeputadoEstadual
:keycap_2::keycap_0::keycap_0::keycap_2::keycap_2::check_mark_button::Brazil:

#CL20022
#20022
#LeiteNelesBahia 
#CezarLeite20022
#TimeCezarLeite
#BolsoLeite20022 
#Bolsonaro22
#Roma22
#Raissa222",1,0,FN,-1.4802192774446492
LinearSVC,2,"A matéria do New York Times diz: ""Líderes políticos de esquerda e grande parte da imprensa e do público brasileiro apoiaram amplamente as ações de Moraes como medidas necessárias para combater a ameaça singular representada por Bolsonaro.

Mas muitos juristas dizem que as demonstrações de força de Moraes, sob a bandeira de salvar a democracia, estão ameaçando empurrar o país para uma queda antidemocrática.",1,0,FN,-0.024556126025937153
LinearSVC,2,Os trouxas da esquerda terá mais 4 anos dizendo que é resistência. :rolling_on_the_floor_laughing::rolling_on_the_floor_laughing:,1,0,FN,-0.20325010358794698
LinearSVC,2,Só para você ver quanto à esquerda fez com o nosso país agora traficante fala abertamente o que ele quer e manda e o STF proibiu da polícia subir os morros para não incomodar os traficantes,1,0,FN,-0.7235536545647187
LinearSVC,2,Só bandido não quer o cidadão de bem armado. Nunca foi tão fácil escolher.,1,0,FN,-1.2401520270536366
LinearSVC,2,Desprezível esse cidadão  como pode esse cata além de apoiar o ex presidiário  falando mentira,1,0,FN,-0.907663703986105
LinearSVC,2,"*Gilvan da Federal bate de frente com o desgovernador socialista, que fechou o comércio e disse que o trabalho dos comerciantes não era essencial! É isso aí, Gilvan! Fora Casagrande!*",1,0,FN,-0.352455594858242
LinearSVC,2,"Para quem está pensando em votar na esquerda na próxima semana, vou enviar uns vídeos da Colômbia: os caminhoneiros param nos postos para abastecer e a população saqueia os produtos. Também estão fechando as estradas para roubar. O governo prometeu coisas que agora não pode cumprir e a população está revoltada.  Provavelmente vocês não vão ver isso na mídia do Brasil:",1,0,FN,-0.5339168875619981
LinearSVC,2,"E a fraude não vai ser só pra presidente, vai ter fraude favorecendo todos os candidatos FDP da esquerda :enraged_face::enraged_face::enraged_face::enraged_face:",1,0,FN,-0.07724596738946114
LinearSVC,2,"Votem como cristãos! Diante do Senhor NÃO vote na esquerda comunista que apoia o ABORTO, e todas ideologias malignas",1,0,FN,-3.446687154447544
LinearSVC,2,"Capaz do Lula encontrar o Palácio todo cagado, com móveis históricos quebrados, livros raros mofados em algum porão, objetos furtados, louça suja na pia, merda na privada que alguém não deu descarga... sabe como essa gente é, né?!",1,0,FN,-1.3511580287981022
LinearSVC,2,"Pelo ""pessoa"" que vem com essa asneira já dá pra identificar que é esquerdista",1,0,FN,-0.35559061351454047
LinearSVC,2,"Quanto ao aparelhamento, é resultado de 30 anos de governos de centro esquerda e de esquerda.",1,0,FN,-0.9358982287153641
LinearSVC,2,Todas essas conversas que nos falamos aqui não vai dar em nada nosso presidente Bolsonaro tem o poder de para esse STF e deixa as eleições para outro dia porque os petistas estão comemorando eles já sabem que as urnas estão fraudadas para o ladrão tomar o poder  . Vamos Bolsonaro faça alguma coisa pelo amor de Deus,1,0,FN,-0.03241010044100073
LinearSVC,2,"A ex  professoea /Advogada  deputada Simone de tablet vai hj debate Jajá ela lá hj Querendo ser professora..do PCC hoje tá afiada com LulaLadrao e GloboLixoManipulativa:rolling_on_the_floor_laughing:........etc:Vietnam::kitchen_knife::Brazil::heavy_dollar_sign::pinched_fingers::pinched_fingers::heavy_dollar_sign::kitchen_knife::heavy_dollar_sign::heavy_dollar_sign::heavy_dollar_sign::heavy_dollar_sign:

O mito vai.hoje tá lá firme e forte..sozinho.....ele sim eh nosso LÍDER,
NOSSO VERDE ESPERANCA.
NOSSO AMARELO RIQUEZA EM EXPANDIR EMPREGOS NO BRASIL,....

e não nas chinas...cuba...etc...:Vietnam::heavy_dollar_sign::pinched_fingers::Vietnam::heavy_dollar_sign::pinched_fingers::Vietnam::heavy_dollar_sign::pinched_fingers::Vietnam::heavy_dollar_sign::pinched_fingers::Vietnam::heavy_dollar_sign::pinched_fingers::Vietnam::enraged_face::enraged_face::Vietnam::Vietnam::Vietnam::Vietnam::pinched_fingers::heavy_dollar_sign::heavy_dollar_sign::heavy_dollar_sign:
Luladrao PCC STF... Caiado....etc,...:heavy_dollar_sign::pinched_fingers::heavy_dollar_sign::pinched_fingers::kitchen_knife::Brazil::kitchen_knife::Brazil::pinched_fingers::heavy_dollar_sign::pinched_fingers::heavy_dollar_sign::pinched_fingers::middle_finger::pinched_fingers::heavy_dollar_sign::kitchen_knife::kitchen_knife::heavy_dollar_sign::kitchen_knife::heavy_dollar_sign::heavy_dollar_sign::kitchen_knife:",1,0,FN,-0.8815486261144421
LinearSVC,2,"Você não vota no Lula, dar pra ver pelo seu linguajar preconceituoso e racista, *o termo mula se fere a pessoas inferteis como as mulas, é.um linguajar usado por racistas para se desfazerem dos pardos que são descendentes de brancos e negros.*",1,0,FN,-2.0533966784605036
LinearSVC,2,:triangular_flag: O padre é o satanás wm transformação de anjo de luz .,1,0,FN,-0.4898914037271004
LinearSVC,2,"*não é Fake News!*
Zema está com Lula!
Zema nao está com o presidente Bolsonaro. Parabéns a ""direita"" que vai deixar de votar no Viana (indicado pelo presidente) para votar em candidatos alinhados com a Esquerda, inclusive com bandidos que roubaram a nação. O resultado é esse.:backhand_index_pointing_up_light_skin_tone:",1,0,FN,-0.753408975733261
LinearSVC,2,"Abrem os olhos , não pensem só no momento , pensem nas futuras gerações , não queiram pra eles o que não quer pra vcs hoje , esquerda é a destruição da família , amanhã votem consciente, sejam maduros , inteligentes , abraços",1,0,FN,-0.2697011856424784
LinearSVC,2,"Urna batizada meus amigos
Ele satanás não tem tantos eleitores assim!",1,0,FN,-1.4269708317605667
LinearSVC,2,Temos que fazer a nossa parte e torcer para que os tentáculos da fraude da esquerda não alcance nossas  urnas capixabas,1,0,FN,-0.654789126526115
LinearSVC,2,"Bolsonarista: Marcha p Jesus
Petistas: Marcha p maconha
De qual lado vc está?",1,0,FN,-2.786377997469114
LinearSVC,2,Fora bozo adorador do bode capa preta,1,0,FN,-0.6883575435562224
LinearSVC,2,Os candidatos de esquerda gostam tanto de pobres que eles tem o poder da multiplicação da pobreza.,1,0,FN,-0.5757308705046047
LinearSVC,2,Lula já está propondo uma nova constituição sem ao menos saber se vai se eleger . O golpe já está armado pelo PT só cai só se for muito idiota!!! Janaina pascoal acabou de twitar e ela é bem informada.,1,0,FN,-0.4949628728459615
LinearSVC,2,"Não está não 
Ele é deformado mesmo assim como as ideias dele:beaming_face_with_smiling_eyes:",1,0,FN,-0.1896778143302515
LinearSVC,2,"Eu sei,mas têm muito baiano jumento ,no trabalho é um exemplo.",1,0,FN,-0.5467781841204534
LinearSVC,2,Qualquer imbecíl sabe que intervenção federal cai no colo da esquerda,1,0,FN,-1.4267405720879098
LinearSVC,2,É  ser muito mongol pra crer que essa corja vá aceitar a vitória do Bolsonaro!,1,0,FN,-1.8363163807348573
LinearSVC,3,"Esse seu assunto aí já foi respondido por vários aqui. Mas parece que você é masoquista e quer continuar apanhando.
Não vou ficar dando palco pra doido.",1,0,FN,-1.0813796755948222
LinearSVC,3,Perfeito para o gado ficar louco no pequeno curral mental que possui,1,0,FN,-0.029715337126346053
LinearSVC,3,"""Eu vou de Lula! Entenda o porquê!!! As Entidades do Inferno estão todas a favor dele, e o Lula vai Vencer! E todas as Almas que votarem nele ganharão uma Visão Especial todas as Noites ao Dormir""... (Repasse para as Pessoas que pensam em votar no Lula e que ainda não sabem quem está por trás dele!)",1,0,FN,-1.2781134441300395
LinearSVC,3,*THIAGO MARTINS CONVIDA A POPULAÇÃO BAIANA PARA SEPULTAR A VELHA POLÍTICA NA BAHIA*,1,0,FN,-2.4402664337472135
LinearSVC,3,Bolsonaro pede a Deus que nós não experimentemos as dores do Comunismo,1,0,FN,-0.4484326394552999
LinearSVC,3,"Quantas fofuras em
Na época do luladrao ninguém se interessava em política. Com Bolsonaro até as crianças querem discutir política 
Essa Bolsonaro é realmente o MITO :flexed_biceps_medium-light_skin_tone::flexed_biceps_medium-light_skin_tone::green_heart::folded_hands_medium-light_skin_tone::raising_hands_medium-light_skin_tone::clapping_hands_medium-light_skin_tone::clapping_hands_medium-light_skin_tone:",1,0,FN,-0.08805954254155633
LinearSVC,3,Simone Tebet acabou com o Bolsonaro.  Ela entregou todo o esquema criminoso do BOZO,1,0,FN,-0.9121485910309437
LinearSVC,3,Compartilhem sem dó é importante esse vídeo mostra o tanto e o quanto à esquerda é covarde mas nós à direita devemos nos unir,1,0,FN,-1.6006916241124363
LinearSVC,3,A  esquerda   usa  de várias   artimanhas   para  confundir   o  eleitor   ! VOTE  APENAS   nos  candidatos   da  direita   e  aguarde    o resultado   ! NOSSAS  FFAA   NÃO   VAI  trair  sua  NAÇÃO   !,1,0,FN,-0.18230607414795696
LinearSVC,3,"“A esquerda promete o céu, mas o que ela entrega é o inferno”. GUEDES, Paulo. 2022",1,0,FN,-1.8572041633198149
LinearSVC,3,"Corja de bandido … Deus é maior que td isso , só permite pq temos o livre arbítrio … depois não adianta chorar , plantou , colheu , simples assim",1,0,FN,-0.5057387002298076
LinearSVC,3,"*Minhas considerações sobre o debate presidencial na Globo.*

*Jornalista Delmar Rodrigues*

*Lula  O eterno ladrão*
*Simone e Soraya as perdidas*
*Felipe o equilibrado*
*Ciro o esperançoso*
*Kelman o penetra*
*Bolsonaro o reeleito*

*Pelo que vi nesse último debate, todos os pretensos candidatos a cadeira de presidente,  só fortaleceram  a reeleição de Jair M. Bolsonaro, é  incrível como eles ainda olham para o povo como um tolo, ignorante e incapaz de saber e perceber a realidade desse país.*
*Da forma como se deu o debate, ficou claro que Bolsonaro ganha no primeiro turno, salvo se alguma coisa ocorrer como na eleição passada  em que tivemos um segundo turno duvidoso.*",1,0,FN,-0.38006417093379846
LinearSVC,3,":backhand_index_pointing_up: *Aquí está a vergonha da esquerda.*

*Eles tentaram destruir esse vídeo. Compartilhem com um conhecido esquerdaopata!!!* :winking_face::winking_face::thumbs_up::thumbs_up::thumbs_up::thumbs_up::thumbs_up::thumbs_up::thumbs_up::thumbs_up::thumbs_up::thumbs_up:

#Bolsonaro2022 

Grupo: 
[USER]",1,0,FN,-0.2564731385509191
LinearSVC,3,Passar o dia chupando ovo de pt para ganhar um pão com mortadela,1,0,FN,-1.1911728221953903
LinearSVC,3,Esse casal é bolsonaro Nato Nato e nato tanto eu como ela partimos para cima do Zap para conquistar Voto para o bolsonaro e assim que todos os casais tem que fazer a maldição do PT tem que ser acabado nessa gestão agora nós todos juntos seremos forte,1,0,FN,-0.5917782760011877
LinearSVC,3,"Amanhã dia 02/10/2022, teremos eleição para Dep. Federal, Dep. Estadual, Senadores e o principal , o Presidente da República. 
Peço humildemente que antes de depositarem os seus votos nas urnas, que pensem em seus filhos, netos e bisnetos. Porque essa eleição não é somente para definir quem presidirá o nosso País, mas sim para definir quem irá cuidar do nosso futuro, do futuro de nossos filhos, netos e bisnetos. Esse pessoal que prega o socialismo e comunismo não deve ter noção da devastação que isso causa em nossas vidas. Por isso se oriente com Deus e peça a Ele uma direção, certamente Ele lhe dará. Procurem no Gloogle a respeito da agenda de 2030 (NOM). Ótima votação e excelente domingo. Deus é que está no controle.",1,0,FN,-1.4990292843058441
LinearSVC,3,"Tem o macho, tem o super macho, tem mega macho, tem o super homem, e tem esse cara aí que gritou ""Ladrão"" no meio da petezada no comício do presidiário. 
Esse é meu ídolo...",1,0,FN,-0.6657461390047917
LinearSVC,3,"""Meu coração está aflito pela nação. Não sabemos o que se passa nos bastidores e nem qual o limite (ou a falta dele) daqueles sem escrúpulos. O Brasil é um dos últimos países da América Latina onde o socialismo não tocou a mão e fez apodrecer. É triste ver a realidade de argentinos, venezuelanos, cubanos e outros. Potências que estão se esvaindo. Aqueles que não tiveram tanta instrução são os que mais votam na esquerda, ironicamente, pois são eles quem deveriam mais temer a falta de oportunidade gerada através das políticas populistas que tornam qualquer Estado infrutífero. Onde há maior liberdade econômica, ali há chances e chances de passar por qualquer crise sem perecer. Que Deus tenha misericórdia do Brasil."":folded_hands: (Fran Peçóis). 
*#primeiroturnobolsonaro*",1,0,FN,-1.3466918184422265
LinearSVC,3,Kkkk valeu Mengão. Acho q é o primeiro bolsominion que não me xingou nem se irritou cmg.,1,0,FN,-1.0535188666600015
LinearSVC,3,"Irmãos cristãos católicos e evangélicos, enquanto o inferno queima enxofre e a PETRALHADA queima chifre e a rosca, é nosso DEVER estar em oração em favor da nossa NAÇÃO e do nosso Presidente. Vamos ficar nesse dia  em ininterrupta ORAÇÃO e vigilância, aguardando a providência do Senhor Deus em nosso favor. Que o Senhor Deus continue nos abençoando em mais esse dia :folded_hands::folded_hands::folded_hands:",1,0,FN,-1.0347388871829348
LinearSVC,3,Partiu indo ajudar nosso presidente a acabar com veio do cão,1,0,FN,-0.33803311156074417
LinearSVC,3,"Eu estou trazendo esse plint após um comentário de um vídeo de um bando de macunbeiros fazendo seus despacho na frente de um cemitério. Porque estou fazendo isso no meu plint fala que Deus não dorme e esse noite ouve muitos louvores lave e anite teremos sim um resultado muito positivo vou trazer pra vcs verem o que se falou na lave foi puro fogo :fire: de Deus aguardem.após o resultado, mas já adiantando um pouquinho teremos prisões :zipper-mouth_face:",1,0,FN,-1.8180615890947458
LinearSVC,3,"*_É HOJE NO PRIMEIRO TURNO PELA PRIMEIRA VEZ NA HISTÓRIA SE DEUS QUISER! DEUS OLHAI POR NOSSA NAÇÃO! QUE O COMUNISMO JAMAIS IMPERE NO NOSSO PAÍS! DEUS PÁTRIA,FAMÍLIA E LIBERDADE! BRASIL ACIMA DE TUDO,DEUS ACIMA DE TODOS!_* :place_of_worship::folded_hands_light_skin_tone::keycap_2::keycap_2::Brazil:",1,0,FN,-0.04288586219417667
LinearSVC,3,É impressão minha ou o nordestino tá com saudade da seca?,1,0,FN,-0.2188126664301
LinearSVC,3,Que nordeste é esse que não aprende meu Deus! Povo que gosta de esmolas… Afff,1,0,FN,-0.44271002925485503
LinearSVC,3,"CAMILO SANTANA 65% PARA SENADOR? 

GOVERNADORES NO NORDESTE TODOS 1° TURNO


MEU DEUS! 

TEMOS QUE 

CONSCIENTIZAR OS NORDESTINOS PETISTAS",1,0,FN,-1.7172891155570407
LinearSVC,3,"Pessoal o nosso presidente é esperto! Ele já pensou em tudo e sabia que o risco de fraude era gigante! 
Ele fez várias motociatas , passeatas, carreatas, e diversas paralisações! Ele sabe que uma hora todos esses vídeos (incluindo 7 de setembro) que mostram essas paralisações, vai ajudar ele a mostrar que essa eleição contra o ladrao foi FRAUDE",1,0,FN,-0.6534342428140081
LinearSVC,3,"QUANDO O LULA ROUBOU O BRASIL ELE ROUBOU TODOS ROUBOU O POBRE O RICO O PRETO O BRANCO O ÍNDIO ....... O SOCIAL COMUNISMO NÃO VAI POUPAR NINGUÉM QUEM VOTOU NO LULA VAI SE FERRAR DO MESMO JEITO.....
IGUALZINHO NA VENEZUELA",1,0,FN,-1.5816136893529626
LinearSVC,3,"É verdade! Infelizmente o povo está acostumado com políticos que faz baixaria nos palanques. Talvez o Capitão Wagner pela sua educação, não quis fazer isso mas tá aí um bandido eleito, e  correndo um grande risco de ladrão lá e ladrão cá.  
Meu Deus!",1,0,FN,-0.17533953103958522
LinearSVC,3,Sou nordestino e minha região é uma decepção. Cuidado vc quem sua fazenda,1,0,FN,-1.9649517377018721
LinearSVC,3,Ouçam a cara de pau da esquerda exporem a tática de guerra suja do Social comunismo,1,0,FN,-0.1215884433892131
LinearSVC,3,"O presidente do MDB é o Baleia Rossi, ele liberou os filiados pra escolherem em quem apoiar",1,0,FN,-0.9626186260826373
LinearSVC,3,O bom é o baiano…. O do bem… explicando pro outro baiano.. que burrrrrro..,1,0,FN,-0.9576374184692229
LinearSVC,3,QUEM MATOU CELSO DANIEL  LULADRAO  12 MILHÕES  VICE DE SIMONE TEBET ENTREGA  TUDO,1,0,FN,-0.040794184476205364
LinearSVC,3,"UMA VERDADE AOS FUNCIONÁRIOS PÚBLICOS. 

Se o molusco voltar, com as ameaças que ele fez a Zema, irá cortar verbas para o estado de Minas Gerais e consequentemente para os municípios. 

Aí o que acontece?

Muitos municípios terão que demitir funcionários.

Então o LULADRAO será horrível para Minas Gerais.",1,0,FN,-1.653304566577017
LinearSVC,3,"Olha o povo fugindo da Venezuela :backhand_index_pointing_up_medium-light_skin_tone: vc não vai ver isso em canal de TV,  mas está acontecendo. O comunismo é o câncer do mundo não permita que  esquerda conclua isso",1,0,FN,-0.2696304217991136
LinearSVC,3,Luladrao sendo expulso do Ceasa de Brasília hj 13-10-22...e ainda a mídia podre em suas pesquisas compradas dizem esse bosta está a frente de Bolsonaro...kkkkkk,1,0,FN,-0.2785075158639922
LinearSVC,3,"Meu Deus isso não pode ser verdade, Lulaladrao dizer isso sobre tiros em paraisopolis no Candidato Tarcísio. Ele jamais pode ser presidente se essa notícia for verdadeira.",1,0,FN,-2.36309506194075
LinearSVC,3,"Hoje 18/10/22 Ao visitar comunidade ribeirinha em eldorado do Carajás no Pará , vandalos do MST e de movimento de reforma agrária, ateiam fogo em carros de padre Zeno da Paróquia de Eldorado  e freiras que o acompanhavam.
Se o LULADRAO presidiário ganhar corremos sério risco de uma convulsão social, uma guerra civil.",1,0,FN,-0.13133649103248285
LinearSVC,3,"Por duas vezes, em 2021, Lula foi consagrado à umbanda. Na primeira, recebeu a ""benção"" da mãe de santo para ganhar as eleições e um ""Zé Pilintra""; na segunda, recebeu um banho de pipoca que é usado nas oferendas para orixás da umbanda.
Este é o candidato que diz ser cristão.",1,0,FN,-0.7259233106450144
LinearSVC,3,"Há claro, um idiota como vc acha que vou votar no Lula... Vcs estão ficando cegos, o povo besta... Aonde que as minhas palavras estão dizendo que vou votar em outro? Porém, que ele é um covarde ele é",1,0,FN,-0.530989268191501
LinearSVC,3,"Nesse vídeo
LULADRAO diz que vai apoiar

Invasão no campo e na cidade",1,0,FN,-0.2692879602982527
LinearSVC,3,"Agora se segura pra não cair da cadeira LULADRAO esperando autorização do traficante Marcola pra transitar São Paulo !!
Foi mesmo que ouvi ??
Aí e o FIM !!
:police_car_light::oncoming_police_car::rat::cockroach::scorpion::mouse::rat::money_bag::rat::oncoming_police_car::police_car_light:",1,0,FN,-0.4988856306167744
LinearSVC,3,"A mulher fala mal de pazuelo, eu defendo os conservadores, aí vem um lixo se sentindo herói ...ow ofendeu as mulheres, falei desse lixo na foto !! 
E cada idiota que quer se passar por bonzinho kkkkkk",1,0,FN,-0.3238793159860353
LinearSVC,3,"Deixando claro
os projetos 
do Nine !! Quando um petista não sabe de responder e só vc falar a verdade pr ele do próprio candidato dele,e dos seus projetos maligno",1,0,FN,-0.295848610336024
LinearSVC,3,"Eu não devia rir disso, mas é engraçado como a Zambeli gorda como está tenta correr atrás do sujeito.",1,0,FN,-1.337445318565631
LinearSVC,3,Na hora que os filhos chegarem em casa falando que querem ser travesti é só fazer o L também,1,0,FN,-0.9763131666778638
LinearSVC,3,"[USER]

Você é uma imbecil!


Passou 1 hora achando que eu fosse um Israelense!


Vocês são uma. Comédia!",1,0,FN,-1.522257881841152
LinearSVC,3,"Eles não conseguiram encontrar um sócia lá no Ceará??? 
Pega o lula travesti kkkkkkkkkk",1,0,FN,-0.43355994469064574
LinearSVC,4,"*Frankstein apóia Boslonaro*

*O famoso monstro dos filmes e desenhos animados Frankstein, declarou hoje seu total apoio ao candidato Boslonaro.*

*De acordo com Frank, Lula é o pior de todos os monstros, sendo uma criatura desprovida de qualquer valor.*

*Deus abençoe o Brasil*

:Brazil::folded_hands_light_skin_tone:",1,0,FN,-0.6807700836198336
LinearSVC,4,"acha q está sempre coberto de razão e não aceita ser contrariado por ter um ego frágil, vc é desprezível e seus argumentos não passam de falácias rasas.",1,0,FN,-0.6102762608665048
LinearSVC,4,"Disse muito bem, não se trata de votar no Presidente Bolsonaro ou no Lula, com todos os seus roubos, seus cúmplices e suas mentiras, trata-se de votar em um Sistema, um Sistema que tem tudo a ver com o Diabo e outro Sistema que tem tudo a ver com os ensinamentos de Deus, e se a gente estiver com Deus, teremos uma nação abençoada, e se não, estaremos em um lugar amaldiçoado que nem se pode dizer que é uma nação.
Deus abençoe o discernimento das pessoas que estão escolhendo maldição e renegando a Deus e por conseguinte às suas bençãos.",1,0,FN,-1.0482342017436317
LinearSVC,4,"Urnas sendo manipuladas dentro de sindicato ligado ao PT segundo informações a cidade é Itapeva, mas não disseram se é em SP ou MG pois ambos estados tem cidade com esse nome..  Eu não tenho dúvidas que a FRAUDE será estrondosa para IMPEDIR a reeleição de Bolsonaro... GRAVÍSSIMO... Óbvio que a adulteração do programa deve estar sendo feita em cada cidade essa semana, ao receberem as urnas..  elas foram lacradas pelo TSE sem permitir as FFAA fazer inspeção por isso mesmo, porque já estava combinado com os sindicatos que estão recebendo as urnas, tirar o lacre e Fraudar seus programas para que mudem os votos e FRAUDEM a eleição em favor da ESQUERDA.",1,0,FN,-1.49667856574619
LinearSVC,4,"Essa :index_pointing_up:foi boa q Colei:index_pointing_up::rolling_on_the_floor_laughing::rolling_on_the_floor_laughing::rolling_on_the_floor_laughing::rolling_on_the_floor_laughing:


Demostração de censura.
Calado.
Mudo.
Medo?
Vermelho ditador em forma democracia.
Vermelho que não liberta.......
etc,.....









Eu Sou eh 22.
Esperança .
Liberdade.
Vida.
Alegria.
Paz de vivência de Em amarelo rico de sabedorias....
Força...Luta... guerreiros :thumbs_up::thumbs_up::thumbs_up::victory_hand::victory_hand::victory_hand::Brazil::Brazil::Brazil::Brazil::Brazil::victory_hand::victory_hand::victory_hand::victory_hand::Brazil::Brazil::Brazil::Brazil:
22
22
22
22
22
:victory_hand:
:Brazil::thumbs_up::thumbs_up::thumbs_up::thumbs_up::thumbs_up::thumbs_up::thumbs_up::Brazil::victory_hand::Brazil::victory_hand::thumbs_up::thumbs_up::thumbs_up::thumbs_up::thumbs_up::thumbs_up::thumbs_up::thumbs_up::thumbs_up::thumbs_up::Brazil:",1,0,FN,-0.11451811813966051
LinearSVC,4,"O PAU CANTOU NO TERREIRO DE PAI LULA.
REUNIÃO DA GANG DE 9DEDOS ACABA EM  “RISQUE A FACA” ENTRE COMUNISTAS.
Briga entre eles por desespero!",1,0,FN,-0.5273397306171457
LinearSVC,4,"Que o Senhor Deus afaste o comunismo de nossa nação! 

*Bolsonaro Reeleito 1 turno :keycap_2::keycap_2::check_mark_button::folded_hands:*",1,0,FN,-0.1504209504942512
LinearSVC,4,"AS GLOBOS...:pinched_fingers::heavy_dollar_sign::pinched_fingers: POLITICOS,.:pinched_fingers::triangular_flag::heavy_dollar_sign::pinched_fingers::pinched_fingers::pinched_fingers: STE.. STF..caiado UOU..,,,ETC,.....

SÃO Os que mas fala em DEMOCRACIA.....

TAL DEMOCRACIA QUE ESCONDE DIREITINHO A DITADURA.

SIM O CAPETA SI VESTE DE SANTO gente.
Faz parte do aplique 171...:pinched_fingers::heavy_dollar_sign::heavy_dollar_sign::pinched_fingers::triangular_flag::triangular_flag::Angola::triangular_flag::ogre::left-facing_fist::ogre::left-facing_fist::brain::kitchen_knife::brain::kitchen_knife::brain::triangular_flag::Angola::triangular_flag::Angola::Vietnam::Vietnam::Vietnam::Vietnam::Vietnam::Angola::pinched_fingers::pinched_fingers::heavy_dollar_sign:",1,0,FN,-1.6001136858110896
LinearSVC,4,"[27/9 19:17] +55 [PHONE]: Ê BÒSTA NÀ CARÁÊ BÒSTA NÀ CARÁÊ BÒSTA NÀ CARÁÊ BÒSTA NÀ CARÁÊ BÒSTA NÀ CARÁÊ BÒSTA NÀ CARÁÊ BÒSTA NÀ CARÁHOMENS CAGANDO NA MINHA BOCAHOMENS CAGANDO NA MINHA BOCAHOMENS CAGANDO NA MINHA BOCAHOMENS CAGANDO NA MINHA BOCAHOMENS CAGANDO NA MINHA BOCAHOMENS CAGANDO NA MINHA BOCAHOMENS CAGANDO NA MINHA BOCAHOMENS CAGANDO NA MINHA BOCAHOMENS VOMITANDO NA MINJA BOCAHOMENS VOMITANDO NA MINJA BOCAHOMENS VOMITANDO NA MINJA BOCAHOMENS VOMITANDO NA MINJA BOCAHOMENS CAGANDO VOMITANDO E MIJANDO NA NINHA BOCA
[27/9 19:17] .: O carlinhos é um viado, o carlinhos é um viado chupando homens e engolindo esperma, carlinhos vc é um viado hein vc chupa um monte de pinto e engole bastante esperma, homens mijando na boca do carlinhos, homens mijando na boca do carlinhos, homens mijando dentro da boca do carlinhos, eu sou um estrupado, eu gosto de ser estrupado, eu amo ser estrupado, eu amo ser arrombado, eu sou um estrupado",1,0,FN,-0.35084863213367823
LinearSVC,4,"Sou de Aratiba RS, sou de direita, tenho pavor de comunistas, ladrões, corruptos, esquerdistas e PTistas. 
Minha cidade de interior tem em torno de 6.000 eleitores. 
Aqui sempre foi um reduto de PTistas pois foi a segunda cidade do RS em apostar no PT e em Lula, desde a criação desse partido das trevas.
Na eleição de 2018 para presidente tivemos 48% dos votos para o Bolsonaro e em 2 turno 57,5%.
Para prefeito em 2020 contra o PT, ganhamos de 60,2% dos votos.
Nesta eleição devemos ampliar esse resultado no 1 turno.
MINHA PERGUNTA: QUAL SEU ESTADO E MUNICIPIO E COMO ESTA AI?",1,0,FN,-0.9056139272275271
LinearSVC,4,*Olha só o Marquinhos enfrentando o Capitão Mamata que estava na musculação enquanto pessoas morriam na pandemia*,1,0,FN,-2.0017744765878764
LinearSVC,4,Cristãos se preparem porque daqui até Domingo o Satanáz usara seus fiéis para atacar não só o presidente mais toda a população de bem que ama a Deus a familia e o País,1,0,FN,-0.0037504939343254717
LinearSVC,4,Kkkkkkk esse miserável do Bozo ainda leva um padre desse para o debate um padre fake,1,0,FN,-0.7801975259563426
LinearSVC,4,":backhand_index_pointing_up: *Propinas, roubos, falcatruas...rachadinhas...*
*Representa a esquerda.*

*O mais curioso é que o Wilian Boner e Renata noticiaram isso.:face_screaming_in_fear::face_screaming_in_fear:*",1,0,FN,-1.457791068121355
LinearSVC,4,"Senhor meu Deus. Não permita que a nossa nação caia nas mãos de corruptos de novo, de ladrões, de socialistas… Pessoas que só pensam em si mesmas, que são contra a família, as crianças, a moral e a ordem. Que querem um mundo pervertido, sujo, escuro… Nos livre do mal meu Pai, pelo menos por mais 4 anos, para que possamos mostrar para nossos filhos, para as novas gerações, o que é bom, o que é aprazível, que o Brasil tem jeito. Por favor meu Pai. Nosso povo é sofrido demais. Escute as nossas orações, em nome de Jesus. Amém :folded_hands_medium-light_skin_tone:",1,0,FN,-1.5106979485870269
LinearSVC,4,"Pessoas que são cristãos jamais pode votar em quem é contra os princípios da igreja.
Quem apoia o aborto, a ideologia de gênero, é contra a família apoia o comunismo.
Vote  consciente.
22 neles.
DEUS, PATRIA , FAMÍLIA",1,0,FN,-1.7556008339348834
LinearSVC,4,Dessa vez o povo não acredita nas Fake News do BOZO não. Kkkkk. Começou arranjando um PADRE FAKE. Que vergonha 01 . Kkkk.,1,0,FN,-1.0143850062019908
LinearSVC,4,"Não somos coveiro mas, hj faremos o enterro do Bozo.:coffin:

Velório aberto ás 17hs.",1,0,FN,-2.614863774060021
LinearSVC,4,"Só acho que o cachaceiro foi bem votado. Meu Deus, o Brasil não é para amadores.",1,0,FN,-1.822140400917339
LinearSVC,4,"Está estranho ... Lentamente o Bolsonaro está diminuindo e o Lula Ladrão aumentando ..

Ainda tem pessoas votando .. 

Se o horário e até às 17 porque tem gente votando agora as 19:30 .. 

Está estranho .. 

O TSE aponta que Lula Ladrão ganha em todos os estados do Nordeste onde ele tambem não podia andar nas ruas ..

Está estranho isso ..",1,0,FN,-0.026621912214722987
LinearSVC,4,"PESSOAL ATENÇÃO! 

SEI QUE ABALA UM POUCO TODOS NÓS VER A DIFERENÇA REDUZINDO! 

MAS ACHO QUE É CLARO PRA TODOS: 

ESTAMOS LIDANDO COM MÁFIA, QUADRILHA, BANDIDOS!

É OBVIO QUE ESTÁ HAVENDO FRAUDE! É ÓBVIO! 

TENHO DITO: SE PREPAREM PARA SAIR ÀS RUAS!

NÃO VAMOS ACEITAR ESSE SISTEMA DE VOTAÇÃO E PONTO FINAL! 

VAMOS PARAR O BRASIL!

COMECEM A DIVULGAR ISSO NOS GRUPOS! 

SE FORMOS ÀS RUAS BOLSONARO VAI ORDENAR ÀS FORÇAS ARMADAS À AGIR! 

REPITO: VAMOS TOMAR AS RUAS DO BRASIL! 

FORÇA E HONRA! 
DEUS ABENÇOE O BRASIL!  :Brazil::Brazil::Brazil:",1,0,FN,-2.756870338289278
LinearSVC,4,"Com certeza meu irmão e esse Ladrão não assume a presidência em nome do Senhor JESUS CRISTO, eu creio!!:folded_hands_dark_skin_tone::folded_hands_dark_skin_tone::folded_hands_dark_skin_tone::raising_hands_dark_skin_tone::raising_hands_dark_skin_tone::raising_hands_dark_skin_tone:",1,0,FN,-0.14291848490615544
LinearSVC,4,"Exatamente quem vive de promessa e santo , estes jumentos não aprende puta que pariu 47% um ladrão não e possível foi manipulado NAO PODE SER",1,0,FN,-1.3471013670242806
LinearSVC,4,"Kkkkk
Isso me diziam para o primeiro turno

Eu agora virei
SAO TOMÉ

TALVEZ SE EU TOMAR UM MÉ VOLTE A CONFIAR

O SISTEMA É SUJO POR SI SO

E NOSSO PRESIDENTE INOCENTE 

SE ELE NAO TOMAR PROVIDÊNCIAS DE VIGIAR AS URNAS 

SEREMOS HUMILHADOS COMO FOMOS NO PRIMEIRO TURNO 

SUGESTAO

BOLSONARO DEVE MANDAR  RECOLHER AS URNAS DO PRIMEIRO TURNO E COMPRAR DE UMA OUTRA EMPRESA E O EXECUTIVO DISTRIBUIR
CASO CONTRARIO ATE MOISES , PEDRO JOSUE
JOSE DO EGITO
TODOS ESSES DEFUNTOS VOLTARAO EM LULADRAO",1,0,FN,-1.2222235658679517
LinearSVC,4,VEJAM O QUE ACONTECEU NA TV AO VIVO BOLSONARO  COM 55% E O LULADRAO  COM 36% 8:20 H DA NOITE SE DERAM MAL,1,0,FN,-0.5784847494346587
LinearSVC,4,"Amo Patrick, faço campanha com todo prazer e alegria, mas vou sair do grupo porque não consigo conviver com pessoas que apoiam bandidos que querem entregar o Brasil ao comunismo maldito. Abraço aos que amam a família e a liberdade.
Deus acima de todos :folded_hands:",1,0,FN,-0.8624588973185596
LinearSVC,4,Mais uma mentira da esquerda.,1,0,FN,-0.036571577488019424
LinearSVC,4,"Esse vídeo :backhand_index_pointing_down: mostra o chefe do tráfico de uma das maiores e mais violenta favelas de SALVADOR/ BA (Nordeste de Amaralina)

O Rasta, como é conhecido, aparece com Lulaladrao. 
:thinking_face:
Amigos ! Isso é muito sério! 
O cachaceiro está se alinhando com várias facções criminosas do Brasil. Devemos alertar aos isentōes para que revejam suas intenções de anular o voto. 

Apoiar Bolsonaro e esquecer essa birra inrustida por nosso presidente é o melhor caminho .",1,0,FN,-0.34906307021503025
LinearSVC,4,Luladrao disse ainda bem que a natureza criou o monstro chamado corona Vírus !!!,1,0,FN,-0.7894819484517
LinearSVC,4,Vejam a recepção que o Nine teve na chegada ao Flow... O povo gritando dos prédios!  #ForaLulaPTnuncaMais #foraluladrão  #LuLADRAO #LulaTransfobico,1,0,FN,-0.06908924211117173
LinearSVC,4,Mano o grupo está no limite máximo... Assim que aparecer uma vaga a gente add ele... Ou identificar um Vermelhinho incubado...:smiling_face_with_sunglasses::Brazil:,1,0,FN,-0.0021261333987260267
LinearSVC,4,"No passado os Profetas
Homens santos não poderiam ""ser dúbios"" em decisão crucial 
O CASTIGO 
Era o apedrejamento até à morte. Hj a exemplo do que A CORJA DO STF FEZ À FAVOR DE LULALADRÃO É ABOMINÁVEL 

DEIXOU Á NAÇÃO EM EMINENTE GUERRA CIVIL 
Ê SE O PREÇO FOR ESSE ESPERO QUE UM SNNIPER COM O DEDO NO GATILHO Ê A MÍRA APONTADA PRIMEIRO PARA A CABEÇA DOS MINISTROS Q OCASIONARAM TÃO DESAGRADÁVEL SITUAÇÃO.

#UMSNIPPERPARAFACHIN

#UMSNIPPERPARAALEXANDREDEMORAES

#UMSNIPPERPARALULALADRÃO",1,0,FN,-0.8566034901774197
LinearSVC,4,Ainda é tempo de PaiLula baixar nesse terreiro. Talvez tome vergonha naquela cara lambida.,1,0,FN,-1.189634245826612
LinearSVC,4,"DIA 30/10.., NÃO VOTE EM LULADRAO…, PROTEJA A SUA FAMÍLIA.., NÃO AS DROGAS, ABORTO, CORRUPÇÃO, AOS TROMBADINHAS DE CELULAR…, E A SUA LIBERDADE..!!!! PENSE NISSO NA HORA DE VOTAR…!!!",1,0,FN,-0.20352874256469644
LinearSVC,4,"ou seja a debil mental quer criticar e não quer ser criticada .
É tipo lula dizendo para não roubar .",1,0,FN,-2.5541777663980145
LinearSVC,4,"VÍDEO VERDADEIRAMENTE  CORRETO.  TEMOS QUE CLAMAR PELO BRASIL  SENDO ASSIM  DEUS  VAI OUVIR A MAIORIA  E SE A MAIORIA  FOR  O LADO BOM, E SE A MAIORIA  FOR CONTRA O CASAMENTO GAY.  SE A MAIORIA FOR CONTRA AS DROGAS  . SE A MAIORIA  FOR CONTRA  CORRUPÇÃO.  SE A MAIORIA  FOR CONTRA O ABORTO  ENTÃO  O BEM VENCERÁ  OS ESCLARECEDORES...COMPARTILHEM..",1,0,FN,-0.0283057876585161
LinearSVC,4,Tínhamos de fazer campanha para colocar o nordestino nas ruas; e é fácil é só retirar o turismo do brasileiro para o nordeste que eles irão se mobilizar.,1,0,FN,-0.20141364199524914
KNN,0,Inclusive ele criou satã para nós torturar para sempre no inferno pq sabe oq faz,1,0,FN,0.2
KNN,0,"Pois é agora pra tirar esse canalha traidor, só daqui 8 anos.",1,0,FN,0.2
KNN,0,"Socialismo em Los Angeles. Caos total depois que passaram a legislação permitindo até 900 dólares em roubo sem punição.

Não podemos permitir que a esquerda tome conta do poder, com eles no poder tudo que há de pior pode acontecer.",1,0,FN,0.2
KNN,0,O esquerdista Ciro teve um clímax com  o ataque do Bolsonaro frente ao Loola.,1,0,FN,0.4
KNN,0,"ÚLTIMO DEBATE DA GLOBO PRESIDENCIÁVEIS 
VAMOS ASSISTIR PELO OS CANAIS  DE DIREITA NO YOUTUBE  PRA GLOBO NÃO TER MUITA AUDIÊNCIA:chart_decreasing:",1,0,FN,0.0
KNN,0,Domingo é a nossa vez de varrer a esquerda do Brasil.,1,0,FN,0.0
KNN,0,PROJETO DA ESQUERDA :backhand_index_pointing_up::backhand_index_pointing_up:TRANSFORMAR MILHÕES DE JOVENS EM ZUMBIS :backhand_index_pointing_up::backhand_index_pointing_up:JESUS É MAIOR E VENCEREMOS :folded_hands::folded_hands:,1,0,FN,0.2
KNN,0,"Olha o que esse Bandido,Ladrão está falando,uma calúnia e defamaçao,olha para cara do bandido vermelho,quer tirar nossa Atençao,mais a Maioria dos Brasileiros,estão decedidos,reeleger o presidente.:folded_hands::Brazil::Brazil::Brazil::Brazil:.vocês não vão tomar o poder com fraudes.vamos se possível for para guerra.lutaremos pela nossa,Pátria, pela  Democracia e nossa Liberdade.ate a Morte.:Brazil::Brazil::folded_hands::folded_hands::folded_hands::blue_heart::green_heart::yellow_heart::white_heart:Todos Pelo Brasil e Deus Acima de Tudo :folded_hands::Brazil:",1,0,FN,0.2
KNN,0,"Pessoas SEM DEUS, comunistas, fatalmente irão se entregar às paixões da carne (pecado e devassidão).

O comunismo de Cuba até que demorou para abraçar o gayzismo, considerando o tempo que aquele povo está SEM DEUS, por imposição de uma ditadura.",1,0,FN,0.2
KNN,0,"Bom dia Grupo Abençoado.  Que Deus nos Abençõe em mais um dia.    E que a vontade de cutucar Petistas nunca nos falte.    Pelo bem da Nação. 
Mito na Veia 
Forte abraço 
22",1,0,FN,0.2
KNN,0,"Caraiiii 

Comparar gigante Brasil 
Com esses paiseco menos que o Acre!!!

Tá errado isso ai

Comparar com país decente!",1,0,FN,0.0
KNN,0,"Bom dia.

Para Refletir:

""O "" cidadão"" sai de casa, tranca as janelas põe cadeados nas grades fecha a porta com três diferente fechaduras, retira o carro da garagem , para no farol fecha os vidros totalmente. 
 Para na rua aciona o alarme, bloqueador e  rastreador do carro, entra em uma seção eleitoral e vota em um ladrão.

 Vai entender a ""lógica"" do universo.""

Que Deus tenha misericórdia.

Forte abraço.",1,0,FN,0.4
KNN,0,"Comando vermelho declara apoio à Lula e Freixo na quadra da Mangueira
 Gente, olha a situação do Rio:backhand_index_pointing_up_medium_skin_tone::backhand_index_pointing_up_medium_skin_tone::backhand_index_pointing_up_medium_skin_tone: tire suas conclusões se o Lula, o PT e toda a esquerda é ou não uma organização criminosa. Dia 02 vote consciente. Só temos uma única alternativa 22 Bolsonaro.",1,0,FN,0.4
KNN,0,"*ESTE É O REGIME DA CHINA QUE LULA AMEAÇA TRAZER PARA O BRASIL, SÓ MORRERÃO OPERÁRIOS E OPERÁRIAS QUE NÃO AGUENTARÃO O REGIME FORÇADO DE TRABALHO ESCRAVO PRODUZINDO PRODUTOS QUE SÃO VENDIDOS PARA O MUNDO POR PREÇOS BARATOS. ENQUANTO OS RICOS SAIRIAM DO BRASIL ATÉ DEZEMBRO*.",1,0,FN,0.4
KNN,0,":raised_fist_dark_skin_tone: *BANDEIRAÇO* :raised_fist_medium-dark_skin_tone:

:spiral_calendar: Hoje (27/09) - 16h
:round_pushpin:Av. Godofredo Maciel com Perimetral 

Galera de Fortaleza e adjacências, convidamos todas, todos e todes para juntos ocupar as ruas no bandeiraço *PSOL COM LULA* . Cola conosco por lá e vamos juntos celebrar a esperança!

*Faltam apenas 5 dias para vencermos o fascismo elegendo Lula 13 e Renato Roseno 50500.*

:raised_fist_dark_skin_tone::raised_fist_light_skin_tone::raised_fist_medium-dark_skin_tone:",1,0,FN,0.0
KNN,0,"Bolsonaro já ganhou fia:victory_hand::thumbs_up::Brazil::Brazil::Brazil::Brazil:



Mas tipo.
A aplicação de 171...eh bem famoso no Brazil
:Brazil::Brazil::Brazil::kitchen_knife::brain::kitchen_knife::Brazil::Vietnam::Vietnam:
171


Aí tem dedo do:heavy_dollar_sign: LadrãoLula...da uou...do STF ..STE..PCC...
CAIADO,.
DEPUTADOS,..
DATAFALHA.
GLOBOSLIXO...etc..:heavy_dollar_sign::heavy_dollar_sign::heavy_dollar_sign::kitchen_knife::Brazil::pinched_fingers::pinched_fingers::pinched_fingers::heavy_dollar_sign::heavy_dollar_sign::heavy_dollar_sign::Brazil::pinched_fingers::heavy_dollar_sign::pinched_fingers::pinched_fingers::pinched_fingers:
171 da Democracia...camuflar sempre A DITADURA :Angola::pinched_fingers::heavy_dollar_sign::Angola::Vietnam::heavy_dollar_sign::pinched_fingers::Angola::Angola::Angola::Angola::Albania::Vietnam::heavy_dollar_sign::heavy_dollar_sign::pinched_fingers::pinched_fingers::face_with_medical_mask::left-facing_fist::face_with_medical_mask::left-facing_fist::brain::left-facing_fist::brain::kitchen_knife::brain::kitchen_knife::left-facing_fist::kitchen_knife::left-facing_fist::left-facing_fist::heavy_dollar_sign::kitchen_knife::heavy_dollar_sign::kitchen_knife::Brazil::pinched_fingers::pinched_fingers::Albania::Albania::Vietnam::Angola::pinched_fingers::ogre::ogre::triangular_flag::triangular_flag::triangular_flag::triangular_flag::Albania::Vietnam::Vietnam::triangular_flag::triangular_flag::triangular_flag::pinched_fingers::pinched_fingers::heavy_dollar_sign::heavy_dollar_sign::Brazil::kitchen_knife::brain::kitchen_knife::brain:",1,0,FN,0.4
KNN,0,Meus amigos as vezes eu fico pensando  o que está maldita esquerda encontrou de errado  pois este homem foi um enviado por Deus para salvar nossa nação  e  ainda encontramos pessoas que se dizem cristão que vota no demônio pois votar no Lula e votar no próprio  até Domingo e que Deus ganha misericórdia dos nossos filhos e netos,1,0,FN,0.4
KNN,0,[USER] ADM??? VAI TOMA BEM NO MEIO DO SEU CU SEU FILHO DE UMA PUTA,1,0,FN,0.4
KNN,0,"Ao chegar mais cedo em casa, o marido encontra sua mulher nua na cama, prostada e respirando ofegante.
-O que houve querida? Vc não está passando bem?
-Acho que é um ataque do coração, responde ela.
Ao ouvir isso, o marido corre pro telefone, feito um louco, para chamar um médico. Enquanto tentava discar, o filho chega perto dele e avisa:
-Pai, tem um fantasma no banheiro.
O marido vai até lá, abre a porta e, encontra um cara vestindo um lençol. Puxa o pano e dá de cara com o seu melhor amigo, pelado. Ficou indignado e disse:
-Pelo amor de Deus Alfredo! Minha mulher tendo um infarto e vc fica assustando as crianças.

Assim é a mentalidade de um petista, que finge  que Lula não é ladrão.

 Sensacional! :face_with_tears_of_joy::face_with_tears_of_joy::face_with_tears_of_joy::face_with_tears_of_joy::face_with_tears_of_joy::face_with_tears_of_joy:",1,0,FN,0.2
KNN,0,"As fraudes estão realmente acontecendo
Isso é muito sério
O POVO não merece isso
Somos vítima desse sistema esquerdista que querem o poder para destruir o BRASIL.
Foi por isso que não permitiram o voto impresso.",1,0,FN,0.2
KNN,0,"Incluo na indignação desse cidadão, o consórcio vendido de imprensa podre e jornazistas fantoches, mais a turminha da rouanet, o cara colocou pra fora tudo que nós Brasileiros sentimos em relação às patifarias que vem acontecendo em nosso país.",1,0,FN,0.2
KNN,0,"Kkk
Com certeza só que estamos entre os dois 
Como diz a PALAVRA DE DEUS SOMOS EMBAIXADORES DE CRISTO NA TERRA 
.....
DEVEMOS TER A MENTE DE CTISTO""!
Quando vc vota é confirma para Deus vc manda o recado de que concorda com aquilo que o candidato pensa..
Enquanto Lula quer a destruição da família, liberação do aborto e das drogas, cartilha das drogas e LGBTQIA+ nas escolas com banheiro trigenero, ou seja sua filha vai usar banheiro junto com marmanjo...
E ai... Lula quer aprovar no congresso leis que impedem vc evangelizar no Brasil coisa que já acontece em vários países de esquerda com presidentes amigos de Lula...
Citamos a Nicarágua agora...
Na França se vc evangelizar na rua paga multa para o governo..
EUA já não se pode ler a Bíblia fora da Igreja...
Nas praças...
Etc",1,0,FN,0.2
KNN,0,"Kelmon tirando votos do Bozo! 

Ele é tão estúpido quanto o Bolsonaro...e tem batina",1,0,FN,0.4
KNN,0,A mulherzinha que ganhou a eleição usando o nome de Bolsonaro ficou stressadinha kkkk,1,0,FN,0.0
KNN,0,Esse é um recalcado comunista contra Deus contra igreja … e a figura do maligno aqui na terra,1,0,FN,0.4
KNN,0,"*UMA PIADA*

O filho do PETISTA (brasileiro nato) nasceu e ele ficou muito feliz, pois o que mais desejava era um filho. A mulher (brasileira nata) do PETISTA ficou de repouso pós parto e tomava sopinha no canudinho, diga-se de passagem, preparada pelo próprio PETISTA, bem como todos os dias o mesmo dizia que a amava e estava muito feliz.
Um belo dia, o PETISTA percebeu que seu filho não abria os olhos e muito preocupado foi consultar o médico que fez o parto:
PETISTA: - ""Dr, tem algo estranho com meu filho,  ele não abre o olho""
O médico, muito constrangido disse:
- ""Quem tem que abrir o olho é o Sr""
:rolling_on_the_floor_laughing::rolling_on_the_floor_laughing::rolling_on_the_floor_laughing::rolling_on_the_floor_laughing::face_with_tears_of_joy::face_with_tears_of_joy::face_with_tears_of_joy::face_with_tears_of_joy::face_with_tears_of_joy::face_with_tears_of_joy:",1,0,FN,0.0
KNN,0,"Mas que na esquerda as mulheres parecem dragões, isso não se pode negar",1,0,FN,0.2
KNN,0,O PROJETO DA ESQUERDA É  FUDER O BRASIL:backhand_index_pointing_up::backhand_index_pointing_up::backhand_index_pointing_up::rolling_on_the_floor_laughing::rolling_on_the_floor_laughing::rolling_on_the_floor_laughing::rolling_on_the_floor_laughing::rolling_on_the_floor_laughing::rolling_on_the_floor_laughing:E BENEFICIAR OS AMIGUINHOS COMUNISTAS  FDP,1,0,FN,0.2
KNN,0,Esse aí independente das falácia que nego costuma falar pior é a roubalheira que o Lula cometeu contra o nosso país Eduardo Costa é um dos grande apoiadores de Jair Messias bolsonaro,1,0,FN,0.4
KNN,0,"Deus que nos livre desse bandido,canalha voltar a ser “presidente” da nossa nação",1,0,FN,0.0
KNN,0,"Manda o Felipe Neto ir pra puta que o pariu, amanhã é dia de eleição, quem é esse moleque, ele é candidato a que? Acordem, postem essas merdas não, amanhã é tudo ou Venezuela...",1,0,FN,0.2
KNN,0,"A HORA E ESSA PATRIOTAS VAMOS NOS LIVRAR DESSES BANDIDOS SANGUESSUGAS QUE ESCRAVISAR NOSSO POVO , DEUS ACIMA DE TUDO, BRASIL ACIMA DE TODOS ...",1,0,FN,0.0
KNN,0,"Bom dia à todos! 
Se você Acredita em DEUS, na Pátria, na Família, na Paz e Prosperidade, então deve estar consciente que HOJE venceremos o SATANÁS e Seus SEGUIDORES.",1,0,FN,0.2
KNN,0,POR QUE O NORDESTE ESTÁ TÃO ATRASADO ??? JÁ VI ESSE FILME ANTES…,1,0,FN,0.2
KNN,0,Pessoal nossa problema é no Nordeste o Lula roubou o dinheiro para fazer transposição do dia são Francisco é ainda voltam no lula meu Deus,1,0,FN,0.4
KNN,0,"Não entendo como um ladrao consegue ganhar tantos votos,  Novamente o povo escolhe o ladrao!!! e deixa Jesus na saudade!!! A História se repete!!:enraged_face::enraged_face::enraged_face::enraged_face:",1,0,FN,0.0
KNN,0,É o Único momento que Tenho Vergonha de Ser Nordestino e na politica,1,0,FN,0.2
KNN,0,Nordeste é tão piada que tá quase eleito o galo cego pra federal diz ai:clown_face::clown_face:,1,0,FN,0.0
KNN,0,Do mesmo jeito que eles não negam que tem apoio do diabo.,1,0,FN,0.2
KNN,0,"Tem é que matar esses demônios junto com a quadrilha esquerdista


:black_small_square:",1,0,FN,0.4
KNN,0,Exato! Como pode uma cretina dessa está em um grupo de direita! Tira ela ou saiu eu,1,0,FN,0.0
KNN,0,A NARRATIVA DE QUE O NORDESTE COLOCOU LULADRÃO NO 2º TURNO É LANÇADA POR TERRA. COMO EU JÁ TINHA FRISADO!!,1,0,FN,0.4
KNN,0,"Ainda não existe, mas o Luladrão gravou um video no inicio de sua carreira como politico que ia implantar o comunismo no Brasil, ia levar mais ou menos uns  50 anos pra ele fazer isso, mas como essa e a ultima chance dele como presidente e ele ja ficou 14 anos no poder, nos corremos o risco dele fazer isso agora, por isso nao podemos deixar ele lixo comunista chegar ao poder novamente.",1,0,FN,0.2
KNN,0,"Escuta essa aí, do Gedel Vieira Lima, ele gravou esse vídeo em Goiânia, quando ele fala da Dilma Rousseff e da filha Paula Rousseff, elas fizeram o cartório abrir a noite, em Pirenópolis Goiás, pra registrar as fazendas compradas com dinheiro :money_with_wings: roubado. A outra fazenda do LuLADRÃO, que ele não lembra o nome é a Santa Bárbara. :face_screaming_in_fear::face_screaming_in_fear:",1,0,FN,0.0
KNN,0,"~ Você que é Cristão precisa repassar este vídeo da filha do Lula agradecendo a maçonaria pela liberdade do Lula como também os vídeos relacionados à blasfêmia do Lula contra Jesus e ele no centro de Umbanda! :red_exclamation_mark::red_exclamation_mark::red_exclamation_mark::double_exclamation_mark:

~ Querem destruir o Brasil ao máximo e tirar o Bolsonaro de jogada! Criam edições e falsas imagens como fizeram do Ciro Gomes ao lado de Bolsonaro! Como também fizeram uma nova investida contra o Bolsonaro!

Vídeo Deep Fake: Uma tática muito utilizada para meter candidatos onde não estão como também falar coisas que ele não falou!

O que a mulher no centro de Umband diz à Lula? Simples: xanobal é proveniente de baal, a antiga serpente. 

Todas as lideranças mundiais que são à favor dos LGBTs, Abortos e a destruição da igreja como a perseguição do exercício da fé!

Como a ministra espanhola da igualdade ligada aos governos apoiantes de Lula quer liberar a pedofilia!
Como PCC comemorou a vitória de Lula no primeiro turno!
~ Compartilhem à todos os contatos e grupos! :Brazil:",1,0,FN,0.2
KNN,0,"Mulher de Lula posta foto com pomba-gira, xangô, preto velho e se declara ser da umbanda - Folha da Política:link:",1,0,FN,0.0
KNN,0,Assim como deve ser fak luladrao falar que fala com o demônio e que o demônio está ajudado ele,1,0,FN,0.4
KNN,0,"Lulaladrao já matou um monte de gente direta e indiretamente em hospitais precisando de um leito, bandidos matando pessoas e polícias ele acha normal, lula e o demônio em pessoa.",1,0,FN,0.4
KNN,0,"RINDO até 2026......... O BIXINHO :backhand_index_pointing_up_light_skin_tone:""satanista"" foi BLOQUEADO pelo STF e TSE... O ""DemônioLula"" NÃO GOSTOU do APOIO do seu discípulo, e, pediu BLOQUEIO deste :backhand_index_pointing_up_light_skin_tone: junto ao TSE.... Uéeeeeeee... CADÊ a LIBERDADE de EXPRESSÃO LULAdrão ??? :man_facepalming_light_skin_tone::man_facepalming_light_skin_tone::man_facepalming_light_skin_tone::rolling_on_the_floor_laughing::rolling_on_the_floor_laughing::rolling_on_the_floor_laughing:",1,0,FN,0.4
KNN,0,"É, ... seria cômico se não fosse trágico! Trágico para o Brasil e para a população brasileira!
Tirando raras e honrosas exceções, a classe política brasileira é péssima em todos os sentidos, principalmente em termos éticos e morais!
A maioria deles deveria estar na prisão!
O que estes 4 (quatro) mentirosos, falsos, cínicos, hipócritas e traidores estão fazendo, não pode ter perdão, nunca mais! 
Estes infames xingaram a população brasileira de idiota e cuspiram no nosso rosto!
Eles estão fazendo parte do plano do PT, de implantar no Brasil uma ditadura radical de extrema esquerda, criminosa, corrupta, cruel e assassina como na Nicaragua, e na Venezuela!
Por isto eles não se preocupam com seu futuro político, eles sempre terão altos cargos, de muito poder e riqueza, como membros desta ditadura! *Não precisarão mais de votos!*",1,0,FN,0.4
KNN,0,"Gente, é sou SOBE do tal"" L"" de LULADRÃO. Só  agora. Nem tinha ideia. E aqui em São LUÍS  do MARÁ  MARANHÃO,  não vejo muito. Aqui o povo é falso, eu acho. Pra mim, eu achava que em SÃO LUÍS,  BOLSONARO ganharia aqui na capital. Mais também,  tanta gente suspeita e eleitassss. Até a filha Do SIR NEY, MARAJÁ  DO MARÁ,  foi eleita deputada federal. Estranho muito estranho.  Os eleito daqui e inclusive o BANDIDO  MOR, teve muitos votos. TODA ESSA ELEIÇÃO FOI MUITO SUSPEITA. SE NÃO TIVEREM CUIDADO, FARÃO AINDA PIOR: NESSA CONTAGEM MENTIROSA DE VOTOS!!!! LADRÕES LADRÕES LADRÕES LADRÕES ROUBARAM AS ELEIÇÕES :mouse::mouse::mouse::mouse::mouse::mouse::mouse::mouse::mouse::mouse::mouse::mouse::mouse:",1,0,FN,0.0
KNN,0,"BRASIL POLÍTICO - OS BRASILEIROS CONSERVADORES SÃO 'PT-FÓBICOS'.
O Governador Zema de Minas Gerais, o maior apoiador de nosso Presidente Bolsonaro utilizou, ontem, ma genial expressão que caracteriza a todos que odeiam, execram e abominama quadrilha petralha.
Ele disse, eu sou PT-FÓBICO.
Vamos popularizar ao máximo esta expressão.
Quem souber, por favor, faz um daqueles posteres semelhantes ao EU SOU BOLSONARO, que está circulando por todo o Brasil manifeste-se produza, de imediato o posto EU...(fulano)... SOU PT-FÓBICO.
ENTÃO:
Este poster terá a mensagem, bem grande EU SOU PT-FÓBICO, antecedido pelo nome de quem o postar. 
VAMOS INUNDAR O BRASIL TODO COM O SLOGAN
 'EU SOU PT-FÓBICO'. 
Vamos em frente. A VITÓRIA DO DIA 30 SERÁ IMENSA, INCOMENSURÁVEL,  A SER REGISTRADA NA HISTÓRIA DA POLÍTICA.
EU SOU 'PT-FÓBICO'.
EU SOU 'PT-FÓBICO'
EU SOU 'PT-FÓBICO'.
COMPARTILHAR COM TODO O BRASIL.",1,0,FN,0.0
KNN,0,Um dos apoiadores de Luladrão já caiu! Pior cego é o que não quer vê,1,0,FN,0.0
KNN,0,"É não seu imbecil, isso aí é resultado das ações do Bozo",1,0,FN,0.2
KNN,0,Esse cara está ajudando o aleijado das mãos a se eleger.,1,0,FN,0.0
KNN,0,"“ … Aí vem essa caterva do caralho , que não sabe ler , escrever e pensar , destilar ódio e preconceitos ! Uma gente boçal , idiota , Estupida, que vive de sugar o País , sem moral , sem intelectualidade alguma , que faz tudo que condena nas outras pessoas , não pode vê uma vantagem , um esquema , bandidoas , que só tem argumento na violência, nas armas e nos preconceitos, intolerantes , vagabundoas , criminosoas , falar mal do Nordeste e do nosso povo ! Mostram ao mundo o quão bárbaroas são ! Dia 30 a gente começa a por tudo no lugar , inclusive eleas ! Vamos voltar a ser respeitados e ter gente decente no comando do País ! O Homem tá vindo aí ! A Mauá tá pronta pra receber o Besta Fera e toda sua Família sem foro pega a Brasil e vai pra Bangú , é quente ! Nós vamos governar e dar vida digna ao povo ! Bora Brasil ! Lula Presidente :face_blowing_a_kiss::raised_fist_dark_skin_tone::Brazil: !",1,0,FN,0.4
KNN,0,"Essa vice da Estepe disse que não vai votar no PT mas que também não vota no BOLSONARO, é uma burra sem tamanho, pensa que votando em branco ou anulando está resolvendo com seu não voto",1,0,FN,0.2
KNN,0,Então! Em resposta ao safado TICO SANTA CRUZ vamos crucificar Lulaladrao se ressuscitar ele é inocente. Vamos fazer?,1,0,FN,0.2
KNN,0,"Kkkk
Senador Magno,
O Lula, não sabe levantar de madrugada porque ele não trabalhou na vida,
Não ora para Deus vivo,a bíblia nós manda levantar pelas madrugadas para orar!
O Lula, vai para os centro de macumba fazer despacho de bode preto antes dá meia noite nas encruzilhada e cemitério.",1,0,FN,0.2
KNN,0,NORDESTINA VOTOU NO LULADRAO  E SE ARREPENDE AMARGAMENTE,1,0,FN,0.4
KNN,0,A esquerda é maldita. Crinosos.   Criando uma calúnia igual esta. É partir o coração com tanta injustiça contra esse homem. DEUS vai dar livramento ao nosso povo dessas mentiras  criadas pelos filhos das trevas. Eles pagarão um preço Alto. Pode apostar.,1,0,FN,0.4
KNN,0,"O LuLadrão mexeu com o cara errado. *Zema* tá com sangue nos olhos agora!!!
Reunião hoje com mais de 500 Prefeitos em MG.
:Brazil::Brazil::Brazil: Orgulho de MINAS GERAIS e dos MINEIROS! *VÃO VIRAR ESSE TREM !!!!!
:backhand_index_pointing_down_dark_skin_tone::backhand_index_pointing_down_dark_skin_tone::backhand_index_pointing_down_dark_skin_tone::backhand_index_pointing_down_dark_skin_tone::backhand_index_pointing_down_dark_skin_tone:",1,0,FN,0.0
KNN,0,"*O estrago do PT/ Luladrão na favela e agora a tentativa de ataque a Michele em Brasília e Tarciso em São Paulo com tiros foi muito grande...o apoio a Bolsonaro está muito forte.*

*Pessoas que votaram no Ladrão por causa das Pesquisas Manipuladas e foram enganadas...todo mundo vai votar no* *BOLSONARO...e pessoal está com sangue no olho...estou panfletando direto em Rio da Ostras..*
*Bolsonaro está subindo na reta final...não tem mais como conter isso.*

*BOLSONARO ganha está Eleição no 2o TURNO.*",1,0,FN,0.0
KNN,0,"Verdade.
Por isso que tenho pena dos que ainda não conseguiram enxergar que ladrao não tem compromisso com ninguém além dele mesmo.
Por isso que eu não voto em Luladrão e sim no outro candidato que vai destronar esse demônio de vês",1,0,FN,0.4
KNN,0,"A intenção desse COMUNISTA o LULADRÃO, é de, regular a MÍDIA e principalmente, tirar o WHATSAPP do BRASIL. Sabe quando ele vai conseguir, nunca! Seu destino é o INFERNO e dependendo do peso de sua ALMA, nem o CAPETA vai aceita-lo, FORA DESGRAÇA! :backhand_index_pointing_down::fire:",1,0,FN,0.4
KNN,0,"BOLSONARO REELEITO :folded_hands_medium-light_skin_tone::folded_hands_medium-light_skin_tone::folded_hands_medium-light_skin_tone::folded_hands_medium-light_skin_tone::green_heart::Brazil::yellow_heart:! CANSADOS? QUE HIRONIA E ESSA?  VOTAR NUM VAGABUNDO LULADRÃO E SUA QUADRILHA DE TOGADOS? Daqui a pouco se esse meliante ganha, ADEUS LIBERDADE",1,0,FN,0.0
KNN,0,E por isso lula vai ganhar ..um bando de acéfalo defendendo a polícia que cumpre ordem ilegal!  Deixa com luladrao que aí sim ficará tudo bem ! Um bando de asno que defende a polícia e Alexandre de Moraes !,1,0,FN,0.4
KNN,0,"*Parabéns a J P NEWS...um ano de um Jornalismo sério e responsável...com ponto e contra ponto...onde a esquerda e a direita tem seus direitos de fala.*
*Não é por acaso a melhor canal e maior audiência com apenas um ano de funcionamento.*

*Então qual a causa da Ditadura da Censura...que foi submetida a está Censura depois de um pedido do PT/ Luladrão/ Esquerda...que o STF/ TSE...acatou está Ditadura da Censura.*",1,0,FN,0.4
KNN,0,"Tudo bandido e insanos, comunista, fascista, doente. Deus vai fazer justiça. Em nome de Jesus",1,0,FN,0.4
KNN,0,"Tô rindo aqui,,, xangô é são Jerônimo na umbanda,o santo da justiça, dos injustiçados,humildes nada a ver com o que luladräo prega,Deus é um só,,,,talvez o povo que ele segue ,,, não sabe nada sobre a lei da justiça de Oxalá,",1,0,FN,0.0
KNN,0,"Já saiu o resultado do dia 30 de outubro sobre as eleições.

LULA ganhou de Bolsonaro com *52% dos votos*.

Já temos definido o Presidente do Brasil para 2023. *LULADRAO*.

É muita falcatrua da *GLOBO*",1,0,FN,0.4
KNN,0,"Pq cidadão de bem, honesto como Lula Ladrão diz que não tem uma alma viva mais honesta que Ele",1,0,FN,0.2
KNN,0,Como um cidadão que diz ser cristão vota num candidato que apoia invasão de terra dos outros de casas apoia os costumes lgbt legalização de drogas e de ladrões de celulares etc que Jesus é esse,1,0,FN,0.0
KNN,0,"*_Mais uma imbecil e  inconsciente._*

*_Em menos de 24 h já está sentindo na pele o resultado da sua imbecibilidade e alienação:_*",1,0,FN,0.2
KNN,0,"Helder Barbalho fez campanha p Lulaladrao. Então , temos que começar pelo Pará p mudar",1,0,FN,0.0
KNN,0,"Este tal de CLEITOM _(COM CERTEZA É NOME FALSO... E É AGENTE DA ESQUERDA)..._ , está com o DDD de São Paulo, neste grupo WEB EUCLIDES DA CUNHA (cidade da Bahia), tá no grupo e detonando o Pr  Bolsonaro e detonando aos  Patriotas Conservadores da DIREITA Cristã... *ESTÁ ESPALHANDO ESTE VIDEO DE ALGUNS BAHIANOS DE ESQUERDA, FAZENDO PRESSÃO À UM PEQUENO GRUPO DE PATRIOTAS  CONSERVADORES DE DIREITA... Isto é para *QUEIMAR A IMAGEM DA BAHIA DE FORMA GERAL... VENDER PARA OS SULISTAS QUE A BAHIA* (fosse) *É IMBECIL E VERMELHA !* Vamos *AGIR DE FATO NAS RUAS E NOS MOVIMENTOS E GRAVAR NOSSAS POSTURAS DE DIREITA... E MOSTRAR AOS MILHARES AO BRASIL E AO MUNDO QUE A BAHIA E O NORDESTE É DE DIREITA E É BOLSONARISTA !* :Brazil::Brazil::Brazil::Brazil::Brazil::Brazil::Brazil:",1,0,FN,0.0
KNN,0,"Hipócrita. Não tem pq protestar? Um ladrão voltando ao poder ilegalmente, fazendo o povo Brasileiro de palhaço e se faz de idiota.  Quem gostar do ladrão de estimação que comemore ,eu Não ! E o povo está nas ruas pq quer, graças ao pouco de Democracia q ainda nos resta, e uma constituição q vcs sonham em nos tirar.",1,0,FN,0.4
KNN,1,"Quando terminar essa eleição vamos fazer uma festa para recuperar as amizades perdidas e as brigas familiares.
-Quem votou no bolsonaro traz a carne e a cerveja.
-Quem votou em branco traga frango e linguiça.
-Quem anulou o voto traga pão de alho e coração.
-Quem faltou na votação traga gelo e carvão. 
-E quem votou no PT não precisa vir.",1,0,FN,0.0
KNN,1,"Oi estou vendo que vc acha que me sentiria ofendido por sua colocação, mas vamos lá, tirando a clara baixeza de seu argumento, aonde precisa tentar ofender, um esforço deveras patético para uma pessoa que quer se dispor como alguém de alguma forma superior a outra, então vamos pela lei de Cristo somos todos irmãos e irmãs e todos iguais perante a Deus, não cabendo condenar ninguém.

Também há a questão que mesmo na Bíblia calúnia e difamação é um ato criminoso ao qual é muito mal visto então se já passamos uma pá de cal sobre esse seu infeliz pronunciamento.

Não, não sou homo sexual, não tenho qualquer trejeitos delicado e muito menos sou destemperado e barraqueiro.

Também não estou em cima de qualquer muro, me coloco aqui em uma posição clara entre Belzebu e Baphomet eu não fico com nenhum, anjos caídos não se arrependem de seus pecados e este é o caso destes dois déspotas.",1,0,FN,0.0
KNN,1,"Garota inteligente e muito patriota, mas com certeza ela teria que ter alguém à protegendo onde ela for, porque a esquerda da universidade não irão perdoar essa Super Guerreira :Brazil::folded_hands_light_skin_tone::Brazil:. São de jovens iguais que o Brasil :Brazil:precisa :clapping_hands::thumbs_up:",1,0,FN,0.4
KNN,1,Se fosse vermelha a reação  da globolixo seria a mesma? Claro que não,1,0,FN,0.0
KNN,1,"Quem é de Direita nem assiste essa emissora lixo , literalmente.",1,0,FN,0.0
KNN,1,"ESSE SUJEITO É PSICOPATA, DOENTE, NÃO SE ENXERGA
COMO FALA MERDA....
ALÉM DE SER UM PINGUÇO CACHACEIRO É UM MENTIROSO E TOTALMENTE DESCOLADO DA REALIDADE.... TOTALMENTE DESCOLADO DA REALIDADE
É MUITO DOENTE.... UMA ESCÓRIA",1,0,FN,0.4
KNN,1,"Vamos combater a esquerda até vencermos essa guerra. 
SALVE NOSSO CONTATO 

Vote nos candidatos do Bolsonaro :Brazil: :Brazil: :Brazil: :Brazil: :Brazil: :Brazil:

* Deputado Federal: Coronel Malabarba 44.00

* Deputado Estadual: Ruy Irigaray BOLSONARO 44.000

* Presidente: Jair Bolsonaro 22
",1,0,FN,0.0
KNN,1,"*""Quando a então poderosíssima União Soviética invadiu a pequena Finlândia, o pai do missionário Eurico Bergsten, que servia no Brasil, repetia sem cessar a oração: “Deus, salve a Finlândia”.* 
*Ao acordar de manhã, ao tomar café, ao almoçar e a todo momento, durante todo dia, ele orava: “Deus, salve a Finlândia”.*
*E milagre aconteceu. O poderoso inimigo foi derrotado, e a Finlândia cristã foi liberta do comunismo. Façamos o mesmo pelo Brasil. Que a nossa oração incessante, a partir de agora, seja: “Deus, salve o Brasil”. Ao acordar, ao tomar café, ao almoçar e todo momento, que esse clamor esteja no seu coração e nos seus lábios: “Deus, salve o Brasil”. O milagre acontecerá. Ele ama o Brasil!""*
*Deus abençoe a todos!*   :woman_bowing::woman_bowing::woman_bowing::yellow_heart::green_heart::Brazil:🇷:Israel:🇱 
       *COMPARTILHE ESTA MENSAGEM*",1,0,FN,0.2
KNN,1,"Já estão preparados para o golpe da esquerda  ???
:pensive_face::loudly_crying_face:
Não vejo outro cenário...

Aqui no RN , vai ser proibido todo tipo de forças policiais e  etc.. 
Por perto das zonas eleitorais...

 Sempre se soube que eleição é perigoso pois sempre alguém vem cobrar contas com seus desafetos e por aí vai , imagina como vai ser domingo...

Que Deus nos proteja :folded_hands_light_skin_tone::raising_hands_light_skin_tone::folded_hands_light_skin_tone::raising_hands_light_skin_tone::folded_hands_light_skin_tone:",1,0,FN,0.0
KNN,1,"*AMEAÇA QUE ESSE TRAÍDOR DESGRAÇADO FAZ CONTRA A NAÇÃO E O POVO BRASILEIRO, SE POR VENTURA ELE GANHASSE AS ELEIÇÕES, ATÉ DEZEMBRO OS RICOS SAIRIAM DO PAÍS E OS POBRES SERIAM ESCRAVIZADOS E MUITOS ASSASSINADOS*.
*ASSISTAM COM ATENÇÃO ESTE VÍDEO E OUTROS QUE IREMOS POSTAR.*",1,0,FN,0.4
KNN,1,Bicho estou louco aqui. Alguém chegou a ler o que o bandido de nove dedos escreveu???,1,0,FN,0.0
KNN,1,"Um infeliz desse ainda qer se reeleger
Só sifor no inferno q e lugar de cão",1,0,FN,0.2
KNN,1,"Sim. A ação contra bandidos deve ser enérgica. Entre tombar um bandido ou um cidadão de bem que tombe o bandido. Mas,e os números mostram isso_ não é só o bandido que deve ser combatido, mas o crime e o crime é um fato social com uma série de fatores criminógenos: desigualdade, base familiar, falência da educação formal ,entre outros.
Esperar que o crime diminua simplesmente eliminando criminosos é como supor que um balde sob a goteira resolverá o problema da telha destruída.",1,0,FN,0.0
KNN,1,"GENTEEE, ESSE LADRA DO LULA ESTA MUITO TRANQUILO COM A VITÓRIA DELE,  TEM ARMAÇÃO POR AÍ. VAMOS ORAR E PEDIR A DEUS QUE CANCELE TODA AÇÃO DO MAL QUE ESTIVER ARMADO PARA AS NOSSAS ELEIÇÕES.",1,0,FN,0.0
KNN,1,É SÓ TROCAR  O NOME BOLSONARO POR LULADRAO :backhand_index_pointing_up::backhand_index_pointing_up::backhand_index_pointing_up::rolling_on_the_floor_laughing::rolling_on_the_floor_laughing::rolling_on_the_floor_laughing::rolling_on_the_floor_laughing:A ANÁLISE FICA. REAL E VERDADEIRA :rolling_on_the_floor_laughing::rolling_on_the_floor_laughing:,1,0,FN,0.4
KNN,1,"Não vai dar Ciro dessa vez.
Mas se você gosta do Ciro, quer dizer que você é mais próximo do Lula que do Boçal genocida. Então vem de Lula logo e vamos fechar o caixão do Biroliro no primeiro turno",1,0,FN,0.4
KNN,1,"*CONCLAMAMOS A TODOS OS CIDADÃOS E CIDADÃS DE BEM DA NOSSA NAÇÃO.* 
*JOVENS E CRIANÇAS, ADULTOS E IDOSOS,* PARA COMPARECEREM AS URNAS, *NESTE PRÓXIMO DOMINGO, NO DIA GLORIOSO 02 DE OUTUBRO DE 2022,* VESTINDO AS CORES *VERDE E AMARELO.*
CATÓLICOS E EVANGÉLICOS, *PRECISAMOS NOS UNIR CONTRA UM INIMIGO COMUM,* O COMUNISMO E O SOCIALISMO.
*BRASIL ACIMA DE TUDO, DEUS ACIMA DE TODOS.* :index_pointing_up::index_pointing_up::index_pointing_up:",1,0,FN,0.0
KNN,1,Já disse aqui que o deus dos bolsonarentos é Mamon?,1,0,FN,0.4
KNN,1,Ceara hj a noite  01/10/22 o velho ladrão vai toma uma trolhada no rabo que vai perder ate as pregas :face_with_tears_of_joy::face_with_tears_of_joy::face_with_tears_of_joy::face_with_tears_of_joy::face_with_tears_of_joy::face_with_tears_of_joy::face_with_tears_of_joy:,1,0,FN,0.0
KNN,1,"Agora, resta à DIREITA, com 82% dos votos apurados, *torcer para ter segundo turno*.

Chances reais de vitória do LADRÃO no primeiro turno. 

Só a Bahia tem quase 2 milhões de votos *não apurados* e lá o LADRÃO tem 2 votos para cada voto de Bolsonaro.",1,0,FN,0.4
KNN,1,Tem que separar o Nordeste para a esquerda comunista e o Brasil seguir adiante.,1,0,FN,0.4
KNN,1,"É inacreditável essa votação. Vcs podem ter certeza,se não houver Segundo turno, estaremos fadado ao mundo da Venezuela,chile, Guatemala e outros países que a esquerda foram tomadas . Estamos em maus Lençóis,caso o Ladrão ganhe.",1,0,FN,0.4
KNN,1,"Pessoal tá claro que há fraude... Os petistas estavam muito confiantes, mesmo com o Ladrão sem sair nas ruas, mesmo sendo bandido, principalmente de terem permitido o CABEÇA DE OVO, Ficar a frente do STE.....

*LEGALMENTE* SERIA IMPOSSÍVEL O EX- PRESIDIÁRIO PASSAR DO 1° TURNO E MUITO MENOS VENCER AS ELEIÇÕES.....",1,0,FN,0.0
KNN,1,"Mano sou nordestino e concordo cntg véi sério, pq umas disgraça que sofre tanto ainda vota nesse cão",1,0,FN,0.4
KNN,1,"Sou de Natal, todos arrasados, uma governadora idiota, imbecil, desonesta , mas a miséria é levado pra votar igual a gado . Ainda peço a Deus pra ter segundo turno :folded_hands::folded_hands::folded_hands:",1,0,FN,0.4
KNN,1,"Deus E Deus De Surpresas , Confia Gente , Esse Comunista Não Vai Voltar Ao Poder",1,0,FN,0.0
KNN,1,"A situação vai ficar pior se não  tomarem uma atitude, nosso povo vai ser praticamente escravizado por esse DITADOR dos inferno .",1,0,FN,0.4
KNN,1,"BEM FEITO PARA NÓS E PARA O BRASIL.  TODO MUNDO FALANDO DO ROUBO DAS URNAS. E O BOLSONARO COVARDE E ACEITOU QUE NÃO TIVESSE VOTO IMPRESSO.  GRAÇAS A DEUS QUE NÃO  TENHO FILHO PARA VER ELES SOFREREM COM O COMUNISMO E A FALTA DE LIBERDADE. RELIGIÃO ACABOU, BANCOS AGORA VÃO TIRAR ATÉ A CARNE DAS PESSOAS.  NO USA ACONTEU O ROUBO NA ELEIÇÃO,  VC ACHAVAM QUE AQUI NO TERCEIRO MUNDO NÃO IRIA ACONTER? VOU DORMIR COM A CABEÇA ERGUIDA POR TER FEITO DE TUDO PARA NÃO DEIXAR OS LADRÕES LONGE DO PODER.  INFELIZMENTE NÓS  SOMOS OTÁVIOS POR ACEITAR A URNA ELETRÔNICA. VCS ACHAM MESMO QUE O RESULTADO É ESSE MESMO? O POVO TEM QUE PRA RUA E PEDIR OUTRA ELEIÇÃO. SOMOS MAIORIA E TEMOS CERTEZA DO ROBO. SE ELES REALMENTE TEM A CERTEZA QUE VENCERAM,  VÃO  ACEITAR.",1,0,FN,0.2
KNN,1,"A maconha, o comunismo, o roubo de celular, o pole amor, o aborto, e a liberação pra os políticos eleitos  democraticamente roubarem, e não serem presos por ter roubado o povo que os elegeram, também a vitória da lgbt , essa é a vitória dos crentes desviados do evangelho de nosso Senhor Jesus Cristo, e da glória de Deus Pai o eterno não é?.",1,0,FN,0.2
KNN,1,"Ha 2000 anos o povo escolhe o ladrao. Ontem não foi diferente. Triste ver tanta gente ou ignorante e sem acesso à informaçãode qualidade ou desprovido de valores éticos e morais. Mas não adianta só reclamar. Temos que sair da nossa zona de conforto e lutar, garimpar votos etc onde quer que seja. Que Deus nos proteja do mal.",1,0,FN,0.0
KNN,1,Ladrão e seu fucin ladrão da rachadinha e o bozo vcs são um monte de lixo seus pau mole fdp,1,0,FN,0.4
KNN,1,Claro que não mano o povo tem raiva dele inventa mta coisa se ele souber disso pode até processar essa idiota,1,0,FN,0.0
KNN,1,Venho aqui pedir até pelo amor de DEUS que as autoridades competentes nos ajudem a combater esses malditos PETISTAS,1,0,FN,0.2
KNN,1,Estão tudo doido pela lei rounet esses artistas e jornalista comunista.  Teta do governo que e o pt dá para esse povo que já são rico milionários.,1,0,FN,0.4
KNN,1,":index_pointing_up::index_pointing_up::index_pointing_up::index_pointing_up::index_pointing_up::index_pointing_up::index_pointing_up::index_pointing_up::index_pointing_up::index_pointing_up::index_pointing_up::index_pointing_up::index_pointing_up::index_pointing_up::index_pointing_up::index_pointing_up:

*Conselho estratégico pra essa guerra, estamos a poucos dias da batalha final *

*Não perca tempo em tentar convencer esquerdopatas, essa gente tem cabeça feita, são lobotomizados, são bestializados, são psicopatas em diferentes graus, só Deus pode fazer o milagre *

*Corra atrás dos indecisos, tem aí mais de 40 milhões, de não comparecimento, votos em branco, etc etcetera *.

*Vamos correr atrás dessa gente, esqueçam os petistas por enquanto*.

*Confesso que gosto de ver petista irritado kkkkkkkkkkkk, mas vamos esquecer essa gente, e focar agora em outro alvo :bullseye: *.

:call_me_hand::call_me_hand::call_me_hand::call_me_hand:",1,0,FN,0.0
KNN,1,Vídeo muito bom. Por quê o socialismo não dá certo em lugar nenhum do mundo. Visto que a base vem do comunismo. Que foi criado por um vagabundo que nunca trabalhou na vida.,1,0,FN,0.2
KNN,1,"Que todos se conscientizem de que: nesse momento o mais importante é coletar informações e estratégias nos grupos e levá-las para fora dos grupos - levá-las a todos os isentões, àqueles que vão à praia no dia do voto, àqueles que porventura vão votar errado (votar no criminoso) - de nada adianta participar de um grupo se não fizer isso - e hastear a Bandeira do Brasil para fora de todas as janelas do  nosso imenso território nacional é de suma importância para dar visibilidade ao nosso desejo: Liberdade, Deus, Pátria e família - o mundo precisa conhecer o nosso desejo - é necessário que todos compreendam o risco que estamos correndo - lutamos pela liberdade, contra o comunismo escravagista e genocida. Que Deus nos abençoe.",1,0,FN,0.2
KNN,1,LULADRAO VAI POR O DOLAR A 40 REAIS :rolling_on_the_floor_laughing::rolling_on_the_floor_laughing::rolling_on_the_floor_laughing::rolling_on_the_floor_laughing::rolling_on_the_floor_laughing::rolling_on_the_floor_laughing::rolling_on_the_floor_laughing::rolling_on_the_floor_laughing::rolling_on_the_floor_laughing:E INFLAÇÃO A 100%,1,0,FN,0.4
KNN,1,"Isto a Globolixo/UOLixo/Foice de São Paulo etc não mostram e nem vai mostrar!
O Lulaladrão já não esconde mais a sua participação com o PCC,o CV e outras organizações criminosas, até internacionais, como as FARCS da Colômbia e os Narcos do México.
Hoje, 12 de outubro de 2022, foi ao Complexo do Alemão, no Rio, e seu reuniu com líderes do tráfico. *Posou com o boné do ""CPX"", um dos líderes do tráfico (CPX é uma gíria usada, tb, no mundo do crime e nos presídios).*
Entendeu o porquê de 98% dos presos e presas votaram no Lulaladrão?!
Cabe uma observação: esta lei eleitoral é um lixo, que tem tantos absurdos como este: um bandido, que está preso, pode votar e decidir o futuro da nação.... Sim, alguém que é péssimo exemplo pode votar em quem vai decidir o futuro do país! Será que bandidos, pedófilos, traficantes, estupradores, estelionatários etc votariam em quem os combate? É claro que não! Fica a observação",1,0,FN,0.4
KNN,1,"A 23 anos, os venezuelanos estavam comemorando a vitória da esquerda. Agora estão colhendo os frutos... EM TODA A HISTÓRIA, NENHUM PAIS QUE ADOTOU O REGIME COMUNISTA NA ECONOMIA, DEU CERTO! NENHUM! TODOS FORAM A FALÊNCIA! A china sabendo disso, foi a única que fez um misto, pegou o pior do capitalismo com o pior do comunismo. Matam cristãos aos milhões na história, opositores políticos etc .. e na economia, usam a tática do capitalismo selvagem, aquele que explora até a última gota de suor da mão de obra... Por isso os produtos lá são extremamente barato e de baixíssima qualidade. Lá , se trabalha de 12 a 16 horas por dia, com direito a apenas uma folga por mês. E vc ainda vê um monte de retardados defendendo o esquerdismo. Só defende pq nunca passou na pele.... Mas existe um ditado: ""O inteligente aprende com seus próprios erros, e o sábio, com os erros dos outros""",1,0,FN,0.4
KNN,1,LULADRAO com boné do traficante mister m fdm,1,0,FN,0.2
KNN,1,Olha o que a Ptezada andam aprontando na rua. ESTÃO PENSANDO QUE LULADRAO JA GANHOU E ESTÃO SAIDO PRA RUA APRONTA.           DEUS NOS LIVRE DESSES BANDIDOS.,1,0,FN,0.4
KNN,1,"Quer comprar um petista?
E só o Luladrao  falar que vai dar carne que eles ficam todos loucos",1,0,FN,0.4
KNN,1,Mais uma militante pró luladrão pulou do barco,1,0,FN,0.4
KNN,1,"Uma coisa eu sei: o lula é ladrão, psicopata, vigarista, ordinário, mentiroso, crápula, canalha, velhaco, espúria, corrupto, sem vergonha, carniça, maldito,  desgraçado, verme, cachaceiro, chifrudo, macumbeiro, safado, filho de uma puta rampeira, genocida, veado, mijado, pinguço, entre outros tantos adjetivos que enfim,
só qualidades
descrevem esse ser das trevas. Escória da sociedade. Vergonha mundial. Fedorento, seboso e inútil. É o próprio diabo. O que imagina de ruim vem do comunismo.
Disse tudo !!
:rolling_on_the_floor_laughing::clapping_hands_medium-light_skin_tone::thumbs_up_medium-light_skin_tone:",1,0,FN,0.4
KNN,1,"O candidato mais amado pelo sistema, pelos corruptos, pelos traficantes, pelos LGBTs, pelos satanistas e tudo que é imoral. Esse não pode ser meu candidato!",1,0,FN,0.0
KNN,1,JOVEM PAN É SENSURADA NÃO  PODEMOS MAIS CHAMAR O LULADRAO PELO QUE ELE É  E FAZ MAS PELO QUE  OS TOGADOS QUEREM ESTADO DE DITADURA,1,0,FN,0.4
KNN,1,":man_shrugging_light_skin_tone: *Apenas os idiotas, acéfalos, débeis mentais e os corruptos, criminosos, ilegais, mal caráter, irão votar no carniça Lula... !*

:man_shrugging_light_skin_tone: *Dia 30 de outubro será o dia mais importante de nossas vidas... ! Só há uma maneira de você não destruir esse país... ! VOTANDO EM JAIR MESSIAS BOLSONARO  !*

:man_shrugging_light_skin_tone: QUALQUER OUTRA OPÇÃO COMO VOTAR NO CRIMINOSO LULA, VOTAR EM BRANCO , ANULAR O VOTO OU NÃO IR VOTAR , VOCÊ SERÁ RESPONSÁVEL POR TRANSFORMAR O BRASIL NUM INFERNO, INSUPORTÁVEL PARA SE VIVER... ! NÃO SE ACOVARDE... ! PENSE EM VOCÊ E EM SUA FAMÍLIA  !:Brazil:",1,0,FN,0.2
KNN,1,":megaphone::keycap_2::keycap_2::Brazil: *ATENÇÃO MUITA ATENÇÃO.* :Brazil::keycap_2::keycap_2::megaphone:

*Viagens em feriadão impensado irá nos CUSTAR 4 anos, talvez sem trabalho e sem dinheiro para viajar*

*Agora eu entendo pq, entre o primeiro turno e o segundo, teremos 4 semanas e não 3 como de costume. Dia 30 é um Domingo. Dia 29 é um sábado e 28 é uma sexta-feira. Dia do Funcionário Público. Com o de costume, feriado para o funcionalismo público. Eleição dia 30. Dia 01 de Novembro provável feriado/ponto facultativo e, dia 02/11, Finados. Outro feriado. Feriadão de 5 dias com uma eleição no meio. Quem viaja num feriadão? Eleitores do Bolsonaro ou eleitores do Luladrao? Abstenção severa? A quem vai beneficiar? Muita coincidência ou armação? Não vamos viajar. Vamos votar. Para reflexão.*:oncoming_fist::Brazil:",1,0,FN,0.4
KNN,1,"Não quero isso para o Brasil. 
O sistema está montado. Só não vê quem não quer. Quero que Bolsanaro continue, não por gostar dele. Gosto do Brasil. Sou contra ideologias Comunistas. Aos apoiadores de LULADRÃO, observe o mundo. Veja com quem esse traste se junta. Ficaremos em recessão também. Hoje não é como foi ontem, amanhã não será o que é hoje. Acordem governo nenhum dá nada para ninguém. Todos nós corremos para sobreviver. Mas o PT, não é mais o partido dos trabalhadores ele é *comunista*.
Não jogue a sua vida e a de seus filhos como nossos vizinhos venezuelanos fizeram.
VOTE 22 pela vida, pelo  não socialismo. Cada um é dono daquilo que é seu.
Pela paz no Brasil.
Bolsonaro :keycap_2::keycap_2::check_mark_button:",1,0,FN,0.4
KNN,1,"Cenas lamentáveis de violência política promovida por apoiadores do ex-presidiário, em Porto Alegre.

O Brasil vai virar o caos com a eleição do ex presidiário , q se aliou o PCC E O COMANDO VERMELHO

Petista agredindo cidadão pacato, com a família, imagina o Luladrao no poder , censura ,invasões , corrupção , violência",1,0,FN,0.4
KNN,1,Não é a toa que lgbts maioria de esquerda são os que mais cometem pedofilia,1,0,FN,0.4
KNN,1,TALVEZ  NÃO  VAI  TER  NADA  DIA TRINTA  SO VAI  DIA TRINTA  DE NOVEMBRO  DESCUBRIU  FRAUDES   CAMPANHA  DO NOSSO PRESIDENTE JAIR  O PARTIDO  DO LULADRAO  ÉSTAR ENVOLVIDO  TA DANDO  NA TV JOVEM PAN  OS DEPUTADOS  ESTÃO  QUERENDO  MUDA PRA O S JAIR  BOLSONARIO  NÃO  FICAR  NO PREJUÍZO,1,0,FN,0.2
KNN,1,"Se lulaladrão ganhar, vai deixar o poder logo. Ele está doente com demência alcoólica, já vive de fraldas por que vive mijado, com cirrose hepática e quem vai assumir é Alckmin com ajuda de Xandão do PCC.",1,0,FN,0.4
KNN,1,"Gente ontem eu estava no Rio e este é o folder que estavam distribuindo . Agora não tem como falarem que isso é FAKE . E eu pergunto : vcs realmente votarão num homem que quer liberar as drogas ordenamente deve ser por ordem . Ora libera a cocaina , depois na ordem segue a maconha , etc . Prestem atenção da Frase:ESTÁ LIVRE DE MOVIMENTOS CRISTÃOS . Eu sou uma serva do senhor e não posso concordar com isso  . Creio em Deus e que ele vive . E só Deus pode dar e tirar a vida . Então, como posso ser a favor DA LIBERDADE DO ABORTO ? Gente nem vou falar mas nada . No restaurante onde eu estava com alguns amigos e amigas  Se tornou insuportável quando começou o debate . Sabe por que? Por que algumas pessoas que são todos apoiados do Lula, os mesmo que estavam destrubuindo estes panfletos e adesivos ,começaram a gritar e gritar muito. Surtaram !!!!! várias pessoas ficaram assustadas E em sua maioria eram LGBTs. Que começaram a escandalizar o local . Não estou descriminado ninguém.",1,0,FN,0.0
KNN,1,A CASA CAIU!!!  OS NORDESTINO AGORA ESTÁ MOSTRANDO QUEM VAI COMER CAPIM.  INGUINORANTE DAS DESGRAÇA :Brazil::Brazil::Brazil::Brazil::Brazil:,1,0,FN,0.0
KNN,1,"Wilian Bonner, a última fala dele no final da apuração, ""a  pessoa q falar em fraude ou e burro ou está doente"",.",1,0,FN,0.4
KNN,1,"Não está sendo fácil digerir essas histórias em que o estádio mane garrincha já teria sido reservado para posse do Lula bem antes mesmo das eleições do 2º turno e também aquela imagem da rede esgoto mostrando vitória do Lulaladrao bem como as gravações de final de ano com Lula eleito!!! 
Tem caroço nesse angu! :thinking_face::man_shrugging_medium-light_skin_tone:",1,0,FN,0.2
KNN,1,"Caraca! Aconteceu comigo um fato curioso, quando fui votar e foram me entregar meu comprovante, ele já estava destacado, estava preso com um clipes. Achei estranho. Mad estou até agora indignada porque não questionei nada, como pude ser idiota dessa forma. Que raiva:enraged_face:",1,0,FN,0.0
KNN,1,"Pra terminar quem mente e tem problemas cognitivo é  você! Que por falta de argumentos,  parte para ataques pessoais. 
Bebê chorão,  perdeu acabou, aceita. Que dói menos. Puta gente burra!",1,0,FN,0.4
KNN,1,PESSOAL BOA TARDE É BEM ISSO VIU QUE ALAN FALOU EU VASCULHEI AS REDES SOCIAIS AGORA DE MANHÃ OS NOTICIÁRIOS DE TODOS NÃO ESTÃO DANDO SEQUER NENHUMA RELEVÂNCIA ESTÃO DEIXANDO A GENTE PASSAR BATIDO COMO IDIOTAS INCLUSIVE A JOVEM PAN DISSE AGORA COM TRINDADE ACABEI DE OUVIR QUE AS MANIFESTAÇÕES SÃO PACÍFICAS AS VIAS ESTÃO SENDO DESOBSTRUÍDAS OS CARROS ESTÃO PASSANDO AQUI QUE   ÍAMOS FICAR ORDEIRAMENTE NAS RUAS MAS A MEDIDA DO POSSÍVEL ACABARIA  OU SEJA A IMPRENSA ESTÁ DESESTABILIZANDO AS MANIFESTAÇÕES,1,0,FN,0.4
KNN,1,"Comunismo foi o espantalho criado pra retro alimentar idiotas, e é fácil reconhece-los, uns gritam comunistas, outros gritam fascistas, e nesse meio tempo o país é sangrado pelo sistema financeiro que os dois mitos servem",1,0,FN,0.4
KNN,1,"Você Católico PATRIOTA, consciente da sua fé em Jesus Cristo e com a verdade Santa do Evangelho da graça, não ajude financeiramente Paróquias que tenham Padres esquerdopatas. Boicotem essas igrejas que se transformaram em quartéis generais do PT. Padres e Bispos esquerdopatas traíram Jesus Cristo, são comunistas infiltrados na Igreja e não merecem apoio, nem respeito. SEJAM obedientes a Deus, não a servos que o traíram e falsificaram a sua Palavra. RECADO DADO!!!

+Dom Reinaldo Domingues",1,0,FN,0.4
KNN,1,"Você fala dos Manos? Como se fosse Amigo de Bandidos .  É um idiota imbecíl 

Traidor da Pátria",1,0,FN,0.2
KNN,1,"Eu, assim como muitos eleitores de Bolsonaro, nao confio nesse site “boatos”.
Faz parte da mesma corja de sites tipo “tabu” que também já foi desmascarado pois seu criador era defensor ferrenho dos Lulaladrao! 
Todos nós sabemos que os banqueiros tomaram muito prejuízo, isto é, deixaram de faturar milhões com as transações do pix por serem isentas de taxas.
Um dos requisitos mostrados pelos banqueiros para apoiar o molusco era justamente a taxação das transações bancárias bem como fim dos bancos virtuais!!!",1,0,FN,0.2
KNN,2,Abre o esgoto que vc chama de boca porra e admita que seu Deus matou crianças cadela,1,0,FN,0.4
KNN,2,Imagina as crianças sadias que o povo da sua religião deixou doente,1,0,FN,0.2
KNN,2,"Gente...até  qdo  isto???
Tenho netos ...adolescentes..
Inteligentes... não toleram ideologias de nenhum tipo...
Como encarar esta raivosa intolerância...
Como mãe...avó de 73 anos...nunca vi isto...
SÓ JESUS  NA NOSSA CAUSA...
Oremos...oremos... Nossa 
Oração...
SENTADO À DIREITA DE DEUS QUE PAI...não a esquerda...
Brasil acima de tudo...
DEUS acima de todos...
:green_heart::Brazil:",1,0,FN,0.4
KNN,2,":keycap_2:

15. Em outras palavras, as emendas do relator podem até ser criticadas, mas apenas numa lógica de eficiência do gasto público, questionando se os parlamentares direciom os recursos para as áreas que mais precisam, e nunca por configurar compra de apoio, como ocorria no Mensalão.

16. Pior: para conseguir apoio, Lula e o PT usavam emendas; loteavam ministérios e estatais, entregando parcelas muito maiores do orçamento nas mãos dos partidos; e ainda desviavam dinheiro público para comprar parlamentares e anular o Legislativo. Era tudo ao mesmo tempo!

17. Então, da próxima vez que você encontrar alguém malandramente tentando comparar as duas coisas, deixe claro que o Mensalão foi um esquema criminoso e um golpe contra o Legislativo enquanto o tal ""Orçamento Secreto"" é, no máximo, uma forma menos eficiente de alocar recursos.",1,0,FN,0.0
KNN,2,"Agora Bolsonaro arranjou uma casa de um cidadão normal, humilde para fazer live...
É disso que o povo gosta :beaming_face_with_smiling_eyes:
Só falta mesmo ele fazer live com a Michelle interpretando em libras, e o Molusco corta o resto dos 9 tentáculos ...:thumbs_up::sweat_droplets:",1,0,FN,0.2
KNN,2,O ex presidiário se ausenta de mas uma entrevista... mas na Globo ele ta confirmado.. algo estranho ? :face_with_tears_of_joy:,1,0,FN,0.0
KNN,2,"Um dia eu estava em um grupo de colegas com ideologia da esquerda e fiz um pedido de emprego para ser jardineiro para um amigo que teve problemas com a justiça, tinha sido preso, era alcoólatra e às vezes mentia. Falei que ele era gente boa e estava passando por uma fase difícil. Todos os colegas refutaram o meu pedido dizendo, Eduardo, assim fica difícil contratar um cara desses. Tenho filho pequeno e não confio.
Expliquei que se para ser jardineiro ele era tão criterioso, por que não para ser o presidente da República, uma vez que os atributos tidos como negativos eram os mesmos?
Cri-cri-cri.. o grilo cantou",1,0,FN,0.4
KNN,2,"COMBATE AO ATIVISMO LGBT Infelizmente, grupos de pressão, que sequestram pautas identitárias, querem subverter a noção de igualdade e garantir favorecimentos para si em detrimento do restante da sociedade. É o caso, por exemplo, do movimento LGBT, que em Salvador ameaça os comerciantes e busca, a seu bel prazer, criminalizar quem não os coloca sobre um pedestal. Como vereador, lutei contra as medidas autoritárias do ativismo LGBT que queriam multar donos de estabelecimentos comerciais de forma injusta. Somos todos iguais perante à lei e, principalmente, a Deus. Peço seu voto agora para deputado estadual! Comprarei essa briga para proteger os comerciantes e as famílias de toda Bahia. 

#CezarLeite
#DeputadoEstadual
:keycap_2::keycap_0::keycap_0::keycap_2::keycap_2::check_mark_button::Brazil:

#CL20022
#20022
#LeiteNelesBahia 
#CezarLeite20022
#TimeCezarLeite
#BolsoLeite20022 
#Bolsonaro22
#Roma22
#Raissa222",1,0,FN,0.2
KNN,2,"A matéria do New York Times diz: ""Líderes políticos de esquerda e grande parte da imprensa e do público brasileiro apoiaram amplamente as ações de Moraes como medidas necessárias para combater a ameaça singular representada por Bolsonaro.

Mas muitos juristas dizem que as demonstrações de força de Moraes, sob a bandeira de salvar a democracia, estão ameaçando empurrar o país para uma queda antidemocrática.",1,0,FN,0.2
KNN,2,Os trouxas da esquerda terá mais 4 anos dizendo que é resistência. :rolling_on_the_floor_laughing::rolling_on_the_floor_laughing:,1,0,FN,0.4
KNN,2,Só para você ver quanto à esquerda fez com o nosso país agora traficante fala abertamente o que ele quer e manda e o STF proibiu da polícia subir os morros para não incomodar os traficantes,1,0,FN,0.4
KNN,2,são 25 minutos de vídeo que mostra toda realidade dos anos de gorveno do PT sem montagem são reportagem de época meus deus como o povo brasileiro deixou chegar a esse nível :loudly_crying_face:,1,0,FN,0.2
KNN,2,Só bandido não quer o cidadão de bem armado. Nunca foi tão fácil escolher.,1,0,FN,0.2
KNN,2,Desprezível esse cidadão  como pode esse cata além de apoiar o ex presidiário  falando mentira,1,0,FN,0.0
KNN,2,"Para quem está pensando em votar na esquerda na próxima semana, vou enviar uns vídeos da Colômbia: os caminhoneiros param nos postos para abastecer e a população saqueia os produtos. Também estão fechando as estradas para roubar. O governo prometeu coisas que agora não pode cumprir e a população está revoltada.  Provavelmente vocês não vão ver isso na mídia do Brasil:",1,0,FN,0.0
KNN,2,"Votem como cristãos! Diante do Senhor NÃO vote na esquerda comunista que apoia o ABORTO, e todas ideologias malignas",1,0,FN,0.0
KNN,2,"A ESQUERDA PIRA QUANDO BOLSONARO CONVOCA A POPULAÇÃO A SAIR NAS RUAS.  
  

AGORA COM O VOTO ÚTIL PARA EXTREMINAR O PT.  VAI PATRIOTAS QUE NUNCA FOI EM UMA MANIFESTAÇÃO.     ENTÃO JUNTANDO TODOS DE NORTE LESTE E OESTE.     
VAI SER NO PRIMEIRO TURNO.",1,0,FN,0.4
KNN,2,"Quanto ao aparelhamento, é resultado de 30 anos de governos de centro esquerda e de esquerda.",1,0,FN,0.2
KNN,2,Todas essas conversas que nos falamos aqui não vai dar em nada nosso presidente Bolsonaro tem o poder de para esse STF e deixa as eleições para outro dia porque os petistas estão comemorando eles já sabem que as urnas estão fraudadas para o ladrão tomar o poder  . Vamos Bolsonaro faça alguma coisa pelo amor de Deus,1,0,FN,0.4
KNN,2,"A ex  professoea /Advogada  deputada Simone de tablet vai hj debate Jajá ela lá hj Querendo ser professora..do PCC hoje tá afiada com LulaLadrao e GloboLixoManipulativa:rolling_on_the_floor_laughing:........etc:Vietnam::kitchen_knife::Brazil::heavy_dollar_sign::pinched_fingers::pinched_fingers::heavy_dollar_sign::kitchen_knife::heavy_dollar_sign::heavy_dollar_sign::heavy_dollar_sign::heavy_dollar_sign:

O mito vai.hoje tá lá firme e forte..sozinho.....ele sim eh nosso LÍDER,
NOSSO VERDE ESPERANCA.
NOSSO AMARELO RIQUEZA EM EXPANDIR EMPREGOS NO BRASIL,....

e não nas chinas...cuba...etc...:Vietnam::heavy_dollar_sign::pinched_fingers::Vietnam::heavy_dollar_sign::pinched_fingers::Vietnam::heavy_dollar_sign::pinched_fingers::Vietnam::heavy_dollar_sign::pinched_fingers::Vietnam::heavy_dollar_sign::pinched_fingers::Vietnam::enraged_face::enraged_face::Vietnam::Vietnam::Vietnam::Vietnam::pinched_fingers::heavy_dollar_sign::heavy_dollar_sign::heavy_dollar_sign:
Luladrao PCC STF... Caiado....etc,...:heavy_dollar_sign::pinched_fingers::heavy_dollar_sign::pinched_fingers::kitchen_knife::Brazil::kitchen_knife::Brazil::pinched_fingers::heavy_dollar_sign::pinched_fingers::heavy_dollar_sign::pinched_fingers::middle_finger::pinched_fingers::heavy_dollar_sign::kitchen_knife::kitchen_knife::heavy_dollar_sign::kitchen_knife::heavy_dollar_sign::heavy_dollar_sign::kitchen_knife:",1,0,FN,0.4
KNN,2,"Você não vota no Lula, dar pra ver pelo seu linguajar preconceituoso e racista, *o termo mula se fere a pessoas inferteis como as mulas, é.um linguajar usado por racistas para se desfazerem dos pardos que são descendentes de brancos e negros.*",1,0,FN,0.0
KNN,2,"*não é Fake News!*
Zema está com Lula!
Zema nao está com o presidente Bolsonaro. Parabéns a ""direita"" que vai deixar de votar no Viana (indicado pelo presidente) para votar em candidatos alinhados com a Esquerda, inclusive com bandidos que roubaram a nação. O resultado é esse.:backhand_index_pointing_up_light_skin_tone:",1,0,FN,0.2
KNN,2,"Gente , Brasil , patriotas , está chegando a hora .
Vote , com a certeza da nossa liberdade, da nossa paz , da nossa salvação das :raised_hand::raised_hand: mãos dos comunistas.
Por isto ,na hora de votar, peça sabedoria ao nosso DEUS.
Lembre-se da sua família :family:.
Ame seu País :Brazil:.
E para que o BRASIL se livre do comunismo, mesmo que vc não goste do :keycap_2::keycap_2:, mas, é a solução.
Eu amo e, acredito no PRESIDENTE BOLSONARO:smiling_face_with_sunglasses:, mas, por ter a certeza de que ele é escolhido por DEUS, para salvar a nossa NAÇÃO :Brazil:.
Vote certo, com fé, e amor por nossa PÁTRIA :Brazil:.
DEUS ACIMA DE TUDO E DE TODOS :folded_hands::folded_hands::folded_hands::folded_hands:.
O BRASIL ACIMA DE TUDO :Brazil::Statue_of_Liberty::Brazil::Statue_of_Liberty::green_heart::yellow_heart::blue_heart::Brazil::keycap_2::keycap_2:.
 AVANTE BRASIL :Brazil:
DIA :keycap_2: DOMINGO, VAMOS TODOS :person_with_white_cane::person_in_motorized_wheelchair::person_in_manual_wheelchair::person_standing::person_walking::person_running::person_biking::person_walking::woman_dancing::woman_and_man_holding_hands: AS URNAS MOSTRAR O AMOR PELO NOSSO BRASIL :Brazil:..:keycap_2::keycap_2::smiling_face_with_sunglasses:",1,0,FN,0.4
KNN,2,"Não dá para associar um monstro com este animalzinho trabalhador.
Não há nenhuma semelhança com o LADRÃO.",1,0,FN,0.2
KNN,2,"Abrem os olhos , não pensem só no momento , pensem nas futuras gerações , não queiram pra eles o que não quer pra vcs hoje , esquerda é a destruição da família , amanhã votem consciente, sejam maduros , inteligentes , abraços",1,0,FN,0.2
KNN,2,Como pode o povo nordestino ficar preso nesse desgraçado do lula,1,0,FN,0.4
KNN,2,"Tá tudo muito estranho no Brasil quase todo, onde já se viu o Zema ganhar no primeiro turno aqui em Minas e o ladrão de 9 dedos estar na frente...isso não existe",1,0,FN,0.0
KNN,2,*A Palavra de Ordem agora é o seguinte:Se o Luladrao ganhar ele não pode assumir temos que invadir Brasília e por abaixo o Palácio do Planalto e o Supremo Tribunal Federal!*:thumbs_up:,1,0,FN,0.4
KNN,2,"*Agora é hora dos bolsonaristas militarem mais, para buscar os isentões, os indecisos, os que se abstiveram.*

Converter esquerdista não dá. É perda de tempo, é o mesmo que o torcedor do Inter querer convencer o torcedor do Grêmio a virar colorado, ou vice-versa, para ganhar a final (2º turno). IMPOSSÍVEL.
Não tem como.

Quem é esquerdista, vai continuar até a morte, e quem for bolsonarista também.

O foco é mirar nos indecisos, nesse povo idiota que se absteve, mais de 40 milhões, ou mais de 43 milhões não foram votar.

Veja que absurdo.

E muitos dos que votaram, anularam, ou votaram branco.

Se vai sair de casa pra isso melhor nem ir... fique em casa, então.

Mas saíram só pra cagar na urna.

Então, nosso foco deve ser os isentões, e os indecisos, todos os que votaram branco, anularam o voto, e que se abstiveram de votar.

Temos de pescar ali, e não no nosso próprio aquário.

Essa é nossa meta até dia 30.",1,0,FN,0.0
KNN,2,O HOMEM DO LULADRAO DE 51 MILHÕES DE REAIS NO APARTAMENTO FALA TUDO DO LULADRAO E A DILMANTA,1,0,FN,0.2
KNN,2,"Esse conceitos são provenientes de pessoas apaixonadas pela esquerda, pelo o Luladrao e toda sua gangue que assaltaram de forma vergonhosa os recursos do povo brasileiro. O Presidente Bolsonaro é um governante de respeito e ordem. Com a graça de Deus vamos reconduzilo ao poder...",1,0,FN,0.4
KNN,2,"Bolsonarista: Marcha p Jesus
Petistas: Marcha p maconha
De qual lado vc está?",1,0,FN,0.0
KNN,2,"IMPRESSIONANTE COMO TEM GENTE QUE APOIA LADRÃO.
FIZERAM UMA LAVAGEM CELEBRAL.
ESQUECEU TUDO QUE O LULADRAO ROUBOU.
INACREDITÁVEL.",1,0,FN,0.4
KNN,2,":index_pointing_up_light_skin_tone::index_pointing_up_light_skin_tone: vê aí, o discurso tá sendo político, mas se o Luladrão ganhar a prática vai ser ""Radical"" vai tentar mudar a porra TODA, se segura que se esse Louco Ladrão ganhar FODEU...",1,0,FN,0.4
KNN,2,"Não fique em dúvida esse ato e das faculdades .esses militantes já votaram no luladrao não fazem diferença são apenas maconheiros da faculdade.
Isso não pode ser um empecilho .",1,0,FN,0.2
KNN,2,Fora bozo adorador do bode capa preta,1,0,FN,0.0
KNN,2,Os candidatos de esquerda gostam tanto de pobres que eles tem o poder da multiplicação da pobreza.,1,0,FN,0.2
KNN,2,:index_pointing_up:O cantor paraense Wanderley Andrade fez uma música especialmente para o candidato Luladrão.,1,0,FN,0.2
KNN,2,"Compra um boné desse aí pra vc, já que vc é um seguidor do LULALADRÃO.",1,0,FN,0.4
KNN,2,"O cantor paraense Wanderley Andrade fez uma música especialmente para o candidato LULADRAO.

ELE MERECE ESSA GRANDE HOMENAGEM.

AUDIO:",1,0,FN,0.2
KNN,2,Lula já está propondo uma nova constituição sem ao menos saber se vai se eleger . O golpe já está armado pelo PT só cai só se for muito idiota!!! Janaina pascoal acabou de twitar e ela é bem informada.,1,0,FN,0.2
KNN,2,O comunismo é anti-vida. Antagônico à felicidade humana e alegria. Ele mata a Liberdade. Que Deus seja misericordioso com seus filhos nesta nação! :Brazil:,1,0,FN,0.4
KNN,2,"ELE É O CHEFE DAS GANGUIS, É CLARO QUE SEMPRE VAI ENTRAR E SAIR LIVREMENTE.PERGUNTA QUE NÃO QUER CALAR, O QUE É QUE O LULADRÃO FOI FAZER NA FAVELA?",1,0,FN,0.4
KNN,2,O engraçado que vocês ver que pode parar para pensar no primeiro turno é tanta gente reclamando que existiu roubo nas urnas gente mostrando e provando que ouve roubo e do lado do bem você não vê ninguém defendendo ou falando nada a respeito não vê Bolsonaro e ninguém comentando a respeito ainda agora você percebe que lula já está se garantindo na vitória você percebe que o partido do lulaladrão já estão falando em punir e fechar várias coisas dando já um tipo de ordem para os ministros gente eu vou ser sincero estou começando a ficar com medo e preocupado o que está para acontecer com esse nosso país sinceramente estou muito preocupado,1,0,FN,0.0
KNN,2,Horário de propaganda dos apoiadores do LULADRÃO,1,0,FN,0.4
KNN,2,":thinking_face:SE: A :backhand_index_pointing_up_medium-dark_skin_tone:ESQUERDA VOLTAR AO PODER:backhand_index_pointing_up_medium-dark_skin_tone:TODA ESSA DESGRAÇA VAI ACONTECER!:man_gesturing_OK_medium-light_skin_tone::woman_gesturing_OK_medium_skin_tone:E OS CULPADOS, SERÃO: TODOS OS CRISTÃOS(CRENTES  E CATÓLICOS) QUE: APOIARAM AS TREVAS:ogre::smiling_face_with_horns: EXTERIORES.POIS, ESTÃO: COM ""AFINIDADES"", COM INIMIGO DE DEUS!. É FATO!. É SÓ LÊ :backhand_index_pointing_right_medium_skin_tone:João.8.44 eJoão10.10 :backhand_index_pointing_right_medium_skin_tone:Mateus.10.36 ""VOTAREM EM ""LULADRÃO"" É ""TRAIREM""! JESUS.:backhand_index_pointing_right_medium_skin_tone:João.6.70 :backhand_index_pointing_right_medium_skin_tone:Mateus.26.21 :thinking_face:ENQUANTO, HÁ VIDA. HÁ ESPERANÇA. Tiago.5.19,20 COM ""VERDADEIRO ARREPENDIMENTO"" CHORO, PRANTO E JE JUNS"" ATÉ DIA 29 DO CORRENTE, MÊS E ANO, DÁ TEMPO. SE: NÃO  ACEITEREM, ( CONSELHOS, E EXORTAÇÕES),DEIXE-OS PRA LÁ. PORQUE! :backhand_index_pointing_right_medium_skin_tone:Mateus.5.20 :backhand_index_pointing_right_medium_skin_tone:NAUM.1.2,3 :backhand_index_pointing_right_medium_skin_tone:HEBREUS.10.26 a 31. :backhand_index_pointing_right_medium_skin_tone:1a.Pedro. 4.18. ""AMADOS IRMÃOS"" :thinking_face:ASSISTAM :backhand_index_pointing_up_medium_skin_tone: :thinking_face:MEDITEM, E :backhand_index_pointing_right_medium_skin_tone:REPASSEM",1,0,FN,0.4
KNN,2,Roubando.... SÓ pra tomar uma cervejinha. Esses são os apoiadores do LULADRÃO COMUNISTA,1,0,FN,0.4
KNN,2,"Por Silvio Grimaldo:
Não precisam acreditar em mim, eu sou só um rapazinho da direita burra e emocionada. Mas se quiserem, ouçam o Mauro Iasi, fundador do PT, dando uma aula sobre tolerância e a forma adequada com que vão debater com conservadores qdo voltarem ao poder.",1,0,FN,0.0
KNN,2,*STF/ TSE... que tanto falou na Lisura e Segurança do Sistema Eleitoral/ ... acontecendo tantas falcatruas entre o PT/ Luladrão/ Esquerda...junto com o STF/ TSE...nunca vi uma Eleição com fraudes atrás de fraudes...isto é tratar o Cidadão/ Eleitor como um Idiota/ Palhaço.*,1,0,FN,0.2
KNN,2,"Quem recebe os orixás, os deuses satanicos Zé Pilintra é o seu LULADRÃO,  esquerdopatas trouxa.",1,0,FN,0.2
KNN,2,"Não está não 
Ele é deformado mesmo assim como as ideias dele:beaming_face_with_smiling_eyes:",1,0,FN,0.0
KNN,2,"Se vai ficar por isso mesmo EU NAO SEI, MAS QUE NÃO VAI SAIR BARATO esses criminosos e idiotas que votaram no comunismo irão sentir na pele",1,0,FN,0.0
KNN,2,"Belém do Pará também fazendo seu dever. Estou com essa massa de apoiadores do Bolsonaro para limpar o Brasil de ratos que governaram desde redemocratização.

Bolsonaro tem seus defeitos, mas ninguém melhor para  botar o Brasil nos eixos como fez nos 4 anos de mandato. 

Vai deixar legados para história. 

Renasceu a direita inexistente até então. Roubaram eleição dele, se não conseguirmos reverter o Lulaladrão terá oposição jamais vista na casa parlamentar e ele terá enormes dificuldades para implantar seus projetos nefastos. 

Essa massa de população que invade as ruas e praças do Brasil agora não permitirá  os atrasos e caos que ele quer executar.",1,0,FN,0.2
KNN,2,"Ontem tinham umas velhas que davam esporros nos pessoais que estavam fazendo algo de errado de uma forma muito deselegante, minha esposa não foi ontem pois na terça ela levou um esporro de uma velha estupida que gritou pra ela *** para de ser burra, não se deve gritar que a nossa bandeira não será vermelha** Temos que saber falar ao próximo quando ele estiver fazendo algo de errado e não ser estupidos.",1,0,FN,0.2
KNN,2,Qualquer imbecíl sabe que intervenção federal cai no colo da esquerda,1,0,FN,0.2
KNN,2,É  ser muito mongol pra crer que essa corja vá aceitar a vitória do Bolsonaro!,1,0,FN,0.0
KNN,2,"Esse gado é retardado, do pode. 

Óbvio que o código pode ser modificado. O que NAO FOI e a DEFESA comprova a lisura do pleito tanto no:

a) *Boletim de urna 100% igual o divulgado*
b) *Como no teste filmado* 

(Afirmação da própria Defesa)

Por isso fazem testes todas as eleições e as urnas são escolhidas aleatoriamente.",1,0,FN,0.4
KNN,3,"A ditadura lulocomunista está na nossa porta. O momento é de coragem e a nossa melhor arma é o voto, no dia 30 de outubro. 
Para o Brasil não se tornar uma Venezuela, é 22 na urna. Não se engane, o capitão do povo é a última barreira contra a cleptocracia petista. #Bolsonaro22",1,0,FN,0.4
KNN,3,"Esse seu assunto aí já foi respondido por vários aqui. Mas parece que você é masoquista e quer continuar apanhando.
Não vou ficar dando palco pra doido.",1,0,FN,0.2
KNN,3,Perfeito para o gado ficar louco no pequeno curral mental que possui,1,0,FN,0.0
KNN,3,"""Eu vou de Lula! Entenda o porquê!!! As Entidades do Inferno estão todas a favor dele, e o Lula vai Vencer! E todas as Almas que votarem nele ganharão uma Visão Especial todas as Noites ao Dormir""... (Repasse para as Pessoas que pensam em votar no Lula e que ainda não sabem quem está por trás dele!)",1,0,FN,0.4
KNN,3,*THIAGO MARTINS CONVIDA A POPULAÇÃO BAIANA PARA SEPULTAR A VELHA POLÍTICA NA BAHIA*,1,0,FN,0.2
KNN,3,"Quantas fofuras em
Na época do luladrao ninguém se interessava em política. Com Bolsonaro até as crianças querem discutir política 
Essa Bolsonaro é realmente o MITO :flexed_biceps_medium-light_skin_tone::flexed_biceps_medium-light_skin_tone::green_heart::folded_hands_medium-light_skin_tone::raising_hands_medium-light_skin_tone::clapping_hands_medium-light_skin_tone::clapping_hands_medium-light_skin_tone:",1,0,FN,0.4
KNN,3,Simone Tebet acabou com o Bolsonaro.  Ela entregou todo o esquema criminoso do BOZO,1,0,FN,0.4
KNN,3,Compartilhem sem dó é importante esse vídeo mostra o tanto e o quanto à esquerda é covarde mas nós à direita devemos nos unir,1,0,FN,0.0
KNN,3,A  esquerda   usa  de várias   artimanhas   para  confundir   o  eleitor   ! VOTE  APENAS   nos  candidatos   da  direita   e  aguarde    o resultado   ! NOSSAS  FFAA   NÃO   VAI  trair  sua  NAÇÃO   !,1,0,FN,0.2
KNN,3,"“A esquerda promete o céu, mas o que ela entrega é o inferno”. GUEDES, Paulo. 2022",1,0,FN,0.0
KNN,3,Aquele nojento não engana ninguém! Falando no amor agora pra dá um de doido ... ENCANTADOR DE BURRO!!,1,0,FN,0.2
KNN,3,"Corja de bandido … Deus é maior que td isso , só permite pq temos o livre arbítrio … depois não adianta chorar , plantou , colheu , simples assim",1,0,FN,0.0
KNN,3,"*Minhas considerações sobre o debate presidencial na Globo.*

*Jornalista Delmar Rodrigues*

*Lula  O eterno ladrão*
*Simone e Soraya as perdidas*
*Felipe o equilibrado*
*Ciro o esperançoso*
*Kelman o penetra*
*Bolsonaro o reeleito*

*Pelo que vi nesse último debate, todos os pretensos candidatos a cadeira de presidente,  só fortaleceram  a reeleição de Jair M. Bolsonaro, é  incrível como eles ainda olham para o povo como um tolo, ignorante e incapaz de saber e perceber a realidade desse país.*
*Da forma como se deu o debate, ficou claro que Bolsonaro ganha no primeiro turno, salvo se alguma coisa ocorrer como na eleição passada  em que tivemos um segundo turno duvidoso.*",1,0,FN,0.2
KNN,3,":backhand_index_pointing_up: *Aquí está a vergonha da esquerda.*

*Eles tentaram destruir esse vídeo. Compartilhem com um conhecido esquerdaopata!!!* :winking_face::winking_face::thumbs_up::thumbs_up::thumbs_up::thumbs_up::thumbs_up::thumbs_up::thumbs_up::thumbs_up::thumbs_up::thumbs_up:

#Bolsonaro2022 

Grupo: 
[USER]",1,0,FN,0.4
KNN,3,"*ALERTA ...PERIGO !!!.*
LULA NÃO É BOM, LULA NUNCA FOI BOM, *LULA NUNCA SERÁ BOM.*
LULA NÃO TEM PLANO DE GOVERNO, *LULA SÓ TEM AMEAÇAS.*
LULA DESVIOU *DO POVO BRASILEIRO, TRABALHADOR E HONESTO,* QUASE *OITO TRILHÕES DE REAIS,* PARA FINANCIAR *DITADURAS COMUNISTAS,* AO REDOR DO MUNDO.
*ESTEJA CIENTE DISSO, NO MOMENTO DO SEU VOTO; VOCÊ ESTARÁ DANDO UMA PROCURAÇÃO PARA UM TRAIDOR, COMO LULA.*
VOCÊ ESTARÁ *JOGANDO SEUS FILHOS E NETOS, EM UM ABISMO SEM VOLTA.*:index_pointing_up::index_pointing_up::index_pointing_up:",1,0,FN,0.4
KNN,3,Passar o dia chupando ovo de pt para ganhar um pão com mortadela,1,0,FN,0.4
KNN,3,"Amanhã dia 02/10/2022, teremos eleição para Dep. Federal, Dep. Estadual, Senadores e o principal , o Presidente da República. 
Peço humildemente que antes de depositarem os seus votos nas urnas, que pensem em seus filhos, netos e bisnetos. Porque essa eleição não é somente para definir quem presidirá o nosso País, mas sim para definir quem irá cuidar do nosso futuro, do futuro de nossos filhos, netos e bisnetos. Esse pessoal que prega o socialismo e comunismo não deve ter noção da devastação que isso causa em nossas vidas. Por isso se oriente com Deus e peça a Ele uma direção, certamente Ele lhe dará. Procurem no Gloogle a respeito da agenda de 2030 (NOM). Ótima votação e excelente domingo. Deus é que está no controle.",1,0,FN,0.4
KNN,3,"""Meu coração está aflito pela nação. Não sabemos o que se passa nos bastidores e nem qual o limite (ou a falta dele) daqueles sem escrúpulos. O Brasil é um dos últimos países da América Latina onde o socialismo não tocou a mão e fez apodrecer. É triste ver a realidade de argentinos, venezuelanos, cubanos e outros. Potências que estão se esvaindo. Aqueles que não tiveram tanta instrução são os que mais votam na esquerda, ironicamente, pois são eles quem deveriam mais temer a falta de oportunidade gerada através das políticas populistas que tornam qualquer Estado infrutífero. Onde há maior liberdade econômica, ali há chances e chances de passar por qualquer crise sem perecer. Que Deus tenha misericórdia do Brasil."":folded_hands: (Fran Peçóis). 
*#primeiroturnobolsonaro*",1,0,FN,0.0
KNN,3,"Irmãos cristãos católicos e evangélicos, enquanto o inferno queima enxofre e a PETRALHADA queima chifre e a rosca, é nosso DEVER estar em oração em favor da nossa NAÇÃO e do nosso Presidente. Vamos ficar nesse dia  em ininterrupta ORAÇÃO e vigilância, aguardando a providência do Senhor Deus em nosso favor. Que o Senhor Deus continue nos abençoando em mais esse dia :folded_hands::folded_hands::folded_hands:",1,0,FN,0.2
KNN,3,"Pessoal bom dia. Hoje é o dia do nosso voto mais importante de nossas vidas, é o voto que vai decidir se viraremos uma potência mundial ou viraremos Cuba, Argentina ou Venezuela. Nós não precisamos ser inteligentes, basta não sermos burros, o comunismo tem 105 Anos, e por onde passou, só trouxe morte, miséria, fome, basta pesquisar no Google Cuba, Coréia do Norte, Venezuela e Argentina. Eu sei que tem quem ache o Bolsonaro grosso,que fala palavrão, mas ninguém aqui vai se casar com ele. Ele é grosso sim ,mas não é Ladrão e podem ter certeza, ele é PATRIOTA e ama o Brasil. Pensem em seus filhos e netos. 
Brasil acima de tudo, DEUS acima de todos
BOLSONARO PRESIDENTE 22",1,0,FN,0.4
KNN,3,"Eu estou trazendo esse plint após um comentário de um vídeo de um bando de macunbeiros fazendo seus despacho na frente de um cemitério. Porque estou fazendo isso no meu plint fala que Deus não dorme e esse noite ouve muitos louvores lave e anite teremos sim um resultado muito positivo vou trazer pra vcs verem o que se falou na lave foi puro fogo :fire: de Deus aguardem.após o resultado, mas já adiantando um pouquinho teremos prisões :zipper-mouth_face:",1,0,FN,0.0
KNN,3,"*_É HOJE NO PRIMEIRO TURNO PELA PRIMEIRA VEZ NA HISTÓRIA SE DEUS QUISER! DEUS OLHAI POR NOSSA NAÇÃO! QUE O COMUNISMO JAMAIS IMPERE NO NOSSO PAÍS! DEUS PÁTRIA,FAMÍLIA E LIBERDADE! BRASIL ACIMA DE TUDO,DEUS ACIMA DE TODOS!_* :place_of_worship::folded_hands_light_skin_tone::keycap_2::keycap_2::Brazil:",1,0,FN,0.2
KNN,3,"GENTE 
É SIMPLES 

PRESTA ATENCAO 

MINISTRO TIRA LULADRAO DA  CADEIA

STF ABSOLVE O MALDITO 

E O TORNA ELEGÍVEL 

DEPOIS NEGAM O VOTO IMPRESSO 

PROIBE UM MONTE DE COISAS

O BRASILEIRO FROUXO ASSISTE TUDO DA GLOBOBUNDA E FICA NO SOFÁ 

AQUELA MULTIDAO EM BRASILIA TIVESSE ARRANCADO DO PODER PELO PESCOÇO
MORAES 
BARROSO 
FACCINE E COMPANHIA 

AS ELEIÇOES FOSSEM MAIS TRANSPARENTE E  MENOS FRAUDE",1,0,FN,0.2
KNN,3,É impressão minha ou o nordestino tá com saudade da seca?,1,0,FN,0.4
KNN,3,"Pessoal o nosso presidente é esperto! Ele já pensou em tudo e sabia que o risco de fraude era gigante! 
Ele fez várias motociatas , passeatas, carreatas, e diversas paralisações! Ele sabe que uma hora todos esses vídeos (incluindo 7 de setembro) que mostram essas paralisações, vai ajudar ele a mostrar que essa eleição contra o ladrao foi FRAUDE",1,0,FN,0.0
KNN,3,"QUANDO O LULA ROUBOU O BRASIL ELE ROUBOU TODOS ROUBOU O POBRE O RICO O PRETO O BRANCO O ÍNDIO ....... O SOCIAL COMUNISMO NÃO VAI POUPAR NINGUÉM QUEM VOTOU NO LULA VAI SE FERRAR DO MESMO JEITO.....
IGUALZINHO NA VENEZUELA",1,0,FN,0.2
KNN,3,"O fascismo nasceu da esquerda 

Ou será se foi a esquerda que pariu o fascismo


:thinking_face:",1,0,FN,0.4
KNN,3,"É verdade! Infelizmente o povo está acostumado com políticos que faz baixaria nos palanques. Talvez o Capitão Wagner pela sua educação, não quis fazer isso mas tá aí um bandido eleito, e  correndo um grande risco de ladrão lá e ladrão cá.  
Meu Deus!",1,0,FN,0.2
KNN,3,Sou nordestino e minha região é uma decepção. Cuidado vc quem sua fazenda,1,0,FN,0.2
KNN,3,"Vamos lutar contra isso, se abaixarmos a cabeça seremos coniventes com o futuro negro que se descortina",1,0,FN,0.4
KNN,3,"*CIDADES QUE O PT CONVOCOU SÃO LÁZARO PARA OS MORTOS VOTAREM NO LULADRÃO*

_ N.S. da Glória (Se) 
3.053 habitantes: _4.615 votaram no Lula.

 _Porto da Pedra: (Pe) 6.122 habitantes: _8.090 votaram no Lula. 

_Poço das Antas(Pe) População: 4.342 habitantes: _5.873 Votaram no Lula. 

_Xique Xique (BA) 43.548 habitantes: Pasmem :face_screaming_in_fear:: _64.805 habitantes votaram no Lula. 

_Barragem(BA) 25.687 habitantes: _31.338 votaram no Lula. 

_Nova Liberdade (BA) 11.026 habitantes: _16.192 votaram no Lula.

_ Novaçores (BA) 9.622 habitantes: _12.351 votaram  no Lula.

_Guananbim(BA) população: _19.764 habitantes: 22.538 Votaram no Lula.

 _Joaçaba (BA) 6.142 habitantes: _6.984 votaram no Lula.

_ Antas(BA) população: 11.434 habitantes: _18.001 votaram no Lula. 

...e mais 192 cidades Brasileiras (Bahia com maior número)  em que os *MORTOS RESSUSCITARAM* para VOTAR NO LULADRÃO :woman_facepalming_medium-light_skin_tone:, e aí TSE????????????",1,0,FN,0.2
KNN,3,"Se não criar gado não tem como prometer picanha pro povo... Se não plantar cana, Luladrão fica sem a cachaça dele :rolling_on_the_floor_laughing::rolling_on_the_floor_laughing::rolling_on_the_floor_laughing::rolling_on_the_floor_laughing::rolling_on_the_floor_laughing:",1,0,FN,0.4
KNN,3,"Bolsonarista é tão alienado que não tem nenhuma imagem do do ""deus"" deles eles estão defendendo . Ou idiota ,  isso é uma explicação de um deus marçon . TÃO TUDO ALUCINADO ISSO É A MACONHA VINDO AFEGANISTÃO PARA O GADO .",1,0,FN,0.4
KNN,3,Ouçam a cara de pau da esquerda exporem a tática de guerra suja do Social comunismo,1,0,FN,0.4
KNN,3,Pro retardado que postou isso esqueceu de posta o terceiro vídeo que ele desmente todos esses aí chora gado,1,0,FN,0.4
KNN,3,"Vdd! Quando o vizinho é a Venezuela, o povo sente na pele o q está acontecendo! Aí não votam no ladravaz de maneira alguma! Em outras partes do Brasil, Nunca vi tanta gente glamourizando um ladravaz q saqueou os cofres públicos pra abastecer o comunismo! É muito imbecil por m2 ! Acorda povo! Depois não adianta chorar!",1,0,FN,0.2
KNN,3,"O presidente do MDB é o Baleia Rossi, ele liberou os filiados pra escolherem em quem apoiar",1,0,FN,0.2
KNN,3,"Segundo a declaração do lula , com 10 reais se compra um voto de um baiano",1,0,FN,0.4
KNN,3,"Ele está certo!! Muito triste a situação.
Que Deus tenha misericórdia do Povo.
Nunca haverá outro capaz de fazer o que Bolsonaro fez e faz por nós! 
Ninguém vai arriscar sabendo de tudo que fizeram com Bolsonaro.
Ou a gente livra do PT agora ou termos que viver na miséria do comunismo para o Resto de nossas vidas",1,0,FN,0.4
KNN,3,"A TV LIBERAL E O EDMILSON RODRIGUES DEVERIAM TER A HONRA DE LEMBRAREM DAS OFENÇAS QUE A ESQUERDA FEZ À IGREJA CATÓLICA, QUANDO FORAM IMPEDIDIR AS ATIVIDADES DAS IGREJAS CATÓLICAS COMO MISSAS, CASAMENTOS.

CAGARAM NAS IGREJAS

QUEBRARAM IMAGENS DOS SANTOS DAS IGREJAS 

ENFIARAM CRUCIFIXO NAS PARTES INTIMAS DELES 

OFENDERAM À JESUS

E ASSIM POR DIANTE...

COMPARTILHEM ESTA LEMBRANÇA PARA ACABAR COM AS FALÁCIAS DO EDMILSON RODRIGUES, DA TV LIBERAL E DE TODOS OS ESQUERDOPATASOPORTUNISTAS, QUE NÃO TÊM O QUE FAZER NA VIDA.

LOGO ELES, QUE FORAM OS QUE MAIS OFENDERAM AS IGREJAS E RELIGIOSOS, AGORA ESTÃO DANDO UMA DE PROTETORES DO CÍRIO DE NAZARÉ. 

BANDO HIPÓCRITAS SEM VERGONHAS!!!!!!

:enraged_face::enraged_face::enraged_face::enraged_face:",1,0,FN,0.0
KNN,3,"Ou tem medo de os amigos deixarem de falar cm ele mano, etc

Se o cara deixou de falar comigo e etc,pq eu sou Bolsonaro,posto coisas do bolsonaro e outras coisas, nunca foi meu amigo....sei q a amizade é uma coisa muuuitto pura,verdadeira e tal,,, mas o cara q tem esse tipo de atitude nunca teve consideração nenhuma,  então melhor um ""inimigo"" declarado q  amigo incubado",1,0,FN,0.4
KNN,3,QUEM MATOU CELSO DANIEL  LULADRAO  12 MILHÕES  VICE DE SIMONE TEBET ENTREGA  TUDO,1,0,FN,0.4
KNN,3,"VEJAM O VÍDEO.
LUTEM  LUTEM PARA NÃO ACONTECER NO BRASIL, NÃO  VOTEM EM COMUNISTAS LULALADRAO.!!
MEU POVO, ACREDITEM
ASSASSINATO DE PESSOAS, MATAM E COLOCAM FOGO.


ISTO PODE 
ACONTECER NO BRASIL.


OS CRIMINOSOS COMUNISTAS MINISTROS DO SUPREMO TRIBUNAL FEDERAL,  ESTÃO PERTO DE FAZER ISTO AQUI, COM O POVO PATRIOTA DO BRASIL.

VEJAM O QUE OS COMUNISTAS CRIMINOSOS ASSASSINOS FAZEM COM OS PATRIOTAS DONOS DE SUA PÁTRIA,  PARA TOMAR A SUA TERRA E ESCRAVIZAR O POVO.
MALDITOS CRIMINOSOS COMUNISTAS, TUDO POR PODER E DINHEIRO.

ESCULTEM O RELATO DO VÍDEO.
NÃO DEVERIA SER VERDADE.!!!
09.09.2022",1,0,FN,0.4
KNN,3,"????

Cara vc já chamou todo mudo de tudo que é coisa é quando eu te chamei vc se irritou, novamente pela sua lógica vc é petista, viado, mau caráter.

Sua sorte que eu não sigo sua lógica, o senhor não tem um pingo de respeito por ninguém e ainda fica tentando distorcer os fatos",1,0,FN,0.2
KNN,3,"UMA VERDADE AOS FUNCIONÁRIOS PÚBLICOS. 

Se o molusco voltar, com as ameaças que ele fez a Zema, irá cortar verbas para o estado de Minas Gerais e consequentemente para os municípios. 

Aí o que acontece?

Muitos municípios terão que demitir funcionários.

Então o LULADRAO será horrível para Minas Gerais.",1,0,FN,0.0
KNN,3,"Meu Deus .
Petista é tudo analfabeto   mesmo .
Em todas as áreas",1,0,FN,0.4
KNN,3,"Olha o povo fugindo da Venezuela :backhand_index_pointing_up_medium-light_skin_tone: vc não vai ver isso em canal de TV,  mas está acontecendo. O comunismo é o câncer do mundo não permita que  esquerda conclua isso",1,0,FN,0.2
KNN,3,"Essa imbecil de Xuxa que fez sucesso deitando com Pelé, foi precursora de filmes pornôs  usando criança como partner, não tem moral pra contestar denúncia da Senadora Damares. 
Eu assistí ""Amor, estranho Amor"".",1,0,FN,0.0
KNN,3,Não imaginava que ele seria tão presente assim pra evitar luLADRAO e PT voltar a presidência :clapping_hands_light_skin_tone::clapping_hands_light_skin_tone::clapping_hands_light_skin_tone::clapping_hands_light_skin_tone::clapping_hands_light_skin_tone::clapping_hands_light_skin_tone::clapping_hands_light_skin_tone::clapping_hands_light_skin_tone::clapping_hands_light_skin_tone::clapping_hands_light_skin_tone::clapping_hands_light_skin_tone::clapping_hands_light_skin_tone::clapping_hands_light_skin_tone::clapping_hands_light_skin_tone:,1,0,FN,0.4
KNN,3,"Olha esse brega que fizeram especialmente para o Luladrão para toca em todos os paredões esta liberado para salva toda nação :Brazil::saluting_face:

       :backhand_index_pointing_down::backhand_index_pointing_down::backhand_index_pointing_down::backhand_index_pointing_down::backhand_index_pointing_down::backhand_index_pointing_down::backhand_index_pointing_down:",1,0,FN,0.4
KNN,3,"*AQUI EM SÃO PAULO ESTAMOS FAZENDO AÇÃO EM CIMA DOS VIADUTOS ( FOMOS ROUBADOS NAS URNAS) A ÚNICA SAÍDA PARA SE LIVRAR DO COMUNISMO, O CIDADÃO QUE TEM POSSE DE ARMA DE FOGO, CACS E TODA A POLÍCIA DO :Brazil: CASO ROUBAREM NO SEGUNDO TURNO NOVAMENTE É SE REUNIR NA FRENTE DOS QUARTÉIS DAS FORÇAS ARMADAS E IR PRÁ GUERRA, CASO CONTRÁRIO SEREMOS PERSEGUIDOS E MORTOS POR ESSES MALDITOS COMUNISTAS ( OU FICAR A PÁTRIA LIVRE OU MORRER PELO :Brazil:*",1,0,FN,0.2
KNN,3,"Essa criatura LULADRÃO,  ACHOU QUE IRIA BRINCAR DE SER PRESIDENTE. FELIZMENTE MAIS DA METADE DOS ELEITORES NÃO GOSTAM DELE. ELE ACHOU QUE SERIA FÁCIL DEMAIS. FELIZMENTE O BRASILEIRO ACORDOU.  DEVIA SER 60%, TOMAR QUE CHEGUE :folded_hands_medium-light_skin_tone::folded_hands_medium-light_skin_tone::folded_hands_medium-light_skin_tone::folded_hands_medium-light_skin_tone:",1,0,FN,0.2
KNN,3,"Gente vejam aí a posse do Luladrao já está marcada, o Alan dos Santos está falando ñ brinquem",1,0,FN,0.0
KNN,3,"FERNANDO HENRIQUE CARDOSO E LULADRAO.. SEMPRE FORAM AMIGOS.. FIZERAM ACORDO PARA ENGANAR OS BRASILEIROS, UM FINGINDO SER DIREITA(PSDB) OUTRO, ESQUERDA(PT) MAS SEMPRE FORAM DA MESMA QUADRILHA(PT,PSB, PDT, REDE, PCdoB, PSOL,CUTE, UNE, MST, PMN,SINDICATOS, PCC, CV....)",1,0,FN,0.2
KNN,3,Quando eu digo que Satanás de levantou para cair! você não reinara em terra Satanás o partido das trevas esses petistas do cão você será acorrentado em nome do nosso senhor Jesus e nós pisarremos na cabeça da serpente!!!?,1,0,FN,0.4
KNN,3,"Meu Deus isso não pode ser verdade, Lulaladrao dizer isso sobre tiros em paraisopolis no Candidato Tarcísio. Ele jamais pode ser presidente se essa notícia for verdadeira.",1,0,FN,0.2
KNN,3,"Resumindo:
O PT não quer que chamem o ladrão de ladrão porque os ladrões do STF anularam os julgamentos e declararam o juiz suspeito.
Querem reescrever a história com uma versão bizarra dos acontecimentos.  Quem não entende o vínculo do PT e seu chefe com o narcotráfico é louco, burro ou cúmplice..


E por isso QUE AS GLOBOS NOTICIAS...

ENXE A BOCA DE ORGULHO PRA FALAR :backhand_index_pointing_down:

Luis Inácio Lula DA SILVA.




:middle_finger::face_with_tears_of_joy::rolling_on_the_floor_laughing::rolling_on_the_floor_laughing::rolling_on_the_floor_laughing::rolling_on_the_floor_laughing::speaking_head::ear::index_pointing_at_the_viewer::speaking_head::ear::speaking_head::ear::index_pointing_at_the_viewer::rolling_on_the_floor_laughing::rolling_on_the_floor_laughing::rolling_on_the_floor_laughing::rolling_on_the_floor_laughing::rolling_on_the_floor_laughing::rolling_on_the_floor_laughing::Brazil::heavy_dollar_sign::pinched_fingers::heavy_dollar_sign::rolling_on_the_floor_laughing::rolling_on_the_floor_laughing::rolling_on_the_floor_laughing::speaking_head::ear::speaking_head::ear:












*Ladrão Inocente Lalau Da Silva*

:rolling_on_the_floor_laughing::rolling_on_the_floor_laughing::rolling_on_the_floor_laughing::rolling_on_the_floor_laughing::rolling_on_the_floor_laughing::shushing_face::shushing_face::shushing_face::shushing_face::shushing_face::rolling_on_the_floor_laughing::rolling_on_the_floor_laughing::rolling_on_the_floor_laughing::shushing_face::shushing_face::shushing_face::shushing_face::shushing_face::shushing_face::shushing_face::shushing_face::shushing_face::shushing_face::shushing_face::shushing_face::shushing_face::rolling_on_the_floor_laughing::rolling_on_the_floor_laughing::rolling_on_the_floor_laughing::shushing_face::shushing_face::shushing_face::shushing_face::shushing_face::shushing_face::shushing_face::shushing_face::shushing_face::shushing_face::shushing_face::shushing_face::shushing_face::shushing_face::shushing_face::shushing_face::shushing_face::shushing_face::shushing_face::shushing_face::shushing_face::face_with_tears_of_joy::rolling_on_the_floor_laughing:",1,0,FN,0.0
KNN,3,"Hoje 18/10/22 Ao visitar comunidade ribeirinha em eldorado do Carajás no Pará , vandalos do MST e de movimento de reforma agrária, ateiam fogo em carros de padre Zeno da Paróquia de Eldorado  e freiras que o acompanhavam.
Se o LULADRAO presidiário ganhar corremos sério risco de uma convulsão social, uma guerra civil.",1,0,FN,0.0
KNN,3,":loudspeaker::infinity:
*REFLEXÃO PARA O SEU DIA_A_DIA DE UM CIDADÃO BRASILEIRO !!!*

VEJO O JULGAMENTO TODOS OS DIAS, VEJO MAIS A HIPOCRISIA DO ELEITOR.
É até muito engraçado o brasileiro:
Passar a vida colocando dinheiro :money_with_wings::four_leaf_clover: na poupança,,  compra um carro do seu sonho, faz o seguro do carro, fica com medo do ladrão roubar o seu único bem vitorioso;

Compra uma casa :house_with_garden: do seu sonho, erguer um muro bem alto, até coloca grampos e cerca elétrica, com medo do ladrão roubar os seus bens; 

Compra um celular do seu sonho, faz seguro do celular, quando o cidadão sai de casa :house_with_garden: coloca o celular dentro da calça, com medo do ladrão roubar;

O cidadão evita sair de casa :house_with_garden: com a família, com medo do ladrão.

Ai sai de casa :house_with_garden: dia 30 de outubro para VOTAR no LULALADRÃO. Entenda esse tipo de ELEITOR ...!!!!

Fica a dica para os valores da família conservadores brasileira sólida!!! :eye_in_speech_bubble:",1,0,FN,0.0
KNN,3,"*Amanhecemos sob o manto da CENSURA DO TSE E STF.* 

É muito importante saber que TODAS AS MEDIDAS DE CENSURA foram pedidas pelo PT, pelo partido do Lulaladrão e algumas por apoiadores esquerdistas deles. Eles nem venceram as eleições, mas comandam medidas ditatoriais, totalitárias através de ministros fantoches que foram colocados nos tribunais por eles. Agem como uma quadrilha que conspira contra o Brasil. 

Se você não liga e ainda quer votar num partido que saqueou a nação, num candidato corrupto e sem qualquer escrúpulos como Lula da Silva, pelo menos PENSE E REFLITA: TUDO BEM PRA VOCÊ VOTAR EM QUEM PROMOVE A CENSURA E O TOTALITARISMO? 
Em quem tira a LIBERDADE DE EXPRESSÃO E DE IMPRENSA? Que tira veículos de imprensa do ar? Que impede pessoas de ganharem seu sustento através da monetização de canais de redes sociais cujo acesso é espontâneo?",1,0,FN,0.2
KNN,3,"Por duas vezes, em 2021, Lula foi consagrado à umbanda. Na primeira, recebeu a ""benção"" da mãe de santo para ganhar as eleições e um ""Zé Pilintra""; na segunda, recebeu um banho de pipoca que é usado nas oferendas para orixás da umbanda.
Este é o candidato que diz ser cristão.",1,0,FN,0.4
KNN,3,"Está tudo caminhando para uma ditadura .
E olha como vivem o povo em um ditadura .
Tem que ser muito idiota para achar que vcs terão lugar nessa mesa",1,0,FN,0.4
KNN,3,"*STF/ TSE...serviçal da esquerda... realmente são uns loucos que querem colocar o PT/ Luladrão como Presidente.*
*São contra a Censura...mais está Censura e só no 2o Turno até dia 31/10/2022...2 dia depois da Eleição...e uma exceção.*
*Isto é uma Ditadura TOGA em que são contra os interesses só do PT/ Luladrão...isto está claro no seu voto.*
:see-no-evil_monkey::see-no-evil_monkey::see-no-evil_monkey::see-no-evil_monkey::face_with_symbols_on_mouth::face_with_symbols_on_mouth::face_with_symbols_on_mouth::face_with_symbols_on_mouth:",1,0,FN,0.2
KNN,3,"O Danone azedo disse q se o Bolsonaro batesse o número de espectadores do Luladrão,  ele renunciava ao mandato dd deputado! Demorouuu",1,0,FN,0.4
KNN,3,"Rui Costa comprou a fazenda Oceania, de Zé Mendonça. Quase 2 mil hectares, município de Itagibá, próximo à Ipiau
Ele sempre se hospeda lá, com a prefeita de Ipiaú, que é esposa de Mendonça. 36.000.000,00
Fruto do trabalho pesado deste petista bandido???Claro que foi com o nosso dinheiro suado e o seu que votou nele, seu idiota útil :enraged_face::enraged_face::enraged_face::enraged_face::backhand_index_pointing_up::backhand_index_pointing_up:
Governador da Bahia.:backhand_index_pointing_up::backhand_index_pointing_up::backhand_index_pointing_up::backhand_index_pointing_up::backhand_index_pointing_up:",1,0,FN,0.2
KNN,3,"Há claro, um idiota como vc acha que vou votar no Lula... Vcs estão ficando cegos, o povo besta... Aonde que as minhas palavras estão dizendo que vou votar em outro? Porém, que ele é um covarde ele é",1,0,FN,0.2
KNN,3,"Se nós os brasileiros de direita já estamos no nosso limite com este lacradores imbecís, imagina os venezuelanos.",1,0,FN,0.2
KNN,3,LULADRÃO.  VIAGEM. PASSAPORTE SÓ DE IDA PRO INFERNO.   POIS SE EXISTIR EM 2O23 . CADEIA NELE. NÃO ALMEJO O MAL DE NINGUÉM.   NESSE CASO A SEGUNDA OPÇÃO.   CADEIA PRA ELE E PARA TODOS FILHOTES DELE,1,0,FN,0.2
KNN,3,"Nesse vídeo
LULADRAO diz que vai apoiar

Invasão no campo e na cidade",1,0,FN,0.0
KNN,3,"Agora se segura pra não cair da cadeira LULADRAO esperando autorização do traficante Marcola pra transitar São Paulo !!
Foi mesmo que ouvi ??
Aí e o FIM !!
:police_car_light::oncoming_police_car::rat::cockroach::scorpion::mouse::rat::money_bag::rat::oncoming_police_car::police_car_light:",1,0,FN,0.4
KNN,3,"A mulher fala mal de pazuelo, eu defendo os conservadores, aí vem um lixo se sentindo herói ...ow ofendeu as mulheres, falei desse lixo na foto !! 
E cada idiota que quer se passar por bonzinho kkkkkk",1,0,FN,0.0
KNN,3,"DESCULPEM. NÃO ESTOU MAIS AGUETANDO. A TAL GLOBO TV ( blog do Lisboa) já deu o resultado das URNAS DE DOMINGO! E VITORIO PARA O MELIANTE MAIOR LULADRÃO???, ISSO E ATÉ "" DEBOCHE PURO"", CONTRA CIDADÃOS DE BEM",1,0,FN,0.0
KNN,3,"Hoje, um adolescente retornava, tranquilamente, do colégio, quando dois eleitores  do LuLADRÃO, querendo apenas para tomar uma cervejinha, quiseram roubar. 

Comunistas que apoiam este  desgraçado e maldito do Luladrão, devem saber o que falar para a família deste jovem, pois pessoas de bem ficam sem palavras.",1,0,FN,0.2
KNN,3,"Deixando claro
os projetos 
do Nine !! Quando um petista não sabe de responder e só vc falar a verdade pr ele do próprio candidato dele,e dos seus projetos maligno",1,0,FN,0.4
KNN,3,"Vc é louco cara.
Do nada vem com papo de viado",1,0,FN,0.0
KNN,3,"Amigas e amigos, não aceitem provocações de comunistas PETISTA,  esquerdistas, nós somos vencedores graças a Deus :folded_hands:",1,0,FN,0.2
KNN,3,Voces tem qui comer capim feito burro velho di sitio e ladrão feito lula ladrão,1,0,FN,0.4
KNN,3,"*O BOZONAZISMO E SUAS IMENSAS CONTRADIÇÕES* 

 *Depois do negro nazista e racista, da mulher misógena e machista, do homosexual homofóbico, do capitalista que odeia pobre com dinheiro no bolso pra consumir e do cristão que apóia armamentos, tortura e torturadores, o bozonazismo nos apresenta as suas duas mais recentes inversão de valores, as suas duas mais recentes aberrações:* 

 *- A POLÍCIA RODOVIÁRIA FEDERAL QUE COMETE CRIME ELEITORAL* 

 *- O DEMOCRATA QUE ESTÁ ALI NAS PORTAS DOS QUARTÉIS EXIGINDO QUE AS FORÇAS ARMADAS DO PAÍS INSTALEM  UMA DITADURA.* 

:rolling_on_the_floor_laughing::rolling_on_the_floor_laughing::rolling_on_the_floor_laughing::rolling_on_the_floor_laughing::rolling_on_the_floor_laughing::rolling_on_the_floor_laughing::rolling_on_the_floor_laughing::rolling_on_the_floor_laughing::rolling_on_the_floor_laughing::rolling_on_the_floor_laughing::rolling_on_the_floor_laughing::rolling_on_the_floor_laughing::rolling_on_the_floor_laughing::rolling_on_the_floor_laughing::rolling_on_the_floor_laughing::rolling_on_the_floor_laughing::rolling_on_the_floor_laughing:",1,0,FN,0.2
KNN,3,ESSE BANDIDO  BABACA INBECIU  IDIOTA  FASER  PARTE  DOS  LULADRAO  E  ALEM  DISSO  ELE TÁ  FASENDO  UMA COISA  QUE  O SILVIO  SANTOS  NÃO  GOSTA  O SILVIO  JÁ  FALOU  QUE  OS FUNCIONAR  JORNALISTA  DA CASA  SÓ  TEM  QUE  DA  SS NOTÍCIA  NÃO  TEM  QUE  DAR  PALPITE  ELE TÁ  FASENDO  LAMBANÇA  COM A MARCAR  SBT  O SILVIO  TEM  QUE  SABER  DISSO,1,0,FN,0.0
KNN,3,"Amigo..

Larga de ser Burro e Infantil. 

O Direito de Minifestação é 
Legitimo.

Não acreditar nas Urnas VICIADAS é legítimo. 

Não é Correto você falar que os Manos ..

Isso ou aquilo.

Queria ver se os Manos entrassem na sua Casa ou Trabalho e você falasse  .olha Sou petista ...
Asno imbecíl",1,0,FN,0.2
KNN,3,E vc suando com essa piada de 5 série chamando ele de bicha,1,0,FN,0.2
KNN,3,"No nordeste é tudo baiano, preguiçoso, pobre, que não tem o que comer... etc... se não fosse por SP a galera morre no nordeste... é assim a educação lá",1,0,FN,0.4
KNN,3,"Um cara Calçando 46, vestido de mulher, com vozeirão desses, unhas pintadas, vai produzir na roça, só se Hamilton, for idiota pra acreditar nisso",1,0,FN,0.2
KNN,4,"*Frankstein apóia Boslonaro*

*O famoso monstro dos filmes e desenhos animados Frankstein, declarou hoje seu total apoio ao candidato Boslonaro.*

*De acordo com Frank, Lula é o pior de todos os monstros, sendo uma criatura desprovida de qualquer valor.*

*Deus abençoe o Brasil*

:Brazil::folded_hands_light_skin_tone:",1,0,FN,0.0
KNN,4,"acha q está sempre coberto de razão e não aceita ser contrariado por ter um ego frágil, vc é desprezível e seus argumentos não passam de falácias rasas.",1,0,FN,0.4
KNN,4,Só quem vota nele é esquerdista igual meia dúzia de gente da cultura e educação aqui de cachoeiras que votou nesse pilantra,1,0,FN,0.2
KNN,4,"Pois é isso que a esquerda doente prega.
Se vc se sentir mulher vc pode",1,0,FN,0.4
KNN,4,"Urnas sendo manipuladas dentro de sindicato ligado ao PT segundo informações a cidade é Itapeva, mas não disseram se é em SP ou MG pois ambos estados tem cidade com esse nome..  Eu não tenho dúvidas que a FRAUDE será estrondosa para IMPEDIR a reeleição de Bolsonaro... GRAVÍSSIMO... Óbvio que a adulteração do programa deve estar sendo feita em cada cidade essa semana, ao receberem as urnas..  elas foram lacradas pelo TSE sem permitir as FFAA fazer inspeção por isso mesmo, porque já estava combinado com os sindicatos que estão recebendo as urnas, tirar o lacre e Fraudar seus programas para que mudem os votos e FRAUDEM a eleição em favor da ESQUERDA.",1,0,FN,0.0
KNN,4,"Essa :index_pointing_up:foi boa q Colei:index_pointing_up::rolling_on_the_floor_laughing::rolling_on_the_floor_laughing::rolling_on_the_floor_laughing::rolling_on_the_floor_laughing:


Demostração de censura.
Calado.
Mudo.
Medo?
Vermelho ditador em forma democracia.
Vermelho que não liberta.......
etc,.....









Eu Sou eh 22.
Esperança .
Liberdade.
Vida.
Alegria.
Paz de vivência de Em amarelo rico de sabedorias....
Força...Luta... guerreiros :thumbs_up::thumbs_up::thumbs_up::victory_hand::victory_hand::victory_hand::Brazil::Brazil::Brazil::Brazil::Brazil::victory_hand::victory_hand::victory_hand::victory_hand::Brazil::Brazil::Brazil::Brazil:
22
22
22
22
22
:victory_hand:
:Brazil::thumbs_up::thumbs_up::thumbs_up::thumbs_up::thumbs_up::thumbs_up::thumbs_up::Brazil::victory_hand::Brazil::victory_hand::thumbs_up::thumbs_up::thumbs_up::thumbs_up::thumbs_up::thumbs_up::thumbs_up::thumbs_up::thumbs_up::thumbs_up::Brazil:",1,0,FN,0.4
KNN,4,"*URGENTE, URGENTE !*
*ABRA ESSE VÍDEO E ASSISTAM COM CALMA VOCÊ VERÁ UMA CRIANÇA DE UM ANO DE IDADE FUMANDO MACONHA E LULA QUER LIBERAR A VENDA DAS DROGAS. SE VOCÊ QUER ISSO PARA SEUS FILHOS E SEUS NETOS VOTE NO LULA O 13 DO AZAR E DA MALDIÇÃO, SE VOCÊ NÃO QUER VOTE NO BOLSONARO O 22  POR DEUS E PELA FAMÍLIA.*",1,0,FN,0.4
KNN,4,*A maior prova da formação de quadrilha que 9dedos pratica de forma legalizada e velada pelo STF. Ministros que deveriam zelar pela boa conduta do cidadão hj aceita tapa de ladrão é a famosa frase : na mão de malandro.  Nojo dessa turma maldita.*,1,0,FN,0.4
KNN,4,"Eita laskeira


*Cheguei aqui agora na cidade.*
e tah todo mundo aqui de verde amarelo... soltando foquete e tudo mais.:Brazil::Brazil::Brazil::Brazil::Brazil::Brazil::Brazil::Brazil::victory_hand::victory_hand::victory_hand::Brazil::Brazil::Brazil::Brazil::Brazil::Brazil::Brazil::Brazil::Brazil::Brazil::Brazil::Brazil::Brazil::Brazil::Brazil::Brazil::Brazil:
Agora sim botei fé no nosso Bolsonaro ..
Irruuuu viva o Brazil,..:Brazil::Brazil::Brazil::Brazil::Brazil::thumbs_up::victory_hand::thumbs_up::Brazil::Brazil::Brazil:





Aqui Não tem Vermelho:Vietnam: de LulaLadrão Não :Angola::brain::kitchen_knife::Vietnam::enraged_face::enraged_face::enraged_face:



Irruuuuuuuu
:Brazil::Brazil::Brazil::Brazil::Brazil:
Aqui Em Goiás eh TODO MUNDO BOLSONARO....VERDE E AMARELO.....:Brazil::Brazil::Brazil::Brazil::victory_hand::Brazil::Brazil::victory_hand::victory_hand::victory_hand::Brazil::Brazil::Brazil::thumbs_up::Brazil::Brazil::Brazil:


iiiiiiiiirrrrrrrrrrruuuuuuuuuuuuuu


Vai ser de lavada no primeiro turno.
Chupa datafalsa ..globo lixo.. UOU <corruptos.



Somos todos Brasil brasileiro..verde amarelo e não vermelho,



Já ganhou BOLSONARO,

:Brazil::Brazil::Brazil::victory_hand::victory_hand::Brazil::victory_hand::victory_hand::victory_hand::victory_hand::Brazil::Brazil::victory_hand::victory_hand::victory_hand::victory_hand::victory_hand::victory_hand::victory_hand::victory_hand::Brazil::Brazil::Brazil::Brazil::Brazil::Brazil::Brazil::Brazil::Brazil::Brazil::Brazil::Brazil::Brazil::Brazil::Brazil::Brazil:


22
22
22
22
22



:victory_hand::Brazil::Brazil::Brazil::Brazil::Brazil::Brazil::Brazil::Brazil::thumbs_up:",1,0,FN,0.0
KNN,4,"SÁBADO   DIA  1  DE  OUTUBRO   A  POPULAÇÃO DO BEM   QUE  È  A  MAIORIA   DOS   BRASILEIROS   VAI   DESMASCARAR   ÉSTAS   PESQUISAS   COMPRADAS  , MENTIROSAS   , TODAS  ESTAS  MÍDIAS   ESQUERDISTA    QUÊ  NÃO   ACEITAMOS   MAIS   ESTA  ESQUERDA   DO DIABO   EM  NOSSO   BRASIL   ! VAMOS   TODOS   JUNTOS E MISTURADOS  SAIR  AS  RUAS   DE  TODO BRASIL  PARA  MOSTRAR   AO  MUNDO   EM  CARREATA   E  MOTOCIATA      QUE  NOSSA  BANDEIRA   JAMAIS SERÁ VERMELHA   ! NO  DIA  SEGUINTE   DIA  2  DE  OUTUBRO   VAMOS   DAR  UM  TIRO  DE  MISERICÓRDIA   NESSA  ESQUERDA   DO DIABO   E  VARRER   TODOS   ESTES  TRAIDORES  DA PÁTRIA   INFRILTADOS   NO  LEGISLATIVO   ! A  POPULAÇÃO   DO BEM   APRENDEU   A  LIÇÃO E VAI  DAR   O  TROCO   PARA TODOS ESTES TRAIDORES   DENTRO   DA  CABINE   DE  VOTAÇÃO   ! QUEM  AINDA   DÚVIDA   VERÁ   NO  PRÓXIMO   DOMINGO   A  NOITE   !:thinking_face::thinking_face::thinking_face::thinking_face::thinking_face::thinking_face:",1,0,FN,0.2
KNN,4,"ATENÇÃO, ESSE GRUPO FOI CRIADO PARA REUNIR PATRIOTAS EM TORNO DA CAUSA BOLSONARIANA, SE VOCÊ NÃO ACREDITA NA LIGAÇÃO SAGRADA DA FAMÍLIA BOLSONAROS E DE SUA MISSÃO DIVINA DE LIBERTAR A NAÇÃO BRASILEIRA DO COMUNISMO E DO FORO DE SÃO PAULO, SAIA DO GRUPO, VOCÊ NÃO É BEM VINDO.",1,0,FN,0.4
KNN,4,*Olha só o Marquinhos enfrentando o Capitão Mamata que estava na musculação enquanto pessoas morriam na pandemia*,1,0,FN,0.0
KNN,4,"Abriram a porta do inferno e saiu os demônios velhos e derrotados que nada fizeram pelo Brasil, aliás fizeram sim, roubaram a nação , tudo bandido vagabundos",1,0,FN,0.4
KNN,4,Kkkkkkk esse miserável do Bozo ainda leva um padre desse para o debate um padre fake,1,0,FN,0.2
KNN,4,"Ciro doido comeu o ** do luladrao ontem.
Vagabundo do lula desnorteado, tentava ser legal com Ciro, mas só levava paulada na cabeça do cirao da massa. Kkk ow coisa bem feita.

Todo castigo e cadeia pra esse luladrao safado imundo destruidor da nação brasileira é POUCO!",1,0,FN,0.4
KNN,4,"*Era melhor o Lula não ter ido ao debate na Globo*. William Bonner não foi capaz de evitar o exorcismo feito pelo Padre Kelmon no LADRÃO de 9 dedos. *A esquerda vai pagar muito caro, por muito tempo, por este debate em que Lula foi exorcizado pelo Padre Kelmon*. Avante Brasil! :Brazil:",1,0,FN,0.0
KNN,4,":backhand_index_pointing_up: *Propinas, roubos, falcatruas...rachadinhas...*
*Representa a esquerda.*

*O mais curioso é que o Wilian Boner e Renata noticiaram isso.:face_screaming_in_fear::face_screaming_in_fear:*",1,0,FN,0.0
KNN,4,Movimento MST  do LULA LADRÃO invandiu uma Fazenda roubaram todos os pertences dos trabalhadores e ainda tocaram fogo nas máquinas agrícolas e barracões causando um enorme prejuízo total para o fazendeiro é esse o tipo de governo qui vocês PETRALHAS querem para governar o nosso Brasil pense bem e vote consciente vote BOLSONARO PRESIDENTE 22 ...,1,0,FN,0.4
KNN,4,È  POR  ISTO   AUE  A  MAIORIA   DA POPULAÇÃO DO BEM   NÃO   VAI  VOLTAR   EM  CANDIDATOS   DA  ESQUERDA SATÂNICA   ! VAMOS  REELEGER   BOLSONARO   NO  1TURNO    E  QUANTO   ESTES   TRAIDORES DA PÁTRIA   SERÁ   UMA  MISSÃO   PARA BOLSONARO E FFAA   EM  2023   ! :thinking_face::thinking_face::thinking_face::thinking_face::thinking_face:,1,0,FN,0.0
KNN,4,COMUNISTA PEGOU O VELHO PATRIOTA AI BRABO:backhand_index_pointing_up::backhand_index_pointing_up::backhand_index_pointing_up:PROJETO DELES É JUNTO COM  O LULADRAO É  ESSE:backhand_index_pointing_up::backhand_index_pointing_up::backhand_index_pointing_up:TOMAR O QUE  E DOS OUTROS,1,0,FN,0.0
KNN,4,"Olha aí os discípulos do demônio fazendo magia pra da certo.

Mais Deus não dorme.
Deus é maior sempre!",1,0,FN,0.4
KNN,4,"Pessoas que são cristãos jamais pode votar em quem é contra os princípios da igreja.
Quem apoia o aborto, a ideologia de gênero, é contra a família apoia o comunismo.
Vote  consciente.
22 neles.
DEUS, PATRIA , FAMÍLIA",1,0,FN,0.0
KNN,4,Dessa vez o povo não acredita nas Fake News do BOZO não. Kkkkk. Começou arranjando um PADRE FAKE. Que vergonha 01 . Kkkk.,1,0,FN,0.2
KNN,4,"Não somos coveiro mas, hj faremos o enterro do Bozo.:coffin:

Velório aberto ás 17hs.",1,0,FN,0.2
KNN,4,"Só acho que o cachaceiro foi bem votado. Meu Deus, o Brasil não é para amadores.",1,0,FN,0.0
KNN,4,"Está estranho ... Lentamente o Bolsonaro está diminuindo e o Lula Ladrão aumentando ..

Ainda tem pessoas votando .. 

Se o horário e até às 17 porque tem gente votando agora as 19:30 .. 

Está estranho .. 

O TSE aponta que Lula Ladrão ganha em todos os estados do Nordeste onde ele tambem não podia andar nas ruas ..

Está estranho isso ..",1,0,FN,0.2
KNN,4,"PESSOAL ATENÇÃO! 

SEI QUE ABALA UM POUCO TODOS NÓS VER A DIFERENÇA REDUZINDO! 

MAS ACHO QUE É CLARO PRA TODOS: 

ESTAMOS LIDANDO COM MÁFIA, QUADRILHA, BANDIDOS!

É OBVIO QUE ESTÁ HAVENDO FRAUDE! É ÓBVIO! 

TENHO DITO: SE PREPAREM PARA SAIR ÀS RUAS!

NÃO VAMOS ACEITAR ESSE SISTEMA DE VOTAÇÃO E PONTO FINAL! 

VAMOS PARAR O BRASIL!

COMECEM A DIVULGAR ISSO NOS GRUPOS! 

SE FORMOS ÀS RUAS BOLSONARO VAI ORDENAR ÀS FORÇAS ARMADAS À AGIR! 

REPITO: VAMOS TOMAR AS RUAS DO BRASIL! 

FORÇA E HONRA! 
DEUS ABENÇOE O BRASIL!  :Brazil::Brazil::Brazil:",1,0,FN,0.0
KNN,4,Eleitor do PT ou e bandido ou está interessado em alguma mamata.,1,0,FN,0.0
KNN,4,"Eu sou Nordestina e moro na Bahia, mas a culpa é do Nordeste mesmo. Por isso que vive no atraso.",1,0,FN,0.4
KNN,4,"O POVO BRASILEIRO NÃO QUER,  NÃO ACEITAMOS O MARGINAL TRAIDOR ANTI PATRIOTA, LULALADRAO COMUNISTA CRIMINOSO DITADOR COMO PRESIDENTE DO BRASIL.",1,0,FN,0.4
KNN,4,"Eu pensei, que com a diferença enorme que o Bolsonaro tinha na frente, que seria impossível do Luladrão alcança-lo. Depois de uns 60% parecia que não havia mais votos pro Bolsonaro.
Mas olha o vídeo da Bárbara do Te Atualizei, penso igual à ela, ela fala de números:",1,0,FN,0.4
KNN,4,"Prova que Bolsonaro e ladrão, Luladrão foi preso, por formação de quadrilha e outras coisas mais, cadê os crimes de Bolsonaro?",1,0,FN,0.2
KNN,4,Vem invadir aqui nas minhas terras vai tomar tiro sujeito vem e chama o luladrão também tenho um brinquedo aqui pra vocês.,1,0,FN,0.2
KNN,4,"*TENHO CERTEZA QUE ESSE SEGUNDO TURNO SERÁ BEM APERTADO.*

SERÁ ACIRADA A DISPUTA, TANTO PELO ROUBO ELEITRÔNICO, COMO TAMBÉM PELA QUANTIDADE DE IDIOTAS QUE IRÃO NOVAMENTE SE ABSTER, E DOS QUE IRÃO VOTAR NULO OU EM BRANCO.

É FODA!

AGUARDEM FORTES EMOÇÕES PARA O DIA 30.

SERÁ APERTADO O PLACAR (ESCORE).",1,0,FN,0.0
KNN,4,"Vcs vão ficar enchendo saco com essas postagens  
nao vai resolver nada, pois ja sabemos da estratégia suja de vcs, toda  semana uma nova narrativa mentirosa bando de idiotas:rolling_on_the_floor_laughing::rolling_on_the_floor_laughing::rolling_on_the_floor_laughing::rolling_on_the_floor_laughing::rolling_on_the_floor_laughing::rolling_on_the_floor_laughing:",1,0,FN,0.4
KNN,4,"Esse kara parece que me ouviu falar ha 6 meses atras.

Eu preocupado com as urnas e fraudes
Tambem com o exercito brasileiro

Lamento dizer
O EXERCITO BRASILEIRO NAO APOIA BOLSONARO

ESQUEÇAM ISSO
ELES NUNCA SE MANIFESTARAM VERDADEIRAMENTE AO LADO DO BOLSONARO

E SENDO ELES QUE ESCONTRARAM FRAUDE NAO SE MANIFESTARAM A FAVOR DO POVO

PENSEM COMIGO

16 ANOS QUE O CORRUPTO LULADRAO ALICIA ESSA CLASSE

BOZO TEM APENA 4 ANOS E NAO COMPROU O EXÉRCITO 
HA 1 ANO ATRAS  MEU DISCURSO É:

CUIDADO COM AS URNAR 
POEM AGENTES DO BOZO PARA FISCALIZAR 
NAO DEIXA A LA VONTÊ NAS MAS DO STE E SINDICATO DOS TRABALHADORES E GLOBOBUNDA, ETC

CUIDADO COM O EXERCITO

BOM
O RESULTADO FOI 
FRAUDES

EI ZESONARO
É MELHOR  VOCE E  SEUS FILHOS FICAREM ASSIM Ô
 DE :eye::eye: :eye::eye: :eye::eye: NAS URNAS 
SENAO ELES VAO TE DA BALINHAS PRA CHUPAR E VC IRA SAIR PRA FAZER CAMPANHA DE NOVO E VAI ESQUECER DO ELEMENTO QUE TE DERROTOU NO PRIMEIRO TURNA

A S    U R N A S",1,0,FN,0.2
KNN,4,VEJAM O QUE ACONTECEU NA TV AO VIVO BOLSONARO  COM 55% E O LULADRAO  COM 36% 8:20 H DA NOITE SE DERAM MAL,1,0,FN,0.4
KNN,4,"Amo Patrick, faço campanha com todo prazer e alegria, mas vou sair do grupo porque não consigo conviver com pessoas que apoiam bandidos que querem entregar o Brasil ao comunismo maldito. Abraço aos que amam a família e a liberdade.
Deus acima de todos :folded_hands:",1,0,FN,0.0
KNN,4,"Essa deputada índia fala daquilo que ela e seu povo índios viveram na pele, quando os portugueses invadiram o Brasil essa terra tinha dono, Eles foram desculturado e tiveram que aprender a cultura e religião dó povo que dominou, tomaram suas terras suas mulheres e suas crianças e ainda os fizeram de escravos, agora somos um povo mas somos cristãos,e caso o comunismo entre com força seremos escravos e não poderemos processar a nossa fé",1,0,FN,0.4
KNN,4,Proposta do Luladrao: desarmar o cidadão do bem pra armar mais ainda o bandido :clown_face:,1,0,FN,0.4
KNN,4,"A PIOR DAS PIORES!!!! JA FALARAM MAL DEMAIS E, É POR ISSO QUE DIGO, ESSES ETERNOS CANDIDATOS A PRESIDENTE,  SÃO  PALHAÇOS E A DONA MARINA DA SILVA ,A MAIOR PALHAÇA. TODAS ELEIÇÕES ELA ESTA PRESENTE COMO CANDIDATA. SURPREENDENTEMENTE NÃO FOI NESSA! PORQUE SERÁ???? UMA ICÓGNITA, TUDO BEM. AGORA JA ESTA DECLARANDO APOIO AO LULADRÃO.  ISSO MESMO!!! NO MÍNIMO A MARINA DA SILVA ESPEROU A VIDA INTEIRA PELO LULADRÃO.  ELE, CLARO, SÓ QUER FILÉ,  NUNCA NEM COGITOU A PAIXÃO DA MAIS INSOSSA E ARDOROSA FÃ DELE.",1,0,FN,0.4
KNN,4,"""Ser vaiado por uma multidão de idiotas é o preço por não ser um deles"" Olavo de Carvalho",1,0,FN,0.0
KNN,4,COMO PODE ALGUÉM  VOTAR NESSA DES GRAÇA NÃO  SABIA QUE ESTAVA SENDO GRAVADO E FALOU ABERTAMENTE  QUE IRIA CONTAR OS BENEFÍCIOS DOS MAIS POBRES VOTAR NISSO  OU É BURRO OU É CEGO FDP SAFADO,1,0,FN,0.4
KNN,4,"Quanto era mesmo a gasolina antes do Bolsonaro? O Pix foi criado pelos funcionários do BC, não foi ideia do idiota. As outras brincadeiras são boas.",1,0,FN,0.2
KNN,4,LULADRÃO e sua quadrilha quer voltar a sena do crime juntos para dilacerar o Brasil outra vez....Já começaram as ações no Espírito Santo.. Fora comunistas :ogre:,1,0,FN,0.0
KNN,4,"Esfregar as mãos, ficar abrindo boca e fechando direto, se sacudindo são técnicos de marketing pois aí você já sai com a adrenalina a mil, por isso que muitas vezes ele consegue conversar muita gente por causa desse jogo de cintura, muitos caem na euforia dele. Quem utiliza muito dessas técnica são vendedores de curso online, apresentadores tipo Silvio Santos para eles ficarem mais ativos, só que não se compara técnica utilizada por eles com a do luladrão que é para iludir as pessoas.",1,0,FN,0.4
KNN,4,"Esse vídeo :backhand_index_pointing_down: mostra o chefe do tráfico de uma das maiores e mais violenta favelas de SALVADOR/ BA (Nordeste de Amaralina)

O Rasta, como é conhecido, aparece com Lulaladrao. 
:thinking_face:
Amigos ! Isso é muito sério! 
O cachaceiro está se alinhando com várias facções criminosas do Brasil. Devemos alertar aos isentōes para que revejam suas intenções de anular o voto. 

Apoiar Bolsonaro e esquecer essa birra inrustida por nosso presidente é o melhor caminho .",1,0,FN,0.2
KNN,4,E tem mais Católico que Votar no Bozo é Muito Burro pois o Bozo ja falou Várias vezes que so Gosta de Pessoas Terrivelmente Evangélicos igual a Flor de Liz ( que  Matou o Marido),1,0,FN,0.4
KNN,4,"Apesar de não acreditar que ele faça alguma coisa caso o stmerda coloque Luladrão como presidente, eu rezo que ele seja homem e nos defenda a todo custo.",1,0,FN,0.4
KNN,4,O que fez esse homem mudar de opinião?????? Por quê passou a defender o CANALHA LULADRÃO???? Há muita lama nessa mudança!!!! A vitória do BOLSONARO é uma necessidade de sobrevivência para todos nós!!!,1,0,FN,0.4
KNN,4,São um quadrilha de ladrão safado e badido e este povo estão cego vau sim lasca cabonho de burro nojeto safado,1,0,FN,0.4
KNN,4,"Gente eu fico chocado com essa propaganda eleitoral do Bozo. Parece que todos são anjos de candura!! Nem parece o doido que fala merda todo dia. Os marketeiriz estão de parabéns viu. É muita mentira e muita enganação. E o brasileiro esquece o que aconteceu até na semana passada pra votar nesse monstro. Aliás a monstruosidade de Bolsonaro. aumenta ainda mais com tanta fake News, hipocrisia e promessas fajutas do programa eleitoral . É muita cara de pau. O brasileiro é muuuuuito burro , meu Deus",1,0,FN,0.4
KNN,4,Só louco maldoso idiota pra Acreditar Nisso onde aie lula vai por foto dele nessa Maldição pra acabar com A vida dele Próprio. O pessoal besta ynam.,1,0,FN,0.2
KNN,4,"sai do grupo petista doente, vai para Venezuela, Cuba, Argentina, Nicarágua ou a puta que pariu, aqui vc não é bem vindo",1,0,FN,0.4
KNN,4,"No passado os Profetas
Homens santos não poderiam ""ser dúbios"" em decisão crucial 
O CASTIGO 
Era o apedrejamento até à morte. Hj a exemplo do que A CORJA DO STF FEZ À FAVOR DE LULALADRÃO É ABOMINÁVEL 

DEIXOU Á NAÇÃO EM EMINENTE GUERRA CIVIL 
Ê SE O PREÇO FOR ESSE ESPERO QUE UM SNNIPER COM O DEDO NO GATILHO Ê A MÍRA APONTADA PRIMEIRO PARA A CABEÇA DOS MINISTROS Q OCASIONARAM TÃO DESAGRADÁVEL SITUAÇÃO.

#UMSNIPPERPARAFACHIN

#UMSNIPPERPARAALEXANDREDEMORAES

#UMSNIPPERPARALULALADRÃO",1,0,FN,0.0
KNN,4,Ainda é tempo de PaiLula baixar nesse terreiro. Talvez tome vergonha naquela cara lambida.,1,0,FN,0.4
KNN,4,"DIA 30/10.., NÃO VOTE EM LULADRAO…, PROTEJA A SUA FAMÍLIA.., NÃO AS DROGAS, ABORTO, CORRUPÇÃO, AOS TROMBADINHAS DE CELULAR…, E A SUA LIBERDADE..!!!! PENSE NISSO NA HORA DE VOTAR…!!!",1,0,FN,0.0
KNN,4,"Gente, vou falar pra vcs o q eu acho

Desde o primeiro turno eu sabia q o Lula ia ganhar, é nítido, o STF e ele já estavam arquitetando tudo, vcs não acharam estranho o Bolsonaro sem fazer nada???


É óbvio que ele tá com estratégia, ele tá deixando eles fazerem e acontecer, só tá pegando provas pra exercer o artigo 142...

Bolsonaro n é burro, ele sabia que isso ia acontecer e já tava planejando isso, deixou eles pensarem que ganharam, pra chegar com tudo e prender todo mundo",1,0,FN,0.0
KNN,4,"Quem é vagabundo é você seu pau no cú, desocupado que quer voltar as mamatas, viver as custas alheia seu tranqueira. Ladrão é o bandido do LULADRÃO descondenado e você que chupa a rola dele e de outros sua bicha esquerdopata.",1,0,FN,0.4
KNN,4,Claro se vc é burro e não sabe o que é comunismo ??!:man_shrugging_light_skin_tone:,1,0,FN,0.4
KNN,4,Esse imbecil da BAND desmoralizou todos nós. Vamos compartilhar para todos esse vídeo. A Band vendeu 30% do seu Capital para a China Comunista de forma ilegal. Band de fdp!,1,0,FN,0.4
KNN,4,Tínhamos de fazer campanha para colocar o nordestino nas ruas; e é fácil é só retirar o turismo do brasileiro para o nordeste que eles irão se mobilizar.,1,0,FN,0.4
KNN,4,"NEGATIVO, TODOS PRA FRENTE DOS QUARTÉIS, ESTÃO QUERENDO ENFRAQUECER AS MANIFESTAÇÕES, SE DERRUBARMOS LULALADRÃO TODO O SISTEMA CORRUPTO CAI",1,0,FN,0.2
SGDClassifier,0,Inclusive ele criou satã para nós torturar para sempre no inferno pq sabe oq faz,1,0,FN,-11.323895396828991
SGDClassifier,0,A blogueira nem apagou a calúnia e olha só a virgem no puteiro,1,0,FN,-3.0880095500914395
SGDClassifier,0,"Pois é agora pra tirar esse canalha traidor, só daqui 8 anos.",1,0,FN,-12.261589802266801
SGDClassifier,0,O esquerdista Ciro teve um clímax com  o ataque do Bolsonaro frente ao Loola.,1,0,FN,-3.3639837942010598
SGDClassifier,0,"ÚLTIMO DEBATE DA GLOBO PRESIDENCIÁVEIS 
VAMOS ASSISTIR PELO OS CANAIS  DE DIREITA NO YOUTUBE  PRA GLOBO NÃO TER MUITA AUDIÊNCIA:chart_decreasing:",1,0,FN,-2.5790398203808396
SGDClassifier,0,Domingo é a nossa vez de varrer a esquerda do Brasil.,1,0,FN,-6.089804432515282
SGDClassifier,0,"Caraiiii 

Comparar gigante Brasil 
Com esses paiseco menos que o Acre!!!

Tá errado isso ai

Comparar com país decente!",1,0,FN,-0.21953709255879028
SGDClassifier,0,"*ESTE É O REGIME DA CHINA QUE LULA AMEAÇA TRAZER PARA O BRASIL, SÓ MORRERÃO OPERÁRIOS E OPERÁRIAS QUE NÃO AGUENTARÃO O REGIME FORÇADO DE TRABALHO ESCRAVO PRODUZINDO PRODUTOS QUE SÃO VENDIDOS PARA O MUNDO POR PREÇOS BARATOS. ENQUANTO OS RICOS SAIRIAM DO BRASIL ATÉ DEZEMBRO*.",1,0,FN,-22.915910294144425
SGDClassifier,0,":raised_fist_dark_skin_tone: *BANDEIRAÇO* :raised_fist_medium-dark_skin_tone:

:spiral_calendar: Hoje (27/09) - 16h
:round_pushpin:Av. Godofredo Maciel com Perimetral 

Galera de Fortaleza e adjacências, convidamos todas, todos e todes para juntos ocupar as ruas no bandeiraço *PSOL COM LULA* . Cola conosco por lá e vamos juntos celebrar a esperança!

*Faltam apenas 5 dias para vencermos o fascismo elegendo Lula 13 e Renato Roseno 50500.*

:raised_fist_dark_skin_tone::raised_fist_light_skin_tone::raised_fist_medium-dark_skin_tone:",1,0,FN,-2.526445372783832
SGDClassifier,0,"Você não é comunista, vc é moleque mimado criado com a vovó, dá turma você é o quê dava o :OK_hand: pros amigos e hj fuma maconha pra dizer que é macho...",1,0,FN,-38.27883719406572
SGDClassifier,0,"Kkk
Com certeza só que estamos entre os dois 
Como diz a PALAVRA DE DEUS SOMOS EMBAIXADORES DE CRISTO NA TERRA 
.....
DEVEMOS TER A MENTE DE CTISTO""!
Quando vc vota é confirma para Deus vc manda o recado de que concorda com aquilo que o candidato pensa..
Enquanto Lula quer a destruição da família, liberação do aborto e das drogas, cartilha das drogas e LGBTQIA+ nas escolas com banheiro trigenero, ou seja sua filha vai usar banheiro junto com marmanjo...
E ai... Lula quer aprovar no congresso leis que impedem vc evangelizar no Brasil coisa que já acontece em vários países de esquerda com presidentes amigos de Lula...
Citamos a Nicarágua agora...
Na França se vc evangelizar na rua paga multa para o governo..
EUA já não se pode ler a Bíblia fora da Igreja...
Nas praças...
Etc",1,0,FN,-8.08445414349719
SGDClassifier,0,A mulherzinha que ganhou a eleição usando o nome de Bolsonaro ficou stressadinha kkkk,1,0,FN,-16.505228905982435
SGDClassifier,0,Esse é um recalcado comunista contra Deus contra igreja … e a figura do maligno aqui na terra,1,0,FN,-48.47412273211107
SGDClassifier,0,"*UMA PIADA*

O filho do PETISTA (brasileiro nato) nasceu e ele ficou muito feliz, pois o que mais desejava era um filho. A mulher (brasileira nata) do PETISTA ficou de repouso pós parto e tomava sopinha no canudinho, diga-se de passagem, preparada pelo próprio PETISTA, bem como todos os dias o mesmo dizia que a amava e estava muito feliz.
Um belo dia, o PETISTA percebeu que seu filho não abria os olhos e muito preocupado foi consultar o médico que fez o parto:
PETISTA: - ""Dr, tem algo estranho com meu filho,  ele não abre o olho""
O médico, muito constrangido disse:
- ""Quem tem que abrir o olho é o Sr""
:rolling_on_the_floor_laughing::rolling_on_the_floor_laughing::rolling_on_the_floor_laughing::rolling_on_the_floor_laughing::face_with_tears_of_joy::face_with_tears_of_joy::face_with_tears_of_joy::face_with_tears_of_joy::face_with_tears_of_joy::face_with_tears_of_joy:",1,0,FN,-27.184133884274566
SGDClassifier,0,Gado agressivo.,1,0,FN,-6.028115827330913
SGDClassifier,0,O queria saber o porquê que na esquerda só tem mulheres feias...parecem dragões,1,0,FN,-0.7862822768261224
SGDClassifier,0,"Mas que na esquerda as mulheres parecem dragões, isso não se pode negar",1,0,FN,-7.38763738792515
SGDClassifier,0,O PROJETO DA ESQUERDA É  FUDER O BRASIL:backhand_index_pointing_up::backhand_index_pointing_up::backhand_index_pointing_up::rolling_on_the_floor_laughing::rolling_on_the_floor_laughing::rolling_on_the_floor_laughing::rolling_on_the_floor_laughing::rolling_on_the_floor_laughing::rolling_on_the_floor_laughing:E BENEFICIAR OS AMIGUINHOS COMUNISTAS  FDP,1,0,FN,-0.034661236630975534
SGDClassifier,0,Esse aí independente das falácia que nego costuma falar pior é a roubalheira que o Lula cometeu contra o nosso país Eduardo Costa é um dos grande apoiadores de Jair Messias bolsonaro,1,0,FN,-33.97310233313372
SGDClassifier,0,"Manda o Felipe Neto ir pra puta que o pariu, amanhã é dia de eleição, quem é esse moleque, ele é candidato a que? Acordem, postem essas merdas não, amanhã é tudo ou Venezuela...",1,0,FN,-40.432642649579286
SGDClassifier,0,"A HORA E ESSA PATRIOTAS VAMOS NOS LIVRAR DESSES BANDIDOS SANGUESSUGAS QUE ESCRAVISAR NOSSO POVO , DEUS ACIMA DE TUDO, BRASIL ACIMA DE TODOS ...",1,0,FN,-37.91841126081854
SGDClassifier,0,"Bom dia à todos! 
Se você Acredita em DEUS, na Pátria, na Família, na Paz e Prosperidade, então deve estar consciente que HOJE venceremos o SATANÁS e Seus SEGUIDORES.",1,0,FN,-13.851563621334595
SGDClassifier,0,"Não entendo como um ladrao consegue ganhar tantos votos,  Novamente o povo escolhe o ladrao!!! e deixa Jesus na saudade!!! A História se repete!!:enraged_face::enraged_face::enraged_face::enraged_face:",1,0,FN,-25.37825120066116
SGDClassifier,0,"~ Você que é Cristão precisa repassar este vídeo da filha do Lula agradecendo a maçonaria pela liberdade do Lula como também os vídeos relacionados à blasfêmia do Lula contra Jesus e ele no centro de Umbanda! :red_exclamation_mark::red_exclamation_mark::red_exclamation_mark::double_exclamation_mark:

~ Querem destruir o Brasil ao máximo e tirar o Bolsonaro de jogada! Criam edições e falsas imagens como fizeram do Ciro Gomes ao lado de Bolsonaro! Como também fizeram uma nova investida contra o Bolsonaro!

Vídeo Deep Fake: Uma tática muito utilizada para meter candidatos onde não estão como também falar coisas que ele não falou!

O que a mulher no centro de Umband diz à Lula? Simples: xanobal é proveniente de baal, a antiga serpente. 

Todas as lideranças mundiais que são à favor dos LGBTs, Abortos e a destruição da igreja como a perseguição do exercício da fé!

Como a ministra espanhola da igualdade ligada aos governos apoiantes de Lula quer liberar a pedofilia!
Como PCC comemorou a vitória de Lula no primeiro turno!
~ Compartilhem à todos os contatos e grupos! :Brazil:",1,0,FN,-16.802889474165937
SGDClassifier,0,"Mulher de Lula posta foto com pomba-gira, xangô, preto velho e se declara ser da umbanda - Folha da Política:link:",1,0,FN,-14.91944842047547
SGDClassifier,0,Enquanto vocês se preocupam com castiga gay mamadeira de piroca bolsonaro tá usando a PEC para desviar dinheiro da educação nesse momento e se fazer na eleição pesquisa lá já que tu gosta de pesquisa kkkk,1,0,FN,-96.29580879635864
SGDClassifier,0,Esse cara está ajudando o aleijado das mãos a se eleger.,1,0,FN,-0.621510915762518
SGDClassifier,0,Tem até gay apoiando Bolsomaro aqui. Poderiam explicar as falas dele contra gays aqui :backhand_index_pointing_down::backhand_index_pointing_down::backhand_index_pointing_down:,1,0,FN,-43.880721725400626
SGDClassifier,0,E por isso lula vai ganhar ..um bando de acéfalo defendendo a polícia que cumpre ordem ilegal!  Deixa com luladrao que aí sim ficará tudo bem ! Um bando de asno que defende a polícia e Alexandre de Moraes !,1,0,FN,-28.411104525804305
SGDClassifier,0,"Tudo bandido e insanos, comunista, fascista, doente. Deus vai fazer justiça. Em nome de Jesus",1,0,FN,-39.805295010727136
SGDClassifier,0,"pelo tipo de pessoas vc  e gay e adora dar o cu pra todo mundo que pagar 1real, seu deficit e de rola no cu  vc nao vive  sem isso kkkkkkkkkkkkkkkkkkkk posiçao  significante é da sua mae que fica de 4  pra dar o cu  fale pra sua mae procurar ajuda ela esta arrombada!!",1,0,FN,-14.365459470922552
SGDClassifier,0,Como um cidadão que diz ser cristão vota num candidato que apoia invasão de terra dos outros de casas apoia os costumes lgbt legalização de drogas e de ladrões de celulares etc que Jesus é esse,1,0,FN,-13.23684102121554
SGDClassifier,1,"Mais uma vez o PT= Partido das Trevas apela ao MP para proibir as escolas de ensinar as crianças a rezar o Pai nosso, Oração ensinada pelo próprio Jesus. 

O PT tenta de todas as formas acabar com a Religião em Todo Brasil.",1,0,FN,-3.5240482791756285
SGDClassifier,1,"Quando terminar essa eleição vamos fazer uma festa para recuperar as amizades perdidas e as brigas familiares.
-Quem votou no bolsonaro traz a carne e a cerveja.
-Quem votou em branco traga frango e linguiça.
-Quem anulou o voto traga pão de alho e coração.
-Quem faltou na votação traga gelo e carvão. 
-E quem votou no PT não precisa vir.",1,0,FN,-39.221572310054036
SGDClassifier,1,"Oi estou vendo que vc acha que me sentiria ofendido por sua colocação, mas vamos lá, tirando a clara baixeza de seu argumento, aonde precisa tentar ofender, um esforço deveras patético para uma pessoa que quer se dispor como alguém de alguma forma superior a outra, então vamos pela lei de Cristo somos todos irmãos e irmãs e todos iguais perante a Deus, não cabendo condenar ninguém.

Também há a questão que mesmo na Bíblia calúnia e difamação é um ato criminoso ao qual é muito mal visto então se já passamos uma pá de cal sobre esse seu infeliz pronunciamento.

Não, não sou homo sexual, não tenho qualquer trejeitos delicado e muito menos sou destemperado e barraqueiro.

Também não estou em cima de qualquer muro, me coloco aqui em uma posição clara entre Belzebu e Baphomet eu não fico com nenhum, anjos caídos não se arrependem de seus pecados e este é o caso destes dois déspotas.",1,0,FN,-17.287485490637067
SGDClassifier,1,"Isso, vamos postar isso o tempo todo, até a boiada entender quem é o safado, ladrão, facista, genocida e etc…",1,0,FN,-13.981251590677822
SGDClassifier,1,"Garota inteligente e muito patriota, mas com certeza ela teria que ter alguém à protegendo onde ela for, porque a esquerda da universidade não irão perdoar essa Super Guerreira :Brazil::folded_hands_light_skin_tone::Brazil:. São de jovens iguais que o Brasil :Brazil:precisa :clapping_hands::thumbs_up:",1,0,FN,-10.841692327807406
SGDClassifier,1,Se fosse vermelha a reação  da globolixo seria a mesma? Claro que não,1,0,FN,-24.920974782238638
SGDClassifier,1,"Quem é de Direita nem assiste essa emissora lixo , literalmente.",1,0,FN,-9.08712332085861
SGDClassifier,1,"ESSE SUJEITO É PSICOPATA, DOENTE, NÃO SE ENXERGA
COMO FALA MERDA....
ALÉM DE SER UM PINGUÇO CACHACEIRO É UM MENTIROSO E TOTALMENTE DESCOLADO DA REALIDADE.... TOTALMENTE DESCOLADO DA REALIDADE
É MUITO DOENTE.... UMA ESCÓRIA",1,0,FN,-7.428655495858047
SGDClassifier,1,"Vamos combater a esquerda até vencermos essa guerra. 
SALVE NOSSO CONTATO 

Vote nos candidatos do Bolsonaro :Brazil: :Brazil: :Brazil: :Brazil: :Brazil: :Brazil:

* Deputado Federal: Coronel Malabarba 44.00

* Deputado Estadual: Ruy Irigaray BOLSONARO 44.000

* Presidente: Jair Bolsonaro 22
",1,0,FN,-61.309859828225854
SGDClassifier,1,"*""Quando a então poderosíssima União Soviética invadiu a pequena Finlândia, o pai do missionário Eurico Bergsten, que servia no Brasil, repetia sem cessar a oração: “Deus, salve a Finlândia”.* 
*Ao acordar de manhã, ao tomar café, ao almoçar e a todo momento, durante todo dia, ele orava: “Deus, salve a Finlândia”.*
*E milagre aconteceu. O poderoso inimigo foi derrotado, e a Finlândia cristã foi liberta do comunismo. Façamos o mesmo pelo Brasil. Que a nossa oração incessante, a partir de agora, seja: “Deus, salve o Brasil”. Ao acordar, ao tomar café, ao almoçar e todo momento, que esse clamor esteja no seu coração e nos seus lábios: “Deus, salve o Brasil”. O milagre acontecerá. Ele ama o Brasil!""*
*Deus abençoe a todos!*   :woman_bowing::woman_bowing::woman_bowing::yellow_heart::green_heart::Brazil:🇷:Israel:🇱 
       *COMPARTILHE ESTA MENSAGEM*",1,0,FN,-5.061732089435068
SGDClassifier,1,"Já estão preparados para o golpe da esquerda  ???
:pensive_face::loudly_crying_face:
Não vejo outro cenário...

Aqui no RN , vai ser proibido todo tipo de forças policiais e  etc.. 
Por perto das zonas eleitorais...

 Sempre se soube que eleição é perigoso pois sempre alguém vem cobrar contas com seus desafetos e por aí vai , imagina como vai ser domingo...

Que Deus nos proteja :folded_hands_light_skin_tone::raising_hands_light_skin_tone::folded_hands_light_skin_tone::raising_hands_light_skin_tone::folded_hands_light_skin_tone:",1,0,FN,-9.460471069950813
SGDClassifier,1,Bicho estou louco aqui. Alguém chegou a ler o que o bandido de nove dedos escreveu???,1,0,FN,-21.733896536520625
SGDClassifier,1,"Um infeliz desse ainda qer se reeleger
Só sifor no inferno q e lugar de cão",1,0,FN,-9.256376119449216
SGDClassifier,1,"Isto aconteceu em 2018, na véspera do segundo turno
Quando Bolsonaro ganhou, a petezada sumiu. Pararam as invasões de imóveis",1,0,FN,-9.185221660497936
SGDClassifier,1,":backhand_index_pointing_up::backhand_index_pointing_up::backhand_index_pointing_up:
""Artistas acreditam que se tiverem benesses financeiras tudo vale...
Este oportunismo surgiu com a associação PT e artistas, que foram comprados para fazerem ""propaganda"" da esquerda.""

*Fonte:* Canal Layla Fiuza",1,0,FN,-9.899828359010755
SGDClassifier,1,Olha o tipo de gente que vota no ex-presidiario. Na verdade eles que financiam a campanha dele e de outros candidatos de esquerda. A quem interessa ver o maior bandido do Brasil de volta? Pelas nossas famílias e pelo futuro dos nossos filhos vamos de BOLSONARO 22 :Brazil::Brazil::Brazil::Brazil::Brazil::Brazil::Brazil::Brazil::Brazil::Brazil::Brazil::Brazil:,1,0,FN,-5.309205805105794
SGDClassifier,1,"Sim. A ação contra bandidos deve ser enérgica. Entre tombar um bandido ou um cidadão de bem que tombe o bandido. Mas,e os números mostram isso_ não é só o bandido que deve ser combatido, mas o crime e o crime é um fato social com uma série de fatores criminógenos: desigualdade, base familiar, falência da educação formal ,entre outros.
Esperar que o crime diminua simplesmente eliminando criminosos é como supor que um balde sob a goteira resolverá o problema da telha destruída.",1,0,FN,-27.970737067600737
SGDClassifier,1,"GENTEEE, ESSE LADRA DO LULA ESTA MUITO TRANQUILO COM A VITÓRIA DELE,  TEM ARMAÇÃO POR AÍ. VAMOS ORAR E PEDIR A DEUS QUE CANCELE TODA AÇÃO DO MAL QUE ESTIVER ARMADO PARA AS NOSSAS ELEIÇÕES.",1,0,FN,-9.217726705440084
SGDClassifier,1,"O Adélio é cria da Globo. E vão cutucar ainda mais? Como diz minha mãe, o diabo ensina fazer a panela, mas não a tampa. Vem castigo a cavalo pra eles. :enraged_face::enraged_face:",1,0,FN,-6.81785997399024
SGDClassifier,1,É SÓ TROCAR  O NOME BOLSONARO POR LULADRAO :backhand_index_pointing_up::backhand_index_pointing_up::backhand_index_pointing_up::rolling_on_the_floor_laughing::rolling_on_the_floor_laughing::rolling_on_the_floor_laughing::rolling_on_the_floor_laughing:A ANÁLISE FICA. REAL E VERDADEIRA :rolling_on_the_floor_laughing::rolling_on_the_floor_laughing:,1,0,FN,-12.747611902158061
SGDClassifier,1,"Não vai dar Ciro dessa vez.
Mas se você gosta do Ciro, quer dizer que você é mais próximo do Lula que do Boçal genocida. Então vem de Lula logo e vamos fechar o caixão do Biroliro no primeiro turno",1,0,FN,-45.33258458828221
SGDClassifier,1,"*CONCLAMAMOS A TODOS OS CIDADÃOS E CIDADÃS DE BEM DA NOSSA NAÇÃO.* 
*JOVENS E CRIANÇAS, ADULTOS E IDOSOS,* PARA COMPARECEREM AS URNAS, *NESTE PRÓXIMO DOMINGO, NO DIA GLORIOSO 02 DE OUTUBRO DE 2022,* VESTINDO AS CORES *VERDE E AMARELO.*
CATÓLICOS E EVANGÉLICOS, *PRECISAMOS NOS UNIR CONTRA UM INIMIGO COMUM,* O COMUNISMO E O SOCIALISMO.
*BRASIL ACIMA DE TUDO, DEUS ACIMA DE TODOS.* :index_pointing_up::index_pointing_up::index_pointing_up:",1,0,FN,-50.04930544425505
SGDClassifier,1,Já disse aqui que o deus dos bolsonarentos é Mamon?,1,0,FN,-24.723077919588164
SGDClassifier,1,"*Padre Kelmon sofre atentado e morre , petista mata padre a mando de Lula , isso que vcs querem brasileiros ?? Acordem não aceitem esse terrorismo da esquerda*",1,0,FN,-2.7578600024081203
SGDClassifier,1,Ceara hj a noite  01/10/22 o velho ladrão vai toma uma trolhada no rabo que vai perder ate as pregas :face_with_tears_of_joy::face_with_tears_of_joy::face_with_tears_of_joy::face_with_tears_of_joy::face_with_tears_of_joy::face_with_tears_of_joy::face_with_tears_of_joy:,1,0,FN,-8.724923812569747
SGDClassifier,1,":cloud_with_lightning:

:Russia: Citação de Vladimir Putin:
""Prefiro ser enforcado por lealdade do que recompensado por traição!""

PALAVRAS IMPORTANTES DE PUTIN AO POVO

Putin: Cidadãos do mundo, falo com vocês sabendo que minha mensagem será distorcida e enquadrada. Estou sendo feito um perpetrador, mas só queria proteger meu povo que está sob ataque há mais de 10 anos. Não sou contra os cidadãos da Europa, são os vossos dirigentes que estão contra vós!

Esta é a sua chamada de despertar. Os nazistas venceram a Segunda Guerra Mundial!

Os líderes da UE são nazistas e você está bem ciente disso.

É o mesmo clube, com a mesma abordagem, que outros estados escravistas. Eles ignoram a sua e a minha opinião. Por que eu explodiria minhas próprias linhas de gás?

Eu posso simplesmente fechar a torneira. Essas alegações contra a Rússia são muito fáceis de desmascarar. Quem está bombardeando a usina nuclear?

A Europa é governada por nazistas que adoram Satanás!",1,0,FN,-9.681146255717989
SGDClassifier,1,Tão tudo caladinho os Bolsominion,1,0,FN,-2.7825141422183877
SGDClassifier,1,Nordestino tem é que vende capa de volante e tomar água do pipa pra sempre,1,0,FN,-3.9400618587181904
SGDClassifier,1,"Mano sou nordestino e concordo cntg véi sério, pq umas disgraça que sofre tanto ainda vota nesse cão",1,0,FN,-0.9715607949739709
SGDClassifier,1,"Deus E Deus De Surpresas , Confia Gente , Esse Comunista Não Vai Voltar Ao Poder",1,0,FN,-15.299458632022379
SGDClassifier,1,Calma loira...o décimo dedo do luladrão está aí na sua ......,1,0,FN,-138.21996784576754
SGDClassifier,1,"Ha 2000 anos o povo escolhe o ladrao. Ontem não foi diferente. Triste ver tanta gente ou ignorante e sem acesso à informaçãode qualidade ou desprovido de valores éticos e morais. Mas não adianta só reclamar. Temos que sair da nossa zona de conforto e lutar, garimpar votos etc onde quer que seja. Que Deus nos proteja do mal.",1,0,FN,-33.42721274758864
SGDClassifier,1,Esse professa com certeza vai ficar só no cheirinho do tão sonhado kite gay na sua escola:face_with_tears_of_joy::face_with_tears_of_joy: Bolsonaro reeleito mais 4 ano garantido sem esse kite gay nas escolas :folded_hands::folded_hands:,1,0,FN,-82.45711055900972
SGDClassifier,1,Contra o casamento gay nas igrejas católicas e evangélica imagina um padre ou um pastor casar um gay nas igrejas,1,0,FN,-1.6250723284806416
SGDClassifier,1,"Esse já era luladrao, sempre foi, quem é Bolsonaro é fiel não muda nunca, isso é um palhaço de esquerda querendo confundir a cabeça dos nordestinos",1,0,FN,-1.8800488548745684
SGDClassifier,1,"Rapa, se existe o Kit gay quando tu estudava seria até bom pra vc. Pra não ter essa postura enrustida ! Assuma essa porra, caralho !",1,0,FN,-7.27160960761395
SGDClassifier,1,Estão tudo doido pela lei rounet esses artistas e jornalista comunista.  Teta do governo que e o pt dá para esse povo que já são rico milionários.,1,0,FN,-138.9350110567224
SGDClassifier,1,Vídeo muito bom. Por quê o socialismo não dá certo em lugar nenhum do mundo. Visto que a base vem do comunismo. Que foi criado por um vagabundo que nunca trabalhou na vida.,1,0,FN,-8.233391998830497
SGDClassifier,1,"Que todos se conscientizem de que: nesse momento o mais importante é coletar informações e estratégias nos grupos e levá-las para fora dos grupos - levá-las a todos os isentões, àqueles que vão à praia no dia do voto, àqueles que porventura vão votar errado (votar no criminoso) - de nada adianta participar de um grupo se não fizer isso - e hastear a Bandeira do Brasil para fora de todas as janelas do  nosso imenso território nacional é de suma importância para dar visibilidade ao nosso desejo: Liberdade, Deus, Pátria e família - o mundo precisa conhecer o nosso desejo - é necessário que todos compreendam o risco que estamos correndo - lutamos pela liberdade, contra o comunismo escravagista e genocida. Que Deus nos abençoe.",1,0,FN,-58.408854735155906
SGDClassifier,1,"Cara de onde vc conseguiu tirar tal conclusão? E pare com risadinha forçada soa ridículo parece um retardado.

Vamo lá sem desviar, deixe de ser esse covarde e não fuja do assunto.

Bolsonaro disse que participaria de um ritual indigna que ia comer carne humana?",1,0,FN,-264.77371058767216
SGDClassifier,1,LULADRAO VAI POR O DOLAR A 40 REAIS :rolling_on_the_floor_laughing::rolling_on_the_floor_laughing::rolling_on_the_floor_laughing::rolling_on_the_floor_laughing::rolling_on_the_floor_laughing::rolling_on_the_floor_laughing::rolling_on_the_floor_laughing::rolling_on_the_floor_laughing::rolling_on_the_floor_laughing:E INFLAÇÃO A 100%,1,0,FN,-12.964813310259588
SGDClassifier,1,"Hahahaha mas não preciso procurar, mas cara não precisa esconder seus desejos ninguém aqui liga para essa sua homoafetividade irrustida  mesmo sendo bolsominion ninguém aqui vai te cobrar coerência, afinal como cobrar coerência de quem ataca petista mas acha que Bolsonaro é justo honesto e imbrochavel. Fala ce tava lá enchendo a boca para ficar gritando ""imbrochável"" para seu mito.

Que bonitinho",1,0,FN,-7.5237788218034805
SGDClassifier,1,"Faço isso! 
Todo material que denigre a imagem desse bandido e sua corja bem como as mazelas que já fez e ainda pretende fazer, eu envio a aqueles que ainda teimam em dizer que Lulaladrao não é Lulaladrao! 
Recebo vários “elogios”, mas continuo na luta por, quem sabe, uma mudança de pensamento!",1,0,FN,-1.5687758605576954
SGDClassifier,1,LULADRAO com boné do traficante mister m fdm,1,0,FN,-6.067018058564072
SGDClassifier,1,Olha o que a Ptezada andam aprontando na rua. ESTÃO PENSANDO QUE LULADRAO JA GANHOU E ESTÃO SAIDO PRA RUA APRONTA.           DEUS NOS LIVRE DESSES BANDIDOS.,1,0,FN,-9.525937706702967
SGDClassifier,1,"O candidato mais amado pelo sistema, pelos corruptos, pelos traficantes, pelos LGBTs, pelos satanistas e tudo que é imoral. Esse não pode ser meu candidato!",1,0,FN,-279.1517028538077
SGDClassifier,1,JOVEM PAN É SENSURADA NÃO  PODEMOS MAIS CHAMAR O LULADRAO PELO QUE ELE É  E FAZ MAS PELO QUE  OS TOGADOS QUEREM ESTADO DE DITADURA,1,0,FN,-32.277730980834725
SGDClassifier,1,"Agora eu entendo pq, entre o primeiro turno e o segundo, teremos 4 semanas e não 3 como de costume. Dia 30 é um Domingo. Dia 29 é um sábado e 28 é uma sexta-feira. Dia do Funcionário Público. Com o de costume, feriado para o funcionalismo público. Eleição dia 30. Dia 01 de Novembro provável feriado/ponto facultativo e, dia 02/11, Finados. Outro feriado. Feriadão de 5 dias com uma eleição no meio. Quem viaja num feriadão? Eleitores do Bolsonaro ou eleitores do Luladrao? Abstenção severa? A quem vai beneficiar? Muita coincidência ou armação? Não vamos viajar. Vamos votar. Para reflexão.

:flushed_face::flushed_face::flushed_face::flushed_face::flushed_face::flushed_face::flushed_face::backhand_index_pointing_up::backhand_index_pointing_up::backhand_index_pointing_up::backhand_index_pointing_up::backhand_index_pointing_up:",1,0,FN,-2.337316333116996
SGDClassifier,1,":megaphone::keycap_2::keycap_2::Brazil: *ATENÇÃO MUITA ATENÇÃO.* :Brazil::keycap_2::keycap_2::megaphone:

*Viagens em feriadão impensado irá nos CUSTAR 4 anos, talvez sem trabalho e sem dinheiro para viajar*

*Agora eu entendo pq, entre o primeiro turno e o segundo, teremos 4 semanas e não 3 como de costume. Dia 30 é um Domingo. Dia 29 é um sábado e 28 é uma sexta-feira. Dia do Funcionário Público. Com o de costume, feriado para o funcionalismo público. Eleição dia 30. Dia 01 de Novembro provável feriado/ponto facultativo e, dia 02/11, Finados. Outro feriado. Feriadão de 5 dias com uma eleição no meio. Quem viaja num feriadão? Eleitores do Bolsonaro ou eleitores do Luladrao? Abstenção severa? A quem vai beneficiar? Muita coincidência ou armação? Não vamos viajar. Vamos votar. Para reflexão.*:oncoming_fist::Brazil:",1,0,FN,-16.821208195824077
SGDClassifier,1,Não é a toa que lgbts maioria de esquerda são os que mais cometem pedofilia,1,0,FN,-6.439458517084965
SGDClassifier,1,"Daqui a pouco petista vai inventar que estão estressadas por causa da TPM sendo homem .
Pqp",1,0,FN,-185.53611951563337
SGDClassifier,1,TALVEZ  NÃO  VAI  TER  NADA  DIA TRINTA  SO VAI  DIA TRINTA  DE NOVEMBRO  DESCUBRIU  FRAUDES   CAMPANHA  DO NOSSO PRESIDENTE JAIR  O PARTIDO  DO LULADRAO  ÉSTAR ENVOLVIDO  TA DANDO  NA TV JOVEM PAN  OS DEPUTADOS  ESTÃO  QUERENDO  MUDA PRA O S JAIR  BOLSONARIO  NÃO  FICAR  NO PREJUÍZO,1,0,FN,-28.00186904107219
SGDClassifier,1,Como podemos aceitar um sociopata e ex presidiário para governar o nosso país????? Fora Lula!!!,1,0,FN,-3.2370676484407004
SGDClassifier,1,"Gente ontem eu estava no Rio e este é o folder que estavam distribuindo . Agora não tem como falarem que isso é FAKE . E eu pergunto : vcs realmente votarão num homem que quer liberar as drogas ordenamente deve ser por ordem . Ora libera a cocaina , depois na ordem segue a maconha , etc . Prestem atenção da Frase:ESTÁ LIVRE DE MOVIMENTOS CRISTÃOS . Eu sou uma serva do senhor e não posso concordar com isso  . Creio em Deus e que ele vive . E só Deus pode dar e tirar a vida . Então, como posso ser a favor DA LIBERDADE DO ABORTO ? Gente nem vou falar mas nada . No restaurante onde eu estava com alguns amigos e amigas  Se tornou insuportável quando começou o debate . Sabe por que? Por que algumas pessoas que são todos apoiados do Lula, os mesmo que estavam destrubuindo estes panfletos e adesivos ,começaram a gritar e gritar muito. Surtaram !!!!! várias pessoas ficaram assustadas E em sua maioria eram LGBTs. Que começaram a escandalizar o local . Não estou descriminado ninguém.",1,0,FN,-126.54453534955638
SGDClassifier,1,"*Quem for de são Paulo e outras regiões e tiver empresa, não contratem NORDESTINOS. Eu sou uma Nordestina Piauiense. Porém, não me conformo eles acabarem com nosso Estado e ir procurar emprego fora.*",1,0,FN,-3.6654322009321416
SGDClassifier,1,"Tb acho, empresários, não contratem nordestino,  bom que eles ficam lá morrendo  de fome",1,0,FN,-5.530680308138029
SGDClassifier,1,A CASA CAIU!!!  OS NORDESTINO AGORA ESTÁ MOSTRANDO QUEM VAI COMER CAPIM.  INGUINORANTE DAS DESGRAÇA :Brazil::Brazil::Brazil::Brazil::Brazil:,1,0,FN,-19.58363975693176
SGDClassifier,1,"Não está sendo fácil digerir essas histórias em que o estádio mane garrincha já teria sido reservado para posse do Lula bem antes mesmo das eleições do 2º turno e também aquela imagem da rede esgoto mostrando vitória do Lulaladrao bem como as gravações de final de ano com Lula eleito!!! 
Tem caroço nesse angu! :thinking_face::man_shrugging_medium-light_skin_tone:",1,0,FN,-5.579850617602499
SGDClassifier,1,"Eu, assim como muitos eleitores de Bolsonaro, nao confio nesse site “boatos”.
Faz parte da mesma corja de sites tipo “tabu” que também já foi desmascarado pois seu criador era defensor ferrenho dos Lulaladrao! 
Todos nós sabemos que os banqueiros tomaram muito prejuízo, isto é, deixaram de faturar milhões com as transações do pix por serem isentas de taxas.
Um dos requisitos mostrados pelos banqueiros para apoiar o molusco era justamente a taxação das transações bancárias bem como fim dos bancos virtuais!!!",1,0,FN,-12.089009548125242
SGDClassifier,2,":keycap_2:

15. Em outras palavras, as emendas do relator podem até ser criticadas, mas apenas numa lógica de eficiência do gasto público, questionando se os parlamentares direciom os recursos para as áreas que mais precisam, e nunca por configurar compra de apoio, como ocorria no Mensalão.

16. Pior: para conseguir apoio, Lula e o PT usavam emendas; loteavam ministérios e estatais, entregando parcelas muito maiores do orçamento nas mãos dos partidos; e ainda desviavam dinheiro público para comprar parlamentares e anular o Legislativo. Era tudo ao mesmo tempo!

17. Então, da próxima vez que você encontrar alguém malandramente tentando comparar as duas coisas, deixe claro que o Mensalão foi um esquema criminoso e um golpe contra o Legislativo enquanto o tal ""Orçamento Secreto"" é, no máximo, uma forma menos eficiente de alocar recursos.",1,0,FN,-2.194565889245014
SGDClassifier,2,"Agora Bolsonaro arranjou uma casa de um cidadão normal, humilde para fazer live...
É disso que o povo gosta :beaming_face_with_smiling_eyes:
Só falta mesmo ele fazer live com a Michelle interpretando em libras, e o Molusco corta o resto dos 9 tentáculos ...:thumbs_up::sweat_droplets:",1,0,FN,-7.3036303484905005
SGDClassifier,2,O ex presidiário se ausenta de mas uma entrevista... mas na Globo ele ta confirmado.. algo estranho ? :face_with_tears_of_joy:,1,0,FN,-19.441033683583793
SGDClassifier,2,"Um dia eu estava em um grupo de colegas com ideologia da esquerda e fiz um pedido de emprego para ser jardineiro para um amigo que teve problemas com a justiça, tinha sido preso, era alcoólatra e às vezes mentia. Falei que ele era gente boa e estava passando por uma fase difícil. Todos os colegas refutaram o meu pedido dizendo, Eduardo, assim fica difícil contratar um cara desses. Tenho filho pequeno e não confio.
Expliquei que se para ser jardineiro ele era tão criterioso, por que não para ser o presidente da República, uma vez que os atributos tidos como negativos eram os mesmos?
Cri-cri-cri.. o grilo cantou",1,0,FN,-2.020546178595627
SGDClassifier,2,"COMBATE AO ATIVISMO LGBT Infelizmente, grupos de pressão, que sequestram pautas identitárias, querem subverter a noção de igualdade e garantir favorecimentos para si em detrimento do restante da sociedade. É o caso, por exemplo, do movimento LGBT, que em Salvador ameaça os comerciantes e busca, a seu bel prazer, criminalizar quem não os coloca sobre um pedestal. Como vereador, lutei contra as medidas autoritárias do ativismo LGBT que queriam multar donos de estabelecimentos comerciais de forma injusta. Somos todos iguais perante à lei e, principalmente, a Deus. Peço seu voto agora para deputado estadual! Comprarei essa briga para proteger os comerciantes e as famílias de toda Bahia. 

#CezarLeite
#DeputadoEstadual
:keycap_2::keycap_0::keycap_0::keycap_2::keycap_2::check_mark_button::Brazil:

#CL20022
#20022
#LeiteNelesBahia 
#CezarLeite20022
#TimeCezarLeite
#BolsoLeite20022 
#Bolsonaro22
#Roma22
#Raissa222",1,0,FN,-1.3086687066658045
SGDClassifier,2,"A matéria do New York Times diz: ""Líderes políticos de esquerda e grande parte da imprensa e do público brasileiro apoiaram amplamente as ações de Moraes como medidas necessárias para combater a ameaça singular representada por Bolsonaro.

Mas muitos juristas dizem que as demonstrações de força de Moraes, sob a bandeira de salvar a democracia, estão ameaçando empurrar o país para uma queda antidemocrática.",1,0,FN,-3.206222685881348
SGDClassifier,2,Juazeiro é uma cidade cheia de cabide de emprego que a esquerda adora fazer.,1,0,FN,-8.549979049525101
SGDClassifier,2,"Votem como cristãos! Diante do Senhor NÃO vote na esquerda comunista que apoia o ABORTO, e todas ideologias malignas",1,0,FN,-73.88848412790803
SGDClassifier,2,"Capaz do Lula encontrar o Palácio todo cagado, com móveis históricos quebrados, livros raros mofados em algum porão, objetos furtados, louça suja na pia, merda na privada que alguém não deu descarga... sabe como essa gente é, né?!",1,0,FN,-19.834017487533867
SGDClassifier,2,"Você não vota no Lula, dar pra ver pelo seu linguajar preconceituoso e racista, *o termo mula se fere a pessoas inferteis como as mulas, é.um linguajar usado por racistas para se desfazerem dos pardos que são descendentes de brancos e negros.*",1,0,FN,-57.94178601067657
SGDClassifier,2,"*não é Fake News!*
Zema está com Lula!
Zema nao está com o presidente Bolsonaro. Parabéns a ""direita"" que vai deixar de votar no Viana (indicado pelo presidente) para votar em candidatos alinhados com a Esquerda, inclusive com bandidos que roubaram a nação. O resultado é esse.:backhand_index_pointing_up_light_skin_tone:",1,0,FN,-5.900633307880884
SGDClassifier,2,"Abrem os olhos , não pensem só no momento , pensem nas futuras gerações , não queiram pra eles o que não quer pra vcs hoje , esquerda é a destruição da família , amanhã votem consciente, sejam maduros , inteligentes , abraços",1,0,FN,-3.9804230821486697
SGDClassifier,2,"Urna batizada meus amigos
Ele satanás não tem tantos eleitores assim!",1,0,FN,-3.820316194814096
SGDClassifier,2,"Bolsonarista: Marcha p Jesus
Petistas: Marcha p maconha
De qual lado vc está?",1,0,FN,-13.00751352362594
SGDClassifier,2,"Hahahaha seres humanos burros perdem os status de humanos e merecem der destruídos.

Desculpe não reviso meus textos de what's e nem acredito que deveria, mas há um erro de grafia e o de digitação e a nobre criatura superior é incapaz de verificar a proximidade das mesma.

Sua ânsia inquisitorial contra opositores e de uma pequenez surpreendente pois mesmo o mais simples incapazes de escrever com a vossa maestria na língua de camões tem um raciocínio mais apurado para a lógica e a razão.

Ah o senhor é um fracasso no discurso pois só consegue ofender, e cara eu não sou nem petista nem bolsonarista e quero que os dois se exploda, minha crítica está muito clara e bem pontuada e o senhor não é nenhuma anta e sabe muito bem, mas me parece muito desonesto ficar tentando desmerecer o outro e fugir do debate, debate é embate de ideias não de pessoas",1,0,FN,-34.27158061398572
SGDClassifier,2,"Se vc pensa que é policial, principalmente veterano e não vai perder seu direito a legítima defesa?! Esqueça, arma só do Estado  com o policial em serviço operacional, ao término deverá devolver a arma ao cofre ou reserva do quartel/ delegacia, e voltar pra casa desarmado e rezar para não ser ""justiçado"" pelos parceiros do Luladrão e braço armado deste partido  das trevas e membro das facções da sua área residencial.
PT é contra vc  policial
#VaidarPTnasegurança",1,0,FN,-73.49068583842404
SGDClassifier,2,Fora bozo adorador do bode capa preta,1,0,FN,-68.35248007526349
SGDClassifier,2,O ÚNICO POBRE BRASILEIRO QUE O LULADRAO TIROU DA POBREZA O FILHO DELE LULINHA CATADOR DE BOSTA DE ELEFANTE EM DUBAI NA ARÁBIA SAUDITA COM UMA FERRARI BANHADA A OURO VEJAM,1,0,FN,-87.94634826503041
SGDClassifier,2,Isto é mais uma mentira da imprensa marrom esquerdopata comunista dos infernos,1,0,FN,-56.8253504648937
SGDClassifier,2,"Por Silvio Grimaldo:
Não precisam acreditar em mim, eu sou só um rapazinho da direita burra e emocionada. Mas se quiserem, ouçam o Mauro Iasi, fundador do PT, dando uma aula sobre tolerância e a forma adequada com que vão debater com conservadores qdo voltarem ao poder.",1,0,FN,-2.124215775485641
SGDClassifier,2,"Quem afundou nosso país foi o nordestino, junto com a juventude doutrinada",1,0,FN,-36.623756043299
SGDClassifier,2,"Eu sei,mas têm muito baiano jumento ,no trabalho é um exemplo.",1,0,FN,-0.4239764666652519
SGDClassifier,2,"Belém do Pará também fazendo seu dever. Estou com essa massa de apoiadores do Bolsonaro para limpar o Brasil de ratos que governaram desde redemocratização.

Bolsonaro tem seus defeitos, mas ninguém melhor para  botar o Brasil nos eixos como fez nos 4 anos de mandato. 

Vai deixar legados para história. 

Renasceu a direita inexistente até então. Roubaram eleição dele, se não conseguirmos reverter o Lulaladrão terá oposição jamais vista na casa parlamentar e ele terá enormes dificuldades para implantar seus projetos nefastos. 

Essa massa de população que invade as ruas e praças do Brasil agora não permitirá  os atrasos e caos que ele quer executar.",1,0,FN,-261.4271673411201
SGDClassifier,2,Qualquer imbecíl sabe que intervenção federal cai no colo da esquerda,1,0,FN,-2.6000468537050225
SGDClassifier,2,É  ser muito mongol pra crer que essa corja vá aceitar a vitória do Bolsonaro!,1,0,FN,-6.891933533163495
SGDClassifier,3,"Esse seu assunto aí já foi respondido por vários aqui. Mas parece que você é masoquista e quer continuar apanhando.
Não vou ficar dando palco pra doido.",1,0,FN,-16.68618641654413
SGDClassifier,3,"""Eu vou de Lula! Entenda o porquê!!! As Entidades do Inferno estão todas a favor dele, e o Lula vai Vencer! E todas as Almas que votarem nele ganharão uma Visão Especial todas as Noites ao Dormir""... (Repasse para as Pessoas que pensam em votar no Lula e que ainda não sabem quem está por trás dele!)",1,0,FN,-6.304177922195185
SGDClassifier,3,*THIAGO MARTINS CONVIDA A POPULAÇÃO BAIANA PARA SEPULTAR A VELHA POLÍTICA NA BAHIA*,1,0,FN,-6.267821245875968
SGDClassifier,3,Bolsonaro pede a Deus que nós não experimentemos as dores do Comunismo,1,0,FN,-1.589080865323421
SGDClassifier,3,Simone Tebet acabou com o Bolsonaro.  Ela entregou todo o esquema criminoso do BOZO,1,0,FN,-6.586569790981441
SGDClassifier,3,Compartilhem sem dó é importante esse vídeo mostra o tanto e o quanto à esquerda é covarde mas nós à direita devemos nos unir,1,0,FN,-7.2927931727354345
SGDClassifier,3,"“A esquerda promete o céu, mas o que ela entrega é o inferno”. GUEDES, Paulo. 2022",1,0,FN,-8.014339841133246
SGDClassifier,3,"*Minhas considerações sobre o debate presidencial na Globo.*

*Jornalista Delmar Rodrigues*

*Lula  O eterno ladrão*
*Simone e Soraya as perdidas*
*Felipe o equilibrado*
*Ciro o esperançoso*
*Kelman o penetra*
*Bolsonaro o reeleito*

*Pelo que vi nesse último debate, todos os pretensos candidatos a cadeira de presidente,  só fortaleceram  a reeleição de Jair M. Bolsonaro, é  incrível como eles ainda olham para o povo como um tolo, ignorante e incapaz de saber e perceber a realidade desse país.*
*Da forma como se deu o debate, ficou claro que Bolsonaro ganha no primeiro turno, salvo se alguma coisa ocorrer como na eleição passada  em que tivemos um segundo turno duvidoso.*",1,0,FN,-40.91906932128314
SGDClassifier,3,":backhand_index_pointing_up: *Aquí está a vergonha da esquerda.*

*Eles tentaram destruir esse vídeo. Compartilhem com um conhecido esquerdaopata!!!* :winking_face::winking_face::thumbs_up::thumbs_up::thumbs_up::thumbs_up::thumbs_up::thumbs_up::thumbs_up::thumbs_up::thumbs_up::thumbs_up:

#Bolsonaro2022 

Grupo: 
[USER]",1,0,FN,-2.9124382733780583
SGDClassifier,3,Esse casal é bolsonaro Nato Nato e nato tanto eu como ela partimos para cima do Zap para conquistar Voto para o bolsonaro e assim que todos os casais tem que fazer a maldição do PT tem que ser acabado nessa gestão agora nós todos juntos seremos forte,1,0,FN,-50.78115156910187
SGDClassifier,3,"Amanhã dia 02/10/2022, teremos eleição para Dep. Federal, Dep. Estadual, Senadores e o principal , o Presidente da República. 
Peço humildemente que antes de depositarem os seus votos nas urnas, que pensem em seus filhos, netos e bisnetos. Porque essa eleição não é somente para definir quem presidirá o nosso País, mas sim para definir quem irá cuidar do nosso futuro, do futuro de nossos filhos, netos e bisnetos. Esse pessoal que prega o socialismo e comunismo não deve ter noção da devastação que isso causa em nossas vidas. Por isso se oriente com Deus e peça a Ele uma direção, certamente Ele lhe dará. Procurem no Gloogle a respeito da agenda de 2030 (NOM). Ótima votação e excelente domingo. Deus é que está no controle.",1,0,FN,-7.467683313998144
SGDClassifier,3,"""Meu coração está aflito pela nação. Não sabemos o que se passa nos bastidores e nem qual o limite (ou a falta dele) daqueles sem escrúpulos. O Brasil é um dos últimos países da América Latina onde o socialismo não tocou a mão e fez apodrecer. É triste ver a realidade de argentinos, venezuelanos, cubanos e outros. Potências que estão se esvaindo. Aqueles que não tiveram tanta instrução são os que mais votam na esquerda, ironicamente, pois são eles quem deveriam mais temer a falta de oportunidade gerada através das políticas populistas que tornam qualquer Estado infrutífero. Onde há maior liberdade econômica, ali há chances e chances de passar por qualquer crise sem perecer. Que Deus tenha misericórdia do Brasil."":folded_hands: (Fran Peçóis). 
*#primeiroturnobolsonaro*",1,0,FN,-5.684309905187245
SGDClassifier,3,Kkkk valeu Mengão. Acho q é o primeiro bolsominion que não me xingou nem se irritou cmg.,1,0,FN,-6.975875938421202
SGDClassifier,3,Partiu indo ajudar nosso presidente a acabar com veio do cão,1,0,FN,-7.475782434975285
SGDClassifier,3,"Eu estou trazendo esse plint após um comentário de um vídeo de um bando de macunbeiros fazendo seus despacho na frente de um cemitério. Porque estou fazendo isso no meu plint fala que Deus não dorme e esse noite ouve muitos louvores lave e anite teremos sim um resultado muito positivo vou trazer pra vcs verem o que se falou na lave foi puro fogo :fire: de Deus aguardem.após o resultado, mas já adiantando um pouquinho teremos prisões :zipper-mouth_face:",1,0,FN,-25.236157003157427
SGDClassifier,3,"Aí esse Lula e quem votou no vão tudo para os quinto dos infernos

Quem vota num vagabundo de um ladrão velho desse cabeça branca não tem cérebro não é de outro planeta.",1,0,FN,-74.59555408531847
SGDClassifier,3,É impressão minha ou o nordestino tá com saudade da seca?,1,0,FN,-0.343453929932805
SGDClassifier,3,Que nordeste é esse que não aprende meu Deus! Povo que gosta de esmolas… Afff,1,0,FN,-2.153710863878711
SGDClassifier,3,"CAMILO SANTANA 65% PARA SENADOR? 

GOVERNADORES NO NORDESTE TODOS 1° TURNO


MEU DEUS! 

TEMOS QUE 

CONSCIENTIZAR OS NORDESTINOS PETISTAS",1,0,FN,-6.500994500480854
SGDClassifier,3,Meu nordeste não precisa de opiniões de FILHO DA PUTA NENHUM do sul e nem do sudeste . MEU NORDESTE É ROLA DURA .,1,0,FN,-3.936906402751308
SGDClassifier,3,"Pessoal o nosso presidente é esperto! Ele já pensou em tudo e sabia que o risco de fraude era gigante! 
Ele fez várias motociatas , passeatas, carreatas, e diversas paralisações! Ele sabe que uma hora todos esses vídeos (incluindo 7 de setembro) que mostram essas paralisações, vai ajudar ele a mostrar que essa eleição contra o ladrao foi FRAUDE",1,0,FN,-7.2266155228416284
SGDClassifier,3,"QUANDO O LULA ROUBOU O BRASIL ELE ROUBOU TODOS ROUBOU O POBRE O RICO O PRETO O BRANCO O ÍNDIO ....... O SOCIAL COMUNISMO NÃO VAI POUPAR NINGUÉM QUEM VOTOU NO LULA VAI SE FERRAR DO MESMO JEITO.....
IGUALZINHO NA VENEZUELA",1,0,FN,-12.159560167245479
SGDClassifier,3,48.4 do ladrão contra 43.2 puta que pariu foi roubado agente vai ter de ir votar dinovo pqp,1,0,FN,-0.9949819842082404
SGDClassifier,3,Sou nordestino e minha região é uma decepção. Cuidado vc quem sua fazenda,1,0,FN,-5.106468849225806
SGDClassifier,3,"Vamos lutar contra isso, se abaixarmos a cabeça seremos coniventes com o futuro negro que se descortina",1,0,FN,-2.356960820108178
SGDClassifier,3,Dialética é coisa de marxista. Todo marxista ou é burro ou é mau caráter. Não se discute o óbvio,1,0,FN,-55.45416813694435
SGDClassifier,3,Ouçam a cara de pau da esquerda exporem a tática de guerra suja do Social comunismo,1,0,FN,-0.5416063305308114
SGDClassifier,3,"O presidente do MDB é o Baleia Rossi, ele liberou os filiados pra escolherem em quem apoiar",1,0,FN,-6.537924853368754
SGDClassifier,3,"UMA VERDADE AOS FUNCIONÁRIOS PÚBLICOS. 

Se o molusco voltar, com as ameaças que ele fez a Zema, irá cortar verbas para o estado de Minas Gerais e consequentemente para os municípios. 

Aí o que acontece?

Muitos municípios terão que demitir funcionários.

Então o LULADRAO será horrível para Minas Gerais.",1,0,FN,-6.204311250836103
SGDClassifier,3,"Olha o povo fugindo da Venezuela :backhand_index_pointing_up_medium-light_skin_tone: vc não vai ver isso em canal de TV,  mas está acontecendo. O comunismo é o câncer do mundo não permita que  esquerda conclua isso",1,0,FN,-0.714665594013268
SGDClassifier,3,Luladrao sendo expulso do Ceasa de Brasília hj 13-10-22...e ainda a mídia podre em suas pesquisas compradas dizem esse bosta está a frente de Bolsonaro...kkkkkk,1,0,FN,-33.91212217645634
SGDClassifier,3,"Gente vejam aí a posse do Luladrao já está marcada, o Alan dos Santos está falando ñ brinquem",1,0,FN,-0.8975804121598117
SGDClassifier,3,Janja esposa de Luladrão faz graça gesticulando para Luladrão que ele está péssimo dando até sono. Ele muito puto passa por ela no intervalo e diz que ela não sabe porra nenhuma . Assista.,1,0,FN,-37.43056636285749
SGDClassifier,3,"Meu Deus isso não pode ser verdade, Lulaladrao dizer isso sobre tiros em paraisopolis no Candidato Tarcísio. Ele jamais pode ser presidente se essa notícia for verdadeira.",1,0,FN,-16.39523672958199
SGDClassifier,3,"Eita PT que tem Muié feia kkkk esse tribufu nem de ""puta"" merece ser chamada.",1,0,FN,-4.0923832571964915
SGDClassifier,3,"Hoje 18/10/22 Ao visitar comunidade ribeirinha em eldorado do Carajás no Pará , vandalos do MST e de movimento de reforma agrária, ateiam fogo em carros de padre Zeno da Paróquia de Eldorado  e freiras que o acompanhavam.
Se o LULADRAO presidiário ganhar corremos sério risco de uma convulsão social, uma guerra civil.",1,0,FN,-14.124464492900895
SGDClassifier,3,"Se nós os brasileiros de direita já estamos no nosso limite com este lacradores imbecís, imagina os venezuelanos.",1,0,FN,-24.639301938373343
SGDClassifier,3,"Nesse vídeo
LULADRAO diz que vai apoiar

Invasão no campo e na cidade",1,0,FN,-1.0848984126728025
SGDClassifier,3,"Agora se segura pra não cair da cadeira LULADRAO esperando autorização do traficante Marcola pra transitar São Paulo !!
Foi mesmo que ouvi ??
Aí e o FIM !!
:police_car_light::oncoming_police_car::rat::cockroach::scorpion::mouse::rat::money_bag::rat::oncoming_police_car::police_car_light:",1,0,FN,-1.277533550950758
SGDClassifier,3,"Nada haver essa vagabunda agrediu e chinxou o capitão, porque ela estava defendendo um estrupador a esquerda sempre tente de tudo para distorcer os fatos reais",1,0,FN,-1.5052909458896941
SGDClassifier,3,Na hora que os filhos chegarem em casa falando que querem ser travesti é só fazer o L também,1,0,FN,-7.154282485367441
SGDClassifier,3,"[USER]

Você é uma imbecil!


Passou 1 hora achando que eu fosse um Israelense!


Vocês são uma. Comédia!",1,0,FN,-7.456278608461803
SGDClassifier,3,"Eles não conseguiram encontrar um sócia lá no Ceará??? 
Pega o lula travesti kkkkkkkkkk",1,0,FN,-5.103164666296333
SGDClassifier,4,"*Frankstein apóia Boslonaro*

*O famoso monstro dos filmes e desenhos animados Frankstein, declarou hoje seu total apoio ao candidato Boslonaro.*

*De acordo com Frank, Lula é o pior de todos os monstros, sendo uma criatura desprovida de qualquer valor.*

*Deus abençoe o Brasil*

:Brazil::folded_hands_light_skin_tone:",1,0,FN,-3.338490195426054
SGDClassifier,4,"acha q está sempre coberto de razão e não aceita ser contrariado por ter um ego frágil, vc é desprezível e seus argumentos não passam de falácias rasas.",1,0,FN,-6.8754845669229
SGDClassifier,4,"Pois é isso que a esquerda doente prega.
Se vc se sentir mulher vc pode",1,0,FN,-9.90811194665699
SGDClassifier,4,"Disse muito bem, não se trata de votar no Presidente Bolsonaro ou no Lula, com todos os seus roubos, seus cúmplices e suas mentiras, trata-se de votar em um Sistema, um Sistema que tem tudo a ver com o Diabo e outro Sistema que tem tudo a ver com os ensinamentos de Deus, e se a gente estiver com Deus, teremos uma nação abençoada, e se não, estaremos em um lugar amaldiçoado que nem se pode dizer que é uma nação.
Deus abençoe o discernimento das pessoas que estão escolhendo maldição e renegando a Deus e por conseguinte às suas bençãos.",1,0,FN,-4.216157300065472
SGDClassifier,4,"Urnas sendo manipuladas dentro de sindicato ligado ao PT segundo informações a cidade é Itapeva, mas não disseram se é em SP ou MG pois ambos estados tem cidade com esse nome..  Eu não tenho dúvidas que a FRAUDE será estrondosa para IMPEDIR a reeleição de Bolsonaro... GRAVÍSSIMO... Óbvio que a adulteração do programa deve estar sendo feita em cada cidade essa semana, ao receberem as urnas..  elas foram lacradas pelo TSE sem permitir as FFAA fazer inspeção por isso mesmo, porque já estava combinado com os sindicatos que estão recebendo as urnas, tirar o lacre e Fraudar seus programas para que mudem os votos e FRAUDEM a eleição em favor da ESQUERDA.",1,0,FN,-27.61014717849565
SGDClassifier,4,"Essa :index_pointing_up:foi boa q Colei:index_pointing_up::rolling_on_the_floor_laughing::rolling_on_the_floor_laughing::rolling_on_the_floor_laughing::rolling_on_the_floor_laughing:


Demostração de censura.
Calado.
Mudo.
Medo?
Vermelho ditador em forma democracia.
Vermelho que não liberta.......
etc,.....









Eu Sou eh 22.
Esperança .
Liberdade.
Vida.
Alegria.
Paz de vivência de Em amarelo rico de sabedorias....
Força...Luta... guerreiros :thumbs_up::thumbs_up::thumbs_up::victory_hand::victory_hand::victory_hand::Brazil::Brazil::Brazil::Brazil::Brazil::victory_hand::victory_hand::victory_hand::victory_hand::Brazil::Brazil::Brazil::Brazil:
22
22
22
22
22
:victory_hand:
:Brazil::thumbs_up::thumbs_up::thumbs_up::thumbs_up::thumbs_up::thumbs_up::thumbs_up::Brazil::victory_hand::Brazil::victory_hand::thumbs_up::thumbs_up::thumbs_up::thumbs_up::thumbs_up::thumbs_up::thumbs_up::thumbs_up::thumbs_up::thumbs_up::Brazil:",1,0,FN,-50.844176237049524
SGDClassifier,4,*Olha só o Marquinhos enfrentando o Capitão Mamata que estava na musculação enquanto pessoas morriam na pandemia*,1,0,FN,-58.25744596518316
SGDClassifier,4,Kkkkkkk esse miserável do Bozo ainda leva um padre desse para o debate um padre fake,1,0,FN,-0.37921970680687167
SGDClassifier,4,"*Era melhor o Lula não ter ido ao debate na Globo*. William Bonner não foi capaz de evitar o exorcismo feito pelo Padre Kelmon no LADRÃO de 9 dedos. *A esquerda vai pagar muito caro, por muito tempo, por este debate em que Lula foi exorcizado pelo Padre Kelmon*. Avante Brasil! :Brazil:",1,0,FN,-108.0995580660549
SGDClassifier,4,Só falta o Brasil... Força povo brasileiro vamos expulsar o comunismo daqui... Bolsonaro neles,1,0,FN,-19.626425837030382
SGDClassifier,4,":backhand_index_pointing_up: *Propinas, roubos, falcatruas...rachadinhas...*
*Representa a esquerda.*

*O mais curioso é que o Wilian Boner e Renata noticiaram isso.:face_screaming_in_fear::face_screaming_in_fear:*",1,0,FN,-28.775340213051038
SGDClassifier,4,"Senhor meu Deus. Não permita que a nossa nação caia nas mãos de corruptos de novo, de ladrões, de socialistas… Pessoas que só pensam em si mesmas, que são contra a família, as crianças, a moral e a ordem. Que querem um mundo pervertido, sujo, escuro… Nos livre do mal meu Pai, pelo menos por mais 4 anos, para que possamos mostrar para nossos filhos, para as novas gerações, o que é bom, o que é aprazível, que o Brasil tem jeito. Por favor meu Pai. Nosso povo é sofrido demais. Escute as nossas orações, em nome de Jesus. Amém :folded_hands_medium-light_skin_tone:",1,0,FN,-92.42040620920557
SGDClassifier,4,"Pessoas que são cristãos jamais pode votar em quem é contra os princípios da igreja.
Quem apoia o aborto, a ideologia de gênero, é contra a família apoia o comunismo.
Vote  consciente.
22 neles.
DEUS, PATRIA , FAMÍLIA",1,0,FN,-8.565822071494608
SGDClassifier,4,Dessa vez o povo não acredita nas Fake News do BOZO não. Kkkkk. Começou arranjando um PADRE FAKE. Que vergonha 01 . Kkkk.,1,0,FN,-21.26280244473291
SGDClassifier,4,"Não somos coveiro mas, hj faremos o enterro do Bozo.:coffin:

Velório aberto ás 17hs.",1,0,FN,-25.24485668947367
SGDClassifier,4,"Só acho que o cachaceiro foi bem votado. Meu Deus, o Brasil não é para amadores.",1,0,FN,-32.709385460440444
SGDClassifier,4,"PESSOAL ATENÇÃO! 

SEI QUE ABALA UM POUCO TODOS NÓS VER A DIFERENÇA REDUZINDO! 

MAS ACHO QUE É CLARO PRA TODOS: 

ESTAMOS LIDANDO COM MÁFIA, QUADRILHA, BANDIDOS!

É OBVIO QUE ESTÁ HAVENDO FRAUDE! É ÓBVIO! 

TENHO DITO: SE PREPAREM PARA SAIR ÀS RUAS!

NÃO VAMOS ACEITAR ESSE SISTEMA DE VOTAÇÃO E PONTO FINAL! 

VAMOS PARAR O BRASIL!

COMECEM A DIVULGAR ISSO NOS GRUPOS! 

SE FORMOS ÀS RUAS BOLSONARO VAI ORDENAR ÀS FORÇAS ARMADAS À AGIR! 

REPITO: VAMOS TOMAR AS RUAS DO BRASIL! 

FORÇA E HONRA! 
DEUS ABENÇOE O BRASIL!  :Brazil::Brazil::Brazil:",1,0,FN,-22.232189480142836
SGDClassifier,4,Eleitor do PT ou e bandido ou está interessado em alguma mamata.,1,0,FN,-13.86625669455961
SGDClassifier,4,"Kkkkk
Isso me diziam para o primeiro turno

Eu agora virei
SAO TOMÉ

TALVEZ SE EU TOMAR UM MÉ VOLTE A CONFIAR

O SISTEMA É SUJO POR SI SO

E NOSSO PRESIDENTE INOCENTE 

SE ELE NAO TOMAR PROVIDÊNCIAS DE VIGIAR AS URNAS 

SEREMOS HUMILHADOS COMO FOMOS NO PRIMEIRO TURNO 

SUGESTAO

BOLSONARO DEVE MANDAR  RECOLHER AS URNAS DO PRIMEIRO TURNO E COMPRAR DE UMA OUTRA EMPRESA E O EXECUTIVO DISTRIBUIR
CASO CONTRARIO ATE MOISES , PEDRO JOSUE
JOSE DO EGITO
TODOS ESSES DEFUNTOS VOLTARAO EM LULADRAO",1,0,FN,-41.78698392394889
SGDClassifier,4,"*:backhand_index_pointing_up::backhand_index_pointing_up::backhand_index_pointing_up: Para Quem diz que o Ladrão ajuda aos pobres*

*Luladrão VETA FGTS para Empregadas Domésticas* :backhand_index_pointing_up::backhand_index_pointing_up::backhand_index_pointing_up:",1,0,FN,-261.75308387321195
SGDClassifier,4,"Amo Patrick, faço campanha com todo prazer e alegria, mas vou sair do grupo porque não consigo conviver com pessoas que apoiam bandidos que querem entregar o Brasil ao comunismo maldito. Abraço aos que amam a família e a liberdade.
Deus acima de todos :folded_hands:",1,0,FN,-16.276563585426015
SGDClassifier,4,"Esse vídeo :backhand_index_pointing_down: mostra o chefe do tráfico de uma das maiores e mais violenta favelas de SALVADOR/ BA (Nordeste de Amaralina)

O Rasta, como é conhecido, aparece com Lulaladrao. 
:thinking_face:
Amigos ! Isso é muito sério! 
O cachaceiro está se alinhando com várias facções criminosas do Brasil. Devemos alertar aos isentōes para que revejam suas intenções de anular o voto. 

Apoiar Bolsonaro e esquecer essa birra inrustida por nosso presidente é o melhor caminho .",1,0,FN,-6.445119067464416
SGDClassifier,4,Ainda é tempo de PaiLula baixar nesse terreiro. Talvez tome vergonha naquela cara lambida.,1,0,FN,-18.182748396991073
SGDClassifier,4,"ou seja a debil mental quer criticar e não quer ser criticada .
É tipo lula dizendo para não roubar .",1,0,FN,-6.534238911024049
RandomForest,0,Inclusive ele criou satã para nós torturar para sempre no inferno pq sabe oq faz,1,0,FN,0.36
RandomForest,0,"Pois é agora pra tirar esse canalha traidor, só daqui 8 anos.",1,0,FN,0.22
RandomForest,0,"Socialismo em Los Angeles. Caos total depois que passaram a legislação permitindo até 900 dólares em roubo sem punição.

Não podemos permitir que a esquerda tome conta do poder, com eles no poder tudo que há de pior pode acontecer.",1,0,FN,0.45
RandomForest,0,O esquerdista Ciro teve um clímax com  o ataque do Bolsonaro frente ao Loola.,1,0,FN,0.41
RandomForest,0,"ÚLTIMO DEBATE DA GLOBO PRESIDENCIÁVEIS 
VAMOS ASSISTIR PELO OS CANAIS  DE DIREITA NO YOUTUBE  PRA GLOBO NÃO TER MUITA AUDIÊNCIA:chart_decreasing:",1,0,FN,0.12
RandomForest,0,Domingo é a nossa vez de varrer a esquerda do Brasil.,1,0,FN,0.42
RandomForest,0,PROJETO DA ESQUERDA :backhand_index_pointing_up::backhand_index_pointing_up:TRANSFORMAR MILHÕES DE JOVENS EM ZUMBIS :backhand_index_pointing_up::backhand_index_pointing_up:JESUS É MAIOR E VENCEREMOS :folded_hands::folded_hands:,1,0,FN,0.42
RandomForest,0,"Bom dia Grupo Abençoado.  Que Deus nos Abençõe em mais um dia.    E que a vontade de cutucar Petistas nunca nos falte.    Pelo bem da Nação. 
Mito na Veia 
Forte abraço 
22",1,0,FN,0.46
RandomForest,0,"Caraiiii 

Comparar gigante Brasil 
Com esses paiseco menos que o Acre!!!

Tá errado isso ai

Comparar com país decente!",1,0,FN,0.34
RandomForest,0,"Comando vermelho declara apoio à Lula e Freixo na quadra da Mangueira
 Gente, olha a situação do Rio:backhand_index_pointing_up_medium_skin_tone::backhand_index_pointing_up_medium_skin_tone::backhand_index_pointing_up_medium_skin_tone: tire suas conclusões se o Lula, o PT e toda a esquerda é ou não uma organização criminosa. Dia 02 vote consciente. Só temos uma única alternativa 22 Bolsonaro.",1,0,FN,0.34
RandomForest,0,"*ESTE É O REGIME DA CHINA QUE LULA AMEAÇA TRAZER PARA O BRASIL, SÓ MORRERÃO OPERÁRIOS E OPERÁRIAS QUE NÃO AGUENTARÃO O REGIME FORÇADO DE TRABALHO ESCRAVO PRODUZINDO PRODUTOS QUE SÃO VENDIDOS PARA O MUNDO POR PREÇOS BARATOS. ENQUANTO OS RICOS SAIRIAM DO BRASIL ATÉ DEZEMBRO*.",1,0,FN,0.39
RandomForest,0,":raised_fist_dark_skin_tone: *BANDEIRAÇO* :raised_fist_medium-dark_skin_tone:

:spiral_calendar: Hoje (27/09) - 16h
:round_pushpin:Av. Godofredo Maciel com Perimetral 

Galera de Fortaleza e adjacências, convidamos todas, todos e todes para juntos ocupar as ruas no bandeiraço *PSOL COM LULA* . Cola conosco por lá e vamos juntos celebrar a esperança!

*Faltam apenas 5 dias para vencermos o fascismo elegendo Lula 13 e Renato Roseno 50500.*

:raised_fist_dark_skin_tone::raised_fist_light_skin_tone::raised_fist_medium-dark_skin_tone:",1,0,FN,0.01
RandomForest,0,"As fraudes estão realmente acontecendo
Isso é muito sério
O POVO não merece isso
Somos vítima desse sistema esquerdista que querem o poder para destruir o BRASIL.
Foi por isso que não permitiram o voto impresso.",1,0,FN,0.47
RandomForest,0,"É difícil ter comunhão com um crente desse que compactua com a bandidagem.
Os olhos de Deus estão em todo lugar, observando esses.",1,0,FN,0.1
RandomForest,0,"*UMA PIADA*

O filho do PETISTA (brasileiro nato) nasceu e ele ficou muito feliz, pois o que mais desejava era um filho. A mulher (brasileira nata) do PETISTA ficou de repouso pós parto e tomava sopinha no canudinho, diga-se de passagem, preparada pelo próprio PETISTA, bem como todos os dias o mesmo dizia que a amava e estava muito feliz.
Um belo dia, o PETISTA percebeu que seu filho não abria os olhos e muito preocupado foi consultar o médico que fez o parto:
PETISTA: - ""Dr, tem algo estranho com meu filho,  ele não abre o olho""
O médico, muito constrangido disse:
- ""Quem tem que abrir o olho é o Sr""
:rolling_on_the_floor_laughing::rolling_on_the_floor_laughing::rolling_on_the_floor_laughing::rolling_on_the_floor_laughing::face_with_tears_of_joy::face_with_tears_of_joy::face_with_tears_of_joy::face_with_tears_of_joy::face_with_tears_of_joy::face_with_tears_of_joy:",1,0,FN,0.5
RandomForest,0,Gado agressivo.,1,0,FN,0.5
RandomForest,0,"*Veja essa reflexão, o socialista Renato Casagrande quer eleger o bandido de nove dedos. Nunca foi tão fácil escolher o nosso candidato!*

*MANATO E BOLSONARO :keycap_2::keycap_2: :Brazil::Luxembourg:*",1,0,FN,0.46
RandomForest,0,O  voto   è  pessoal   è  particular  !   Eu  NÃO   sou  anônimo   minha   COLINHA   e  da  família   e  alguns   amigos   será   está  ! NÃO   VOTAMOS   em  candidatos   que  apoia   a  esquerda   do DIABO   !  Somos   PATRIOTAS   !:thumbs_up_medium-dark_skin_tone::thumbs_up_medium-dark_skin_tone::thumbs_up_medium-dark_skin_tone::thumbs_up_medium-dark_skin_tone::thumbs_up_medium-dark_skin_tone::thumbs_up_medium-dark_skin_tone:,1,0,FN,0.03
RandomForest,0,O PROJETO DA ESQUERDA É  FUDER O BRASIL:backhand_index_pointing_up::backhand_index_pointing_up::backhand_index_pointing_up::rolling_on_the_floor_laughing::rolling_on_the_floor_laughing::rolling_on_the_floor_laughing::rolling_on_the_floor_laughing::rolling_on_the_floor_laughing::rolling_on_the_floor_laughing:E BENEFICIAR OS AMIGUINHOS COMUNISTAS  FDP,1,0,FN,0.38
RandomForest,0,Esse aí independente das falácia que nego costuma falar pior é a roubalheira que o Lula cometeu contra o nosso país Eduardo Costa é um dos grande apoiadores de Jair Messias bolsonaro,1,0,FN,0.17
RandomForest,0,"DÁ PRA VER DA LUA!!!
NUNCA na história, um país esteve tão unido para NÃO deixar um ladrão mudar as cores da nossa bandeira!

Vamos expurgar de vez a esquerda do nosso amado Brasil!

 Dia 02 é 22!

São Paulo, 01/10/2022.",1,0,FN,0.47
RandomForest,0,"Manda o Felipe Neto ir pra puta que o pariu, amanhã é dia de eleição, quem é esse moleque, ele é candidato a que? Acordem, postem essas merdas não, amanhã é tudo ou Venezuela...",1,0,FN,0.46
RandomForest,0,"Povo q não tem noção do que é um Satanás, disfarçado de gente e cachaceiro!!:thumbs_down_dark_skin_tone::thumbs_down_dark_skin_tone::thumbs_down_dark_skin_tone::face_vomiting::face_vomiting::face_vomiting::confounded_face::confounded_face::face_with_steam_from_nose::face_with_steam_from_nose::face_with_steam_from_nose::face_with_steam_from_nose:",1,0,FN,0.36
RandomForest,0,POR QUE O NORDESTE ESTÁ TÃO ATRASADO ??? JÁ VI ESSE FILME ANTES…,1,0,FN,0.25
RandomForest,0,"Não entendo como um ladrao consegue ganhar tantos votos,  Novamente o povo escolhe o ladrao!!! e deixa Jesus na saudade!!! A História se repete!!:enraged_face::enraged_face::enraged_face::enraged_face:",1,0,FN,0.17
RandomForest,0,Um ex presidiário que falou em publico que faz pacto até com o diabo e as pessoas não consegue ver essas coisas,1,0,FN,0.15
RandomForest,0,"Constata-se a minha velha teoria:
 #LATADELIXOBRASIL
#LATADELIXOPARÁ 
COLOCANDO AS DUAS IMUNDÍCIE GOVERNADOR LADRÃO ELEITO
Ê UM QUADRILHEIRO CHEFE DA MAIOR ORGANIZAÇÃO CRIMINOSA DO BRASIL NO 2° TURNO SÓ PROVA QUE O PARÁ Ê O BRASIL NA GRANDE MAIORIA DESSE ESTADO Ê DESSA NAÇÃO É CONSTITUÍDA DE VAGABUNDOS, PARASITAS DO DINHEIRO PÚBLICO; RETARDADOS, SAFADOS, ESTELIONATÁRIOS, CÚMPLICES DA CANALHADA QUE FAZEM A POLITICALHA QUE EMPERRA Ê JOGA O ESTADO Ê A NAÇÃO NESSA IMUNDÍCIE DE ATRASO SOCIAL CUJO IDH É ESSE LIXO QUE PROVAM OQUE EU FALO 
#LATADELIXOBRASIL 
#LATADELIXOPARÁ.",1,0,FN,0.45
RandomForest,0,Do mesmo jeito que eles não negam que tem apoio do diabo.,1,0,FN,0.31
RandomForest,0,Exato! Como pode uma cretina dessa está em um grupo de direita! Tira ela ou saiu eu,1,0,FN,0.44
RandomForest,0,"PESSOAL BOA NOITE.
MUITAS DAS VEZES PASSAM VÍDEOS DESPERCEBIDOS QUE NÃO CONSIGO ACOMPANHAR.
ALGUÉM POR UM ACASO TEM O VÍDEO TÃO FALADO DO MARCOLA APOIANDO O LULADRÃO?
SE ALGUÉM TIVER POSTA E ME MARCA POR FAVOR.
OBRIGADO!! :rightwards_hand_light_skin_tone:‍:leftwards_hand_light_skin_tone::Brazil::footprints:",1,0,FN,0.36
RandomForest,0,"Escuta essa aí, do Gedel Vieira Lima, ele gravou esse vídeo em Goiânia, quando ele fala da Dilma Rousseff e da filha Paula Rousseff, elas fizeram o cartório abrir a noite, em Pirenópolis Goiás, pra registrar as fazendas compradas com dinheiro :money_with_wings: roubado. A outra fazenda do LuLADRÃO, que ele não lembra o nome é a Santa Bárbara. :face_screaming_in_fear::face_screaming_in_fear:",1,0,FN,0.45
RandomForest,0,":Brazil::Brazil::Brazil::fire::fire::fire::Brazil::Brazil::Brazil:

:curly_loop: SENHOR LIVRA O BRASIL DE TODO MAL, QUEBRA TODA CORRENTE DE MALDIÇÃO, TODA OBRA DE MACUMBARIA E FEITIÇARIA,  LEVANTA O NORDESTE, QUE AS PESSOAS QUE NÃO VOTARAM O SENHOR POSSA ESTAR TIRANDO TODA CEGUEIRA ESPIRITUAL. PAI QUERIDO, NOS PROTEJA E LIVRE DE TODO MAL, LIVRE AS NOSSAS FAMILIAS...SOMOS EXÉRCITOS GUERREIRO VALENTE DA LINHA DE FRENTE DE CRISTO. O BRASIL TEM SOLUÇÃO,  

:Brazil::Brazil::Brazil::fire::fire::fire::Brazil::Brazil::Brazil:",1,0,FN,0.44
RandomForest,0,Sai tu do fanatismo da esquerdista  e do comunismo e socialista,1,0,FN,0.46
RandomForest,0,"Gente, é sou SOBE do tal"" L"" de LULADRÃO. Só  agora. Nem tinha ideia. E aqui em São LUÍS  do MARÁ  MARANHÃO,  não vejo muito. Aqui o povo é falso, eu acho. Pra mim, eu achava que em SÃO LUÍS,  BOLSONARO ganharia aqui na capital. Mais também,  tanta gente suspeita e eleitassss. Até a filha Do SIR NEY, MARAJÁ  DO MARÁ,  foi eleita deputada federal. Estranho muito estranho.  Os eleito daqui e inclusive o BANDIDO  MOR, teve muitos votos. TODA ESSA ELEIÇÃO FOI MUITO SUSPEITA. SE NÃO TIVEREM CUIDADO, FARÃO AINDA PIOR: NESSA CONTAGEM MENTIROSA DE VOTOS!!!! LADRÕES LADRÕES LADRÕES LADRÕES ROUBARAM AS ELEIÇÕES :mouse::mouse::mouse::mouse::mouse::mouse::mouse::mouse::mouse::mouse::mouse::mouse::mouse:",1,0,FN,0.49
RandomForest,0,"Amigo o problema não e ele ser gay ou bi ate porque eu sou tbm.

O problema e que ele tem um discurso extremamente lgbtfobico e esse exposed mostra a hipocrisia dele",1,0,FN,0.37
RandomForest,0,"Voto em Bolsonaro, pra dizer que sou rico, e quem vota no LULADRÃO, é pra dizer o quê??:rolling_on_the_floor_laughing::rolling_on_the_floor_laughing::rolling_on_the_floor_laughing::rolling_on_the_floor_laughing::winking_face_with_tongue:",1,0,FN,0.46
RandomForest,0,Esse cara está ajudando o aleijado das mãos a se eleger.,1,0,FN,0.5
RandomForest,0,Pra não dizer que é fake.:face_with_tears_of_joy::face_with_tears_of_joy::face_with_tears_of_joy::face_with_tears_of_joy::backhand_index_pointing_up: você não sabe de porra nenhuma :face_with_tears_of_joy::face_with_tears_of_joy::face_with_tears_of_joy::face_with_tears_of_joy: Luladrão falando para o seu assessor kkkk,1,0,FN,0.36
RandomForest,0,Tem até gay apoiando Bolsomaro aqui. Poderiam explicar as falas dele contra gays aqui :backhand_index_pointing_down::backhand_index_pointing_down::backhand_index_pointing_down:,1,0,FN,0.44
RandomForest,0,"*Bolsonaro vence de lavada  debate do consórcio da imprensa e muito tranquilo e sereno,  lavou a alma de milhões de brasileiros quando expos que o Luladrão só está concorrendo porque Fachin seu cabo eleitoral o descondenou dos seus crimes de corrupção.*",1,0,FN,0.43
RandomForest,0,":backhand_index_pointing_up:Quem é CONTRA bandido como o LULADRÃO está com Bolsonaro (22).

Avante Brasil! :Brazil::Brazil::Brazil:",1,0,FN,0.39
RandomForest,0,"*O estrago do PT/ Luladrão na favela e agora a tentativa de ataque a Michele em Brasília e Tarciso em São Paulo com tiros foi muito grande...o apoio a Bolsonaro está muito forte.*

*Pessoas que votaram no Ladrão por causa das Pesquisas Manipuladas e foram enganadas...todo mundo vai votar no* *BOLSONARO...e pessoal está com sangue no olho...estou panfletando direto em Rio da Ostras..*
*Bolsonaro está subindo na reta final...não tem mais como conter isso.*

*BOLSONARO ganha está Eleição no 2o TURNO.*",1,0,FN,0.45
RandomForest,0,"Passeata do Prefeito Waguinho de Belford Roxo no Bairro Bom Pastor em apoio ao LULADRÃO!!!! O motorista do carro reclamou do transtorno que estava causando no trânsito, e o prefeito mandou empurrar o carro dele com uma retroescavadeira.",1,0,FN,0.46
RandomForest,0,"BOLSONARO REELEITO :folded_hands_medium-light_skin_tone::folded_hands_medium-light_skin_tone::folded_hands_medium-light_skin_tone::folded_hands_medium-light_skin_tone::green_heart::Brazil::yellow_heart:! CANSADOS? QUE HIRONIA E ESSA?  VOTAR NUM VAGABUNDO LULADRÃO E SUA QUADRILHA DE TOGADOS? Daqui a pouco se esse meliante ganha, ADEUS LIBERDADE",1,0,FN,0.28
RandomForest,0,"*Parabéns a J P NEWS...um ano de um Jornalismo sério e responsável...com ponto e contra ponto...onde a esquerda e a direita tem seus direitos de fala.*
*Não é por acaso a melhor canal e maior audiência com apenas um ano de funcionamento.*

*Então qual a causa da Ditadura da Censura...que foi submetida a está Censura depois de um pedido do PT/ Luladrão/ Esquerda...que o STF/ TSE...acatou está Ditadura da Censura.*",1,0,FN,0.45
RandomForest,0,Ele mesmo disse que bastava dar 10 reais para o baiano ficar feliz,1,0,FN,0.22
RandomForest,0,"Tudo bandido e insanos, comunista, fascista, doente. Deus vai fazer justiça. Em nome de Jesus",1,0,FN,0.45
RandomForest,0,"Caros amigos.
Vai um alerta! Vamos escolher os locais a onde formos doravante.
Um casal com a camiseta do Brasil foi hostilizado em um restaurante em SP. Achei estranho e fui pesquisar. 
O restaurande se chama Martín Fierro, na Vila Madalena. 
Observei que a dona se chama Ana Maria Massochi. Busquei seu perfil no insta, que é aberto.
Completamente esquerdista. As postagens falam por si.
Sejamos cada vez mais seletivos em nossas escolhas. E em “onde gastamos nosso dinheiro “. 
Para que o lazer não se transforme em dissabor.
Os estabelecimentos também se transformaram em curral dos burros. 
Eu vou com o gado.",1,0,FN,0.41
RandomForest,0,"Já saiu o resultado do dia 30 de outubro sobre as eleições.

LULA ganhou de Bolsonaro com *52% dos votos*.

Já temos definido o Presidente do Brasil para 2023. *LULADRAO*.

É muita falcatrua da *GLOBO*",1,0,FN,0.33
RandomForest,0,Acabei de ver na band o Luladrao 53% e Bolsonaro47% não posso acreditar numa coisa dessas.,1,0,FN,0.27
RandomForest,0,LULADRAO E O INCENTIVO AO MST FDPS,1,0,FN,0.48
RandomForest,0,"Esse mafioso é bandido e fim de conversa!  É nojento ver esse tipo de notícia, é chamar o povo de idiota na lata!",1,0,FN,0.33
RandomForest,0,"Pq cidadão de bem, honesto como Lula Ladrão diz que não tem uma alma viva mais honesta que Ele",1,0,FN,0.15
RandomForest,0,":fire::fire::fire::fire::fire:Eduardo Paes foi levar o *LULADRÃO* para ver o jogo do Vasco, e foi recepcionado dessa brilhante e calorosa forma !:backhand_index_pointing_up:",1,0,FN,0.34
RandomForest,0,Como um cidadão que diz ser cristão vota num candidato que apoia invasão de terra dos outros de casas apoia os costumes lgbt legalização de drogas e de ladrões de celulares etc que Jesus é esse,1,0,FN,0.18
RandomForest,0,Sabe que esse bandido tava apoiando o presidente que eu e você votamos ! E ainda era idiota pra chamar ele de mito,1,0,FN,0.3
RandomForest,0,"Hipócrita. Não tem pq protestar? Um ladrão voltando ao poder ilegalmente, fazendo o povo Brasileiro de palhaço e se faz de idiota.  Quem gostar do ladrão de estimação que comemore ,eu Não ! E o povo está nas ruas pq quer, graças ao pouco de Democracia q ainda nos resta, e uma constituição q vcs sonham em nos tirar.",1,0,FN,0.43
RandomForest,0,"Pois continue trabalhando e estudando, é melhor que ficar igual um idiota defendendo político e passando vergonha",1,0,FN,0.44
RandomForest,1,"Quando terminar essa eleição vamos fazer uma festa para recuperar as amizades perdidas e as brigas familiares.
-Quem votou no bolsonaro traz a carne e a cerveja.
-Quem votou em branco traga frango e linguiça.
-Quem anulou o voto traga pão de alho e coração.
-Quem faltou na votação traga gelo e carvão. 
-E quem votou no PT não precisa vir.",1,0,FN,0.3
RandomForest,1,"Oi estou vendo que vc acha que me sentiria ofendido por sua colocação, mas vamos lá, tirando a clara baixeza de seu argumento, aonde precisa tentar ofender, um esforço deveras patético para uma pessoa que quer se dispor como alguém de alguma forma superior a outra, então vamos pela lei de Cristo somos todos irmãos e irmãs e todos iguais perante a Deus, não cabendo condenar ninguém.

Também há a questão que mesmo na Bíblia calúnia e difamação é um ato criminoso ao qual é muito mal visto então se já passamos uma pá de cal sobre esse seu infeliz pronunciamento.

Não, não sou homo sexual, não tenho qualquer trejeitos delicado e muito menos sou destemperado e barraqueiro.

Também não estou em cima de qualquer muro, me coloco aqui em uma posição clara entre Belzebu e Baphomet eu não fico com nenhum, anjos caídos não se arrependem de seus pecados e este é o caso destes dois déspotas.",1,0,FN,0.32
RandomForest,1,Se fosse vermelha a reação  da globolixo seria a mesma? Claro que não,1,0,FN,0.15
RandomForest,1,"Vamos combater a esquerda até vencermos essa guerra. 
SALVE NOSSO CONTATO 

Vote nos candidatos do Bolsonaro :Brazil: :Brazil: :Brazil: :Brazil: :Brazil: :Brazil:

* Deputado Federal: Coronel Malabarba 44.00

* Deputado Estadual: Ruy Irigaray BOLSONARO 44.000

* Presidente: Jair Bolsonaro 22
",1,0,FN,0.34
RandomForest,1,"*""Quando a então poderosíssima União Soviética invadiu a pequena Finlândia, o pai do missionário Eurico Bergsten, que servia no Brasil, repetia sem cessar a oração: “Deus, salve a Finlândia”.* 
*Ao acordar de manhã, ao tomar café, ao almoçar e a todo momento, durante todo dia, ele orava: “Deus, salve a Finlândia”.*
*E milagre aconteceu. O poderoso inimigo foi derrotado, e a Finlândia cristã foi liberta do comunismo. Façamos o mesmo pelo Brasil. Que a nossa oração incessante, a partir de agora, seja: “Deus, salve o Brasil”. Ao acordar, ao tomar café, ao almoçar e todo momento, que esse clamor esteja no seu coração e nos seus lábios: “Deus, salve o Brasil”. O milagre acontecerá. Ele ama o Brasil!""*
*Deus abençoe a todos!*   :woman_bowing::woman_bowing::woman_bowing::yellow_heart::green_heart::Brazil:🇷:Israel:🇱 
       *COMPARTILHE ESTA MENSAGEM*",1,0,FN,0.5
RandomForest,1,"Já estão preparados para o golpe da esquerda  ???
:pensive_face::loudly_crying_face:
Não vejo outro cenário...

Aqui no RN , vai ser proibido todo tipo de forças policiais e  etc.. 
Por perto das zonas eleitorais...

 Sempre se soube que eleição é perigoso pois sempre alguém vem cobrar contas com seus desafetos e por aí vai , imagina como vai ser domingo...

Que Deus nos proteja :folded_hands_light_skin_tone::raising_hands_light_skin_tone::folded_hands_light_skin_tone::raising_hands_light_skin_tone::folded_hands_light_skin_tone:",1,0,FN,0.42
RandomForest,1,"Isto aconteceu em 2018, na véspera do segundo turno
Quando Bolsonaro ganhou, a petezada sumiu. Pararam as invasões de imóveis",1,0,FN,0.48
RandomForest,1,"Sim. A ação contra bandidos deve ser enérgica. Entre tombar um bandido ou um cidadão de bem que tombe o bandido. Mas,e os números mostram isso_ não é só o bandido que deve ser combatido, mas o crime e o crime é um fato social com uma série de fatores criminógenos: desigualdade, base familiar, falência da educação formal ,entre outros.
Esperar que o crime diminua simplesmente eliminando criminosos é como supor que um balde sob a goteira resolverá o problema da telha destruída.",1,0,FN,0.23
RandomForest,1,"GENTEEE, ESSE LADRA DO LULA ESTA MUITO TRANQUILO COM A VITÓRIA DELE,  TEM ARMAÇÃO POR AÍ. VAMOS ORAR E PEDIR A DEUS QUE CANCELE TODA AÇÃO DO MAL QUE ESTIVER ARMADO PARA AS NOSSAS ELEIÇÕES.",1,0,FN,0.48
RandomForest,1,"O Adélio é cria da Globo. E vão cutucar ainda mais? Como diz minha mãe, o diabo ensina fazer a panela, mas não a tampa. Vem castigo a cavalo pra eles. :enraged_face::enraged_face:",1,0,FN,0.34
RandomForest,1,É SÓ TROCAR  O NOME BOLSONARO POR LULADRAO :backhand_index_pointing_up::backhand_index_pointing_up::backhand_index_pointing_up::rolling_on_the_floor_laughing::rolling_on_the_floor_laughing::rolling_on_the_floor_laughing::rolling_on_the_floor_laughing:A ANÁLISE FICA. REAL E VERDADEIRA :rolling_on_the_floor_laughing::rolling_on_the_floor_laughing:,1,0,FN,0.43
RandomForest,1,Ceara hj a noite  01/10/22 o velho ladrão vai toma uma trolhada no rabo que vai perder ate as pregas :face_with_tears_of_joy::face_with_tears_of_joy::face_with_tears_of_joy::face_with_tears_of_joy::face_with_tears_of_joy::face_with_tears_of_joy::face_with_tears_of_joy:,1,0,FN,0.35
RandomForest,1,":cloud_with_lightning:

:Russia: Citação de Vladimir Putin:
""Prefiro ser enforcado por lealdade do que recompensado por traição!""

PALAVRAS IMPORTANTES DE PUTIN AO POVO

Putin: Cidadãos do mundo, falo com vocês sabendo que minha mensagem será distorcida e enquadrada. Estou sendo feito um perpetrador, mas só queria proteger meu povo que está sob ataque há mais de 10 anos. Não sou contra os cidadãos da Europa, são os vossos dirigentes que estão contra vós!

Esta é a sua chamada de despertar. Os nazistas venceram a Segunda Guerra Mundial!

Os líderes da UE são nazistas e você está bem ciente disso.

É o mesmo clube, com a mesma abordagem, que outros estados escravistas. Eles ignoram a sua e a minha opinião. Por que eu explodiria minhas próprias linhas de gás?

Eu posso simplesmente fechar a torneira. Essas alegações contra a Rússia são muito fáceis de desmascarar. Quem está bombardeando a usina nuclear?

A Europa é governada por nazistas que adoram Satanás!",1,0,FN,0.18
RandomForest,1,Tão tudo caladinho os Bolsominion,1,0,FN,0.41
RandomForest,1,"Agora, resta à DIREITA, com 82% dos votos apurados, *torcer para ter segundo turno*.

Chances reais de vitória do LADRÃO no primeiro turno. 

Só a Bahia tem quase 2 milhões de votos *não apurados* e lá o LADRÃO tem 2 votos para cada voto de Bolsonaro.",1,0,FN,0.5
RandomForest,1,"É inacreditável essa votação. Vcs podem ter certeza,se não houver Segundo turno, estaremos fadado ao mundo da Venezuela,chile, Guatemala e outros países que a esquerda foram tomadas . Estamos em maus Lençóis,caso o Ladrão ganhe.",1,0,FN,0.43
RandomForest,1,"A situação vai ficar pior se não  tomarem uma atitude, nosso povo vai ser praticamente escravizado por esse DITADOR dos inferno .",1,0,FN,0.41
RandomForest,1,"Ha 2000 anos o povo escolhe o ladrao. Ontem não foi diferente. Triste ver tanta gente ou ignorante e sem acesso à informaçãode qualidade ou desprovido de valores éticos e morais. Mas não adianta só reclamar. Temos que sair da nossa zona de conforto e lutar, garimpar votos etc onde quer que seja. Que Deus nos proteja do mal.",1,0,FN,0.05
RandomForest,1,"Já pedi, implorei, entenderam, concordaram, muitos mas, não tocam no assunto, não tem nas redes e em nenhum lugar

Sou o único retardado que alerta sobre isso há anos, sozinho

Com a importância que eu tenho, é o mesmo que falar com as paredes",1,0,FN,0.22
RandomForest,1,"O baphomet é uma personificação da magia

 Tanto que ele é cheio de simbolismos",1,0,FN,0.13
RandomForest,1,":index_pointing_up::index_pointing_up::index_pointing_up::index_pointing_up::index_pointing_up::index_pointing_up::index_pointing_up::index_pointing_up::index_pointing_up::index_pointing_up::index_pointing_up::index_pointing_up::index_pointing_up::index_pointing_up::index_pointing_up::index_pointing_up:

*Conselho estratégico pra essa guerra, estamos a poucos dias da batalha final *

*Não perca tempo em tentar convencer esquerdopatas, essa gente tem cabeça feita, são lobotomizados, são bestializados, são psicopatas em diferentes graus, só Deus pode fazer o milagre *

*Corra atrás dos indecisos, tem aí mais de 40 milhões, de não comparecimento, votos em branco, etc etcetera *.

*Vamos correr atrás dessa gente, esqueçam os petistas por enquanto*.

*Confesso que gosto de ver petista irritado kkkkkkkkkkkk, mas vamos esquecer essa gente, e focar agora em outro alvo :bullseye: *.

:call_me_hand::call_me_hand::call_me_hand::call_me_hand:",1,0,FN,0.03
RandomForest,1,"Que todos se conscientizem de que: nesse momento o mais importante é coletar informações e estratégias nos grupos e levá-las para fora dos grupos - levá-las a todos os isentões, àqueles que vão à praia no dia do voto, àqueles que porventura vão votar errado (votar no criminoso) - de nada adianta participar de um grupo se não fizer isso - e hastear a Bandeira do Brasil para fora de todas as janelas do  nosso imenso território nacional é de suma importância para dar visibilidade ao nosso desejo: Liberdade, Deus, Pátria e família - o mundo precisa conhecer o nosso desejo - é necessário que todos compreendam o risco que estamos correndo - lutamos pela liberdade, contra o comunismo escravagista e genocida. Que Deus nos abençoe.",1,0,FN,0.25
RandomForest,1,LULADRAO VAI POR O DOLAR A 40 REAIS :rolling_on_the_floor_laughing::rolling_on_the_floor_laughing::rolling_on_the_floor_laughing::rolling_on_the_floor_laughing::rolling_on_the_floor_laughing::rolling_on_the_floor_laughing::rolling_on_the_floor_laughing::rolling_on_the_floor_laughing::rolling_on_the_floor_laughing:E INFLAÇÃO A 100%,1,0,FN,0.42
RandomForest,1,LULADRAO com boné do traficante mister m fdm,1,0,FN,0.45
RandomForest,1,"Xandão vai decidir em favor do LuLADRÃO e do Corinthians. 

Certeza!",1,0,FN,0.33
RandomForest,1,":megaphone::keycap_2::keycap_2::Brazil: *ATENÇÃO MUITA ATENÇÃO.* :Brazil::keycap_2::keycap_2::megaphone:

*Viagens em feriadão impensado irá nos CUSTAR 4 anos, talvez sem trabalho e sem dinheiro para viajar*

*Agora eu entendo pq, entre o primeiro turno e o segundo, teremos 4 semanas e não 3 como de costume. Dia 30 é um Domingo. Dia 29 é um sábado e 28 é uma sexta-feira. Dia do Funcionário Público. Com o de costume, feriado para o funcionalismo público. Eleição dia 30. Dia 01 de Novembro provável feriado/ponto facultativo e, dia 02/11, Finados. Outro feriado. Feriadão de 5 dias com uma eleição no meio. Quem viaja num feriadão? Eleitores do Bolsonaro ou eleitores do Luladrao? Abstenção severa? A quem vai beneficiar? Muita coincidência ou armação? Não vamos viajar. Vamos votar. Para reflexão.*:oncoming_fist::Brazil:",1,0,FN,0.13
RandomForest,1,"Agora eu entendo pq, entre o primeiro turno e o segundo, teremos 4 semanas e não 3 como de costume.

Dia 30 é  Domingo. 
Dia 29 é sábado.
Dia 28 é  sexta-feira, DIA DO FUNCIONÁRIO PÚBLICO, feriado para eles.

Eleição  é dia 30.

Dia 01 de Novembro, (provável feriado) ponto facultativo.
E dia 02 de novembro, é FINADOS, outro feriado.

Feriadão de 5 dias  com uma eleição no meio.

Quem viaja num feriadão?

Eleitores do Bolsonaro ou  do Luladrão?

Abstenção severa?

A quem vai beneficiar?

Muita coincidência ou armação?

Não vamos viajar!

Vamos votar.

*Para reflexão*
Repasse para conscientização.",1,0,FN,0.34
RandomForest,1,"Enquanto isto, o Seu L lula LADRÃO, MATA CRIANÇAS em terreiro de UMBANDA, o BOLSONARO recebe ORAÇÃO, um CLAMOR a Deus 0ela vida dele",1,0,FN,0.42
RandomForest,1,Não é a toa que lgbts maioria de esquerda são os que mais cometem pedofilia,1,0,FN,0.42
RandomForest,1,Sabe porque o nosso Presidente Bolsonaro ganhou o debate? Simplesmente porque ELE tinha e tem argumentos suficientes para derrubar qualquer pergunta que viesse do seu adversário Lulaladrão. Moral da história:  Ser justo e verdadeiro nunca vai cair de moda.,1,0,FN,0.48
RandomForest,1,Mas os dois usam isso gente  isso serve pra auxiliar  os dois que mlk idiota,1,0,FN,0.44
RandomForest,1,"Não estudo mais graças a Deus .
Aliás no meu tempo eu aprendia a ler e escrever não militância de de viado e glorificar bandido",1,0,FN,0.34
RandomForest,1,A CASA CAIU!!!  OS NORDESTINO AGORA ESTÁ MOSTRANDO QUEM VAI COMER CAPIM.  INGUINORANTE DAS DESGRAÇA :Brazil::Brazil::Brazil::Brazil::Brazil:,1,0,FN,0.32
RandomForest,1,"Wilian Bonner, a última fala dele no final da apuração, ""a  pessoa q falar em fraude ou e burro ou está doente"",.",1,0,FN,0.35
RandomForest,1,"Não está sendo fácil digerir essas histórias em que o estádio mane garrincha já teria sido reservado para posse do Lula bem antes mesmo das eleições do 2º turno e também aquela imagem da rede esgoto mostrando vitória do Lulaladrao bem como as gravações de final de ano com Lula eleito!!! 
Tem caroço nesse angu! :thinking_face::man_shrugging_medium-light_skin_tone:",1,0,FN,0.11
RandomForest,1,"Após o golpe nas urnas. Ops, quer dizer, ""vitória"" :smirking_face: a projeção da inflação que seria negativa para o ano que vem, sofreu uma TOTAL REVIRAVOLTA! Agora vai vim POCANDO! Faz o L RETARDADO! :thumbs_up:",1,0,FN,0.32
RandomForest,1,"Bando de idiota Jaqueline eu nem discuto com eles , vou é sair do grupo",1,0,FN,0.32
RandomForest,1,Tomemos cuidados com os Fake News tem alguns idiotas no grupo de esquerda querendo nos intimidar vamos pra duas para os quartéis não vamos parar,1,0,FN,0.4
RandomForest,1,PESSOAL BOA TARDE É BEM ISSO VIU QUE ALAN FALOU EU VASCULHEI AS REDES SOCIAIS AGORA DE MANHÃ OS NOTICIÁRIOS DE TODOS NÃO ESTÃO DANDO SEQUER NENHUMA RELEVÂNCIA ESTÃO DEIXANDO A GENTE PASSAR BATIDO COMO IDIOTAS INCLUSIVE A JOVEM PAN DISSE AGORA COM TRINDADE ACABEI DE OUVIR QUE AS MANIFESTAÇÕES SÃO PACÍFICAS AS VIAS ESTÃO SENDO DESOBSTRUÍDAS OS CARROS ESTÃO PASSANDO AQUI QUE   ÍAMOS FICAR ORDEIRAMENTE NAS RUAS MAS A MEDIDA DO POSSÍVEL ACABARIA  OU SEJA A IMPRENSA ESTÁ DESESTABILIZANDO AS MANIFESTAÇÕES,1,0,FN,0.41
RandomForest,1,"Esse jornalista da Bandeirantes chamou todas as pessoas e os caminhoneiros que participaram dos movimentos de hoje. (02/novembro/2022) de IDIOTAS.                                   Ele entende que e' normal o POVO BRASILEIRO aceitar um bandido , criminoso , julgado e CONDENADO em 3 instâncias da justiça e por cerca de 12 juízes de Direito e descondenado por um advogado/juiz (juiz nomeado pelo próprio ex-presidente condenado) do STF ser PRESIDENTE DA REPÚBLICA.     Vamos divulgar isso e nao assistir mais a BANDEIRANTES.   PS: Falou agora a noite no Jornal da Bandeirantes por volta das 20 horas",1,0,FN,0.28
RandomForest,1,"Por quê, a bíblia é contra o aborto, contra o homossexualismo, contra as drogas (vícios) , contra o espiritismo (macumbas), contra os ladrões etc...",1,0,FN,0.48
RandomForest,1,*AS BIBA AI KKKKKKKKKKKKKKK BOLSONARI É MUITO VIADO PUTA Q PARIUKKKKKKKKKKKK*,1,0,FN,0.38
RandomForest,1,O SENHOR ESTÁ SE REFERINDO A QUEM É A MIM! PRIMEIRO PONTO PROCURE SABER COM QUEM O SENHOR ESTÁ FALANDO QUANTO AO TEXTO QUE EU POSTEI SEU IMBECIL VAI ENTENDER O QUE ESTÁ ESCRITO PARA NÃO FALAR IMBECILIDADE,1,0,FN,0.39
RandomForest,1,"Que loucura, macumba pura contra o presidente e contra o Brasil... Satanás quer de qualquer forma tomar o poder, mas DEUS não vai deixar!!!",1,0,FN,0.36
RandomForest,2,"Gente...até  qdo  isto???
Tenho netos ...adolescentes..
Inteligentes... não toleram ideologias de nenhum tipo...
Como encarar esta raivosa intolerância...
Como mãe...avó de 73 anos...nunca vi isto...
SÓ JESUS  NA NOSSA CAUSA...
Oremos...oremos... Nossa 
Oração...
SENTADO À DIREITA DE DEUS QUE PAI...não a esquerda...
Brasil acima de tudo...
DEUS acima de todos...
:green_heart::Brazil:",1,0,FN,0.42
RandomForest,2,":keycap_2:

15. Em outras palavras, as emendas do relator podem até ser criticadas, mas apenas numa lógica de eficiência do gasto público, questionando se os parlamentares direciom os recursos para as áreas que mais precisam, e nunca por configurar compra de apoio, como ocorria no Mensalão.

16. Pior: para conseguir apoio, Lula e o PT usavam emendas; loteavam ministérios e estatais, entregando parcelas muito maiores do orçamento nas mãos dos partidos; e ainda desviavam dinheiro público para comprar parlamentares e anular o Legislativo. Era tudo ao mesmo tempo!

17. Então, da próxima vez que você encontrar alguém malandramente tentando comparar as duas coisas, deixe claro que o Mensalão foi um esquema criminoso e um golpe contra o Legislativo enquanto o tal ""Orçamento Secreto"" é, no máximo, uma forma menos eficiente de alocar recursos.",1,0,FN,0.47
RandomForest,2,"Agora Bolsonaro arranjou uma casa de um cidadão normal, humilde para fazer live...
É disso que o povo gosta :beaming_face_with_smiling_eyes:
Só falta mesmo ele fazer live com a Michelle interpretando em libras, e o Molusco corta o resto dos 9 tentáculos ...:thumbs_up::sweat_droplets:",1,0,FN,0.45
RandomForest,2,O ex presidiário se ausenta de mas uma entrevista... mas na Globo ele ta confirmado.. algo estranho ? :face_with_tears_of_joy:,1,0,FN,0.08
RandomForest,2,"Um dia eu estava em um grupo de colegas com ideologia da esquerda e fiz um pedido de emprego para ser jardineiro para um amigo que teve problemas com a justiça, tinha sido preso, era alcoólatra e às vezes mentia. Falei que ele era gente boa e estava passando por uma fase difícil. Todos os colegas refutaram o meu pedido dizendo, Eduardo, assim fica difícil contratar um cara desses. Tenho filho pequeno e não confio.
Expliquei que se para ser jardineiro ele era tão criterioso, por que não para ser o presidente da República, uma vez que os atributos tidos como negativos eram os mesmos?
Cri-cri-cri.. o grilo cantou",1,0,FN,0.48
RandomForest,2,"COMBATE AO ATIVISMO LGBT Infelizmente, grupos de pressão, que sequestram pautas identitárias, querem subverter a noção de igualdade e garantir favorecimentos para si em detrimento do restante da sociedade. É o caso, por exemplo, do movimento LGBT, que em Salvador ameaça os comerciantes e busca, a seu bel prazer, criminalizar quem não os coloca sobre um pedestal. Como vereador, lutei contra as medidas autoritárias do ativismo LGBT que queriam multar donos de estabelecimentos comerciais de forma injusta. Somos todos iguais perante à lei e, principalmente, a Deus. Peço seu voto agora para deputado estadual! Comprarei essa briga para proteger os comerciantes e as famílias de toda Bahia. 

#CezarLeite
#DeputadoEstadual
:keycap_2::keycap_0::keycap_0::keycap_2::keycap_2::check_mark_button::Brazil:

#CL20022
#20022
#LeiteNelesBahia 
#CezarLeite20022
#TimeCezarLeite
#BolsoLeite20022 
#Bolsonaro22
#Roma22
#Raissa222",1,0,FN,0.33
RandomForest,2,"A matéria do New York Times diz: ""Líderes políticos de esquerda e grande parte da imprensa e do público brasileiro apoiaram amplamente as ações de Moraes como medidas necessárias para combater a ameaça singular representada por Bolsonaro.

Mas muitos juristas dizem que as demonstrações de força de Moraes, sob a bandeira de salvar a democracia, estão ameaçando empurrar o país para uma queda antidemocrática.",1,0,FN,0.27
RandomForest,2,Os trouxas da esquerda terá mais 4 anos dizendo que é resistência. :rolling_on_the_floor_laughing::rolling_on_the_floor_laughing:,1,0,FN,0.47
RandomForest,2,Só para você ver quanto à esquerda fez com o nosso país agora traficante fala abertamente o que ele quer e manda e o STF proibiu da polícia subir os morros para não incomodar os traficantes,1,0,FN,0.5
RandomForest,2,Só bandido não quer o cidadão de bem armado. Nunca foi tão fácil escolher.,1,0,FN,0.35
RandomForest,2,"Para quem está pensando em votar na esquerda na próxima semana, vou enviar uns vídeos da Colômbia: os caminhoneiros param nos postos para abastecer e a população saqueia os produtos. Também estão fechando as estradas para roubar. O governo prometeu coisas que agora não pode cumprir e a população está revoltada.  Provavelmente vocês não vão ver isso na mídia do Brasil:",1,0,FN,0.3
RandomForest,2,"Quanto ao aparelhamento, é resultado de 30 anos de governos de centro esquerda e de esquerda.",1,0,FN,0.42
RandomForest,2,Todas essas conversas que nos falamos aqui não vai dar em nada nosso presidente Bolsonaro tem o poder de para esse STF e deixa as eleições para outro dia porque os petistas estão comemorando eles já sabem que as urnas estão fraudadas para o ladrão tomar o poder  . Vamos Bolsonaro faça alguma coisa pelo amor de Deus,1,0,FN,0.38
RandomForest,2,"A ex  professoea /Advogada  deputada Simone de tablet vai hj debate Jajá ela lá hj Querendo ser professora..do PCC hoje tá afiada com LulaLadrao e GloboLixoManipulativa:rolling_on_the_floor_laughing:........etc:Vietnam::kitchen_knife::Brazil::heavy_dollar_sign::pinched_fingers::pinched_fingers::heavy_dollar_sign::kitchen_knife::heavy_dollar_sign::heavy_dollar_sign::heavy_dollar_sign::heavy_dollar_sign:

O mito vai.hoje tá lá firme e forte..sozinho.....ele sim eh nosso LÍDER,
NOSSO VERDE ESPERANCA.
NOSSO AMARELO RIQUEZA EM EXPANDIR EMPREGOS NO BRASIL,....

e não nas chinas...cuba...etc...:Vietnam::heavy_dollar_sign::pinched_fingers::Vietnam::heavy_dollar_sign::pinched_fingers::Vietnam::heavy_dollar_sign::pinched_fingers::Vietnam::heavy_dollar_sign::pinched_fingers::Vietnam::heavy_dollar_sign::pinched_fingers::Vietnam::enraged_face::enraged_face::Vietnam::Vietnam::Vietnam::Vietnam::pinched_fingers::heavy_dollar_sign::heavy_dollar_sign::heavy_dollar_sign:
Luladrao PCC STF... Caiado....etc,...:heavy_dollar_sign::pinched_fingers::heavy_dollar_sign::pinched_fingers::kitchen_knife::Brazil::kitchen_knife::Brazil::pinched_fingers::heavy_dollar_sign::pinched_fingers::heavy_dollar_sign::pinched_fingers::middle_finger::pinched_fingers::heavy_dollar_sign::kitchen_knife::kitchen_knife::heavy_dollar_sign::kitchen_knife::heavy_dollar_sign::heavy_dollar_sign::kitchen_knife:",1,0,FN,0.18
RandomForest,2,:triangular_flag: O padre é o satanás wm transformação de anjo de luz .,1,0,FN,0.3
RandomForest,2,"Abrem os olhos , não pensem só no momento , pensem nas futuras gerações , não queiram pra eles o que não quer pra vcs hoje , esquerda é a destruição da família , amanhã votem consciente, sejam maduros , inteligentes , abraços",1,0,FN,0.45
RandomForest,2,"MARCOLA do PCC acaba de declarar voto e APOIO AO LULADRÃO,
PORQUE SERÁ??????????",1,0,FN,0.46
RandomForest,2,"Urna batizada meus amigos
Ele satanás não tem tantos eleitores assim!",1,0,FN,0.09
RandomForest,2,Os cara vê os vídeos vê o cara indo fazer a macumba e ainda não acreditar pqp,1,0,FN,0.28
RandomForest,2,Com esse vídeo qualquer idiota vera que fomos logrados nas urnas eletrônicas,1,0,FN,0.41
RandomForest,2,*A Palavra de Ordem agora é o seguinte:Se o Luladrao ganhar ele não pode assumir temos que invadir Brasília e por abaixo o Palácio do Planalto e o Supremo Tribunal Federal!*:thumbs_up:,1,0,FN,0.41
RandomForest,2,SE O LULADRAO ROUBAR ESSAS ELEIÇÕES  NÃO VÃO MAIS ME ROUBAR NEM UM CENTAVO A MAIS JA CHEGA DO PLANO COLLOR,1,0,FN,0.37
RandomForest,2,"Bolsonarista: Marcha p Jesus
Petistas: Marcha p maconha
De qual lado vc está?",1,0,FN,0.23
RandomForest,2,"*A situação política transcendeu os candidatos, para quem não entende não se trata de Bolsonaro X LulaLadrão, mas sim de Brasil x Foro de SP.*",1,0,FN,0.31
RandomForest,2,Vc não deve usar de artifícios de viados para tentar denegrir,1,0,FN,0.36
RandomForest,2,Gente vamos encher aquilo lá por favor fazer melhor que o LULALADRÃO no Club tamoio em São Gonçalo vamos mostrar nossa força :flexed_biceps: :flexed_biceps: :flexed_biceps: :flexed_biceps:,1,0,FN,0.35
RandomForest,2,COLOQUEI PARTE DO DINHEIRO NO CU ARROMBADO da VADIA DA TUA MÃE :rolling_on_the_floor_laughing::face_with_tears_of_joy::face_with_tears_of_joy::face_with_tears_of_joy:,1,0,FN,0.42
RandomForest,2,"O cantor paraense Wanderley Andrade fez uma música especialmente para o candidato LULADRAO.

ELE MERECE ESSA GRANDE HOMENAGEM.

AUDIO:",1,0,FN,0.46
RandomForest,2,"Pode!!! Moro foi péssimo, deixou o poder subir a cabeça, um idiota como Ministro. Mas na Lava a Jato ele mandou super bem.",1,0,FN,0.4
RandomForest,2,"Imbecil 
Pensa pra falar!
O Lula deveria ter entrado numa antes de se candidatar!",1,0,FN,0.36
RandomForest,2,Teco escuta aí esse Áudio Vídeo aí acima :index_pointing_up::backhand_index_pointing_up::index_pointing_up::index_pointing_up::index_pointing_up:. Para vc vê o CANALHA DO LULADRÃO.,1,0,FN,0.49
RandomForest,2,"Cumé qui é, LULADRÃO esperando Autorização do TRAFICANTE Marcola pra transitar em São Paulo???? 
Foi isso mesmo que eu ouvi?
Aí é o FIM!!",1,0,FN,0.48
RandomForest,2,"Tai seu idiota posta a matéria sem ler veja com essa deputada vota o partido SOLIDARIEDADE faz parte dos aliados fiéis, Bolsonaro tem ainda outros seis partidos que têm taxa de alinhamento ao governo superior a 50%. Ou seja, votam mais com o governo que com a oposição. Esse grupo é composto por 52 deputados que integram os seguintes partidos: Solidariedade, Cidadania, Podemos, Pros, Avante e PV.",1,0,FN,0.38
RandomForest,2,".




       *“O TSE (Tribunal Superior Eleitoral)*



 

      *Concedeu à campanha do ex-presidiário  Luladrão  (PT) 184 inserções de 30 segundos nos espaços anteriormente destinados à propaganda do presidente Jair Bolsonaro (PL) na televisão.*


      *A determinação foi estabelecida em decisões tomadas nesta 4ª feira (19.out.2022) sobre pedidos de direito de resposta formulados pelo petista.”*



.",1,0,FN,0.41
RandomForest,2,"PIOR   QUE  TEM  MUITOS   IDIOTAS  QUE   ACREDITAM     NESTES    CARAS   !   BOLSONARO  SERÁ   PRESO  , QUAL  ACUSAÇÃO    ? QUAL   CRIME  QUE  BOLSONARO   COMETEU   QUE  PODE    LEVA- LO  A  UM  JULGAMENTO   E  CONDENAÇÃO   ?    PORQUE   ESTE  CARA  NÃO   ADIVINHA  QUAIS   NÚMEROS   VAI  DAR  NA  MEGA SENA   QUANDO  O  PRÊMIO  ESTA  ACUMULADO   ? SERÁ   QUE  ESTE  IDIOTA   PENSA   QUE  NOSSO   BRASIL   VAI  SER  IGUAL   A  VENEZUELA   SE  ESTE  PRESIDIÁRIO   LULA   VENCER   AS  ELEIÇÕES   NO  SEGUNDO   TURNO   ?  SERÁ   QUE  ESTE  IDIOTA   PENSA   QUE  A   POPULAÇÃO  DO BEM   ESTA  DORMINDO   AINDA   ???:goblin::goblin::goblin::goblin::goblin::goblin:",1,0,FN,0.46
RandomForest,2,"Agora eu entendo pq, entre o primeiro turno e o segundo, teremos 4 semanas e não 3 como de costume. Dia 30 é  Domingo. Dia 29 é sábado e 28 é  sexta-feira, Dia do Funcionário Público, feriado para eles. Eleição  é dia 30. Dia 01 de Novembro (provável feriado) ponto facultativo e dia 02/11 Finados. 
Outro feriado. Feriadão de 5 dias com uma eleição no meio. Quem viaja num feriadão? Eleitores do Bolsonaro ou  do Luladrão? Abstenção severa? A quem vai beneficiar? Muita coincidência ou armação? Não vamos viajar. Vamos votar.
*Para reflexão*
Repasse pra conscientização.",1,0,FN,0.41
RandomForest,2,":thinking_face:SE: A :backhand_index_pointing_up_medium-dark_skin_tone:ESQUERDA VOLTAR AO PODER:backhand_index_pointing_up_medium-dark_skin_tone:TODA ESSA DESGRAÇA VAI ACONTECER!:man_gesturing_OK_medium-light_skin_tone::woman_gesturing_OK_medium_skin_tone:E OS CULPADOS, SERÃO: TODOS OS CRISTÃOS(CRENTES  E CATÓLICOS) QUE: APOIARAM AS TREVAS:ogre::smiling_face_with_horns: EXTERIORES.POIS, ESTÃO: COM ""AFINIDADES"", COM INIMIGO DE DEUS!. É FATO!. É SÓ LÊ :backhand_index_pointing_right_medium_skin_tone:João.8.44 eJoão10.10 :backhand_index_pointing_right_medium_skin_tone:Mateus.10.36 ""VOTAREM EM ""LULADRÃO"" É ""TRAIREM""! JESUS.:backhand_index_pointing_right_medium_skin_tone:João.6.70 :backhand_index_pointing_right_medium_skin_tone:Mateus.26.21 :thinking_face:ENQUANTO, HÁ VIDA. HÁ ESPERANÇA. Tiago.5.19,20 COM ""VERDADEIRO ARREPENDIMENTO"" CHORO, PRANTO E JE JUNS"" ATÉ DIA 29 DO CORRENTE, MÊS E ANO, DÁ TEMPO. SE: NÃO  ACEITEREM, ( CONSELHOS, E EXORTAÇÕES),DEIXE-OS PRA LÁ. PORQUE! :backhand_index_pointing_right_medium_skin_tone:Mateus.5.20 :backhand_index_pointing_right_medium_skin_tone:NAUM.1.2,3 :backhand_index_pointing_right_medium_skin_tone:HEBREUS.10.26 a 31. :backhand_index_pointing_right_medium_skin_tone:1a.Pedro. 4.18. ""AMADOS IRMÃOS"" :thinking_face:ASSISTAM :backhand_index_pointing_up_medium_skin_tone: :thinking_face:MEDITEM, E :backhand_index_pointing_right_medium_skin_tone:REPASSEM",1,0,FN,0.39
RandomForest,2,"Por Silvio Grimaldo:
Não precisam acreditar em mim, eu sou só um rapazinho da direita burra e emocionada. Mas se quiserem, ouçam o Mauro Iasi, fundador do PT, dando uma aula sobre tolerância e a forma adequada com que vão debater com conservadores qdo voltarem ao poder.",1,0,FN,0.49
RandomForest,2,ASSIM É A PROMESSA DO LULADRÃO :rolling_on_the_floor_laughing::rolling_on_the_floor_laughing::rolling_on_the_floor_laughing:,1,0,FN,0.46
RandomForest,2,Ciro SEMPRE CERTEIRO NA ANÁLISE e imbecil ao escolher um lado.,1,0,FN,0.5
RandomForest,2,"A macumba tá comendo para derrubar Bolsonaro ...
Mais a luz não se mistura com as trevas e vamos vencer essa batalha amém",1,0,FN,0.23
RandomForest,2,"Não está não 
Ele é deformado mesmo assim como as ideias dele:beaming_face_with_smiling_eyes:",1,0,FN,0.42
RandomForest,2,"Realmente, o povo brasileiro não é mais idiota, todos acordaram :folded_hands_light_skin_tone::thumbs_up::Brazil:",1,0,FN,0.28
RandomForest,2,"se tudo transcorreu sem nenhuma manipulação, vida normal, caso contrário, não será admissível o povo ser feito de idiotas",1,0,FN,0.35
RandomForest,2,"Belém do Pará também fazendo seu dever. Estou com essa massa de apoiadores do Bolsonaro para limpar o Brasil de ratos que governaram desde redemocratização.

Bolsonaro tem seus defeitos, mas ninguém melhor para  botar o Brasil nos eixos como fez nos 4 anos de mandato. 

Vai deixar legados para história. 

Renasceu a direita inexistente até então. Roubaram eleição dele, se não conseguirmos reverter o Lulaladrão terá oposição jamais vista na casa parlamentar e ele terá enormes dificuldades para implantar seus projetos nefastos. 

Essa massa de população que invade as ruas e praças do Brasil agora não permitirá  os atrasos e caos que ele quer executar.",1,0,FN,0.31
RandomForest,2,"Cara imbecil, tem que dar uma peia nele e dar um prejuízo no carro.",1,0,FN,0.43
RandomForest,2,"Imbecil é você. Não vou nem acabar de escutar, meu ouvido não é fossa não.",1,0,FN,0.27
RandomForest,2,Esse idiota está desde ontem esse grupo é ofendendo xingando todo mundo,1,0,FN,0.29
RandomForest,2,"Escuta essa...Manicoré no Amazonas...Zero votos para Bolsonaro,mas olha isso :face_with_symbols_on_mouth::face_with_symbols_on_mouth::face_with_symbols_on_mouth: COMO PODE NENHUM VOTO ?? SE VC DUVIDA DAS FRAUDES, É MAIS  IDIOTA SEM CÉREBRO QUE GOSTA DE SER ROUBAD@",1,0,FN,0.34
RandomForest,3,"Esse seu assunto aí já foi respondido por vários aqui. Mas parece que você é masoquista e quer continuar apanhando.
Não vou ficar dando palco pra doido.",1,0,FN,0.25
RandomForest,3,Perfeito para o gado ficar louco no pequeno curral mental que possui,1,0,FN,0.42
RandomForest,3,"""Eu vou de Lula! Entenda o porquê!!! As Entidades do Inferno estão todas a favor dele, e o Lula vai Vencer! E todas as Almas que votarem nele ganharão uma Visão Especial todas as Noites ao Dormir""... (Repasse para as Pessoas que pensam em votar no Lula e que ainda não sabem quem está por trás dele!)",1,0,FN,0.32
RandomForest,3,*THIAGO MARTINS CONVIDA A POPULAÇÃO BAIANA PARA SEPULTAR A VELHA POLÍTICA NA BAHIA*,1,0,FN,0.45
RandomForest,3,"Quantas fofuras em
Na época do luladrao ninguém se interessava em política. Com Bolsonaro até as crianças querem discutir política 
Essa Bolsonaro é realmente o MITO :flexed_biceps_medium-light_skin_tone::flexed_biceps_medium-light_skin_tone::green_heart::folded_hands_medium-light_skin_tone::raising_hands_medium-light_skin_tone::clapping_hands_medium-light_skin_tone::clapping_hands_medium-light_skin_tone:",1,0,FN,0.48
RandomForest,3,Simone Tebet acabou com o Bolsonaro.  Ela entregou todo o esquema criminoso do BOZO,1,0,FN,0.34
RandomForest,3,Compartilhem sem dó é importante esse vídeo mostra o tanto e o quanto à esquerda é covarde mas nós à direita devemos nos unir,1,0,FN,0.15
RandomForest,3,"“A esquerda promete o céu, mas o que ela entrega é o inferno”. GUEDES, Paulo. 2022",1,0,FN,0.43
RandomForest,3,Aquele nojento não engana ninguém! Falando no amor agora pra dá um de doido ... ENCANTADOR DE BURRO!!,1,0,FN,0.28
RandomForest,3,"Corja de bandido … Deus é maior que td isso , só permite pq temos o livre arbítrio … depois não adianta chorar , plantou , colheu , simples assim",1,0,FN,0.4
RandomForest,3,"*Minhas considerações sobre o debate presidencial na Globo.*

*Jornalista Delmar Rodrigues*

*Lula  O eterno ladrão*
*Simone e Soraya as perdidas*
*Felipe o equilibrado*
*Ciro o esperançoso*
*Kelman o penetra*
*Bolsonaro o reeleito*

*Pelo que vi nesse último debate, todos os pretensos candidatos a cadeira de presidente,  só fortaleceram  a reeleição de Jair M. Bolsonaro, é  incrível como eles ainda olham para o povo como um tolo, ignorante e incapaz de saber e perceber a realidade desse país.*
*Da forma como se deu o debate, ficou claro que Bolsonaro ganha no primeiro turno, salvo se alguma coisa ocorrer como na eleição passada  em que tivemos um segundo turno duvidoso.*",1,0,FN,0.12
RandomForest,3,Passar o dia chupando ovo de pt para ganhar um pão com mortadela,1,0,FN,0.4
RandomForest,3,Esse casal é bolsonaro Nato Nato e nato tanto eu como ela partimos para cima do Zap para conquistar Voto para o bolsonaro e assim que todos os casais tem que fazer a maldição do PT tem que ser acabado nessa gestão agora nós todos juntos seremos forte,1,0,FN,0.34
RandomForest,3,"Amanhã dia 02/10/2022, teremos eleição para Dep. Federal, Dep. Estadual, Senadores e o principal , o Presidente da República. 
Peço humildemente que antes de depositarem os seus votos nas urnas, que pensem em seus filhos, netos e bisnetos. Porque essa eleição não é somente para definir quem presidirá o nosso País, mas sim para definir quem irá cuidar do nosso futuro, do futuro de nossos filhos, netos e bisnetos. Esse pessoal que prega o socialismo e comunismo não deve ter noção da devastação que isso causa em nossas vidas. Por isso se oriente com Deus e peça a Ele uma direção, certamente Ele lhe dará. Procurem no Gloogle a respeito da agenda de 2030 (NOM). Ótima votação e excelente domingo. Deus é que está no controle.",1,0,FN,0.46
RandomForest,3,"""Meu coração está aflito pela nação. Não sabemos o que se passa nos bastidores e nem qual o limite (ou a falta dele) daqueles sem escrúpulos. O Brasil é um dos últimos países da América Latina onde o socialismo não tocou a mão e fez apodrecer. É triste ver a realidade de argentinos, venezuelanos, cubanos e outros. Potências que estão se esvaindo. Aqueles que não tiveram tanta instrução são os que mais votam na esquerda, ironicamente, pois são eles quem deveriam mais temer a falta de oportunidade gerada através das políticas populistas que tornam qualquer Estado infrutífero. Onde há maior liberdade econômica, ali há chances e chances de passar por qualquer crise sem perecer. Que Deus tenha misericórdia do Brasil."":folded_hands: (Fran Peçóis). 
*#primeiroturnobolsonaro*",1,0,FN,0.44
RandomForest,3,"Irmãos cristãos católicos e evangélicos, enquanto o inferno queima enxofre e a PETRALHADA queima chifre e a rosca, é nosso DEVER estar em oração em favor da nossa NAÇÃO e do nosso Presidente. Vamos ficar nesse dia  em ininterrupta ORAÇÃO e vigilância, aguardando a providência do Senhor Deus em nosso favor. Que o Senhor Deus continue nos abençoando em mais esse dia :folded_hands::folded_hands::folded_hands:",1,0,FN,0.18
RandomForest,3,Partiu indo ajudar nosso presidente a acabar com veio do cão,1,0,FN,0.25
RandomForest,3,"Eu estou trazendo esse plint após um comentário de um vídeo de um bando de macunbeiros fazendo seus despacho na frente de um cemitério. Porque estou fazendo isso no meu plint fala que Deus não dorme e esse noite ouve muitos louvores lave e anite teremos sim um resultado muito positivo vou trazer pra vcs verem o que se falou na lave foi puro fogo :fire: de Deus aguardem.após o resultado, mas já adiantando um pouquinho teremos prisões :zipper-mouth_face:",1,0,FN,0.05
RandomForest,3,"GENTE 
É SIMPLES 

PRESTA ATENCAO 

MINISTRO TIRA LULADRAO DA  CADEIA

STF ABSOLVE O MALDITO 

E O TORNA ELEGÍVEL 

DEPOIS NEGAM O VOTO IMPRESSO 

PROIBE UM MONTE DE COISAS

O BRASILEIRO FROUXO ASSISTE TUDO DA GLOBOBUNDA E FICA NO SOFÁ 

AQUELA MULTIDAO EM BRASILIA TIVESSE ARRANCADO DO PODER PELO PESCOÇO
MORAES 
BARROSO 
FACCINE E COMPANHIA 

AS ELEIÇOES FOSSEM MAIS TRANSPARENTE E  MENOS FRAUDE",1,0,FN,0.45
RandomForest,3,Eu também sou nordestina. Moro na Capital da Paraíba. O Nordeste deu está vitória ao ex- presidiário.Me sinto envergonhada e péssima!:pensive_face::pensive_face::pensive_face:,1,0,FN,0.37
RandomForest,3,"Pessoal o nosso presidente é esperto! Ele já pensou em tudo e sabia que o risco de fraude era gigante! 
Ele fez várias motociatas , passeatas, carreatas, e diversas paralisações! Ele sabe que uma hora todos esses vídeos (incluindo 7 de setembro) que mostram essas paralisações, vai ajudar ele a mostrar que essa eleição contra o ladrao foi FRAUDE",1,0,FN,0.05
RandomForest,3,48.4 do ladrão contra 43.2 puta que pariu foi roubado agente vai ter de ir votar dinovo pqp,1,0,FN,0.19
RandomForest,3,"É verdade! Infelizmente o povo está acostumado com políticos que faz baixaria nos palanques. Talvez o Capitão Wagner pela sua educação, não quis fazer isso mas tá aí um bandido eleito, e  correndo um grande risco de ladrão lá e ladrão cá.  
Meu Deus!",1,0,FN,0.12
RandomForest,3,"*CIDADES QUE O PT CONVOCOU SÃO LÁZARO PARA OS MORTOS VOTAREM NO LULADRÃO*

_ N.S. da Glória (Se) 
3.053 habitantes: _4.615 votaram no Lula.

 _Porto da Pedra: (Pe) 6.122 habitantes: _8.090 votaram no Lula. 

_Poço das Antas(Pe) População: 4.342 habitantes: _5.873 Votaram no Lula. 

_Xique Xique (BA) 43.548 habitantes: Pasmem :face_screaming_in_fear:: _64.805 habitantes votaram no Lula. 

_Barragem(BA) 25.687 habitantes: _31.338 votaram no Lula. 

_Nova Liberdade (BA) 11.026 habitantes: _16.192 votaram no Lula.

_ Novaçores (BA) 9.622 habitantes: _12.351 votaram  no Lula.

_Guananbim(BA) população: _19.764 habitantes: 22.538 Votaram no Lula.

 _Joaçaba (BA) 6.142 habitantes: _6.984 votaram no Lula.

_ Antas(BA) população: 11.434 habitantes: _18.001 votaram no Lula. 

...e mais 192 cidades Brasileiras (Bahia com maior número)  em que os *MORTOS RESSUSCITARAM* para VOTAR NO LULADRÃO :woman_facepalming_medium-light_skin_tone:, e aí TSE????????????",1,0,FN,0.48
RandomForest,3,"Nem perco meu tempo mais , ninguém é retardado , a ponto de não ver o que de verdade acontece … não tenho mais psicológico pra isso… e detalhe , não podemos mudar o outro , esta mudança depende única e exclusivamente da pessoa",1,0,FN,0.41
RandomForest,3,E tem um monte de idiota que está votando no pior presidente da história,1,0,FN,0.46
RandomForest,3,"O presidente do MDB é o Baleia Rossi, ele liberou os filiados pra escolherem em quem apoiar",1,0,FN,0.14
RandomForest,3,"Em poucas palavras... Juiz Marco Aurélio ""EX-STF"" explica o LULAdrão 2022 ! :clapping_hands_light_skin_tone::clapping_hands_light_skin_tone::clapping_hands_light_skin_tone:",1,0,FN,0.22
RandomForest,3,QUEM MATOU CELSO DANIEL  LULADRAO  12 MILHÕES  VICE DE SIMONE TEBET ENTREGA  TUDO,1,0,FN,0.49
RandomForest,3,"UMA VERDADE AOS FUNCIONÁRIOS PÚBLICOS. 

Se o molusco voltar, com as ameaças que ele fez a Zema, irá cortar verbas para o estado de Minas Gerais e consequentemente para os municípios. 

Aí o que acontece?

Muitos municípios terão que demitir funcionários.

Então o LULADRAO será horrível para Minas Gerais.",1,0,FN,0.27
RandomForest,3,"Essa imbecil de Xuxa que fez sucesso deitando com Pelé, foi precursora de filmes pornôs  usando criança como partner, não tem moral pra contestar denúncia da Senadora Damares. 
Eu assistí ""Amor, estranho Amor"".",1,0,FN,0.43
RandomForest,3,Não imaginava que ele seria tão presente assim pra evitar luLADRAO e PT voltar a presidência :clapping_hands_light_skin_tone::clapping_hands_light_skin_tone::clapping_hands_light_skin_tone::clapping_hands_light_skin_tone::clapping_hands_light_skin_tone::clapping_hands_light_skin_tone::clapping_hands_light_skin_tone::clapping_hands_light_skin_tone::clapping_hands_light_skin_tone::clapping_hands_light_skin_tone::clapping_hands_light_skin_tone::clapping_hands_light_skin_tone::clapping_hands_light_skin_tone::clapping_hands_light_skin_tone:,1,0,FN,0.34
RandomForest,3,"Por que chamar de imbecil? Jumento, e várias ofensas? 
Um dia seremos também?",1,0,FN,0.27
RandomForest,3,"Essa criatura LULADRÃO,  ACHOU QUE IRIA BRINCAR DE SER PRESIDENTE. FELIZMENTE MAIS DA METADE DOS ELEITORES NÃO GOSTAM DELE. ELE ACHOU QUE SERIA FÁCIL DEMAIS. FELIZMENTE O BRASILEIRO ACORDOU.  DEVIA SER 60%, TOMAR QUE CHEGUE :folded_hands_medium-light_skin_tone::folded_hands_medium-light_skin_tone::folded_hands_medium-light_skin_tone::folded_hands_medium-light_skin_tone:",1,0,FN,0.45
RandomForest,3,"Meu Deus isso não pode ser verdade, Lulaladrao dizer isso sobre tiros em paraisopolis no Candidato Tarcísio. Ele jamais pode ser presidente se essa notícia for verdadeira.",1,0,FN,0.2
RandomForest,3,"Suposto atentado com morte verdadeira que é pra causar maior impacto , né seu idiota mentiroso? Sò podia ser das trevas...",1,0,FN,0.5
RandomForest,3,"Hoje 18/10/22 Ao visitar comunidade ribeirinha em eldorado do Carajás no Pará , vandalos do MST e de movimento de reforma agrária, ateiam fogo em carros de padre Zeno da Paróquia de Eldorado  e freiras que o acompanhavam.
Se o LULADRAO presidiário ganhar corremos sério risco de uma convulsão social, uma guerra civil.",1,0,FN,0.43
RandomForest,3,":loudspeaker::infinity:
*REFLEXÃO PARA O SEU DIA_A_DIA DE UM CIDADÃO BRASILEIRO !!!*

VEJO O JULGAMENTO TODOS OS DIAS, VEJO MAIS A HIPOCRISIA DO ELEITOR.
É até muito engraçado o brasileiro:
Passar a vida colocando dinheiro :money_with_wings::four_leaf_clover: na poupança,,  compra um carro do seu sonho, faz o seguro do carro, fica com medo do ladrão roubar o seu único bem vitorioso;

Compra uma casa :house_with_garden: do seu sonho, erguer um muro bem alto, até coloca grampos e cerca elétrica, com medo do ladrão roubar os seus bens; 

Compra um celular do seu sonho, faz seguro do celular, quando o cidadão sai de casa :house_with_garden: coloca o celular dentro da calça, com medo do ladrão roubar;

O cidadão evita sair de casa :house_with_garden: com a família, com medo do ladrão.

Ai sai de casa :house_with_garden: dia 30 de outubro para VOTAR no LULALADRÃO. Entenda esse tipo de ELEITOR ...!!!!

Fica a dica para os valores da família conservadores brasileira sólida!!! :eye_in_speech_bubble:",1,0,FN,0.35
RandomForest,3,"Oque é fak para vc pode não ser para mim 
Porém a verdade é uma só,
Tudo que a esquerda acredita, 
Tem que ser levado a sério, e não se pode duvidar e nem questionar 
Porque se transforma em fak news,
Mesmo tendo vídeo gravado onde o luladrao se manifesta, de forma espontânea, dizendo que apoia o modelo de democracia da china, Nicarágua, Venezuela, cuba, e outros, 
Isso não pode mais se falar me nem um meio de comunicação, pois se transformou em fak news a pedido dos marqueteiros da campanha de luladrao
Também não pode falar que ele foi preso, não pode falar que ele foi condenado, não pode chama-lo de ex presidiário tudo isso agora é fak news, sujeito a multas,",1,0,FN,0.49
RandomForest,3,"Está tudo caminhando para uma ditadura .
E olha como vivem o povo em um ditadura .
Tem que ser muito idiota para achar que vcs terão lugar nessa mesa",1,0,FN,0.21
RandomForest,3,"Agora se segura pra não cair da cadeira...

Cumé qui é?
O LULADRÃO está esperando uma Autorização do TRAFICANTE Marcola pra transitar em São Paulo???
Foi isso mesmo que eu ouvi?
Aí é o mesmo FIM!!!
:flushed_face::thinking_face::enraged_face::Brazil::Brazil::Brazil::sun::folded_hands_light_skin_tone: :backhand_index_pointing_down_light_skin_tone:",1,0,FN,0.42
RandomForest,3,"Uma coisa eu te falo nada nesse mundo acontece sem a permissão de Deus, muitos acredita que o Lula ganhou no primeiro turno por causa das macumba falcatrua que teve, mais pode ter certeza que não, O que é uma macumba perto de Deus é nada",1,0,FN,0.31
RandomForest,3,Para quem acha que o Lula não mente! E ainda Confia nele! Es a prova! :index_pointing_up_medium_skin_tone::index_pointing_up_medium_skin_tone::index_pointing_up_medium_skin_tone: O Lula não era a favor do aborto? E a favor da ideologia de gênero? Agora diz que não :rolling_on_the_floor_laughing::rolling_on_the_floor_laughing::rolling_on_the_floor_laughing: cuidado! Eu acho que também não está mas apoiando você que é gay!!,1,0,FN,0.33
RandomForest,3,"Nesse vídeo
LULADRAO diz que vai apoiar

Invasão no campo e na cidade",1,0,FN,0.44
RandomForest,3,"Agora se segura pra não cair da cadeira LULADRAO esperando autorização do traficante Marcola pra transitar São Paulo !!
Foi mesmo que ouvi ??
Aí e o FIM !!
:police_car_light::oncoming_police_car::rat::cockroach::scorpion::mouse::rat::money_bag::rat::oncoming_police_car::police_car_light:",1,0,FN,0.27
RandomForest,3,O que vai acontecer com a Vitória de Bolsonaro é os Nordestinos que trabalham no Sul e Sudeste serem mandados de volta para passar necessidade no seu Nordeste ! Sou Nordestina e penso simples assim !,1,0,FN,0.49
RandomForest,3,:folded_hands::Brazil::yellow_heart::thumbs_up::thumbs_up::green_heart::raising_hands::clapping_hands::clapping_hands::clapping_hands:Parabéns!! Esse é o Meu Presidente Bolsonaro!! Abençoado!! Honrado!! Honesto!! Deus! Pátria! Família!! Deus Acima de Tudo e o Brasil Acima de todos!!Mito!! Sábio! Abençoado e protegido por Deus!! Sempre!! Orgulho!! Valeu ! Calou a boca do Burro! Lula Ladrão!!,1,0,FN,0.17
RandomForest,3,"Tem eleitor desinformado e até retardado,  mas, penso que o pior é o logaritmo. Teremos terceiro turno.",1,0,FN,0.31
RandomForest,3,Até quem não entende de política tá falando que ele fez um monte de idiota esperar pra no final ele agradecer os 58 milhões de votos e pronto rsrsrsrsrs,1,0,FN,0.49
RandomForest,3,Teve um imbecil que passou o carro por cima de 5 pessoas em mirassol tá passando no cidade alerta,1,0,FN,0.46
RandomForest,3,A DREITA E MUITO IDIOTA,1,0,FN,0.34
RandomForest,3,"Charles "" Patrícia Nunes"" proprietária da ""Gesso Nunes""                                              End: R: Hostilio de Souza,    673,Itapuca-Resende/ RJ         Vamos Deixa-la Famosinha  VAMOS BOICOTAR A EMPRESA DESSA VADIA.",1,0,FN,0.36
RandomForest,4,"*Frankstein apóia Boslonaro*

*O famoso monstro dos filmes e desenhos animados Frankstein, declarou hoje seu total apoio ao candidato Boslonaro.*

*De acordo com Frank, Lula é o pior de todos os monstros, sendo uma criatura desprovida de qualquer valor.*

*Deus abençoe o Brasil*

:Brazil::folded_hands_light_skin_tone:",1,0,FN,0.46
RandomForest,4,"O SATANÁS está certo!!!! O LULA se une com todas as religiões, se diz democrático e prega que vai respeitar a opção de credo e fica excluindo o satanismo?!",1,0,FN,0.5
RandomForest,4,"Disse muito bem, não se trata de votar no Presidente Bolsonaro ou no Lula, com todos os seus roubos, seus cúmplices e suas mentiras, trata-se de votar em um Sistema, um Sistema que tem tudo a ver com o Diabo e outro Sistema que tem tudo a ver com os ensinamentos de Deus, e se a gente estiver com Deus, teremos uma nação abençoada, e se não, estaremos em um lugar amaldiçoado que nem se pode dizer que é uma nação.
Deus abençoe o discernimento das pessoas que estão escolhendo maldição e renegando a Deus e por conseguinte às suas bençãos.",1,0,FN,0.03
RandomForest,4,"Urnas sendo manipuladas dentro de sindicato ligado ao PT segundo informações a cidade é Itapeva, mas não disseram se é em SP ou MG pois ambos estados tem cidade com esse nome..  Eu não tenho dúvidas que a FRAUDE será estrondosa para IMPEDIR a reeleição de Bolsonaro... GRAVÍSSIMO... Óbvio que a adulteração do programa deve estar sendo feita em cada cidade essa semana, ao receberem as urnas..  elas foram lacradas pelo TSE sem permitir as FFAA fazer inspeção por isso mesmo, porque já estava combinado com os sindicatos que estão recebendo as urnas, tirar o lacre e Fraudar seus programas para que mudem os votos e FRAUDEM a eleição em favor da ESQUERDA.",1,0,FN,0.23
RandomForest,4,*A maior prova da formação de quadrilha que 9dedos pratica de forma legalizada e velada pelo STF. Ministros que deveriam zelar pela boa conduta do cidadão hj aceita tapa de ladrão é a famosa frase : na mão de malandro.  Nojo dessa turma maldita.*,1,0,FN,0.45
RandomForest,4,"Eita laskeira


*Cheguei aqui agora na cidade.*
e tah todo mundo aqui de verde amarelo... soltando foquete e tudo mais.:Brazil::Brazil::Brazil::Brazil::Brazil::Brazil::Brazil::Brazil::victory_hand::victory_hand::victory_hand::Brazil::Brazil::Brazil::Brazil::Brazil::Brazil::Brazil::Brazil::Brazil::Brazil::Brazil::Brazil::Brazil::Brazil::Brazil::Brazil::Brazil:
Agora sim botei fé no nosso Bolsonaro ..
Irruuuu viva o Brazil,..:Brazil::Brazil::Brazil::Brazil::Brazil::thumbs_up::victory_hand::thumbs_up::Brazil::Brazil::Brazil:





Aqui Não tem Vermelho:Vietnam: de LulaLadrão Não :Angola::brain::kitchen_knife::Vietnam::enraged_face::enraged_face::enraged_face:



Irruuuuuuuu
:Brazil::Brazil::Brazil::Brazil::Brazil:
Aqui Em Goiás eh TODO MUNDO BOLSONARO....VERDE E AMARELO.....:Brazil::Brazil::Brazil::Brazil::victory_hand::Brazil::Brazil::victory_hand::victory_hand::victory_hand::Brazil::Brazil::Brazil::thumbs_up::Brazil::Brazil::Brazil:


iiiiiiiiirrrrrrrrrrruuuuuuuuuuuuuu


Vai ser de lavada no primeiro turno.
Chupa datafalsa ..globo lixo.. UOU <corruptos.



Somos todos Brasil brasileiro..verde amarelo e não vermelho,



Já ganhou BOLSONARO,

:Brazil::Brazil::Brazil::victory_hand::victory_hand::Brazil::victory_hand::victory_hand::victory_hand::victory_hand::Brazil::Brazil::victory_hand::victory_hand::victory_hand::victory_hand::victory_hand::victory_hand::victory_hand::victory_hand::Brazil::Brazil::Brazil::Brazil::Brazil::Brazil::Brazil::Brazil::Brazil::Brazil::Brazil::Brazil::Brazil::Brazil::Brazil::Brazil:


22
22
22
22
22



:victory_hand::Brazil::Brazil::Brazil::Brazil::Brazil::Brazil::Brazil::Brazil::thumbs_up:",1,0,FN,0.11
RandomForest,4,"AS GLOBOS...:pinched_fingers::heavy_dollar_sign::pinched_fingers: POLITICOS,.:pinched_fingers::triangular_flag::heavy_dollar_sign::pinched_fingers::pinched_fingers::pinched_fingers: STE.. STF..caiado UOU..,,,ETC,.....

SÃO Os que mas fala em DEMOCRACIA.....

TAL DEMOCRACIA QUE ESCONDE DIREITINHO A DITADURA.

SIM O CAPETA SI VESTE DE SANTO gente.
Faz parte do aplique 171...:pinched_fingers::heavy_dollar_sign::heavy_dollar_sign::pinched_fingers::triangular_flag::triangular_flag::Angola::triangular_flag::ogre::left-facing_fist::ogre::left-facing_fist::brain::kitchen_knife::brain::kitchen_knife::brain::triangular_flag::Angola::triangular_flag::Angola::Vietnam::Vietnam::Vietnam::Vietnam::Vietnam::Angola::pinched_fingers::pinched_fingers::heavy_dollar_sign:",1,0,FN,0.37
RandomForest,4,"VOTAR NO LULA, É VOTAR NA CORRUPÇÃO, NO APOIO AOS LADRÕES DE CELULAR, É VOTAR NO APOIO A LIBERAÇÃO DAS DROGAS, É VOTAR NO CASAMENTO GAY, VOTAR NO LULA É EROTIZAR AS CRIANÇAS, É PEDIR A VOLTA DO KIT GAY, VOTAR NO LULA É A POBREZA VIVER DE MIGALHISMO, VOTAR NO LULA É QUER VER DE NOVO MALAS E MAIS MALAS CHEIAS DE DINHEIRO PÚBLICO ROUBADO PELA QUADRILHA DE BANDIDOS DA ESQUERDA",1,0,FN,0.49
RandomForest,4,*Olha só o Marquinhos enfrentando o Capitão Mamata que estava na musculação enquanto pessoas morriam na pandemia*,1,0,FN,0.07
RandomForest,4,Cristãos se preparem porque daqui até Domingo o Satanáz usara seus fiéis para atacar não só o presidente mais toda a população de bem que ama a Deus a familia e o País,1,0,FN,0.35
RandomForest,4,":backhand_index_pointing_up: *Propinas, roubos, falcatruas...rachadinhas...*
*Representa a esquerda.*

*O mais curioso é que o Wilian Boner e Renata noticiaram isso.:face_screaming_in_fear::face_screaming_in_fear:*",1,0,FN,0.26
RandomForest,4,"Senhor meu Deus. Não permita que a nossa nação caia nas mãos de corruptos de novo, de ladrões, de socialistas… Pessoas que só pensam em si mesmas, que são contra a família, as crianças, a moral e a ordem. Que querem um mundo pervertido, sujo, escuro… Nos livre do mal meu Pai, pelo menos por mais 4 anos, para que possamos mostrar para nossos filhos, para as novas gerações, o que é bom, o que é aprazível, que o Brasil tem jeito. Por favor meu Pai. Nosso povo é sofrido demais. Escute as nossas orações, em nome de Jesus. Amém :folded_hands_medium-light_skin_tone:",1,0,FN,0.25
RandomForest,4,*:sleepy_face:ISSO É MUITO TRISTE E CHOCANTE ! Esses filhos do diabo tem uma alta conta á prestar com Deus.*,1,0,FN,0.36
RandomForest,4,"Olha aí os discípulos do demônio fazendo magia pra da certo.

Mais Deus não dorme.
Deus é maior sempre!",1,0,FN,0.33
RandomForest,4,"Pessoas que são cristãos jamais pode votar em quem é contra os princípios da igreja.
Quem apoia o aborto, a ideologia de gênero, é contra a família apoia o comunismo.
Vote  consciente.
22 neles.
DEUS, PATRIA , FAMÍLIA",1,0,FN,0.45
RandomForest,4,Dessa vez o povo não acredita nas Fake News do BOZO não. Kkkkk. Começou arranjando um PADRE FAKE. Que vergonha 01 . Kkkk.,1,0,FN,0.4
RandomForest,4,"Olha aí muié, os macumbeiros , fazendo macumba nós cemitérios pra Bolsonaro,e um bando de crente sem vergonha apoiando um macumbeiro desse",1,0,FN,0.42
RandomForest,4,PESQUISAS DE BOCA DE URNA CONFIRMAM É É É É BOLSONAROOOOOOOO EM PRIMEIRO TURNO COM MAIS DE 90 MILHÕES DE VOTOS PARA DESESPERO DA ESQUERDALHA AMALDIÇOADA DOENTIA E FEDORENTAA,1,0,FN,0.31
RandomForest,4,"Não somos coveiro mas, hj faremos o enterro do Bozo.:coffin:

Velório aberto ás 17hs.",1,0,FN,0.11
RandomForest,4,DILMA ATRAPALHANDO A VOTAÇÃO :backhand_index_pointing_up::backhand_index_pointing_up::rolling_on_the_floor_laughing::rolling_on_the_floor_laughing::rolling_on_the_floor_laughing::rolling_on_the_floor_laughing::rolling_on_the_floor_laughing:TÁ ATÉ AGORA PROCURANDO O MOUSE PRA CLICAR :rolling_on_the_floor_laughing::rolling_on_the_floor_laughing::rolling_on_the_floor_laughing::rolling_on_the_floor_laughing:SAI DAI BURRA  DO CARALHO,1,0,FN,0.24
RandomForest,4,"Só acho que o cachaceiro foi bem votado. Meu Deus, o Brasil não é para amadores.",1,0,FN,0.05
RandomForest,4,"Está estranho ... Lentamente o Bolsonaro está diminuindo e o Lula Ladrão aumentando ..

Ainda tem pessoas votando .. 

Se o horário e até às 17 porque tem gente votando agora as 19:30 .. 

Está estranho .. 

O TSE aponta que Lula Ladrão ganha em todos os estados do Nordeste onde ele tambem não podia andar nas ruas ..

Está estranho isso ..",1,0,FN,0.35
RandomForest,4,"PESSOAL ATENÇÃO! 

SEI QUE ABALA UM POUCO TODOS NÓS VER A DIFERENÇA REDUZINDO! 

MAS ACHO QUE É CLARO PRA TODOS: 

ESTAMOS LIDANDO COM MÁFIA, QUADRILHA, BANDIDOS!

É OBVIO QUE ESTÁ HAVENDO FRAUDE! É ÓBVIO! 

TENHO DITO: SE PREPAREM PARA SAIR ÀS RUAS!

NÃO VAMOS ACEITAR ESSE SISTEMA DE VOTAÇÃO E PONTO FINAL! 

VAMOS PARAR O BRASIL!

COMECEM A DIVULGAR ISSO NOS GRUPOS! 

SE FORMOS ÀS RUAS BOLSONARO VAI ORDENAR ÀS FORÇAS ARMADAS À AGIR! 

REPITO: VAMOS TOMAR AS RUAS DO BRASIL! 

FORÇA E HONRA! 
DEUS ABENÇOE O BRASIL!  :Brazil::Brazil::Brazil:",1,0,FN,0.28
RandomForest,4,"Com certeza meu irmão e esse Ladrão não assume a presidência em nome do Senhor JESUS CRISTO, eu creio!!:folded_hands_dark_skin_tone::folded_hands_dark_skin_tone::folded_hands_dark_skin_tone::raising_hands_dark_skin_tone::raising_hands_dark_skin_tone::raising_hands_dark_skin_tone:",1,0,FN,0.4
RandomForest,4,"Precisamos nos unir e orar clama a Jesus, porque os filhos de Satanás estão unidos",1,0,FN,0.24
RandomForest,4,"Eu sou Nordestina e moro na Bahia, mas a culpa é do Nordeste mesmo. Por isso que vive no atraso.",1,0,FN,0.47
RandomForest,4,"Exatamente quem vive de promessa e santo , estes jumentos não aprende puta que pariu 47% um ladrão não e possível foi manipulado NAO PODE SER",1,0,FN,0.35
RandomForest,4,"Não perca, é tudo o que eles querem, como dizem...é mais que uma eleição, é uma guerra espiritual, não é atoa que apelaram para Macumba, Bruxaria essas coisas, mas mesmo assim Deus não permitiu a vitória do Diabo.",1,0,FN,0.23
RandomForest,4,Junta os votos do luladrao de ontem e mais o da Simone pronto eleito af,1,0,FN,0.45
RandomForest,4,O comunismo:Vietnam: é a religião de satanás,1,0,FN,0.49
RandomForest,4,"Kkkkk
Isso me diziam para o primeiro turno

Eu agora virei
SAO TOMÉ

TALVEZ SE EU TOMAR UM MÉ VOLTE A CONFIAR

O SISTEMA É SUJO POR SI SO

E NOSSO PRESIDENTE INOCENTE 

SE ELE NAO TOMAR PROVIDÊNCIAS DE VIGIAR AS URNAS 

SEREMOS HUMILHADOS COMO FOMOS NO PRIMEIRO TURNO 

SUGESTAO

BOLSONARO DEVE MANDAR  RECOLHER AS URNAS DO PRIMEIRO TURNO E COMPRAR DE UMA OUTRA EMPRESA E O EXECUTIVO DISTRIBUIR
CASO CONTRARIO ATE MOISES , PEDRO JOSUE
JOSE DO EGITO
TODOS ESSES DEFUNTOS VOLTARAO EM LULADRAO",1,0,FN,0.24
RandomForest,4,"*TENHO CERTEZA QUE ESSE SEGUNDO TURNO SERÁ BEM APERTADO.*

SERÁ ACIRADA A DISPUTA, TANTO PELO ROUBO ELEITRÔNICO, COMO TAMBÉM PELA QUANTIDADE DE IDIOTAS QUE IRÃO NOVAMENTE SE ABSTER, E DOS QUE IRÃO VOTAR NULO OU EM BRANCO.

É FODA!

AGUARDEM FORTES EMOÇÕES PARA O DIA 30.

SERÁ APERTADO O PLACAR (ESCORE).",1,0,FN,0.5
RandomForest,4,"Esse kara parece que me ouviu falar ha 6 meses atras.

Eu preocupado com as urnas e fraudes
Tambem com o exercito brasileiro

Lamento dizer
O EXERCITO BRASILEIRO NAO APOIA BOLSONARO

ESQUEÇAM ISSO
ELES NUNCA SE MANIFESTARAM VERDADEIRAMENTE AO LADO DO BOLSONARO

E SENDO ELES QUE ESCONTRARAM FRAUDE NAO SE MANIFESTARAM A FAVOR DO POVO

PENSEM COMIGO

16 ANOS QUE O CORRUPTO LULADRAO ALICIA ESSA CLASSE

BOZO TEM APENA 4 ANOS E NAO COMPROU O EXÉRCITO 
HA 1 ANO ATRAS  MEU DISCURSO É:

CUIDADO COM AS URNAR 
POEM AGENTES DO BOZO PARA FISCALIZAR 
NAO DEIXA A LA VONTÊ NAS MAS DO STE E SINDICATO DOS TRABALHADORES E GLOBOBUNDA, ETC

CUIDADO COM O EXERCITO

BOM
O RESULTADO FOI 
FRAUDES

EI ZESONARO
É MELHOR  VOCE E  SEUS FILHOS FICAREM ASSIM Ô
 DE :eye::eye: :eye::eye: :eye::eye: NAS URNAS 
SENAO ELES VAO TE DA BALINHAS PRA CHUPAR E VC IRA SAIR PRA FAZER CAMPANHA DE NOVO E VAI ESQUECER DO ELEMENTO QUE TE DERROTOU NO PRIMEIRO TURNA

A S    U R N A S",1,0,FN,0.37
RandomForest,4,VEJAM O QUE ACONTECEU NA TV AO VIVO BOLSONARO  COM 55% E O LULADRAO  COM 36% 8:20 H DA NOITE SE DERAM MAL,1,0,FN,0.3
RandomForest,4,"Amo Patrick, faço campanha com todo prazer e alegria, mas vou sair do grupo porque não consigo conviver com pessoas que apoiam bandidos que querem entregar o Brasil ao comunismo maldito. Abraço aos que amam a família e a liberdade.
Deus acima de todos :folded_hands:",1,0,FN,0.17
RandomForest,4,"Está jovem é um exemplo vivo de toda maldade que viveu na Venezuela e está nos prestando um favor.
Mesmo assim, milhões de idiotas Brasileiros pensam como este idiota e ainda aprovam o Lula como Presidente.

Precisamos de mais Empresários, cantores, artistas, jogadores de futebol se posicionarem em público CONTRA A ELEIÇÃO DO CACHACEIRO E LADRÃO.",1,0,FN,0.4
RandomForest,4,"""Ser vaiado por uma multidão de idiotas é o preço por não ser um deles"" Olavo de Carvalho",1,0,FN,0.48
RandomForest,4,O VÍDEO QUE O LULADRAO  PEDIU PARA O STF TIRE DO AR NO FINAL O MORO ARREBENTA COM O LULADRAO  VEJAM,1,0,FN,0.5
RandomForest,4,"Gordinha agredindo gordinho, em defesa do LULADRÃO :rolling_on_the_floor_laughing::rolling_on_the_floor_laughing::rolling_on_the_floor_laughing::rolling_on_the_floor_laughing:",1,0,FN,0.49
RandomForest,4,"Quanto era mesmo a gasolina antes do Bolsonaro? O Pix foi criado pelos funcionários do BC, não foi ideia do idiota. As outras brincadeiras são boas.",1,0,FN,0.46
RandomForest,4,"Esse vídeo :backhand_index_pointing_down: mostra o chefe do tráfico de uma das maiores e mais violenta favelas de SALVADOR/ BA (Nordeste de Amaralina)

O Rasta, como é conhecido, aparece com Lulaladrao. 
:thinking_face:
Amigos ! Isso é muito sério! 
O cachaceiro está se alinhando com várias facções criminosas do Brasil. Devemos alertar aos isentōes para que revejam suas intenções de anular o voto. 

Apoiar Bolsonaro e esquecer essa birra inrustida por nosso presidente é o melhor caminho .",1,0,FN,0.08
RandomForest,4,Mano o grupo está no limite máximo... Assim que aparecer uma vaga a gente add ele... Ou identificar um Vermelhinho incubado...:smiling_face_with_sunglasses::Brazil:,1,0,FN,0.13
RandomForest,4,"Só uma pessoa louca ou alcoolizada, teria uma postura covarde dessas contra uma criança . Isso é crime. Uma mulher velha dessas ainda não aprendeu???",1,0,FN,0.49
RandomForest,4,Com adesivo do LULADRÃO vc ganha trânsito livre do TRE para estacionar em cima de calçadas,1,0,FN,0.45
RandomForest,4,"Desculpa. É me chamar de idiota (ou qualquer pessoa) dizer q tem outro significado pra ""pintar clima"", entre um homem e uma mulher (como vc disse), no caso, meninas ""arrumadinhas"" como ele disse",1,0,FN,0.43
RandomForest,4,"Gente eu fico chocado com essa propaganda eleitoral do Bozo. Parece que todos são anjos de candura!! Nem parece o doido que fala merda todo dia. Os marketeiriz estão de parabéns viu. É muita mentira e muita enganação. E o brasileiro esquece o que aconteceu até na semana passada pra votar nesse monstro. Aliás a monstruosidade de Bolsonaro. aumenta ainda mais com tanta fake News, hipocrisia e promessas fajutas do programa eleitoral . É muita cara de pau. O brasileiro é muuuuuito burro , meu Deus",1,0,FN,0.29
RandomForest,4,O Pesoal de Anchita com o MEPES venerando o Luladrão e Casagrande,1,0,FN,0.44
RandomForest,4,O baiano tem que se ferrar mesmo. Votar em um carniça ladrão! Pqp,1,0,FN,0.33
RandomForest,4,"No passado os Profetas
Homens santos não poderiam ""ser dúbios"" em decisão crucial 
O CASTIGO 
Era o apedrejamento até à morte. Hj a exemplo do que A CORJA DO STF FEZ À FAVOR DE LULALADRÃO É ABOMINÁVEL 

DEIXOU Á NAÇÃO EM EMINENTE GUERRA CIVIL 
Ê SE O PREÇO FOR ESSE ESPERO QUE UM SNNIPER COM O DEDO NO GATILHO Ê A MÍRA APONTADA PRIMEIRO PARA A CABEÇA DOS MINISTROS Q OCASIONARAM TÃO DESAGRADÁVEL SITUAÇÃO.

#UMSNIPPERPARAFACHIN

#UMSNIPPERPARAALEXANDREDEMORAES

#UMSNIPPERPARALULALADRÃO",1,0,FN,0.42
RandomForest,4,Ainda é tempo de PaiLula baixar nesse terreiro. Talvez tome vergonha naquela cara lambida.,1,0,FN,0.45
RandomForest,4,Olha só o que encontraram no monte! Depois dizem que a guerra não é espiritual! Meu Deus :face_screaming_in_fear::face_screaming_in_fear::face_screaming_in_fear: macumba pro ladrão ganhar Saravá :backhand_index_pointing_up::index_pointing_up::face_with_crossed-out_eyes::raised_fist::oncoming_fist::smiling_face_with_horns::crying_face:,1,0,FN,0.26
RandomForest,4,BOLSA GAY NA ARGENTINA. SE O MULA VOLTAR VAI SER AQUI TAMBÉM.,1,0,FN,0.41
RandomForest,4,Que gente idiota né…. Vamos aguardar…. Pq o Sudeste não foi tudo ainda…..,1,0,FN,0.39
RandomForest,4,"Na minha opinião, no NE já sabíamos que era previsível isso. O problema foi que, no Sul, o imbecil do Ônix, com a arrogância e prepotência sem limites, estrava com a mão na taça e resolveu diminuir com barbáries o seu opositor e acabou fazendo com que os indecisos e que, inclusive muita gente que iria votar no Bolsonaro, virassem o voto em repúdio às suas colocações no último debate.
Ou seja, Zema e Tarcísio ajudaram e o Ônix……….",1,0,FN,0.5
RandomForest,4,"Não é só fantasiosa, é criminosa de tão idiota. Realmente não acredito que após tanto tempo da derrota do Trump tem alguém acreditando em operação storm. O que me pergunto é somente se quem cria esse tipo de conteúdo é esquizofrênico, se é proposital para enganar gente muito burra ou se está só tirando um barato. Seja como for a existência e compartilhamento desse tipo de loucura talvez dê uma pista da razão dessa derrota que não começou hoje.",1,0,FN,0.39
RandomForest,4,"Vc está tão incisivo e grilado quanto eles nas suas falas. Respira amigo! Eu entendi o seu ponto de vista. Acho que o caminho é respeitar!

Se vc não acha que seja o caminho, faça da maneira que achar necessário fazer. Agora chamar o outro de acéfalo, imbecil por pensar diferente de vc complica!",1,0,FN,0.44
RandomForest,4,"VÍDEO VERDADEIRAMENTE  CORRETO.  TEMOS QUE CLAMAR PELO BRASIL  SENDO ASSIM  DEUS  VAI OUVIR A MAIORIA  E SE A MAIORIA  FOR  O LADO BOM, E SE A MAIORIA  FOR CONTRA O CASAMENTO GAY.  SE A MAIORIA FOR CONTRA AS DROGAS  . SE A MAIORIA  FOR CONTRA  CORRUPÇÃO.  SE A MAIORIA  FOR CONTRA O ABORTO  ENTÃO  O BEM VENCERÁ  OS ESCLARECEDORES...COMPARTILHEM..",1,0,FN,0.39
RandomForest,4,"Daniela Lima d CNN continua a insistir que não terá como revogar o resultado das eleições  . Toda  a imprensa esta assim divulgando . O imbecil do Datena traíra,  está em conivência também dizendo : temos de respeitar as urnas . Não vamos recuar nem um milímetro,  é tudo ou nada temos muito a perder  .",1,0,FN,0.32
RandomForest,4,"Discurso idiota, milhares da famílias pegando o AUXÍLIO EMERGÊNCIAL DE 600 REAIS A 1.000 REAIS!!!:man_facepalming_light_skin_tone:",1,0,FN,0.28
RandomForest,4,"REPASSEM ESSA MENSAGEM ENQUANTO DURAR O PROCESSO  DE INTERVENÇÃO FEDERAL, ART. 142  OU  ANULAÇÃO DA VOTAÇÃO:   PATRIOTAS, NÃO OUÇAM O QUE OUTRAS PESSOAS ESPALHAM POR AÍ. MANTENHAM O FOCO ATÉ O NOSSO PR. SE PRONUNCIAR.                    MANTENHAM-SE NAS MANIFESTAÇÕES EM FRENTE AOS QUARTÉIS. REVEZEM- SE, MAS SE MANTENHAM FIRMES. TUDO QUE OS ESQUERDOPATAS QUEREM AGORA É QUE DESANIMEMOS. QUANDO DESCONFIAREM DE ALGUM INFILTRADO NOS GRUPOS SOLICITEM A ELES QUE DIVULGUEM OS SEUS LINKS DO YOU TUBE, FÁCIL, SE ELE NÃO DIVULGAR O EXCLUA. MAS, MAIS IMPORTANTE QUE QQ POSTAGEM É MANTERMOS AS MANIFESTAÇÕES, AGUARDARMOS E PARARMOS APENAS QUANDO O NOSSO PR. SE PRONUNCIAR SOBRE O RESULTADO DE TUDO ISSO. VAMOS FAZER NOSSA PARTE E NÃO DAR OUVIDOS AOS DESANIMADOS OU AOS INFILTRADOS. ENQUANTO HOUVER ESPERANÇA HAVERÁ LUTA. DEUS ESTÁ CONOSCO.:folded_hands::Brazil::Brazil::Brazil::Brazil::Brazil::Brazil::Brazil::Brazil::Brazil:",1,0,FN,0.31
RandomForest,4,"Se continuarem com essa confusão idiota os dois lados vão acelerar o processo de destruição do país, aí sim podemos ficar pior que muitos países de extrema miséria, pensem",1,0,FN,0.4
RandomForest,4,"Coloquei pq devemos ficar sabendo,quem são o idiotas q estam falando mal dos caminhoneiros,pq um monstro desse aí tem q ficar conhecido, famoso.",1,0,FN,0.48
RandomForest,4,Meu deus foi confirmado     lula faz macumba pra bolsonaro  e agora eles São amantes,1,0,FN,0.45
GradientBoosting,0,Inclusive ele criou satã para nós torturar para sempre no inferno pq sabe oq faz,1,0,FN,0.3923426102365487
GradientBoosting,0,"Pois é agora pra tirar esse canalha traidor, só daqui 8 anos.",1,0,FN,0.19295915311967074
GradientBoosting,0,"Socialismo em Los Angeles. Caos total depois que passaram a legislação permitindo até 900 dólares em roubo sem punição.

Não podemos permitir que a esquerda tome conta do poder, com eles no poder tudo que há de pior pode acontecer.",1,0,FN,0.32409445572810863
GradientBoosting,0,O esquerdista Ciro teve um clímax com  o ataque do Bolsonaro frente ao Loola.,1,0,FN,0.16477486777724046
GradientBoosting,0,"ÚLTIMO DEBATE DA GLOBO PRESIDENCIÁVEIS 
VAMOS ASSISTIR PELO OS CANAIS  DE DIREITA NO YOUTUBE  PRA GLOBO NÃO TER MUITA AUDIÊNCIA:chart_decreasing:",1,0,FN,0.11924395433029157
GradientBoosting,0,Domingo é a nossa vez de varrer a esquerda do Brasil.,1,0,FN,0.13592971376961926
GradientBoosting,0,"Bom dia Grupo Abençoado.  Que Deus nos Abençõe em mais um dia.    E que a vontade de cutucar Petistas nunca nos falte.    Pelo bem da Nação. 
Mito na Veia 
Forte abraço 
22",1,0,FN,0.2572714408229266
GradientBoosting,0,"Caraiiii 

Comparar gigante Brasil 
Com esses paiseco menos que o Acre!!!

Tá errado isso ai

Comparar com país decente!",1,0,FN,0.22543583256477004
GradientBoosting,0,"Comando vermelho declara apoio à Lula e Freixo na quadra da Mangueira
 Gente, olha a situação do Rio:backhand_index_pointing_up_medium_skin_tone::backhand_index_pointing_up_medium_skin_tone::backhand_index_pointing_up_medium_skin_tone: tire suas conclusões se o Lula, o PT e toda a esquerda é ou não uma organização criminosa. Dia 02 vote consciente. Só temos uma única alternativa 22 Bolsonaro.",1,0,FN,0.13061528701336558
GradientBoosting,0,"*ESTE É O REGIME DA CHINA QUE LULA AMEAÇA TRAZER PARA O BRASIL, SÓ MORRERÃO OPERÁRIOS E OPERÁRIAS QUE NÃO AGUENTARÃO O REGIME FORÇADO DE TRABALHO ESCRAVO PRODUZINDO PRODUTOS QUE SÃO VENDIDOS PARA O MUNDO POR PREÇOS BARATOS. ENQUANTO OS RICOS SAIRIAM DO BRASIL ATÉ DEZEMBRO*.",1,0,FN,0.1764942291496108
GradientBoosting,0,":raised_fist_dark_skin_tone: *BANDEIRAÇO* :raised_fist_medium-dark_skin_tone:

:spiral_calendar: Hoje (27/09) - 16h
:round_pushpin:Av. Godofredo Maciel com Perimetral 

Galera de Fortaleza e adjacências, convidamos todas, todos e todes para juntos ocupar as ruas no bandeiraço *PSOL COM LULA* . Cola conosco por lá e vamos juntos celebrar a esperança!

*Faltam apenas 5 dias para vencermos o fascismo elegendo Lula 13 e Renato Roseno 50500.*

:raised_fist_dark_skin_tone::raised_fist_light_skin_tone::raised_fist_medium-dark_skin_tone:",1,0,FN,0.044523951433586506
GradientBoosting,0,"As fraudes estão realmente acontecendo
Isso é muito sério
O POVO não merece isso
Somos vítima desse sistema esquerdista que querem o poder para destruir o BRASIL.
Foi por isso que não permitiram o voto impresso.",1,0,FN,0.32092139383992174
GradientBoosting,0,"Kkk
Com certeza só que estamos entre os dois 
Como diz a PALAVRA DE DEUS SOMOS EMBAIXADORES DE CRISTO NA TERRA 
.....
DEVEMOS TER A MENTE DE CTISTO""!
Quando vc vota é confirma para Deus vc manda o recado de que concorda com aquilo que o candidato pensa..
Enquanto Lula quer a destruição da família, liberação do aborto e das drogas, cartilha das drogas e LGBTQIA+ nas escolas com banheiro trigenero, ou seja sua filha vai usar banheiro junto com marmanjo...
E ai... Lula quer aprovar no congresso leis que impedem vc evangelizar no Brasil coisa que já acontece em vários países de esquerda com presidentes amigos de Lula...
Citamos a Nicarágua agora...
Na França se vc evangelizar na rua paga multa para o governo..
EUA já não se pode ler a Bíblia fora da Igreja...
Nas praças...
Etc",1,0,FN,0.1519758596178098
GradientBoosting,0,A mulherzinha que ganhou a eleição usando o nome de Bolsonaro ficou stressadinha kkkk,1,0,FN,0.3617585465929343
GradientBoosting,0,"É difícil ter comunhão com um crente desse que compactua com a bandidagem.
Os olhos de Deus estão em todo lugar, observando esses.",1,0,FN,0.06133137929514057
GradientBoosting,0,"*UMA PIADA*

O filho do PETISTA (brasileiro nato) nasceu e ele ficou muito feliz, pois o que mais desejava era um filho. A mulher (brasileira nata) do PETISTA ficou de repouso pós parto e tomava sopinha no canudinho, diga-se de passagem, preparada pelo próprio PETISTA, bem como todos os dias o mesmo dizia que a amava e estava muito feliz.
Um belo dia, o PETISTA percebeu que seu filho não abria os olhos e muito preocupado foi consultar o médico que fez o parto:
PETISTA: - ""Dr, tem algo estranho com meu filho,  ele não abre o olho""
O médico, muito constrangido disse:
- ""Quem tem que abrir o olho é o Sr""
:rolling_on_the_floor_laughing::rolling_on_the_floor_laughing::rolling_on_the_floor_laughing::rolling_on_the_floor_laughing::face_with_tears_of_joy::face_with_tears_of_joy::face_with_tears_of_joy::face_with_tears_of_joy::face_with_tears_of_joy::face_with_tears_of_joy:",1,0,FN,0.3945558830389636
GradientBoosting,0,Gado agressivo.,1,0,FN,0.3476876460779168
GradientBoosting,0,"*Veja essa reflexão, o socialista Renato Casagrande quer eleger o bandido de nove dedos. Nunca foi tão fácil escolher o nosso candidato!*

*MANATO E BOLSONARO :keycap_2::keycap_2: :Brazil::Luxembourg:*",1,0,FN,0.32956907109598405
GradientBoosting,0,O  voto   è  pessoal   è  particular  !   Eu  NÃO   sou  anônimo   minha   COLINHA   e  da  família   e  alguns   amigos   será   está  ! NÃO   VOTAMOS   em  candidatos   que  apoia   a  esquerda   do DIABO   !  Somos   PATRIOTAS   !:thumbs_up_medium-dark_skin_tone::thumbs_up_medium-dark_skin_tone::thumbs_up_medium-dark_skin_tone::thumbs_up_medium-dark_skin_tone::thumbs_up_medium-dark_skin_tone::thumbs_up_medium-dark_skin_tone:,1,0,FN,0.06669647041327435
GradientBoosting,0,O PROJETO DA ESQUERDA É  FUDER O BRASIL:backhand_index_pointing_up::backhand_index_pointing_up::backhand_index_pointing_up::rolling_on_the_floor_laughing::rolling_on_the_floor_laughing::rolling_on_the_floor_laughing::rolling_on_the_floor_laughing::rolling_on_the_floor_laughing::rolling_on_the_floor_laughing:E BENEFICIAR OS AMIGUINHOS COMUNISTAS  FDP,1,0,FN,0.2673940060839337
GradientBoosting,0,"Gente vamos ser inteligente, se silveira vencer vai ser caçado e abrir uma grande brecha pra Molon, esse cara tem uma das mentes mais diabólicas da extrema esquerda o jeito e votar no Romário mesmo menos ruim.",1,0,FN,0.2329224606117586
GradientBoosting,0,Esse aí independente das falácia que nego costuma falar pior é a roubalheira que o Lula cometeu contra o nosso país Eduardo Costa é um dos grande apoiadores de Jair Messias bolsonaro,1,0,FN,0.05873710738276467
GradientBoosting,0,"DÁ PRA VER DA LUA!!!
NUNCA na história, um país esteve tão unido para NÃO deixar um ladrão mudar as cores da nossa bandeira!

Vamos expurgar de vez a esquerda do nosso amado Brasil!

 Dia 02 é 22!

São Paulo, 01/10/2022.",1,0,FN,0.31170672585950887
GradientBoosting,0,"Manda o Felipe Neto ir pra puta que o pariu, amanhã é dia de eleição, quem é esse moleque, ele é candidato a que? Acordem, postem essas merdas não, amanhã é tudo ou Venezuela...",1,0,FN,0.2266488116790571
GradientBoosting,0,"Povo q não tem noção do que é um Satanás, disfarçado de gente e cachaceiro!!:thumbs_down_dark_skin_tone::thumbs_down_dark_skin_tone::thumbs_down_dark_skin_tone::face_vomiting::face_vomiting::face_vomiting::confounded_face::confounded_face::face_with_steam_from_nose::face_with_steam_from_nose::face_with_steam_from_nose::face_with_steam_from_nose:",1,0,FN,0.17765740117584058
GradientBoosting,0,POR QUE O NORDESTE ESTÁ TÃO ATRASADO ??? JÁ VI ESSE FILME ANTES…,1,0,FN,0.19102549875666913
GradientBoosting,0,"Não entendo como um ladrao consegue ganhar tantos votos,  Novamente o povo escolhe o ladrao!!! e deixa Jesus na saudade!!! A História se repete!!:enraged_face::enraged_face::enraged_face::enraged_face:",1,0,FN,0.20108774115262498
GradientBoosting,0,É o Único momento que Tenho Vergonha de Ser Nordestino e na politica,1,0,FN,0.4724044378655586
GradientBoosting,0,Um ex presidiário que falou em publico que faz pacto até com o diabo e as pessoas não consegue ver essas coisas,1,0,FN,0.07778192013313509
GradientBoosting,0,Do mesmo jeito que eles não negam que tem apoio do diabo.,1,0,FN,0.11186129562016436
GradientBoosting,0,"Tem é que matar esses demônios junto com a quadrilha esquerdista


:black_small_square:",1,0,FN,0.4731579649363512
GradientBoosting,0,Exato! Como pode uma cretina dessa está em um grupo de direita! Tira ela ou saiu eu,1,0,FN,0.2031165518820612
GradientBoosting,0,":Brazil::Brazil::Brazil::fire::fire::fire::Brazil::Brazil::Brazil:

:curly_loop: SENHOR LIVRA O BRASIL DE TODO MAL, QUEBRA TODA CORRENTE DE MALDIÇÃO, TODA OBRA DE MACUMBARIA E FEITIÇARIA,  LEVANTA O NORDESTE, QUE AS PESSOAS QUE NÃO VOTARAM O SENHOR POSSA ESTAR TIRANDO TODA CEGUEIRA ESPIRITUAL. PAI QUERIDO, NOS PROTEJA E LIVRE DE TODO MAL, LIVRE AS NOSSAS FAMILIAS...SOMOS EXÉRCITOS GUERREIRO VALENTE DA LINHA DE FRENTE DE CRISTO. O BRASIL TEM SOLUÇÃO,  

:Brazil::Brazil::Brazil::fire::fire::fire::Brazil::Brazil::Brazil:",1,0,FN,0.3661877604350825
GradientBoosting,0,Sai tu do fanatismo da esquerdista  e do comunismo e socialista,1,0,FN,0.48107980408515005
GradientBoosting,0,"Amigo o problema não e ele ser gay ou bi ate porque eu sou tbm.

O problema e que ele tem um discurso extremamente lgbtfobico e esse exposed mostra a hipocrisia dele",1,0,FN,0.1639709358339518
GradientBoosting,0,Esse cara está ajudando o aleijado das mãos a se eleger.,1,0,FN,0.1953700364017349
GradientBoosting,0,Tem até gay apoiando Bolsomaro aqui. Poderiam explicar as falas dele contra gays aqui :backhand_index_pointing_down::backhand_index_pointing_down::backhand_index_pointing_down:,1,0,FN,0.23052202214826711
GradientBoosting,0,Ele mesmo disse que bastava dar 10 reais para o baiano ficar feliz,1,0,FN,0.17046120049773855
GradientBoosting,0,"Tudo bandido e insanos, comunista, fascista, doente. Deus vai fazer justiça. Em nome de Jesus",1,0,FN,0.4263595382572736
GradientBoosting,0,"Tô rindo aqui,,, xangô é são Jerônimo na umbanda,o santo da justiça, dos injustiçados,humildes nada a ver com o que luladräo prega,Deus é um só,,,,talvez o povo que ele segue ,,, não sabe nada sobre a lei da justiça de Oxalá,",1,0,FN,0.24171811181477704
GradientBoosting,0,"Caros amigos.
Vai um alerta! Vamos escolher os locais a onde formos doravante.
Um casal com a camiseta do Brasil foi hostilizado em um restaurante em SP. Achei estranho e fui pesquisar. 
O restaurande se chama Martín Fierro, na Vila Madalena. 
Observei que a dona se chama Ana Maria Massochi. Busquei seu perfil no insta, que é aberto.
Completamente esquerdista. As postagens falam por si.
Sejamos cada vez mais seletivos em nossas escolhas. E em “onde gastamos nosso dinheiro “. 
Para que o lazer não se transforme em dissabor.
Os estabelecimentos também se transformaram em curral dos burros. 
Eu vou com o gado.",1,0,FN,0.2608900509147391
GradientBoosting,0,"Já saiu o resultado do dia 30 de outubro sobre as eleições.

LULA ganhou de Bolsonaro com *52% dos votos*.

Já temos definido o Presidente do Brasil para 2023. *LULADRAO*.

É muita falcatrua da *GLOBO*",1,0,FN,0.3921980139559335
GradientBoosting,0,Acabei de ver na band o Luladrao 53% e Bolsonaro47% não posso acreditar numa coisa dessas.,1,0,FN,0.09768790676591976
GradientBoosting,0,"Pq cidadão de bem, honesto como Lula Ladrão diz que não tem uma alma viva mais honesta que Ele",1,0,FN,0.23167321578061964
GradientBoosting,0,Como um cidadão que diz ser cristão vota num candidato que apoia invasão de terra dos outros de casas apoia os costumes lgbt legalização de drogas e de ladrões de celulares etc que Jesus é esse,1,0,FN,0.22772294548615724
GradientBoosting,1,"Quando terminar essa eleição vamos fazer uma festa para recuperar as amizades perdidas e as brigas familiares.
-Quem votou no bolsonaro traz a carne e a cerveja.
-Quem votou em branco traga frango e linguiça.
-Quem anulou o voto traga pão de alho e coração.
-Quem faltou na votação traga gelo e carvão. 
-E quem votou no PT não precisa vir.",1,0,FN,0.07325554974323865
GradientBoosting,1,"Oi estou vendo que vc acha que me sentiria ofendido por sua colocação, mas vamos lá, tirando a clara baixeza de seu argumento, aonde precisa tentar ofender, um esforço deveras patético para uma pessoa que quer se dispor como alguém de alguma forma superior a outra, então vamos pela lei de Cristo somos todos irmãos e irmãs e todos iguais perante a Deus, não cabendo condenar ninguém.

Também há a questão que mesmo na Bíblia calúnia e difamação é um ato criminoso ao qual é muito mal visto então se já passamos uma pá de cal sobre esse seu infeliz pronunciamento.

Não, não sou homo sexual, não tenho qualquer trejeitos delicado e muito menos sou destemperado e barraqueiro.

Também não estou em cima de qualquer muro, me coloco aqui em uma posição clara entre Belzebu e Baphomet eu não fico com nenhum, anjos caídos não se arrependem de seus pecados e este é o caso destes dois déspotas.",1,0,FN,0.16003935219162907
GradientBoosting,1,"Garota inteligente e muito patriota, mas com certeza ela teria que ter alguém à protegendo onde ela for, porque a esquerda da universidade não irão perdoar essa Super Guerreira :Brazil::folded_hands_light_skin_tone::Brazil:. São de jovens iguais que o Brasil :Brazil:precisa :clapping_hands::thumbs_up:",1,0,FN,0.24698365249434817
GradientBoosting,1,Se fosse vermelha a reação  da globolixo seria a mesma? Claro que não,1,0,FN,0.055341650642134296
GradientBoosting,1,"Quem é de Direita nem assiste essa emissora lixo , literalmente.",1,0,FN,0.21056077913741023
GradientBoosting,1,"Vamos combater a esquerda até vencermos essa guerra. 
SALVE NOSSO CONTATO 

Vote nos candidatos do Bolsonaro :Brazil: :Brazil: :Brazil: :Brazil: :Brazil: :Brazil:

* Deputado Federal: Coronel Malabarba 44.00

* Deputado Estadual: Ruy Irigaray BOLSONARO 44.000

* Presidente: Jair Bolsonaro 22
",1,0,FN,0.06274306150651676
GradientBoosting,1,"*""Quando a então poderosíssima União Soviética invadiu a pequena Finlândia, o pai do missionário Eurico Bergsten, que servia no Brasil, repetia sem cessar a oração: “Deus, salve a Finlândia”.* 
*Ao acordar de manhã, ao tomar café, ao almoçar e a todo momento, durante todo dia, ele orava: “Deus, salve a Finlândia”.*
*E milagre aconteceu. O poderoso inimigo foi derrotado, e a Finlândia cristã foi liberta do comunismo. Façamos o mesmo pelo Brasil. Que a nossa oração incessante, a partir de agora, seja: “Deus, salve o Brasil”. Ao acordar, ao tomar café, ao almoçar e todo momento, que esse clamor esteja no seu coração e nos seus lábios: “Deus, salve o Brasil”. O milagre acontecerá. Ele ama o Brasil!""*
*Deus abençoe a todos!*   :woman_bowing::woman_bowing::woman_bowing::yellow_heart::green_heart::Brazil:🇷:Israel:🇱 
       *COMPARTILHE ESTA MENSAGEM*",1,0,FN,0.18984821928931364
GradientBoosting,1,"Já estão preparados para o golpe da esquerda  ???
:pensive_face::loudly_crying_face:
Não vejo outro cenário...

Aqui no RN , vai ser proibido todo tipo de forças policiais e  etc.. 
Por perto das zonas eleitorais...

 Sempre se soube que eleição é perigoso pois sempre alguém vem cobrar contas com seus desafetos e por aí vai , imagina como vai ser domingo...

Que Deus nos proteja :folded_hands_light_skin_tone::raising_hands_light_skin_tone::folded_hands_light_skin_tone::raising_hands_light_skin_tone::folded_hands_light_skin_tone:",1,0,FN,0.12000901341873314
GradientBoosting,1,"*AMEAÇA QUE ESSE TRAÍDOR DESGRAÇADO FAZ CONTRA A NAÇÃO E O POVO BRASILEIRO, SE POR VENTURA ELE GANHASSE AS ELEIÇÕES, ATÉ DEZEMBRO OS RICOS SAIRIAM DO PAÍS E OS POBRES SERIAM ESCRAVIZADOS E MUITOS ASSASSINADOS*.
*ASSISTAM COM ATENÇÃO ESTE VÍDEO E OUTROS QUE IREMOS POSTAR.*",1,0,FN,0.40684396323862915
GradientBoosting,1,"Um infeliz desse ainda qer se reeleger
Só sifor no inferno q e lugar de cão",1,0,FN,0.4795889751765575
GradientBoosting,1,"Isto aconteceu em 2018, na véspera do segundo turno
Quando Bolsonaro ganhou, a petezada sumiu. Pararam as invasões de imóveis",1,0,FN,0.47400256147748177
GradientBoosting,1,":backhand_index_pointing_up::backhand_index_pointing_up::backhand_index_pointing_up:
""Artistas acreditam que se tiverem benesses financeiras tudo vale...
Este oportunismo surgiu com a associação PT e artistas, que foram comprados para fazerem ""propaganda"" da esquerda.""

*Fonte:* Canal Layla Fiuza",1,0,FN,0.475268592111083
GradientBoosting,1,"Sim. A ação contra bandidos deve ser enérgica. Entre tombar um bandido ou um cidadão de bem que tombe o bandido. Mas,e os números mostram isso_ não é só o bandido que deve ser combatido, mas o crime e o crime é um fato social com uma série de fatores criminógenos: desigualdade, base familiar, falência da educação formal ,entre outros.
Esperar que o crime diminua simplesmente eliminando criminosos é como supor que um balde sob a goteira resolverá o problema da telha destruída.",1,0,FN,0.0945422809178652
GradientBoosting,1,"GENTEEE, ESSE LADRA DO LULA ESTA MUITO TRANQUILO COM A VITÓRIA DELE,  TEM ARMAÇÃO POR AÍ. VAMOS ORAR E PEDIR A DEUS QUE CANCELE TODA AÇÃO DO MAL QUE ESTIVER ARMADO PARA AS NOSSAS ELEIÇÕES.",1,0,FN,0.4473176245513911
GradientBoosting,1,"O Adélio é cria da Globo. E vão cutucar ainda mais? Como diz minha mãe, o diabo ensina fazer a panela, mas não a tampa. Vem castigo a cavalo pra eles. :enraged_face::enraged_face:",1,0,FN,0.19530238231466604
GradientBoosting,1,É SÓ TROCAR  O NOME BOLSONARO POR LULADRAO :backhand_index_pointing_up::backhand_index_pointing_up::backhand_index_pointing_up::rolling_on_the_floor_laughing::rolling_on_the_floor_laughing::rolling_on_the_floor_laughing::rolling_on_the_floor_laughing:A ANÁLISE FICA. REAL E VERDADEIRA :rolling_on_the_floor_laughing::rolling_on_the_floor_laughing:,1,0,FN,0.4281159444766431
GradientBoosting,1,"*CONCLAMAMOS A TODOS OS CIDADÃOS E CIDADÃS DE BEM DA NOSSA NAÇÃO.* 
*JOVENS E CRIANÇAS, ADULTOS E IDOSOS,* PARA COMPARECEREM AS URNAS, *NESTE PRÓXIMO DOMINGO, NO DIA GLORIOSO 02 DE OUTUBRO DE 2022,* VESTINDO AS CORES *VERDE E AMARELO.*
CATÓLICOS E EVANGÉLICOS, *PRECISAMOS NOS UNIR CONTRA UM INIMIGO COMUM,* O COMUNISMO E O SOCIALISMO.
*BRASIL ACIMA DE TUDO, DEUS ACIMA DE TODOS.* :index_pointing_up::index_pointing_up::index_pointing_up:",1,0,FN,0.26495989967615896
GradientBoosting,1,"Lula e uma piada esse demônio nem podia ser candidato mas o Brasil deixou um ficha suja, ladrao, presidiário",1,0,FN,0.45818986744049406
GradientBoosting,1,Ceara hj a noite  01/10/22 o velho ladrão vai toma uma trolhada no rabo que vai perder ate as pregas :face_with_tears_of_joy::face_with_tears_of_joy::face_with_tears_of_joy::face_with_tears_of_joy::face_with_tears_of_joy::face_with_tears_of_joy::face_with_tears_of_joy:,1,0,FN,0.38457228804730453
GradientBoosting,1,":cloud_with_lightning:

:Russia: Citação de Vladimir Putin:
""Prefiro ser enforcado por lealdade do que recompensado por traição!""

PALAVRAS IMPORTANTES DE PUTIN AO POVO

Putin: Cidadãos do mundo, falo com vocês sabendo que minha mensagem será distorcida e enquadrada. Estou sendo feito um perpetrador, mas só queria proteger meu povo que está sob ataque há mais de 10 anos. Não sou contra os cidadãos da Europa, são os vossos dirigentes que estão contra vós!

Esta é a sua chamada de despertar. Os nazistas venceram a Segunda Guerra Mundial!

Os líderes da UE são nazistas e você está bem ciente disso.

É o mesmo clube, com a mesma abordagem, que outros estados escravistas. Eles ignoram a sua e a minha opinião. Por que eu explodiria minhas próprias linhas de gás?

Eu posso simplesmente fechar a torneira. Essas alegações contra a Rússia são muito fáceis de desmascarar. Quem está bombardeando a usina nuclear?

A Europa é governada por nazistas que adoram Satanás!",1,0,FN,0.11195239829458675
GradientBoosting,1,Tão tudo caladinho os Bolsominion,1,0,FN,0.4206162588531623
GradientBoosting,1,"É inacreditável essa votação. Vcs podem ter certeza,se não houver Segundo turno, estaremos fadado ao mundo da Venezuela,chile, Guatemala e outros países que a esquerda foram tomadas . Estamos em maus Lençóis,caso o Ladrão ganhe.",1,0,FN,0.34971099453808424
GradientBoosting,1,"Deus E Deus De Surpresas , Confia Gente , Esse Comunista Não Vai Voltar Ao Poder",1,0,FN,0.437105465477084
GradientBoosting,1,"A situação vai ficar pior se não  tomarem uma atitude, nosso povo vai ser praticamente escravizado por esse DITADOR dos inferno .",1,0,FN,0.3368190254537852
GradientBoosting,1,"Ha 2000 anos o povo escolhe o ladrao. Ontem não foi diferente. Triste ver tanta gente ou ignorante e sem acesso à informaçãode qualidade ou desprovido de valores éticos e morais. Mas não adianta só reclamar. Temos que sair da nossa zona de conforto e lutar, garimpar votos etc onde quer que seja. Que Deus nos proteja do mal.",1,0,FN,0.02600484218304709
GradientBoosting,1,"Já pedi, implorei, entenderam, concordaram, muitos mas, não tocam no assunto, não tem nas redes e em nenhum lugar

Sou o único retardado que alerta sobre isso há anos, sozinho

Com a importância que eu tenho, é o mesmo que falar com as paredes",1,0,FN,0.2431363070846451
GradientBoosting,1,"O baphomet é uma personificação da magia

 Tanto que ele é cheio de simbolismos",1,0,FN,0.10000959540808634
GradientBoosting,1,":index_pointing_up::index_pointing_up::index_pointing_up::index_pointing_up::index_pointing_up::index_pointing_up::index_pointing_up::index_pointing_up::index_pointing_up::index_pointing_up::index_pointing_up::index_pointing_up::index_pointing_up::index_pointing_up::index_pointing_up::index_pointing_up:

*Conselho estratégico pra essa guerra, estamos a poucos dias da batalha final *

*Não perca tempo em tentar convencer esquerdopatas, essa gente tem cabeça feita, são lobotomizados, são bestializados, são psicopatas em diferentes graus, só Deus pode fazer o milagre *

*Corra atrás dos indecisos, tem aí mais de 40 milhões, de não comparecimento, votos em branco, etc etcetera *.

*Vamos correr atrás dessa gente, esqueçam os petistas por enquanto*.

*Confesso que gosto de ver petista irritado kkkkkkkkkkkk, mas vamos esquecer essa gente, e focar agora em outro alvo :bullseye: *.

:call_me_hand::call_me_hand::call_me_hand::call_me_hand:",1,0,FN,0.03556102912257473
GradientBoosting,1,"Descansemos em Deus, pois a oração tem poder de fazer muito macumbeiro e catimbozeiro passar mal.",1,0,FN,0.4807041330185651
GradientBoosting,1,"Que todos se conscientizem de que: nesse momento o mais importante é coletar informações e estratégias nos grupos e levá-las para fora dos grupos - levá-las a todos os isentões, àqueles que vão à praia no dia do voto, àqueles que porventura vão votar errado (votar no criminoso) - de nada adianta participar de um grupo se não fizer isso - e hastear a Bandeira do Brasil para fora de todas as janelas do  nosso imenso território nacional é de suma importância para dar visibilidade ao nosso desejo: Liberdade, Deus, Pátria e família - o mundo precisa conhecer o nosso desejo - é necessário que todos compreendam o risco que estamos correndo - lutamos pela liberdade, contra o comunismo escravagista e genocida. Que Deus nos abençoe.",1,0,FN,0.0887736427685918
GradientBoosting,1,"Vivemos em um país livre 
Quem trabalha e vai atrás tem.
Quem não vai só resta se vitimizar e chorar feito viado",1,0,FN,0.29208090678322035
GradientBoosting,1,LULADRAO VAI POR O DOLAR A 40 REAIS :rolling_on_the_floor_laughing::rolling_on_the_floor_laughing::rolling_on_the_floor_laughing::rolling_on_the_floor_laughing::rolling_on_the_floor_laughing::rolling_on_the_floor_laughing::rolling_on_the_floor_laughing::rolling_on_the_floor_laughing::rolling_on_the_floor_laughing:E INFLAÇÃO A 100%,1,0,FN,0.4433088337424554
GradientBoosting,1,LULADRAO com boné do traficante mister m fdm,1,0,FN,0.3237259080572594
GradientBoosting,1,":megaphone::keycap_2::keycap_2::Brazil: *ATENÇÃO MUITA ATENÇÃO.* :Brazil::keycap_2::keycap_2::megaphone:

*Viagens em feriadão impensado irá nos CUSTAR 4 anos, talvez sem trabalho e sem dinheiro para viajar*

*Agora eu entendo pq, entre o primeiro turno e o segundo, teremos 4 semanas e não 3 como de costume. Dia 30 é um Domingo. Dia 29 é um sábado e 28 é uma sexta-feira. Dia do Funcionário Público. Com o de costume, feriado para o funcionalismo público. Eleição dia 30. Dia 01 de Novembro provável feriado/ponto facultativo e, dia 02/11, Finados. Outro feriado. Feriadão de 5 dias com uma eleição no meio. Quem viaja num feriadão? Eleitores do Bolsonaro ou eleitores do Luladrao? Abstenção severa? A quem vai beneficiar? Muita coincidência ou armação? Não vamos viajar. Vamos votar. Para reflexão.*:oncoming_fist::Brazil:",1,0,FN,0.05991220929273853
GradientBoosting,1,"Enquanto isto, o Seu L lula LADRÃO, MATA CRIANÇAS em terreiro de UMBANDA, o BOLSONARO recebe ORAÇÃO, um CLAMOR a Deus 0ela vida dele",1,0,FN,0.4184203354535656
GradientBoosting,1,Teria sido ela mesmo que escreveu?! Marieta Severo era esquerdista de carteirinha e defendia Lulaladrao juntamente com a “rede esgoto”! :thinking_face:,1,0,FN,0.3731527727636668
GradientBoosting,1,Não é a toa que lgbts maioria de esquerda são os que mais cometem pedofilia,1,0,FN,0.1398843104039221
GradientBoosting,1,"Não estudo mais graças a Deus .
Aliás no meu tempo eu aprendia a ler e escrever não militância de de viado e glorificar bandido",1,0,FN,0.11788429446491568
GradientBoosting,1,"*Quem for de são Paulo e outras regiões e tiver empresa, não contratem NORDESTINOS. Eu sou uma Nordestina Piauiense. Porém, não me conformo eles acabarem com nosso Estado e ir procurar emprego fora.*",1,0,FN,0.3860852582790121
GradientBoosting,1,A CASA CAIU!!!  OS NORDESTINO AGORA ESTÁ MOSTRANDO QUEM VAI COMER CAPIM.  INGUINORANTE DAS DESGRAÇA :Brazil::Brazil::Brazil::Brazil::Brazil:,1,0,FN,0.39250844757937675
GradientBoosting,1,"Não está sendo fácil digerir essas histórias em que o estádio mane garrincha já teria sido reservado para posse do Lula bem antes mesmo das eleições do 2º turno e também aquela imagem da rede esgoto mostrando vitória do Lulaladrao bem como as gravações de final de ano com Lula eleito!!! 
Tem caroço nesse angu! :thinking_face::man_shrugging_medium-light_skin_tone:",1,0,FN,0.15411478123758005
GradientBoosting,1,"Após o golpe nas urnas. Ops, quer dizer, ""vitória"" :smirking_face: a projeção da inflação que seria negativa para o ano que vem, sofreu uma TOTAL REVIRAVOLTA! Agora vai vim POCANDO! Faz o L RETARDADO! :thumbs_up:",1,0,FN,0.25475440136969174
GradientBoosting,1,*AS BIBA AI KKKKKKKKKKKKKKK BOLSONARI É MUITO VIADO PUTA Q PARIUKKKKKKKKKKKK*,1,0,FN,0.2517038060897614
GradientBoosting,2,Imagina as crianças sadias que o povo da sua religião deixou doente,1,0,FN,0.2163820866021
GradientBoosting,2,"Gente...até  qdo  isto???
Tenho netos ...adolescentes..
Inteligentes... não toleram ideologias de nenhum tipo...
Como encarar esta raivosa intolerância...
Como mãe...avó de 73 anos...nunca vi isto...
SÓ JESUS  NA NOSSA CAUSA...
Oremos...oremos... Nossa 
Oração...
SENTADO À DIREITA DE DEUS QUE PAI...não a esquerda...
Brasil acima de tudo...
DEUS acima de todos...
:green_heart::Brazil:",1,0,FN,0.3183530915011199
GradientBoosting,2,":keycap_2:

15. Em outras palavras, as emendas do relator podem até ser criticadas, mas apenas numa lógica de eficiência do gasto público, questionando se os parlamentares direciom os recursos para as áreas que mais precisam, e nunca por configurar compra de apoio, como ocorria no Mensalão.

16. Pior: para conseguir apoio, Lula e o PT usavam emendas; loteavam ministérios e estatais, entregando parcelas muito maiores do orçamento nas mãos dos partidos; e ainda desviavam dinheiro público para comprar parlamentares e anular o Legislativo. Era tudo ao mesmo tempo!

17. Então, da próxima vez que você encontrar alguém malandramente tentando comparar as duas coisas, deixe claro que o Mensalão foi um esquema criminoso e um golpe contra o Legislativo enquanto o tal ""Orçamento Secreto"" é, no máximo, uma forma menos eficiente de alocar recursos.",1,0,FN,0.3269316902932142
GradientBoosting,2,"Agora Bolsonaro arranjou uma casa de um cidadão normal, humilde para fazer live...
É disso que o povo gosta :beaming_face_with_smiling_eyes:
Só falta mesmo ele fazer live com a Michelle interpretando em libras, e o Molusco corta o resto dos 9 tentáculos ...:thumbs_up::sweat_droplets:",1,0,FN,0.4415148034246063
GradientBoosting,2,O ex presidiário se ausenta de mas uma entrevista... mas na Globo ele ta confirmado.. algo estranho ? :face_with_tears_of_joy:,1,0,FN,0.07644719486297766
GradientBoosting,2,"COMBATE AO ATIVISMO LGBT Infelizmente, grupos de pressão, que sequestram pautas identitárias, querem subverter a noção de igualdade e garantir favorecimentos para si em detrimento do restante da sociedade. É o caso, por exemplo, do movimento LGBT, que em Salvador ameaça os comerciantes e busca, a seu bel prazer, criminalizar quem não os coloca sobre um pedestal. Como vereador, lutei contra as medidas autoritárias do ativismo LGBT que queriam multar donos de estabelecimentos comerciais de forma injusta. Somos todos iguais perante à lei e, principalmente, a Deus. Peço seu voto agora para deputado estadual! Comprarei essa briga para proteger os comerciantes e as famílias de toda Bahia. 

#CezarLeite
#DeputadoEstadual
:keycap_2::keycap_0::keycap_0::keycap_2::keycap_2::check_mark_button::Brazil:

#CL20022
#20022
#LeiteNelesBahia 
#CezarLeite20022
#TimeCezarLeite
#BolsoLeite20022 
#Bolsonaro22
#Roma22
#Raissa222",1,0,FN,0.13608473031452806
GradientBoosting,2,"A matéria do New York Times diz: ""Líderes políticos de esquerda e grande parte da imprensa e do público brasileiro apoiaram amplamente as ações de Moraes como medidas necessárias para combater a ameaça singular representada por Bolsonaro.

Mas muitos juristas dizem que as demonstrações de força de Moraes, sob a bandeira de salvar a democracia, estão ameaçando empurrar o país para uma queda antidemocrática.",1,0,FN,0.03757270247002585
GradientBoosting,2,Os trouxas da esquerda terá mais 4 anos dizendo que é resistência. :rolling_on_the_floor_laughing::rolling_on_the_floor_laughing:,1,0,FN,0.25526367941920963
GradientBoosting,2,Só para você ver quanto à esquerda fez com o nosso país agora traficante fala abertamente o que ele quer e manda e o STF proibiu da polícia subir os morros para não incomodar os traficantes,1,0,FN,0.32066829912734973
GradientBoosting,2,Só bandido não quer o cidadão de bem armado. Nunca foi tão fácil escolher.,1,0,FN,0.3215597615268137
GradientBoosting,2,"Para quem está pensando em votar na esquerda na próxima semana, vou enviar uns vídeos da Colômbia: os caminhoneiros param nos postos para abastecer e a população saqueia os produtos. Também estão fechando as estradas para roubar. O governo prometeu coisas que agora não pode cumprir e a população está revoltada.  Provavelmente vocês não vão ver isso na mídia do Brasil:",1,0,FN,0.15426945996396135
GradientBoosting,2,"Quanto ao aparelhamento, é resultado de 30 anos de governos de centro esquerda e de esquerda.",1,0,FN,0.21414390344761564
GradientBoosting,2,"A ex  professoea /Advogada  deputada Simone de tablet vai hj debate Jajá ela lá hj Querendo ser professora..do PCC hoje tá afiada com LulaLadrao e GloboLixoManipulativa:rolling_on_the_floor_laughing:........etc:Vietnam::kitchen_knife::Brazil::heavy_dollar_sign::pinched_fingers::pinched_fingers::heavy_dollar_sign::kitchen_knife::heavy_dollar_sign::heavy_dollar_sign::heavy_dollar_sign::heavy_dollar_sign:

O mito vai.hoje tá lá firme e forte..sozinho.....ele sim eh nosso LÍDER,
NOSSO VERDE ESPERANCA.
NOSSO AMARELO RIQUEZA EM EXPANDIR EMPREGOS NO BRASIL,....

e não nas chinas...cuba...etc...:Vietnam::heavy_dollar_sign::pinched_fingers::Vietnam::heavy_dollar_sign::pinched_fingers::Vietnam::heavy_dollar_sign::pinched_fingers::Vietnam::heavy_dollar_sign::pinched_fingers::Vietnam::heavy_dollar_sign::pinched_fingers::Vietnam::enraged_face::enraged_face::Vietnam::Vietnam::Vietnam::Vietnam::pinched_fingers::heavy_dollar_sign::heavy_dollar_sign::heavy_dollar_sign:
Luladrao PCC STF... Caiado....etc,...:heavy_dollar_sign::pinched_fingers::heavy_dollar_sign::pinched_fingers::kitchen_knife::Brazil::kitchen_knife::Brazil::pinched_fingers::heavy_dollar_sign::pinched_fingers::heavy_dollar_sign::pinched_fingers::middle_finger::pinched_fingers::heavy_dollar_sign::kitchen_knife::kitchen_knife::heavy_dollar_sign::kitchen_knife::heavy_dollar_sign::heavy_dollar_sign::kitchen_knife:",1,0,FN,0.08192586145457065
GradientBoosting,2,:triangular_flag: O padre é o satanás wm transformação de anjo de luz .,1,0,FN,0.16671493825703432
GradientBoosting,2,"*não é Fake News!*
Zema está com Lula!
Zema nao está com o presidente Bolsonaro. Parabéns a ""direita"" que vai deixar de votar no Viana (indicado pelo presidente) para votar em candidatos alinhados com a Esquerda, inclusive com bandidos que roubaram a nação. O resultado é esse.:backhand_index_pointing_up_light_skin_tone:",1,0,FN,0.4606696800642998
GradientBoosting,2,"Abrem os olhos , não pensem só no momento , pensem nas futuras gerações , não queiram pra eles o que não quer pra vcs hoje , esquerda é a destruição da família , amanhã votem consciente, sejam maduros , inteligentes , abraços",1,0,FN,0.22708873880407993
GradientBoosting,2,"Urna batizada meus amigos
Ele satanás não tem tantos eleitores assim!",1,0,FN,0.074768208917647
GradientBoosting,2,Os cara vê os vídeos vê o cara indo fazer a macumba e ainda não acreditar pqp,1,0,FN,0.23550014768020378
GradientBoosting,2,*A Palavra de Ordem agora é o seguinte:Se o Luladrao ganhar ele não pode assumir temos que invadir Brasília e por abaixo o Palácio do Planalto e o Supremo Tribunal Federal!*:thumbs_up:,1,0,FN,0.3387534438939636
GradientBoosting,2,SE O LULADRAO ROUBAR ESSAS ELEIÇÕES  NÃO VÃO MAIS ME ROUBAR NEM UM CENTAVO A MAIS JA CHEGA DO PLANO COLLOR,1,0,FN,0.4857880763684209
GradientBoosting,2,"O filho dele é viado e ele, um homem evoluído, apoia incondicionalmente.",1,0,FN,0.3281281144577846
GradientBoosting,2,"Bolsonarista: Marcha p Jesus
Petistas: Marcha p maconha
De qual lado vc está?",1,0,FN,0.044287993626772854
GradientBoosting,2,"Eles sempre dominaram tudo. Agora que a direita está ampliando espaço e influência, eles criticam.
Petralhada desesperada.",1,0,FN,0.465206927259786
GradientBoosting,2,"*A situação política transcendeu os candidatos, para quem não entende não se trata de Bolsonaro X LulaLadrão, mas sim de Brasil x Foro de SP.*",1,0,FN,0.30894005368677485
GradientBoosting,2,Vc não deve usar de artifícios de viados para tentar denegrir,1,0,FN,0.3285024230909972
GradientBoosting,2,Gente vamos encher aquilo lá por favor fazer melhor que o LULALADRÃO no Club tamoio em São Gonçalo vamos mostrar nossa força :flexed_biceps: :flexed_biceps: :flexed_biceps: :flexed_biceps:,1,0,FN,0.252993512633052
GradientBoosting,2,COLOQUEI PARTE DO DINHEIRO NO CU ARROMBADO da VADIA DA TUA MÃE :rolling_on_the_floor_laughing::face_with_tears_of_joy::face_with_tears_of_joy::face_with_tears_of_joy:,1,0,FN,0.3824593030488908
GradientBoosting,2,Gente burra ! Não sabem o que é déficit cognitivo não ! Fala o português que eleas mal conhecem ! São burras,1,0,FN,0.4953128315579145
GradientBoosting,2,"Imbecil 
Pensa pra falar!
O Lula deveria ter entrado numa antes de se candidatar!",1,0,FN,0.4445071930202412
GradientBoosting,2,O engraçado que vocês ver que pode parar para pensar no primeiro turno é tanta gente reclamando que existiu roubo nas urnas gente mostrando e provando que ouve roubo e do lado do bem você não vê ninguém defendendo ou falando nada a respeito não vê Bolsonaro e ninguém comentando a respeito ainda agora você percebe que lula já está se garantindo na vitória você percebe que o partido do lulaladrão já estão falando em punir e fechar várias coisas dando já um tipo de ordem para os ministros gente eu vou ser sincero estou começando a ficar com medo e preocupado o que está para acontecer com esse nosso país sinceramente estou muito preocupado,1,0,FN,0.33378895098483563
GradientBoosting,2,ISSO SE CHAMA MILAGRE:index_pointing_up::index_pointing_up::index_pointing_up::index_pointing_up:OS MENINOS DO LULADRAO QUASE TOMAM UMA CERVEJINHA:rolling_on_the_floor_laughing::rolling_on_the_floor_laughing::rolling_on_the_floor_laughing::rolling_on_the_floor_laughing::rolling_on_the_floor_laughing::rolling_on_the_floor_laughing::rolling_on_the_floor_laughing::rolling_on_the_floor_laughing:,1,0,FN,0.4114140514592421
GradientBoosting,2,"Por Silvio Grimaldo:
Não precisam acreditar em mim, eu sou só um rapazinho da direita burra e emocionada. Mas se quiserem, ouçam o Mauro Iasi, fundador do PT, dando uma aula sobre tolerância e a forma adequada com que vão debater com conservadores qdo voltarem ao poder.",1,0,FN,0.42747894381287965
GradientBoosting,2,"A macumba tá comendo para derrubar Bolsonaro ...
Mais a luz não se mistura com as trevas e vamos vencer essa batalha amém",1,0,FN,0.2761597106104087
GradientBoosting,2,"Não está não 
Ele é deformado mesmo assim como as ideias dele:beaming_face_with_smiling_eyes:",1,0,FN,0.25609428358942354
GradientBoosting,2,"Eu sei,mas têm muito baiano jumento ,no trabalho é um exemplo.",1,0,FN,0.49249972983507295
GradientBoosting,2,"Belém do Pará também fazendo seu dever. Estou com essa massa de apoiadores do Bolsonaro para limpar o Brasil de ratos que governaram desde redemocratização.

Bolsonaro tem seus defeitos, mas ninguém melhor para  botar o Brasil nos eixos como fez nos 4 anos de mandato. 

Vai deixar legados para história. 

Renasceu a direita inexistente até então. Roubaram eleição dele, se não conseguirmos reverter o Lulaladrão terá oposição jamais vista na casa parlamentar e ele terá enormes dificuldades para implantar seus projetos nefastos. 

Essa massa de população que invade as ruas e praças do Brasil agora não permitirá  os atrasos e caos que ele quer executar.",1,0,FN,0.18257427405539836
GradientBoosting,2,"Esse imbecil ao invés  de estudar e preparar o seu futuro, fica defendendo bandido, nz esperança  de arrumar uma boquinha.
Garoto não  se engane, os bandidos só  vão  te usar e te dar uma migalhas.",1,0,FN,0.27124527383056896
GradientBoosting,3,"Esse seu assunto aí já foi respondido por vários aqui. Mas parece que você é masoquista e quer continuar apanhando.
Não vou ficar dando palco pra doido.",1,0,FN,0.07160647486483375
GradientBoosting,3,Perfeito para o gado ficar louco no pequeno curral mental que possui,1,0,FN,0.3049543990916045
GradientBoosting,3,"""Eu vou de Lula! Entenda o porquê!!! As Entidades do Inferno estão todas a favor dele, e o Lula vai Vencer! E todas as Almas que votarem nele ganharão uma Visão Especial todas as Noites ao Dormir""... (Repasse para as Pessoas que pensam em votar no Lula e que ainda não sabem quem está por trás dele!)",1,0,FN,0.26793936220907727
GradientBoosting,3,*THIAGO MARTINS CONVIDA A POPULAÇÃO BAIANA PARA SEPULTAR A VELHA POLÍTICA NA BAHIA*,1,0,FN,0.19206689919233838
GradientBoosting,3,"Quantas fofuras em
Na época do luladrao ninguém se interessava em política. Com Bolsonaro até as crianças querem discutir política 
Essa Bolsonaro é realmente o MITO :flexed_biceps_medium-light_skin_tone::flexed_biceps_medium-light_skin_tone::green_heart::folded_hands_medium-light_skin_tone::raising_hands_medium-light_skin_tone::clapping_hands_medium-light_skin_tone::clapping_hands_medium-light_skin_tone:",1,0,FN,0.4823433118181605
GradientBoosting,3,Simone Tebet acabou com o Bolsonaro.  Ela entregou todo o esquema criminoso do BOZO,1,0,FN,0.37268574620034484
GradientBoosting,3,Compartilhem sem dó é importante esse vídeo mostra o tanto e o quanto à esquerda é covarde mas nós à direita devemos nos unir,1,0,FN,0.04946566619137117
GradientBoosting,3,"“A esquerda promete o céu, mas o que ela entrega é o inferno”. GUEDES, Paulo. 2022",1,0,FN,0.17332091068282013
GradientBoosting,3,Aquele nojento não engana ninguém! Falando no amor agora pra dá um de doido ... ENCANTADOR DE BURRO!!,1,0,FN,0.3978462310898358
GradientBoosting,3,"Corja de bandido … Deus é maior que td isso , só permite pq temos o livre arbítrio … depois não adianta chorar , plantou , colheu , simples assim",1,0,FN,0.30100385845338257
GradientBoosting,3,"*Minhas considerações sobre o debate presidencial na Globo.*

*Jornalista Delmar Rodrigues*

*Lula  O eterno ladrão*
*Simone e Soraya as perdidas*
*Felipe o equilibrado*
*Ciro o esperançoso*
*Kelman o penetra*
*Bolsonaro o reeleito*

*Pelo que vi nesse último debate, todos os pretensos candidatos a cadeira de presidente,  só fortaleceram  a reeleição de Jair M. Bolsonaro, é  incrível como eles ainda olham para o povo como um tolo, ignorante e incapaz de saber e perceber a realidade desse país.*
*Da forma como se deu o debate, ficou claro que Bolsonaro ganha no primeiro turno, salvo se alguma coisa ocorrer como na eleição passada  em que tivemos um segundo turno duvidoso.*",1,0,FN,0.2076687670789807
GradientBoosting,3,Passar o dia chupando ovo de pt para ganhar um pão com mortadela,1,0,FN,0.14474854761155415
GradientBoosting,3,Esse casal é bolsonaro Nato Nato e nato tanto eu como ela partimos para cima do Zap para conquistar Voto para o bolsonaro e assim que todos os casais tem que fazer a maldição do PT tem que ser acabado nessa gestão agora nós todos juntos seremos forte,1,0,FN,0.1341888593796688
GradientBoosting,3,"Amanhã dia 02/10/2022, teremos eleição para Dep. Federal, Dep. Estadual, Senadores e o principal , o Presidente da República. 
Peço humildemente que antes de depositarem os seus votos nas urnas, que pensem em seus filhos, netos e bisnetos. Porque essa eleição não é somente para definir quem presidirá o nosso País, mas sim para definir quem irá cuidar do nosso futuro, do futuro de nossos filhos, netos e bisnetos. Esse pessoal que prega o socialismo e comunismo não deve ter noção da devastação que isso causa em nossas vidas. Por isso se oriente com Deus e peça a Ele uma direção, certamente Ele lhe dará. Procurem no Gloogle a respeito da agenda de 2030 (NOM). Ótima votação e excelente domingo. Deus é que está no controle.",1,0,FN,0.20784439190141682
GradientBoosting,3,"Tem o macho, tem o super macho, tem mega macho, tem o super homem, e tem esse cara aí que gritou ""Ladrão"" no meio da petezada no comício do presidiário. 
Esse é meu ídolo...",1,0,FN,0.4686809704661983
GradientBoosting,3,"""Meu coração está aflito pela nação. Não sabemos o que se passa nos bastidores e nem qual o limite (ou a falta dele) daqueles sem escrúpulos. O Brasil é um dos últimos países da América Latina onde o socialismo não tocou a mão e fez apodrecer. É triste ver a realidade de argentinos, venezuelanos, cubanos e outros. Potências que estão se esvaindo. Aqueles que não tiveram tanta instrução são os que mais votam na esquerda, ironicamente, pois são eles quem deveriam mais temer a falta de oportunidade gerada através das políticas populistas que tornam qualquer Estado infrutífero. Onde há maior liberdade econômica, ali há chances e chances de passar por qualquer crise sem perecer. Que Deus tenha misericórdia do Brasil."":folded_hands: (Fran Peçóis). 
*#primeiroturnobolsonaro*",1,0,FN,0.24155542095809202
GradientBoosting,3,"Irmãos cristãos católicos e evangélicos, enquanto o inferno queima enxofre e a PETRALHADA queima chifre e a rosca, é nosso DEVER estar em oração em favor da nossa NAÇÃO e do nosso Presidente. Vamos ficar nesse dia  em ininterrupta ORAÇÃO e vigilância, aguardando a providência do Senhor Deus em nosso favor. Que o Senhor Deus continue nos abençoando em mais esse dia :folded_hands::folded_hands::folded_hands:",1,0,FN,0.1428223953823159
GradientBoosting,3,Partiu indo ajudar nosso presidente a acabar com veio do cão,1,0,FN,0.1236791097752555
GradientBoosting,3,"Eu estou trazendo esse plint após um comentário de um vídeo de um bando de macunbeiros fazendo seus despacho na frente de um cemitério. Porque estou fazendo isso no meu plint fala que Deus não dorme e esse noite ouve muitos louvores lave e anite teremos sim um resultado muito positivo vou trazer pra vcs verem o que se falou na lave foi puro fogo :fire: de Deus aguardem.após o resultado, mas já adiantando um pouquinho teremos prisões :zipper-mouth_face:",1,0,FN,0.06475675665814924
GradientBoosting,3,Que nordeste é esse que não aprende meu Deus! Povo que gosta de esmolas… Afff,1,0,FN,0.4040289582734372
GradientBoosting,3,Eu também sou nordestina. Moro na Capital da Paraíba. O Nordeste deu está vitória ao ex- presidiário.Me sinto envergonhada e péssima!:pensive_face::pensive_face::pensive_face:,1,0,FN,0.34444750995981327
GradientBoosting,3,"Enquanto os cristãos levam Cristo na brincadeira os filhos das trevas leva Satanás a sério olha aí gente , será que vamos deixar que 2023 a 2026 seja só trevas no Brasil e sofrimento para os nossos filhos e Neto",1,0,FN,0.1988503104587887
GradientBoosting,3,"Pessoal o nosso presidente é esperto! Ele já pensou em tudo e sabia que o risco de fraude era gigante! 
Ele fez várias motociatas , passeatas, carreatas, e diversas paralisações! Ele sabe que uma hora todos esses vídeos (incluindo 7 de setembro) que mostram essas paralisações, vai ajudar ele a mostrar que essa eleição contra o ladrao foi FRAUDE",1,0,FN,0.06612919207705929
GradientBoosting,3,48.4 do ladrão contra 43.2 puta que pariu foi roubado agente vai ter de ir votar dinovo pqp,1,0,FN,0.11943871080859408
GradientBoosting,3,"É verdade! Infelizmente o povo está acostumado com políticos que faz baixaria nos palanques. Talvez o Capitão Wagner pela sua educação, não quis fazer isso mas tá aí um bandido eleito, e  correndo um grande risco de ladrão lá e ladrão cá.  
Meu Deus!",1,0,FN,0.1560667025543334
GradientBoosting,3,Sou nordestino e minha região é uma decepção. Cuidado vc quem sua fazenda,1,0,FN,0.18150927034878211
GradientBoosting,3,"Vamos lutar contra isso, se abaixarmos a cabeça seremos coniventes com o futuro negro que se descortina",1,0,FN,0.18694704222125091
GradientBoosting,3,"Nem perco meu tempo mais , ninguém é retardado , a ponto de não ver o que de verdade acontece … não tenho mais psicológico pra isso… e detalhe , não podemos mudar o outro , esta mudança depende única e exclusivamente da pessoa",1,0,FN,0.2505277539726007
GradientBoosting,3,"O presidente do MDB é o Baleia Rossi, ele liberou os filiados pra escolherem em quem apoiar",1,0,FN,0.08193590293159697
GradientBoosting,3,QUEM MATOU CELSO DANIEL  LULADRAO  12 MILHÕES  VICE DE SIMONE TEBET ENTREGA  TUDO,1,0,FN,0.36632713138065764
GradientBoosting,3,"UMA VERDADE AOS FUNCIONÁRIOS PÚBLICOS. 

Se o molusco voltar, com as ameaças que ele fez a Zema, irá cortar verbas para o estado de Minas Gerais e consequentemente para os municípios. 

Aí o que acontece?

Muitos municípios terão que demitir funcionários.

Então o LULADRAO será horrível para Minas Gerais.",1,0,FN,0.095768306262501
GradientBoosting,3,Não imaginava que ele seria tão presente assim pra evitar luLADRAO e PT voltar a presidência :clapping_hands_light_skin_tone::clapping_hands_light_skin_tone::clapping_hands_light_skin_tone::clapping_hands_light_skin_tone::clapping_hands_light_skin_tone::clapping_hands_light_skin_tone::clapping_hands_light_skin_tone::clapping_hands_light_skin_tone::clapping_hands_light_skin_tone::clapping_hands_light_skin_tone::clapping_hands_light_skin_tone::clapping_hands_light_skin_tone::clapping_hands_light_skin_tone::clapping_hands_light_skin_tone:,1,0,FN,0.4047324349865287
GradientBoosting,3,"Por que chamar de imbecil? Jumento, e várias ofensas? 
Um dia seremos também?",1,0,FN,0.44689258461521264
GradientBoosting,3,"Meu Deus isso não pode ser verdade, Lulaladrao dizer isso sobre tiros em paraisopolis no Candidato Tarcísio. Ele jamais pode ser presidente se essa notícia for verdadeira.",1,0,FN,0.05026038909566789
GradientBoosting,3,"Hoje 18/10/22 Ao visitar comunidade ribeirinha em eldorado do Carajás no Pará , vandalos do MST e de movimento de reforma agrária, ateiam fogo em carros de padre Zeno da Paróquia de Eldorado  e freiras que o acompanhavam.
Se o LULADRAO presidiário ganhar corremos sério risco de uma convulsão social, uma guerra civil.",1,0,FN,0.23380497569203315
GradientBoosting,3,"Por duas vezes, em 2021, Lula foi consagrado à umbanda. Na primeira, recebeu a ""benção"" da mãe de santo para ganhar as eleições e um ""Zé Pilintra""; na segunda, recebeu um banho de pipoca que é usado nas oferendas para orixás da umbanda.
Este é o candidato que diz ser cristão.",1,0,FN,0.44998092180498955
GradientBoosting,3,"Uma coisa eu te falo nada nesse mundo acontece sem a permissão de Deus, muitos acredita que o Lula ganhou no primeiro turno por causa das macumba falcatrua que teve, mais pode ter certeza que não, O que é uma macumba perto de Deus é nada",1,0,FN,0.4686241196520395
GradientBoosting,3,Para quem acha que o Lula não mente! E ainda Confia nele! Es a prova! :index_pointing_up_medium_skin_tone::index_pointing_up_medium_skin_tone::index_pointing_up_medium_skin_tone: O Lula não era a favor do aborto? E a favor da ideologia de gênero? Agora diz que não :rolling_on_the_floor_laughing::rolling_on_the_floor_laughing::rolling_on_the_floor_laughing: cuidado! Eu acho que também não está mas apoiando você que é gay!!,1,0,FN,0.09734430340004815
GradientBoosting,3,"Nesse vídeo
LULADRAO diz que vai apoiar

Invasão no campo e na cidade",1,0,FN,0.30651212909092657
GradientBoosting,3,"Agora se segura pra não cair da cadeira LULADRAO esperando autorização do traficante Marcola pra transitar São Paulo !!
Foi mesmo que ouvi ??
Aí e o FIM !!
:police_car_light::oncoming_police_car::rat::cockroach::scorpion::mouse::rat::money_bag::rat::oncoming_police_car::police_car_light:",1,0,FN,0.14651576819158432
GradientBoosting,3,O que vai acontecer com a Vitória de Bolsonaro é os Nordestinos que trabalham no Sul e Sudeste serem mandados de volta para passar necessidade no seu Nordeste ! Sou Nordestina e penso simples assim !,1,0,FN,0.38342849266872553
GradientBoosting,3,:folded_hands::Brazil::yellow_heart::thumbs_up::thumbs_up::green_heart::raising_hands::clapping_hands::clapping_hands::clapping_hands:Parabéns!! Esse é o Meu Presidente Bolsonaro!! Abençoado!! Honrado!! Honesto!! Deus! Pátria! Família!! Deus Acima de Tudo e o Brasil Acima de todos!!Mito!! Sábio! Abençoado e protegido por Deus!! Sempre!! Orgulho!! Valeu ! Calou a boca do Burro! Lula Ladrão!!,1,0,FN,0.15421846041801013
GradientBoosting,3,"Tem eleitor desinformado e até retardado,  mas, penso que o pior é o logaritmo. Teremos terceiro turno.",1,0,FN,0.23114540972365277
GradientBoosting,3,Teve um imbecil que passou o carro por cima de 5 pessoas em mirassol tá passando no cidade alerta,1,0,FN,0.42875325541905757
GradientBoosting,3,"Charles "" Patrícia Nunes"" proprietária da ""Gesso Nunes""                                              End: R: Hostilio de Souza,    673,Itapuca-Resende/ RJ         Vamos Deixa-la Famosinha  VAMOS BOICOTAR A EMPRESA DESSA VADIA.",1,0,FN,0.202353724577985
GradientBoosting,4,"*Frankstein apóia Boslonaro*

*O famoso monstro dos filmes e desenhos animados Frankstein, declarou hoje seu total apoio ao candidato Boslonaro.*

*De acordo com Frank, Lula é o pior de todos os monstros, sendo uma criatura desprovida de qualquer valor.*

*Deus abençoe o Brasil*

:Brazil::folded_hands_light_skin_tone:",1,0,FN,0.27233896282128317
GradientBoosting,4,"Disse muito bem, não se trata de votar no Presidente Bolsonaro ou no Lula, com todos os seus roubos, seus cúmplices e suas mentiras, trata-se de votar em um Sistema, um Sistema que tem tudo a ver com o Diabo e outro Sistema que tem tudo a ver com os ensinamentos de Deus, e se a gente estiver com Deus, teremos uma nação abençoada, e se não, estaremos em um lugar amaldiçoado que nem se pode dizer que é uma nação.
Deus abençoe o discernimento das pessoas que estão escolhendo maldição e renegando a Deus e por conseguinte às suas bençãos.",1,0,FN,0.04739786665295945
GradientBoosting,4,"Urnas sendo manipuladas dentro de sindicato ligado ao PT segundo informações a cidade é Itapeva, mas não disseram se é em SP ou MG pois ambos estados tem cidade com esse nome..  Eu não tenho dúvidas que a FRAUDE será estrondosa para IMPEDIR a reeleição de Bolsonaro... GRAVÍSSIMO... Óbvio que a adulteração do programa deve estar sendo feita em cada cidade essa semana, ao receberem as urnas..  elas foram lacradas pelo TSE sem permitir as FFAA fazer inspeção por isso mesmo, porque já estava combinado com os sindicatos que estão recebendo as urnas, tirar o lacre e Fraudar seus programas para que mudem os votos e FRAUDEM a eleição em favor da ESQUERDA.",1,0,FN,0.14023845648257083
GradientBoosting,4,"Essa :index_pointing_up:foi boa q Colei:index_pointing_up::rolling_on_the_floor_laughing::rolling_on_the_floor_laughing::rolling_on_the_floor_laughing::rolling_on_the_floor_laughing:


Demostração de censura.
Calado.
Mudo.
Medo?
Vermelho ditador em forma democracia.
Vermelho que não liberta.......
etc,.....









Eu Sou eh 22.
Esperança .
Liberdade.
Vida.
Alegria.
Paz de vivência de Em amarelo rico de sabedorias....
Força...Luta... guerreiros :thumbs_up::thumbs_up::thumbs_up::victory_hand::victory_hand::victory_hand::Brazil::Brazil::Brazil::Brazil::Brazil::victory_hand::victory_hand::victory_hand::victory_hand::Brazil::Brazil::Brazil::Brazil:
22
22
22
22
22
:victory_hand:
:Brazil::thumbs_up::thumbs_up::thumbs_up::thumbs_up::thumbs_up::thumbs_up::thumbs_up::Brazil::victory_hand::Brazil::victory_hand::thumbs_up::thumbs_up::thumbs_up::thumbs_up::thumbs_up::thumbs_up::thumbs_up::thumbs_up::thumbs_up::thumbs_up::Brazil:",1,0,FN,0.3819849678718645
GradientBoosting,4,*A maior prova da formação de quadrilha que 9dedos pratica de forma legalizada e velada pelo STF. Ministros que deveriam zelar pela boa conduta do cidadão hj aceita tapa de ladrão é a famosa frase : na mão de malandro.  Nojo dessa turma maldita.*,1,0,FN,0.4673552392919312
GradientBoosting,4,"Eita laskeira


*Cheguei aqui agora na cidade.*
e tah todo mundo aqui de verde amarelo... soltando foquete e tudo mais.:Brazil::Brazil::Brazil::Brazil::Brazil::Brazil::Brazil::Brazil::victory_hand::victory_hand::victory_hand::Brazil::Brazil::Brazil::Brazil::Brazil::Brazil::Brazil::Brazil::Brazil::Brazil::Brazil::Brazil::Brazil::Brazil::Brazil::Brazil::Brazil:
Agora sim botei fé no nosso Bolsonaro ..
Irruuuu viva o Brazil,..:Brazil::Brazil::Brazil::Brazil::Brazil::thumbs_up::victory_hand::thumbs_up::Brazil::Brazil::Brazil:





Aqui Não tem Vermelho:Vietnam: de LulaLadrão Não :Angola::brain::kitchen_knife::Vietnam::enraged_face::enraged_face::enraged_face:



Irruuuuuuuu
:Brazil::Brazil::Brazil::Brazil::Brazil:
Aqui Em Goiás eh TODO MUNDO BOLSONARO....VERDE E AMARELO.....:Brazil::Brazil::Brazil::Brazil::victory_hand::Brazil::Brazil::victory_hand::victory_hand::victory_hand::Brazil::Brazil::Brazil::thumbs_up::Brazil::Brazil::Brazil:


iiiiiiiiirrrrrrrrrrruuuuuuuuuuuuuu


Vai ser de lavada no primeiro turno.
Chupa datafalsa ..globo lixo.. UOU <corruptos.



Somos todos Brasil brasileiro..verde amarelo e não vermelho,



Já ganhou BOLSONARO,

:Brazil::Brazil::Brazil::victory_hand::victory_hand::Brazil::victory_hand::victory_hand::victory_hand::victory_hand::Brazil::Brazil::victory_hand::victory_hand::victory_hand::victory_hand::victory_hand::victory_hand::victory_hand::victory_hand::Brazil::Brazil::Brazil::Brazil::Brazil::Brazil::Brazil::Brazil::Brazil::Brazil::Brazil::Brazil::Brazil::Brazil::Brazil::Brazil:


22
22
22
22
22



:victory_hand::Brazil::Brazil::Brazil::Brazil::Brazil::Brazil::Brazil::Brazil::thumbs_up:",1,0,FN,0.1300768612234503
GradientBoosting,4,"AS GLOBOS...:pinched_fingers::heavy_dollar_sign::pinched_fingers: POLITICOS,.:pinched_fingers::triangular_flag::heavy_dollar_sign::pinched_fingers::pinched_fingers::pinched_fingers: STE.. STF..caiado UOU..,,,ETC,.....

SÃO Os que mas fala em DEMOCRACIA.....

TAL DEMOCRACIA QUE ESCONDE DIREITINHO A DITADURA.

SIM O CAPETA SI VESTE DE SANTO gente.
Faz parte do aplique 171...:pinched_fingers::heavy_dollar_sign::heavy_dollar_sign::pinched_fingers::triangular_flag::triangular_flag::Angola::triangular_flag::ogre::left-facing_fist::ogre::left-facing_fist::brain::kitchen_knife::brain::kitchen_knife::brain::triangular_flag::Angola::triangular_flag::Angola::Vietnam::Vietnam::Vietnam::Vietnam::Vietnam::Angola::pinched_fingers::pinched_fingers::heavy_dollar_sign:",1,0,FN,0.19434805256006066
GradientBoosting,4,"SÁBADO   DIA  1  DE  OUTUBRO   A  POPULAÇÃO DO BEM   QUE  È  A  MAIORIA   DOS   BRASILEIROS   VAI   DESMASCARAR   ÉSTAS   PESQUISAS   COMPRADAS  , MENTIROSAS   , TODAS  ESTAS  MÍDIAS   ESQUERDISTA    QUÊ  NÃO   ACEITAMOS   MAIS   ESTA  ESQUERDA   DO DIABO   EM  NOSSO   BRASIL   ! VAMOS   TODOS   JUNTOS E MISTURADOS  SAIR  AS  RUAS   DE  TODO BRASIL  PARA  MOSTRAR   AO  MUNDO   EM  CARREATA   E  MOTOCIATA      QUE  NOSSA  BANDEIRA   JAMAIS SERÁ VERMELHA   ! NO  DIA  SEGUINTE   DIA  2  DE  OUTUBRO   VAMOS   DAR  UM  TIRO  DE  MISERICÓRDIA   NESSA  ESQUERDA   DO DIABO   E  VARRER   TODOS   ESTES  TRAIDORES  DA PÁTRIA   INFRILTADOS   NO  LEGISLATIVO   ! A  POPULAÇÃO   DO BEM   APRENDEU   A  LIÇÃO E VAI  DAR   O  TROCO   PARA TODOS ESTES TRAIDORES   DENTRO   DA  CABINE   DE  VOTAÇÃO   ! QUEM  AINDA   DÚVIDA   VERÁ   NO  PRÓXIMO   DOMINGO   A  NOITE   !:thinking_face::thinking_face::thinking_face::thinking_face::thinking_face::thinking_face:",1,0,FN,0.3227824953411266
GradientBoosting,4,"Sou de Aratiba RS, sou de direita, tenho pavor de comunistas, ladrões, corruptos, esquerdistas e PTistas. 
Minha cidade de interior tem em torno de 6.000 eleitores. 
Aqui sempre foi um reduto de PTistas pois foi a segunda cidade do RS em apostar no PT e em Lula, desde a criação desse partido das trevas.
Na eleição de 2018 para presidente tivemos 48% dos votos para o Bolsonaro e em 2 turno 57,5%.
Para prefeito em 2020 contra o PT, ganhamos de 60,2% dos votos.
Nesta eleição devemos ampliar esse resultado no 1 turno.
MINHA PERGUNTA: QUAL SEU ESTADO E MUNICIPIO E COMO ESTA AI?",1,0,FN,0.26367297549555346
GradientBoosting,4,*Olha só o Marquinhos enfrentando o Capitão Mamata que estava na musculação enquanto pessoas morriam na pandemia*,1,0,FN,0.08246206454215402
GradientBoosting,4,Cristãos se preparem porque daqui até Domingo o Satanáz usara seus fiéis para atacar não só o presidente mais toda a população de bem que ama a Deus a familia e o País,1,0,FN,0.20256764456660797
GradientBoosting,4,":backhand_index_pointing_up: *Propinas, roubos, falcatruas...rachadinhas...*
*Representa a esquerda.*

*O mais curioso é que o Wilian Boner e Renata noticiaram isso.:face_screaming_in_fear::face_screaming_in_fear:*",1,0,FN,0.15222044335941845
GradientBoosting,4,"Senhor meu Deus. Não permita que a nossa nação caia nas mãos de corruptos de novo, de ladrões, de socialistas… Pessoas que só pensam em si mesmas, que são contra a família, as crianças, a moral e a ordem. Que querem um mundo pervertido, sujo, escuro… Nos livre do mal meu Pai, pelo menos por mais 4 anos, para que possamos mostrar para nossos filhos, para as novas gerações, o que é bom, o que é aprazível, que o Brasil tem jeito. Por favor meu Pai. Nosso povo é sofrido demais. Escute as nossas orações, em nome de Jesus. Amém :folded_hands_medium-light_skin_tone:",1,0,FN,0.25057850776609536
GradientBoosting,4,*:sleepy_face:ISSO É MUITO TRISTE E CHOCANTE ! Esses filhos do diabo tem uma alta conta á prestar com Deus.*,1,0,FN,0.3694809015151841
GradientBoosting,4,"Olha aí os discípulos do demônio fazendo magia pra da certo.

Mais Deus não dorme.
Deus é maior sempre!",1,0,FN,0.12310714692817237
GradientBoosting,4,"Pessoas que são cristãos jamais pode votar em quem é contra os princípios da igreja.
Quem apoia o aborto, a ideologia de gênero, é contra a família apoia o comunismo.
Vote  consciente.
22 neles.
DEUS, PATRIA , FAMÍLIA",1,0,FN,0.14044237936628012
GradientBoosting,4,Dessa vez o povo não acredita nas Fake News do BOZO não. Kkkkk. Começou arranjando um PADRE FAKE. Que vergonha 01 . Kkkk.,1,0,FN,0.39279712560710695
GradientBoosting,4,"Olha aí muié, os macumbeiros , fazendo macumba nós cemitérios pra Bolsonaro,e um bando de crente sem vergonha apoiando um macumbeiro desse",1,0,FN,0.3286835064522761
GradientBoosting,4,PESQUISAS DE BOCA DE URNA CONFIRMAM É É É É BOLSONAROOOOOOOO EM PRIMEIRO TURNO COM MAIS DE 90 MILHÕES DE VOTOS PARA DESESPERO DA ESQUERDALHA AMALDIÇOADA DOENTIA E FEDORENTAA,1,0,FN,0.2795736081958647
GradientBoosting,4,"Não somos coveiro mas, hj faremos o enterro do Bozo.:coffin:

Velório aberto ás 17hs.",1,0,FN,0.1518571420075861
GradientBoosting,4,DILMA ATRAPALHANDO A VOTAÇÃO :backhand_index_pointing_up::backhand_index_pointing_up::rolling_on_the_floor_laughing::rolling_on_the_floor_laughing::rolling_on_the_floor_laughing::rolling_on_the_floor_laughing::rolling_on_the_floor_laughing:TÁ ATÉ AGORA PROCURANDO O MOUSE PRA CLICAR :rolling_on_the_floor_laughing::rolling_on_the_floor_laughing::rolling_on_the_floor_laughing::rolling_on_the_floor_laughing:SAI DAI BURRA  DO CARALHO,1,0,FN,0.11743483987183874
GradientBoosting,4,"Só acho que o cachaceiro foi bem votado. Meu Deus, o Brasil não é para amadores.",1,0,FN,0.04462705634167864
GradientBoosting,4,"PESSOAL ATENÇÃO! 

SEI QUE ABALA UM POUCO TODOS NÓS VER A DIFERENÇA REDUZINDO! 

MAS ACHO QUE É CLARO PRA TODOS: 

ESTAMOS LIDANDO COM MÁFIA, QUADRILHA, BANDIDOS!

É OBVIO QUE ESTÁ HAVENDO FRAUDE! É ÓBVIO! 

TENHO DITO: SE PREPAREM PARA SAIR ÀS RUAS!

NÃO VAMOS ACEITAR ESSE SISTEMA DE VOTAÇÃO E PONTO FINAL! 

VAMOS PARAR O BRASIL!

COMECEM A DIVULGAR ISSO NOS GRUPOS! 

SE FORMOS ÀS RUAS BOLSONARO VAI ORDENAR ÀS FORÇAS ARMADAS À AGIR! 

REPITO: VAMOS TOMAR AS RUAS DO BRASIL! 

FORÇA E HONRA! 
DEUS ABENÇOE O BRASIL!  :Brazil::Brazil::Brazil:",1,0,FN,0.22288277862658906
GradientBoosting,4,"Com certeza meu irmão e esse Ladrão não assume a presidência em nome do Senhor JESUS CRISTO, eu creio!!:folded_hands_dark_skin_tone::folded_hands_dark_skin_tone::folded_hands_dark_skin_tone::raising_hands_dark_skin_tone::raising_hands_dark_skin_tone::raising_hands_dark_skin_tone:",1,0,FN,0.3017765377426405
GradientBoosting,4,"Precisamos nos unir e orar clama a Jesus, porque os filhos de Satanás estão unidos",1,0,FN,0.15870360245391557
GradientBoosting,4,"Eu sou Nordestina e moro na Bahia, mas a culpa é do Nordeste mesmo. Por isso que vive no atraso.",1,0,FN,0.4123687654111057
GradientBoosting,4,"Não perca, é tudo o que eles querem, como dizem...é mais que uma eleição, é uma guerra espiritual, não é atoa que apelaram para Macumba, Bruxaria essas coisas, mas mesmo assim Deus não permitiu a vitória do Diabo.",1,0,FN,0.3668464117374286
GradientBoosting,4,Junta os votos do luladrao de ontem e mais o da Simone pronto eleito af,1,0,FN,0.43907201555984715
GradientBoosting,4,"Kkkkk
Isso me diziam para o primeiro turno

Eu agora virei
SAO TOMÉ

TALVEZ SE EU TOMAR UM MÉ VOLTE A CONFIAR

O SISTEMA É SUJO POR SI SO

E NOSSO PRESIDENTE INOCENTE 

SE ELE NAO TOMAR PROVIDÊNCIAS DE VIGIAR AS URNAS 

SEREMOS HUMILHADOS COMO FOMOS NO PRIMEIRO TURNO 

SUGESTAO

BOLSONARO DEVE MANDAR  RECOLHER AS URNAS DO PRIMEIRO TURNO E COMPRAR DE UMA OUTRA EMPRESA E O EXECUTIVO DISTRIBUIR
CASO CONTRARIO ATE MOISES , PEDRO JOSUE
JOSE DO EGITO
TODOS ESSES DEFUNTOS VOLTARAO EM LULADRAO",1,0,FN,0.23919514438940445
GradientBoosting,4,VEJAM O QUE ACONTECEU NA TV AO VIVO BOLSONARO  COM 55% E O LULADRAO  COM 36% 8:20 H DA NOITE SE DERAM MAL,1,0,FN,0.1933406492546657
GradientBoosting,4,"Amo Patrick, faço campanha com todo prazer e alegria, mas vou sair do grupo porque não consigo conviver com pessoas que apoiam bandidos que querem entregar o Brasil ao comunismo maldito. Abraço aos que amam a família e a liberdade.
Deus acima de todos :folded_hands:",1,0,FN,0.3894281774025706
GradientBoosting,4,"Esse vídeo :backhand_index_pointing_down: mostra o chefe do tráfico de uma das maiores e mais violenta favelas de SALVADOR/ BA (Nordeste de Amaralina)

O Rasta, como é conhecido, aparece com Lulaladrao. 
:thinking_face:
Amigos ! Isso é muito sério! 
O cachaceiro está se alinhando com várias facções criminosas do Brasil. Devemos alertar aos isentōes para que revejam suas intenções de anular o voto. 

Apoiar Bolsonaro e esquecer essa birra inrustida por nosso presidente é o melhor caminho .",1,0,FN,0.10767001257223244
GradientBoosting,4,Mano o grupo está no limite máximo... Assim que aparecer uma vaga a gente add ele... Ou identificar um Vermelhinho incubado...:smiling_face_with_sunglasses::Brazil:,1,0,FN,0.06662215115550889
GradientBoosting,4,"Só uma pessoa louca ou alcoolizada, teria uma postura covarde dessas contra uma criança . Isso é crime. Uma mulher velha dessas ainda não aprendeu???",1,0,FN,0.21294882479216026
GradientBoosting,4,"Gente eu fico chocado com essa propaganda eleitoral do Bozo. Parece que todos são anjos de candura!! Nem parece o doido que fala merda todo dia. Os marketeiriz estão de parabéns viu. É muita mentira e muita enganação. E o brasileiro esquece o que aconteceu até na semana passada pra votar nesse monstro. Aliás a monstruosidade de Bolsonaro. aumenta ainda mais com tanta fake News, hipocrisia e promessas fajutas do programa eleitoral . É muita cara de pau. O brasileiro é muuuuuito burro , meu Deus",1,0,FN,0.21139873134801257
GradientBoosting,4,"No passado os Profetas
Homens santos não poderiam ""ser dúbios"" em decisão crucial 
O CASTIGO 
Era o apedrejamento até à morte. Hj a exemplo do que A CORJA DO STF FEZ À FAVOR DE LULALADRÃO É ABOMINÁVEL 

DEIXOU Á NAÇÃO EM EMINENTE GUERRA CIVIL 
Ê SE O PREÇO FOR ESSE ESPERO QUE UM SNNIPER COM O DEDO NO GATILHO Ê A MÍRA APONTADA PRIMEIRO PARA A CABEÇA DOS MINISTROS Q OCASIONARAM TÃO DESAGRADÁVEL SITUAÇÃO.

#UMSNIPPERPARAFACHIN

#UMSNIPPERPARAALEXANDREDEMORAES

#UMSNIPPERPARALULALADRÃO",1,0,FN,0.2582648315907954
GradientBoosting,4,Ainda é tempo de PaiLula baixar nesse terreiro. Talvez tome vergonha naquela cara lambida.,1,0,FN,0.29303629035807416
GradientBoosting,4,BOLSA GAY NA ARGENTINA. SE O MULA VOLTAR VAI SER AQUI TAMBÉM.,1,0,FN,0.38400609686006265
GradientBoosting,4,"VÍDEO VERDADEIRAMENTE  CORRETO.  TEMOS QUE CLAMAR PELO BRASIL  SENDO ASSIM  DEUS  VAI OUVIR A MAIORIA  E SE A MAIORIA  FOR  O LADO BOM, E SE A MAIORIA  FOR CONTRA O CASAMENTO GAY.  SE A MAIORIA FOR CONTRA AS DROGAS  . SE A MAIORIA  FOR CONTRA  CORRUPÇÃO.  SE A MAIORIA  FOR CONTRA O ABORTO  ENTÃO  O BEM VENCERÁ  OS ESCLARECEDORES...COMPARTILHEM..",1,0,FN,0.1962627142739229
GradientBoosting,4,"REPASSEM ESSA MENSAGEM ENQUANTO DURAR O PROCESSO  DE INTERVENÇÃO FEDERAL, ART. 142  OU  ANULAÇÃO DA VOTAÇÃO:   PATRIOTAS, NÃO OUÇAM O QUE OUTRAS PESSOAS ESPALHAM POR AÍ. MANTENHAM O FOCO ATÉ O NOSSO PR. SE PRONUNCIAR.                    MANTENHAM-SE NAS MANIFESTAÇÕES EM FRENTE AOS QUARTÉIS. REVEZEM- SE, MAS SE MANTENHAM FIRMES. TUDO QUE OS ESQUERDOPATAS QUEREM AGORA É QUE DESANIMEMOS. QUANDO DESCONFIAREM DE ALGUM INFILTRADO NOS GRUPOS SOLICITEM A ELES QUE DIVULGUEM OS SEUS LINKS DO YOU TUBE, FÁCIL, SE ELE NÃO DIVULGAR O EXCLUA. MAS, MAIS IMPORTANTE QUE QQ POSTAGEM É MANTERMOS AS MANIFESTAÇÕES, AGUARDARMOS E PARARMOS APENAS QUANDO O NOSSO PR. SE PRONUNCIAR SOBRE O RESULTADO DE TUDO ISSO. VAMOS FAZER NOSSA PARTE E NÃO DAR OUVIDOS AOS DESANIMADOS OU AOS INFILTRADOS. ENQUANTO HOUVER ESPERANÇA HAVERÁ LUTA. DEUS ESTÁ CONOSCO.:folded_hands::Brazil::Brazil::Brazil::Brazil::Brazil::Brazil::Brazil::Brazil::Brazil:",1,0,FN,0.33274889760908194
GradientBoosting,4,"Alguém tem que falar pra essa bicha que não somos nós que eles vão enfrentar, sim o exército, borracha, chumbo :rolling_on_the_floor_laughing::rolling_on_the_floor_laughing::rolling_on_the_floor_laughing::rolling_on_the_floor_laughing::rolling_on_the_floor_laughing::rolling_on_the_floor_laughing::beaming_face_with_smiling_eyes::beaming_face_with_smiling_eyes::beaming_face_with_smiling_eyes::beaming_face_with_smiling_eyes::beaming_face_with_smiling_eyes:",1,0,FN,0.47145098191282575
MLP,0,Inclusive ele criou satã para nós torturar para sempre no inferno pq sabe oq faz,1,0,FN,0.002275696147691346
MLP,0,"Pois é agora pra tirar esse canalha traidor, só daqui 8 anos.",1,0,FN,3.6716019293353314e-07
MLP,0,"Socialismo em Los Angeles. Caos total depois que passaram a legislação permitindo até 900 dólares em roubo sem punição.

Não podemos permitir que a esquerda tome conta do poder, com eles no poder tudo que há de pior pode acontecer.",1,0,FN,0.01511093270082576
MLP,0,O esquerdista Ciro teve um clímax com  o ataque do Bolsonaro frente ao Loola.,1,0,FN,0.020717074926082088
MLP,0,"ÚLTIMO DEBATE DA GLOBO PRESIDENCIÁVEIS 
VAMOS ASSISTIR PELO OS CANAIS  DE DIREITA NO YOUTUBE  PRA GLOBO NÃO TER MUITA AUDIÊNCIA:chart_decreasing:",1,0,FN,5.294863929969222e-05
MLP,0,Domingo é a nossa vez de varrer a esquerda do Brasil.,1,0,FN,0.0003087804813069176
MLP,0,"Bom dia Grupo Abençoado.  Que Deus nos Abençõe em mais um dia.    E que a vontade de cutucar Petistas nunca nos falte.    Pelo bem da Nação. 
Mito na Veia 
Forte abraço 
22",1,0,FN,0.384511939305025
MLP,0,"Caraiiii 

Comparar gigante Brasil 
Com esses paiseco menos que o Acre!!!

Tá errado isso ai

Comparar com país decente!",1,0,FN,0.0003744946658695384
MLP,0,"*ESTE É O REGIME DA CHINA QUE LULA AMEAÇA TRAZER PARA O BRASIL, SÓ MORRERÃO OPERÁRIOS E OPERÁRIAS QUE NÃO AGUENTARÃO O REGIME FORÇADO DE TRABALHO ESCRAVO PRODUZINDO PRODUTOS QUE SÃO VENDIDOS PARA O MUNDO POR PREÇOS BARATOS. ENQUANTO OS RICOS SAIRIAM DO BRASIL ATÉ DEZEMBRO*.",1,0,FN,0.005033109221227723
MLP,0,":raised_fist_dark_skin_tone: *BANDEIRAÇO* :raised_fist_medium-dark_skin_tone:

:spiral_calendar: Hoje (27/09) - 16h
:round_pushpin:Av. Godofredo Maciel com Perimetral 

Galera de Fortaleza e adjacências, convidamos todas, todos e todes para juntos ocupar as ruas no bandeiraço *PSOL COM LULA* . Cola conosco por lá e vamos juntos celebrar a esperança!

*Faltam apenas 5 dias para vencermos o fascismo elegendo Lula 13 e Renato Roseno 50500.*

:raised_fist_dark_skin_tone::raised_fist_light_skin_tone::raised_fist_medium-dark_skin_tone:",1,0,FN,1.7029187001834187e-07
MLP,0,[USER] ADM??? VAI TOMA BEM NO MEIO DO SEU CU SEU FILHO DE UMA PUTA,1,0,FN,0.2219482416687918
MLP,0,"Você não é comunista, vc é moleque mimado criado com a vovó, dá turma você é o quê dava o :OK_hand: pros amigos e hj fuma maconha pra dizer que é macho...",1,0,FN,0.0029592493862359934
MLP,0,"As fraudes estão realmente acontecendo
Isso é muito sério
O POVO não merece isso
Somos vítima desse sistema esquerdista que querem o poder para destruir o BRASIL.
Foi por isso que não permitiram o voto impresso.",1,0,FN,0.4187959103105505
MLP,0,"Kkk
Com certeza só que estamos entre os dois 
Como diz a PALAVRA DE DEUS SOMOS EMBAIXADORES DE CRISTO NA TERRA 
.....
DEVEMOS TER A MENTE DE CTISTO""!
Quando vc vota é confirma para Deus vc manda o recado de que concorda com aquilo que o candidato pensa..
Enquanto Lula quer a destruição da família, liberação do aborto e das drogas, cartilha das drogas e LGBTQIA+ nas escolas com banheiro trigenero, ou seja sua filha vai usar banheiro junto com marmanjo...
E ai... Lula quer aprovar no congresso leis que impedem vc evangelizar no Brasil coisa que já acontece em vários países de esquerda com presidentes amigos de Lula...
Citamos a Nicarágua agora...
Na França se vc evangelizar na rua paga multa para o governo..
EUA já não se pode ler a Bíblia fora da Igreja...
Nas praças...
Etc",1,0,FN,0.001330515420272871
MLP,0,"Kelmon tirando votos do Bozo! 

Ele é tão estúpido quanto o Bolsonaro...e tem batina",1,0,FN,0.3207033934012797
MLP,0,A mulherzinha que ganhou a eleição usando o nome de Bolsonaro ficou stressadinha kkkk,1,0,FN,0.05107603398588016
MLP,0,"É difícil ter comunhão com um crente desse que compactua com a bandidagem.
Os olhos de Deus estão em todo lugar, observando esses.",1,0,FN,0.4493853473880439
MLP,0,"*UMA PIADA*

O filho do PETISTA (brasileiro nato) nasceu e ele ficou muito feliz, pois o que mais desejava era um filho. A mulher (brasileira nata) do PETISTA ficou de repouso pós parto e tomava sopinha no canudinho, diga-se de passagem, preparada pelo próprio PETISTA, bem como todos os dias o mesmo dizia que a amava e estava muito feliz.
Um belo dia, o PETISTA percebeu que seu filho não abria os olhos e muito preocupado foi consultar o médico que fez o parto:
PETISTA: - ""Dr, tem algo estranho com meu filho,  ele não abre o olho""
O médico, muito constrangido disse:
- ""Quem tem que abrir o olho é o Sr""
:rolling_on_the_floor_laughing::rolling_on_the_floor_laughing::rolling_on_the_floor_laughing::rolling_on_the_floor_laughing::face_with_tears_of_joy::face_with_tears_of_joy::face_with_tears_of_joy::face_with_tears_of_joy::face_with_tears_of_joy::face_with_tears_of_joy:",1,0,FN,0.0003891636221476158
MLP,0,Gado agressivo.,1,0,FN,2.6325496219658174e-05
MLP,0,O queria saber o porquê que na esquerda só tem mulheres feias...parecem dragões,1,0,FN,0.22740044155688982
MLP,0,O  voto   è  pessoal   è  particular  !   Eu  NÃO   sou  anônimo   minha   COLINHA   e  da  família   e  alguns   amigos   será   está  ! NÃO   VOTAMOS   em  candidatos   que  apoia   a  esquerda   do DIABO   !  Somos   PATRIOTAS   !:thumbs_up_medium-dark_skin_tone::thumbs_up_medium-dark_skin_tone::thumbs_up_medium-dark_skin_tone::thumbs_up_medium-dark_skin_tone::thumbs_up_medium-dark_skin_tone::thumbs_up_medium-dark_skin_tone:,1,0,FN,0.11582983623214285
MLP,0,O PROJETO DA ESQUERDA É  FUDER O BRASIL:backhand_index_pointing_up::backhand_index_pointing_up::backhand_index_pointing_up::rolling_on_the_floor_laughing::rolling_on_the_floor_laughing::rolling_on_the_floor_laughing::rolling_on_the_floor_laughing::rolling_on_the_floor_laughing::rolling_on_the_floor_laughing:E BENEFICIAR OS AMIGUINHOS COMUNISTAS  FDP,1,0,FN,0.003445228284093241
MLP,0,Esse aí independente das falácia que nego costuma falar pior é a roubalheira que o Lula cometeu contra o nosso país Eduardo Costa é um dos grande apoiadores de Jair Messias bolsonaro,1,0,FN,2.5884337978276603e-08
MLP,0,"Deus que nos livre desse bandido,canalha voltar a ser “presidente” da nossa nação",1,0,FN,0.4731792512894613
MLP,0,"Manda o Felipe Neto ir pra puta que o pariu, amanhã é dia de eleição, quem é esse moleque, ele é candidato a que? Acordem, postem essas merdas não, amanhã é tudo ou Venezuela...",1,0,FN,3.840691516559932e-06
MLP,0,"A HORA E ESSA PATRIOTAS VAMOS NOS LIVRAR DESSES BANDIDOS SANGUESSUGAS QUE ESCRAVISAR NOSSO POVO , DEUS ACIMA DE TUDO, BRASIL ACIMA DE TODOS ...",1,0,FN,0.0005142315724710562
MLP,0,"Bom dia à todos! 
Se você Acredita em DEUS, na Pátria, na Família, na Paz e Prosperidade, então deve estar consciente que HOJE venceremos o SATANÁS e Seus SEGUIDORES.",1,0,FN,0.40578805713656446
MLP,0,"Você que tem que aceitar que os nordestinos não aprendem nunca a votar.
Respeite a opinião dos outros,eu sou nordestina e posso falar o que quiser.",1,0,FN,0.3416202773507772
MLP,0,POR QUE O NORDESTE ESTÁ TÃO ATRASADO ??? JÁ VI ESSE FILME ANTES…,1,0,FN,1.7957554925501978e-05
MLP,0,Pessoal nossa problema é no Nordeste o Lula roubou o dinheiro para fazer transposição do dia são Francisco é ainda voltam no lula meu Deus,1,0,FN,0.17945256185596417
MLP,0,"Não entendo como um ladrao consegue ganhar tantos votos,  Novamente o povo escolhe o ladrao!!! e deixa Jesus na saudade!!! A História se repete!!:enraged_face::enraged_face::enraged_face::enraged_face:",1,0,FN,0.0092199069524827
MLP,0,É o Único momento que Tenho Vergonha de Ser Nordestino e na politica,1,0,FN,0.039554143994130285
MLP,0,Nordeste é tão piada que tá quase eleito o galo cego pra federal diz ai:clown_face::clown_face:,1,0,FN,0.00022226951542142937
MLP,0,Exato! Como pode uma cretina dessa está em um grupo de direita! Tira ela ou saiu eu,1,0,FN,0.04303929019076842
MLP,0,"~ Você que é Cristão precisa repassar este vídeo da filha do Lula agradecendo a maçonaria pela liberdade do Lula como também os vídeos relacionados à blasfêmia do Lula contra Jesus e ele no centro de Umbanda! :red_exclamation_mark::red_exclamation_mark::red_exclamation_mark::double_exclamation_mark:

~ Querem destruir o Brasil ao máximo e tirar o Bolsonaro de jogada! Criam edições e falsas imagens como fizeram do Ciro Gomes ao lado de Bolsonaro! Como também fizeram uma nova investida contra o Bolsonaro!

Vídeo Deep Fake: Uma tática muito utilizada para meter candidatos onde não estão como também falar coisas que ele não falou!

O que a mulher no centro de Umband diz à Lula? Simples: xanobal é proveniente de baal, a antiga serpente. 

Todas as lideranças mundiais que são à favor dos LGBTs, Abortos e a destruição da igreja como a perseguição do exercício da fé!

Como a ministra espanhola da igualdade ligada aos governos apoiantes de Lula quer liberar a pedofilia!
Como PCC comemorou a vitória de Lula no primeiro turno!
~ Compartilhem à todos os contatos e grupos! :Brazil:",1,0,FN,0.0005901852660798572
MLP,0,"Mulher de Lula posta foto com pomba-gira, xangô, preto velho e se declara ser da umbanda - Folha da Política:link:",1,0,FN,9.295999369352574e-07
MLP,0,Sai tu do fanatismo da esquerdista  e do comunismo e socialista,1,0,FN,0.17374937590697345
MLP,0,Esse cara está ajudando o aleijado das mãos a se eleger.,1,0,FN,3.913779321151318e-09
MLP,0,Tem até gay apoiando Bolsomaro aqui. Poderiam explicar as falas dele contra gays aqui :backhand_index_pointing_down::backhand_index_pointing_down::backhand_index_pointing_down:,1,0,FN,2.9328433492138098e-05
MLP,0,"BOLSONARO REELEITO :folded_hands_medium-light_skin_tone::folded_hands_medium-light_skin_tone::folded_hands_medium-light_skin_tone::folded_hands_medium-light_skin_tone::green_heart::Brazil::yellow_heart:! CANSADOS? QUE HIRONIA E ESSA?  VOTAR NUM VAGABUNDO LULADRÃO E SUA QUADRILHA DE TOGADOS? Daqui a pouco se esse meliante ganha, ADEUS LIBERDADE",1,0,FN,0.45248745529801926
MLP,0,E por isso lula vai ganhar ..um bando de acéfalo defendendo a polícia que cumpre ordem ilegal!  Deixa com luladrao que aí sim ficará tudo bem ! Um bando de asno que defende a polícia e Alexandre de Moraes !,1,0,FN,0.23783657987505882
MLP,0,Ele mesmo disse que bastava dar 10 reais para o baiano ficar feliz,1,0,FN,0.03885072802454839
MLP,0,"Tudo bandido e insanos, comunista, fascista, doente. Deus vai fazer justiça. Em nome de Jesus",1,0,FN,2.949827183702608e-05
MLP,0,"Tô rindo aqui,,, xangô é são Jerônimo na umbanda,o santo da justiça, dos injustiçados,humildes nada a ver com o que luladräo prega,Deus é um só,,,,talvez o povo que ele segue ,,, não sabe nada sobre a lei da justiça de Oxalá,",1,0,FN,7.588060786641668e-07
MLP,0,Acabei de ver na band o Luladrao 53% e Bolsonaro47% não posso acreditar numa coisa dessas.,1,0,FN,0.009715342984134822
MLP,0,"Pq cidadão de bem, honesto como Lula Ladrão diz que não tem uma alma viva mais honesta que Ele",1,0,FN,0.16305537760211491
MLP,0,Como um cidadão que diz ser cristão vota num candidato que apoia invasão de terra dos outros de casas apoia os costumes lgbt legalização de drogas e de ladrões de celulares etc que Jesus é esse,1,0,FN,1.1080520129964868e-05
MLP,1,"Mais uma vez o PT= Partido das Trevas apela ao MP para proibir as escolas de ensinar as crianças a rezar o Pai nosso, Oração ensinada pelo próprio Jesus. 

O PT tenta de todas as formas acabar com a Religião em Todo Brasil.",1,0,FN,0.18549459012098427
MLP,1,"Quando terminar essa eleição vamos fazer uma festa para recuperar as amizades perdidas e as brigas familiares.
-Quem votou no bolsonaro traz a carne e a cerveja.
-Quem votou em branco traga frango e linguiça.
-Quem anulou o voto traga pão de alho e coração.
-Quem faltou na votação traga gelo e carvão. 
-E quem votou no PT não precisa vir.",1,0,FN,1.2143589628319924e-08
MLP,1,"Oi estou vendo que vc acha que me sentiria ofendido por sua colocação, mas vamos lá, tirando a clara baixeza de seu argumento, aonde precisa tentar ofender, um esforço deveras patético para uma pessoa que quer se dispor como alguém de alguma forma superior a outra, então vamos pela lei de Cristo somos todos irmãos e irmãs e todos iguais perante a Deus, não cabendo condenar ninguém.

Também há a questão que mesmo na Bíblia calúnia e difamação é um ato criminoso ao qual é muito mal visto então se já passamos uma pá de cal sobre esse seu infeliz pronunciamento.

Não, não sou homo sexual, não tenho qualquer trejeitos delicado e muito menos sou destemperado e barraqueiro.

Também não estou em cima de qualquer muro, me coloco aqui em uma posição clara entre Belzebu e Baphomet eu não fico com nenhum, anjos caídos não se arrependem de seus pecados e este é o caso destes dois déspotas.",1,0,FN,7.463558401247459e-08
MLP,1,"Garota inteligente e muito patriota, mas com certeza ela teria que ter alguém à protegendo onde ela for, porque a esquerda da universidade não irão perdoar essa Super Guerreira :Brazil::folded_hands_light_skin_tone::Brazil:. São de jovens iguais que o Brasil :Brazil:precisa :clapping_hands::thumbs_up:",1,0,FN,0.2104171764269208
MLP,1,Se fosse vermelha a reação  da globolixo seria a mesma? Claro que não,1,0,FN,0.00025165446589047765
MLP,1,"Quem é de Direita nem assiste essa emissora lixo , literalmente.",1,0,FN,0.010297286083692098
MLP,1,"Vamos combater a esquerda até vencermos essa guerra. 
SALVE NOSSO CONTATO 

Vote nos candidatos do Bolsonaro :Brazil: :Brazil: :Brazil: :Brazil: :Brazil: :Brazil:

* Deputado Federal: Coronel Malabarba 44.00

* Deputado Estadual: Ruy Irigaray BOLSONARO 44.000

* Presidente: Jair Bolsonaro 22
",1,0,FN,3.519642804146236e-08
MLP,1,"Já estão preparados para o golpe da esquerda  ???
:pensive_face::loudly_crying_face:
Não vejo outro cenário...

Aqui no RN , vai ser proibido todo tipo de forças policiais e  etc.. 
Por perto das zonas eleitorais...

 Sempre se soube que eleição é perigoso pois sempre alguém vem cobrar contas com seus desafetos e por aí vai , imagina como vai ser domingo...

Que Deus nos proteja :folded_hands_light_skin_tone::raising_hands_light_skin_tone::folded_hands_light_skin_tone::raising_hands_light_skin_tone::folded_hands_light_skin_tone:",1,0,FN,0.009805623534772342
MLP,1,Bicho estou louco aqui. Alguém chegou a ler o que o bandido de nove dedos escreveu???,1,0,FN,0.0001399566346583337
MLP,1,"Um infeliz desse ainda qer se reeleger
Só sifor no inferno q e lugar de cão",1,0,FN,0.21006848523237
MLP,1,":backhand_index_pointing_up::backhand_index_pointing_up::backhand_index_pointing_up:
""Artistas acreditam que se tiverem benesses financeiras tudo vale...
Este oportunismo surgiu com a associação PT e artistas, que foram comprados para fazerem ""propaganda"" da esquerda.""

*Fonte:* Canal Layla Fiuza",1,0,FN,0.2999352401223553
MLP,1,"Sim. A ação contra bandidos deve ser enérgica. Entre tombar um bandido ou um cidadão de bem que tombe o bandido. Mas,e os números mostram isso_ não é só o bandido que deve ser combatido, mas o crime e o crime é um fato social com uma série de fatores criminógenos: desigualdade, base familiar, falência da educação formal ,entre outros.
Esperar que o crime diminua simplesmente eliminando criminosos é como supor que um balde sob a goteira resolverá o problema da telha destruída.",1,0,FN,0.021136741608491823
MLP,1,"GENTEEE, ESSE LADRA DO LULA ESTA MUITO TRANQUILO COM A VITÓRIA DELE,  TEM ARMAÇÃO POR AÍ. VAMOS ORAR E PEDIR A DEUS QUE CANCELE TODA AÇÃO DO MAL QUE ESTIVER ARMADO PARA AS NOSSAS ELEIÇÕES.",1,0,FN,0.011848986914149127
MLP,1,"Não vai dar Ciro dessa vez.
Mas se você gosta do Ciro, quer dizer que você é mais próximo do Lula que do Boçal genocida. Então vem de Lula logo e vamos fechar o caixão do Biroliro no primeiro turno",1,0,FN,2.2098841428372225e-07
MLP,1,"*CONCLAMAMOS A TODOS OS CIDADÃOS E CIDADÃS DE BEM DA NOSSA NAÇÃO.* 
*JOVENS E CRIANÇAS, ADULTOS E IDOSOS,* PARA COMPARECEREM AS URNAS, *NESTE PRÓXIMO DOMINGO, NO DIA GLORIOSO 02 DE OUTUBRO DE 2022,* VESTINDO AS CORES *VERDE E AMARELO.*
CATÓLICOS E EVANGÉLICOS, *PRECISAMOS NOS UNIR CONTRA UM INIMIGO COMUM,* O COMUNISMO E O SOCIALISMO.
*BRASIL ACIMA DE TUDO, DEUS ACIMA DE TODOS.* :index_pointing_up::index_pointing_up::index_pointing_up:",1,0,FN,0.00031750686468381896
MLP,1,Já disse aqui que o deus dos bolsonarentos é Mamon?,1,0,FN,0.00016332756800302732
MLP,1,"*Padre Kelmon sofre atentado e morre , petista mata padre a mando de Lula , isso que vcs querem brasileiros ?? Acordem não aceitem esse terrorismo da esquerda*",1,0,FN,0.39297246134650865
MLP,1,Ceara hj a noite  01/10/22 o velho ladrão vai toma uma trolhada no rabo que vai perder ate as pregas :face_with_tears_of_joy::face_with_tears_of_joy::face_with_tears_of_joy::face_with_tears_of_joy::face_with_tears_of_joy::face_with_tears_of_joy::face_with_tears_of_joy:,1,0,FN,0.05303863477778556
MLP,1,"Agora, resta à DIREITA, com 82% dos votos apurados, *torcer para ter segundo turno*.

Chances reais de vitória do LADRÃO no primeiro turno. 

Só a Bahia tem quase 2 milhões de votos *não apurados* e lá o LADRÃO tem 2 votos para cada voto de Bolsonaro.",1,0,FN,0.17223885538203848
MLP,1,"É inacreditável essa votação. Vcs podem ter certeza,se não houver Segundo turno, estaremos fadado ao mundo da Venezuela,chile, Guatemala e outros países que a esquerda foram tomadas . Estamos em maus Lençóis,caso o Ladrão ganhe.",1,0,FN,0.4970523509592982
MLP,1,"Deus E Deus De Surpresas , Confia Gente , Esse Comunista Não Vai Voltar Ao Poder",1,0,FN,0.009779413820213533
MLP,1,"A situação vai ficar pior se não  tomarem uma atitude, nosso povo vai ser praticamente escravizado por esse DITADOR dos inferno .",1,0,FN,0.038376883663582086
MLP,1,"A maconha, o comunismo, o roubo de celular, o pole amor, o aborto, e a liberação pra os políticos eleitos  democraticamente roubarem, e não serem presos por ter roubado o povo que os elegeram, também a vitória da lgbt , essa é a vitória dos crentes desviados do evangelho de nosso Senhor Jesus Cristo, e da glória de Deus Pai o eterno não é?.",1,0,FN,0.3903769578290376
MLP,1,"Ha 2000 anos o povo escolhe o ladrao. Ontem não foi diferente. Triste ver tanta gente ou ignorante e sem acesso à informaçãode qualidade ou desprovido de valores éticos e morais. Mas não adianta só reclamar. Temos que sair da nossa zona de conforto e lutar, garimpar votos etc onde quer que seja. Que Deus nos proteja do mal.",1,0,FN,0.00019902356663225752
MLP,1,Esse professa com certeza vai ficar só no cheirinho do tão sonhado kite gay na sua escola:face_with_tears_of_joy::face_with_tears_of_joy: Bolsonaro reeleito mais 4 ano garantido sem esse kite gay nas escolas :folded_hands::folded_hands:,1,0,FN,0.017634692675264137
MLP,1,"Esse já era luladrao, sempre foi, quem é Bolsonaro é fiel não muda nunca, isso é um palhaço de esquerda querendo confundir a cabeça dos nordestinos",1,0,FN,0.00895038151817352
MLP,1,Venho aqui pedir até pelo amor de DEUS que as autoridades competentes nos ajudem a combater esses malditos PETISTAS,1,0,FN,0.46098189823188973
MLP,1,Estão tudo doido pela lei rounet esses artistas e jornalista comunista.  Teta do governo que e o pt dá para esse povo que já são rico milionários.,1,0,FN,0.001323411149008069
MLP,1,":index_pointing_up::index_pointing_up::index_pointing_up::index_pointing_up::index_pointing_up::index_pointing_up::index_pointing_up::index_pointing_up::index_pointing_up::index_pointing_up::index_pointing_up::index_pointing_up::index_pointing_up::index_pointing_up::index_pointing_up::index_pointing_up:

*Conselho estratégico pra essa guerra, estamos a poucos dias da batalha final *

*Não perca tempo em tentar convencer esquerdopatas, essa gente tem cabeça feita, são lobotomizados, são bestializados, são psicopatas em diferentes graus, só Deus pode fazer o milagre *

*Corra atrás dos indecisos, tem aí mais de 40 milhões, de não comparecimento, votos em branco, etc etcetera *.

*Vamos correr atrás dessa gente, esqueçam os petistas por enquanto*.

*Confesso que gosto de ver petista irritado kkkkkkkkkkkk, mas vamos esquecer essa gente, e focar agora em outro alvo :bullseye: *.

:call_me_hand::call_me_hand::call_me_hand::call_me_hand:",1,0,FN,3.891161272570077e-06
MLP,1,"A OBRA MAIS IMPORTANTE DO PATRIOTA TRABALHADOR HONESTO DO GOVERNO JAIR MESSIAS BOLSONARO E DO BRASIL, FOI A CONSTRUÇÃO SEM CORRUPÇÃO DA  TRANSPOSIÇÃO DO RIO SÃO FRANCISCO ENTREGUE AO POVO NORDESTINO.
NO NORDESTE O COMUNISTA DITADOR LULALADRAO E O PARTIDO DOS TRABALHADORES, NÃO ROUBAM MAIS.
10.10.2022",1,0,FN,0.0743764126566859
MLP,1,"Que todos se conscientizem de que: nesse momento o mais importante é coletar informações e estratégias nos grupos e levá-las para fora dos grupos - levá-las a todos os isentões, àqueles que vão à praia no dia do voto, àqueles que porventura vão votar errado (votar no criminoso) - de nada adianta participar de um grupo se não fizer isso - e hastear a Bandeira do Brasil para fora de todas as janelas do  nosso imenso território nacional é de suma importância para dar visibilidade ao nosso desejo: Liberdade, Deus, Pátria e família - o mundo precisa conhecer o nosso desejo - é necessário que todos compreendam o risco que estamos correndo - lutamos pela liberdade, contra o comunismo escravagista e genocida. Que Deus nos abençoe.",1,0,FN,3.6837954382117186e-05
MLP,1,"Cara de onde vc conseguiu tirar tal conclusão? E pare com risadinha forçada soa ridículo parece um retardado.

Vamo lá sem desviar, deixe de ser esse covarde e não fuja do assunto.

Bolsonaro disse que participaria de um ritual indigna que ia comer carne humana?",1,0,FN,0.018177766357874856
MLP,1,LULADRAO com boné do traficante mister m fdm,1,0,FN,0.26527863248268646
MLP,1,"O candidato mais amado pelo sistema, pelos corruptos, pelos traficantes, pelos LGBTs, pelos satanistas e tudo que é imoral. Esse não pode ser meu candidato!",1,0,FN,0.02793112427997038
MLP,1,"Agora eu entendo pq, entre o primeiro turno e o segundo, teremos 4 semanas e não 3 como de costume. Dia 30 é um Domingo. Dia 29 é um sábado e 28 é uma sexta-feira. Dia do Funcionário Público. Com o de costume, feriado para o funcionalismo público. Eleição dia 30. Dia 01 de Novembro provável feriado/ponto facultativo e, dia 02/11, Finados. Outro feriado. Feriadão de 5 dias com uma eleição no meio. Quem viaja num feriadão? Eleitores do Bolsonaro ou eleitores do Luladrao? Abstenção severa? A quem vai beneficiar? Muita coincidência ou armação? Não vamos viajar. Vamos votar. Para reflexão.

:flushed_face::flushed_face::flushed_face::flushed_face::flushed_face::flushed_face::flushed_face::backhand_index_pointing_up::backhand_index_pointing_up::backhand_index_pointing_up::backhand_index_pointing_up::backhand_index_pointing_up:",1,0,FN,0.15471146666045998
MLP,1,":megaphone::keycap_2::keycap_2::Brazil: *ATENÇÃO MUITA ATENÇÃO.* :Brazil::keycap_2::keycap_2::megaphone:

*Viagens em feriadão impensado irá nos CUSTAR 4 anos, talvez sem trabalho e sem dinheiro para viajar*

*Agora eu entendo pq, entre o primeiro turno e o segundo, teremos 4 semanas e não 3 como de costume. Dia 30 é um Domingo. Dia 29 é um sábado e 28 é uma sexta-feira. Dia do Funcionário Público. Com o de costume, feriado para o funcionalismo público. Eleição dia 30. Dia 01 de Novembro provável feriado/ponto facultativo e, dia 02/11, Finados. Outro feriado. Feriadão de 5 dias com uma eleição no meio. Quem viaja num feriadão? Eleitores do Bolsonaro ou eleitores do Luladrao? Abstenção severa? A quem vai beneficiar? Muita coincidência ou armação? Não vamos viajar. Vamos votar. Para reflexão.*:oncoming_fist::Brazil:",1,0,FN,0.0004502516807233944
MLP,1,Não é a toa que lgbts maioria de esquerda são os que mais cometem pedofilia,1,0,FN,0.042366658367283795
MLP,1,"Daqui a pouco petista vai inventar que estão estressadas por causa da TPM sendo homem .
Pqp",1,0,FN,0.0001907700934528069
MLP,1,TALVEZ  NÃO  VAI  TER  NADA  DIA TRINTA  SO VAI  DIA TRINTA  DE NOVEMBRO  DESCUBRIU  FRAUDES   CAMPANHA  DO NOSSO PRESIDENTE JAIR  O PARTIDO  DO LULADRAO  ÉSTAR ENVOLVIDO  TA DANDO  NA TV JOVEM PAN  OS DEPUTADOS  ESTÃO  QUERENDO  MUDA PRA O S JAIR  BOLSONARIO  NÃO  FICAR  NO PREJUÍZO,1,0,FN,2.9602549419945976e-05
MLP,1,"Gente ontem eu estava no Rio e este é o folder que estavam distribuindo . Agora não tem como falarem que isso é FAKE . E eu pergunto : vcs realmente votarão num homem que quer liberar as drogas ordenamente deve ser por ordem . Ora libera a cocaina , depois na ordem segue a maconha , etc . Prestem atenção da Frase:ESTÁ LIVRE DE MOVIMENTOS CRISTÃOS . Eu sou uma serva do senhor e não posso concordar com isso  . Creio em Deus e que ele vive . E só Deus pode dar e tirar a vida . Então, como posso ser a favor DA LIBERDADE DO ABORTO ? Gente nem vou falar mas nada . No restaurante onde eu estava com alguns amigos e amigas  Se tornou insuportável quando começou o debate . Sabe por que? Por que algumas pessoas que são todos apoiados do Lula, os mesmo que estavam destrubuindo estes panfletos e adesivos ,começaram a gritar e gritar muito. Surtaram !!!!! várias pessoas ficaram assustadas E em sua maioria eram LGBTs. Que começaram a escandalizar o local . Não estou descriminado ninguém.",1,0,FN,0.0002241176033676159
MLP,1,"*Quem for de são Paulo e outras regiões e tiver empresa, não contratem NORDESTINOS. Eu sou uma Nordestina Piauiense. Porém, não me conformo eles acabarem com nosso Estado e ir procurar emprego fora.*",1,0,FN,0.00408588036949799
MLP,1,A CASA CAIU!!!  OS NORDESTINO AGORA ESTÁ MOSTRANDO QUEM VAI COMER CAPIM.  INGUINORANTE DAS DESGRAÇA :Brazil::Brazil::Brazil::Brazil::Brazil:,1,0,FN,3.369131515471509e-05
MLP,2,Imagina as crianças sadias que o povo da sua religião deixou doente,1,0,FN,0.11728296876923998
MLP,2,"Gente...até  qdo  isto???
Tenho netos ...adolescentes..
Inteligentes... não toleram ideologias de nenhum tipo...
Como encarar esta raivosa intolerância...
Como mãe...avó de 73 anos...nunca vi isto...
SÓ JESUS  NA NOSSA CAUSA...
Oremos...oremos... Nossa 
Oração...
SENTADO À DIREITA DE DEUS QUE PAI...não a esquerda...
Brasil acima de tudo...
DEUS acima de todos...
:green_heart::Brazil:",1,0,FN,0.04761423903022733
MLP,2,":keycap_2:

15. Em outras palavras, as emendas do relator podem até ser criticadas, mas apenas numa lógica de eficiência do gasto público, questionando se os parlamentares direciom os recursos para as áreas que mais precisam, e nunca por configurar compra de apoio, como ocorria no Mensalão.

16. Pior: para conseguir apoio, Lula e o PT usavam emendas; loteavam ministérios e estatais, entregando parcelas muito maiores do orçamento nas mãos dos partidos; e ainda desviavam dinheiro público para comprar parlamentares e anular o Legislativo. Era tudo ao mesmo tempo!

17. Então, da próxima vez que você encontrar alguém malandramente tentando comparar as duas coisas, deixe claro que o Mensalão foi um esquema criminoso e um golpe contra o Legislativo enquanto o tal ""Orçamento Secreto"" é, no máximo, uma forma menos eficiente de alocar recursos.",1,0,FN,0.0008914706155223757
MLP,2,"Agora Bolsonaro arranjou uma casa de um cidadão normal, humilde para fazer live...
É disso que o povo gosta :beaming_face_with_smiling_eyes:
Só falta mesmo ele fazer live com a Michelle interpretando em libras, e o Molusco corta o resto dos 9 tentáculos ...:thumbs_up::sweat_droplets:",1,0,FN,0.0002960644720251434
MLP,2,O ex presidiário se ausenta de mas uma entrevista... mas na Globo ele ta confirmado.. algo estranho ? :face_with_tears_of_joy:,1,0,FN,5.769374607908397e-08
MLP,2,"Um dia eu estava em um grupo de colegas com ideologia da esquerda e fiz um pedido de emprego para ser jardineiro para um amigo que teve problemas com a justiça, tinha sido preso, era alcoólatra e às vezes mentia. Falei que ele era gente boa e estava passando por uma fase difícil. Todos os colegas refutaram o meu pedido dizendo, Eduardo, assim fica difícil contratar um cara desses. Tenho filho pequeno e não confio.
Expliquei que se para ser jardineiro ele era tão criterioso, por que não para ser o presidente da República, uma vez que os atributos tidos como negativos eram os mesmos?
Cri-cri-cri.. o grilo cantou",1,0,FN,0.0011374745806995512
MLP,2,"COMBATE AO ATIVISMO LGBT Infelizmente, grupos de pressão, que sequestram pautas identitárias, querem subverter a noção de igualdade e garantir favorecimentos para si em detrimento do restante da sociedade. É o caso, por exemplo, do movimento LGBT, que em Salvador ameaça os comerciantes e busca, a seu bel prazer, criminalizar quem não os coloca sobre um pedestal. Como vereador, lutei contra as medidas autoritárias do ativismo LGBT que queriam multar donos de estabelecimentos comerciais de forma injusta. Somos todos iguais perante à lei e, principalmente, a Deus. Peço seu voto agora para deputado estadual! Comprarei essa briga para proteger os comerciantes e as famílias de toda Bahia. 

#CezarLeite
#DeputadoEstadual
:keycap_2::keycap_0::keycap_0::keycap_2::keycap_2::check_mark_button::Brazil:

#CL20022
#20022
#LeiteNelesBahia 
#CezarLeite20022
#TimeCezarLeite
#BolsoLeite20022 
#Bolsonaro22
#Roma22
#Raissa222",1,0,FN,0.0017252981359371145
MLP,2,"A matéria do New York Times diz: ""Líderes políticos de esquerda e grande parte da imprensa e do público brasileiro apoiaram amplamente as ações de Moraes como medidas necessárias para combater a ameaça singular representada por Bolsonaro.

Mas muitos juristas dizem que as demonstrações de força de Moraes, sob a bandeira de salvar a democracia, estão ameaçando empurrar o país para uma queda antidemocrática.",1,0,FN,0.010695337219266871
MLP,2,Os trouxas da esquerda terá mais 4 anos dizendo que é resistência. :rolling_on_the_floor_laughing::rolling_on_the_floor_laughing:,1,0,FN,0.3184098707215489
MLP,2,Só para você ver quanto à esquerda fez com o nosso país agora traficante fala abertamente o que ele quer e manda e o STF proibiu da polícia subir os morros para não incomodar os traficantes,1,0,FN,0.0026404659338054993
MLP,2,Só bandido não quer o cidadão de bem armado. Nunca foi tão fácil escolher.,1,0,FN,0.002204402676230666
MLP,2,Desprezível esse cidadão  como pode esse cata além de apoiar o ex presidiário  falando mentira,1,0,FN,0.02115119472880872
MLP,2,"*Gilvan da Federal bate de frente com o desgovernador socialista, que fechou o comércio e disse que o trabalho dos comerciantes não era essencial! É isso aí, Gilvan! Fora Casagrande!*",1,0,FN,0.30226006726283045
MLP,2,"Para quem está pensando em votar na esquerda na próxima semana, vou enviar uns vídeos da Colômbia: os caminhoneiros param nos postos para abastecer e a população saqueia os produtos. Também estão fechando as estradas para roubar. O governo prometeu coisas que agora não pode cumprir e a população está revoltada.  Provavelmente vocês não vão ver isso na mídia do Brasil:",1,0,FN,0.012951485651559777
MLP,2,"Votem como cristãos! Diante do Senhor NÃO vote na esquerda comunista que apoia o ABORTO, e todas ideologias malignas",1,0,FN,3.0162990719781138e-06
MLP,2,"Capaz do Lula encontrar o Palácio todo cagado, com móveis históricos quebrados, livros raros mofados em algum porão, objetos furtados, louça suja na pia, merda na privada que alguém não deu descarga... sabe como essa gente é, né?!",1,0,FN,4.5831655820151036e-05
MLP,2,"Pelo ""pessoa"" que vem com essa asneira já dá pra identificar que é esquerdista",1,0,FN,0.29722143604758944
MLP,2,"Quanto ao aparelhamento, é resultado de 30 anos de governos de centro esquerda e de esquerda.",1,0,FN,0.001959955614785811
MLP,2,"A ex  professoea /Advogada  deputada Simone de tablet vai hj debate Jajá ela lá hj Querendo ser professora..do PCC hoje tá afiada com LulaLadrao e GloboLixoManipulativa:rolling_on_the_floor_laughing:........etc:Vietnam::kitchen_knife::Brazil::heavy_dollar_sign::pinched_fingers::pinched_fingers::heavy_dollar_sign::kitchen_knife::heavy_dollar_sign::heavy_dollar_sign::heavy_dollar_sign::heavy_dollar_sign:

O mito vai.hoje tá lá firme e forte..sozinho.....ele sim eh nosso LÍDER,
NOSSO VERDE ESPERANCA.
NOSSO AMARELO RIQUEZA EM EXPANDIR EMPREGOS NO BRASIL,....

e não nas chinas...cuba...etc...:Vietnam::heavy_dollar_sign::pinched_fingers::Vietnam::heavy_dollar_sign::pinched_fingers::Vietnam::heavy_dollar_sign::pinched_fingers::Vietnam::heavy_dollar_sign::pinched_fingers::Vietnam::heavy_dollar_sign::pinched_fingers::Vietnam::enraged_face::enraged_face::Vietnam::Vietnam::Vietnam::Vietnam::pinched_fingers::heavy_dollar_sign::heavy_dollar_sign::heavy_dollar_sign:
Luladrao PCC STF... Caiado....etc,...:heavy_dollar_sign::pinched_fingers::heavy_dollar_sign::pinched_fingers::kitchen_knife::Brazil::kitchen_knife::Brazil::pinched_fingers::heavy_dollar_sign::pinched_fingers::heavy_dollar_sign::pinched_fingers::middle_finger::pinched_fingers::heavy_dollar_sign::kitchen_knife::kitchen_knife::heavy_dollar_sign::kitchen_knife::heavy_dollar_sign::heavy_dollar_sign::kitchen_knife:",1,0,FN,0.00020271421668266053
MLP,2,"Você não vota no Lula, dar pra ver pelo seu linguajar preconceituoso e racista, *o termo mula se fere a pessoas inferteis como as mulas, é.um linguajar usado por racistas para se desfazerem dos pardos que são descendentes de brancos e negros.*",1,0,FN,5.317895735617133e-05
MLP,2,:triangular_flag: O padre é o satanás wm transformação de anjo de luz .,1,0,FN,0.005444173773205171
MLP,2,"*não é Fake News!*
Zema está com Lula!
Zema nao está com o presidente Bolsonaro. Parabéns a ""direita"" que vai deixar de votar no Viana (indicado pelo presidente) para votar em candidatos alinhados com a Esquerda, inclusive com bandidos que roubaram a nação. O resultado é esse.:backhand_index_pointing_up_light_skin_tone:",1,0,FN,0.17271447071018248
MLP,2,"Gente , Brasil , patriotas , está chegando a hora .
Vote , com a certeza da nossa liberdade, da nossa paz , da nossa salvação das :raised_hand::raised_hand: mãos dos comunistas.
Por isto ,na hora de votar, peça sabedoria ao nosso DEUS.
Lembre-se da sua família :family:.
Ame seu País :Brazil:.
E para que o BRASIL se livre do comunismo, mesmo que vc não goste do :keycap_2::keycap_2:, mas, é a solução.
Eu amo e, acredito no PRESIDENTE BOLSONARO:smiling_face_with_sunglasses:, mas, por ter a certeza de que ele é escolhido por DEUS, para salvar a nossa NAÇÃO :Brazil:.
Vote certo, com fé, e amor por nossa PÁTRIA :Brazil:.
DEUS ACIMA DE TUDO E DE TODOS :folded_hands::folded_hands::folded_hands::folded_hands:.
O BRASIL ACIMA DE TUDO :Brazil::Statue_of_Liberty::Brazil::Statue_of_Liberty::green_heart::yellow_heart::blue_heart::Brazil::keycap_2::keycap_2:.
 AVANTE BRASIL :Brazil:
DIA :keycap_2: DOMINGO, VAMOS TODOS :person_with_white_cane::person_in_motorized_wheelchair::person_in_manual_wheelchair::person_standing::person_walking::person_running::person_biking::person_walking::woman_dancing::woman_and_man_holding_hands: AS URNAS MOSTRAR O AMOR PELO NOSSO BRASIL :Brazil:..:keycap_2::keycap_2::smiling_face_with_sunglasses:",1,0,FN,0.1650234207722072
MLP,2,"Abrem os olhos , não pensem só no momento , pensem nas futuras gerações , não queiram pra eles o que não quer pra vcs hoje , esquerda é a destruição da família , amanhã votem consciente, sejam maduros , inteligentes , abraços",1,0,FN,0.0011405458262412876
MLP,2,"Urna batizada meus amigos
Ele satanás não tem tantos eleitores assim!",1,0,FN,0.0004767813752896221
MLP,2,Temos que fazer a nossa parte e torcer para que os tentáculos da fraude da esquerda não alcance nossas  urnas capixabas,1,0,FN,0.05667588654248282
MLP,2,"Bolsonarista: Marcha p Jesus
Petistas: Marcha p maconha
De qual lado vc está?",1,0,FN,1.060908063593958e-06
MLP,2,Fora bozo adorador do bode capa preta,1,0,FN,4.810604715004066e-07
MLP,2,"Ou usam isso .
Ptido petista diz que quem crítica gay é pq está no armário",1,0,FN,0.2494505357160294
MLP,2,Os candidatos de esquerda gostam tanto de pobres que eles tem o poder da multiplicação da pobreza.,1,0,FN,0.0010820911076035006
MLP,2,O ÚNICO POBRE BRASILEIRO QUE O LULADRAO TIROU DA POBREZA O FILHO DELE LULINHA CATADOR DE BOSTA DE ELEFANTE EM DUBAI NA ARÁBIA SAUDITA COM UMA FERRARI BANHADA A OURO VEJAM,1,0,FN,0.1913087294860508
MLP,2,"Por Silvio Grimaldo:
Não precisam acreditar em mim, eu sou só um rapazinho da direita burra e emocionada. Mas se quiserem, ouçam o Mauro Iasi, fundador do PT, dando uma aula sobre tolerância e a forma adequada com que vão debater com conservadores qdo voltarem ao poder.",1,0,FN,0.09830341910950707
MLP,2,"Não está não 
Ele é deformado mesmo assim como as ideias dele:beaming_face_with_smiling_eyes:",1,0,FN,0.10940077945987407
MLP,2,"Eu sei,mas têm muito baiano jumento ,no trabalho é um exemplo.",1,0,FN,0.0008454063209640685
MLP,2,"Belém do Pará também fazendo seu dever. Estou com essa massa de apoiadores do Bolsonaro para limpar o Brasil de ratos que governaram desde redemocratização.

Bolsonaro tem seus defeitos, mas ninguém melhor para  botar o Brasil nos eixos como fez nos 4 anos de mandato. 

Vai deixar legados para história. 

Renasceu a direita inexistente até então. Roubaram eleição dele, se não conseguirmos reverter o Lulaladrão terá oposição jamais vista na casa parlamentar e ele terá enormes dificuldades para implantar seus projetos nefastos. 

Essa massa de população que invade as ruas e praças do Brasil agora não permitirá  os atrasos e caos que ele quer executar.",1,0,FN,8.462915707587688e-07
MLP,2,Qualquer imbecíl sabe que intervenção federal cai no colo da esquerda,1,0,FN,0.039028694513411566
MLP,2,É  ser muito mongol pra crer que essa corja vá aceitar a vitória do Bolsonaro!,1,0,FN,1.7403881743009674e-05
MLP,3,"Esse seu assunto aí já foi respondido por vários aqui. Mas parece que você é masoquista e quer continuar apanhando.
Não vou ficar dando palco pra doido.",1,0,FN,1.3807055862407654e-06
MLP,3,Perfeito para o gado ficar louco no pequeno curral mental que possui,1,0,FN,0.003309468430396329
MLP,3,"""Eu vou de Lula! Entenda o porquê!!! As Entidades do Inferno estão todas a favor dele, e o Lula vai Vencer! E todas as Almas que votarem nele ganharão uma Visão Especial todas as Noites ao Dormir""... (Repasse para as Pessoas que pensam em votar no Lula e que ainda não sabem quem está por trás dele!)",1,0,FN,0.00032598389177687735
MLP,3,*THIAGO MARTINS CONVIDA A POPULAÇÃO BAIANA PARA SEPULTAR A VELHA POLÍTICA NA BAHIA*,1,0,FN,8.460793968045447e-05
MLP,3,Bolsonaro pede a Deus que nós não experimentemos as dores do Comunismo,1,0,FN,0.38902914758026125
MLP,3,"Quantas fofuras em
Na época do luladrao ninguém se interessava em política. Com Bolsonaro até as crianças querem discutir política 
Essa Bolsonaro é realmente o MITO :flexed_biceps_medium-light_skin_tone::flexed_biceps_medium-light_skin_tone::green_heart::folded_hands_medium-light_skin_tone::raising_hands_medium-light_skin_tone::clapping_hands_medium-light_skin_tone::clapping_hands_medium-light_skin_tone:",1,0,FN,0.0020036845694715614
MLP,3,Simone Tebet acabou com o Bolsonaro.  Ela entregou todo o esquema criminoso do BOZO,1,0,FN,0.12584311179520358
MLP,3,Compartilhem sem dó é importante esse vídeo mostra o tanto e o quanto à esquerda é covarde mas nós à direita devemos nos unir,1,0,FN,1.3281593892265758e-05
MLP,3,A  esquerda   usa  de várias   artimanhas   para  confundir   o  eleitor   ! VOTE  APENAS   nos  candidatos   da  direita   e  aguarde    o resultado   ! NOSSAS  FFAA   NÃO   VAI  trair  sua  NAÇÃO   !,1,0,FN,0.48975087525319866
MLP,3,"“A esquerda promete o céu, mas o que ela entrega é o inferno”. GUEDES, Paulo. 2022",1,0,FN,4.217501952013313e-06
MLP,3,Aquele nojento não engana ninguém! Falando no amor agora pra dá um de doido ... ENCANTADOR DE BURRO!!,1,0,FN,0.48456631315467663
MLP,3,"Corja de bandido … Deus é maior que td isso , só permite pq temos o livre arbítrio … depois não adianta chorar , plantou , colheu , simples assim",1,0,FN,0.00021072337542584418
MLP,3,"*Minhas considerações sobre o debate presidencial na Globo.*

*Jornalista Delmar Rodrigues*

*Lula  O eterno ladrão*
*Simone e Soraya as perdidas*
*Felipe o equilibrado*
*Ciro o esperançoso*
*Kelman o penetra*
*Bolsonaro o reeleito*

*Pelo que vi nesse último debate, todos os pretensos candidatos a cadeira de presidente,  só fortaleceram  a reeleição de Jair M. Bolsonaro, é  incrível como eles ainda olham para o povo como um tolo, ignorante e incapaz de saber e perceber a realidade desse país.*
*Da forma como se deu o debate, ficou claro que Bolsonaro ganha no primeiro turno, salvo se alguma coisa ocorrer como na eleição passada  em que tivemos um segundo turno duvidoso.*",1,0,FN,5.451382228840344e-06
MLP,3,Esse casal é bolsonaro Nato Nato e nato tanto eu como ela partimos para cima do Zap para conquistar Voto para o bolsonaro e assim que todos os casais tem que fazer a maldição do PT tem que ser acabado nessa gestão agora nós todos juntos seremos forte,1,0,FN,1.016665379207748e-06
MLP,3,"Amanhã dia 02/10/2022, teremos eleição para Dep. Federal, Dep. Estadual, Senadores e o principal , o Presidente da República. 
Peço humildemente que antes de depositarem os seus votos nas urnas, que pensem em seus filhos, netos e bisnetos. Porque essa eleição não é somente para definir quem presidirá o nosso País, mas sim para definir quem irá cuidar do nosso futuro, do futuro de nossos filhos, netos e bisnetos. Esse pessoal que prega o socialismo e comunismo não deve ter noção da devastação que isso causa em nossas vidas. Por isso se oriente com Deus e peça a Ele uma direção, certamente Ele lhe dará. Procurem no Gloogle a respeito da agenda de 2030 (NOM). Ótima votação e excelente domingo. Deus é que está no controle.",1,0,FN,0.0013096021660415342
MLP,3,"""Meu coração está aflito pela nação. Não sabemos o que se passa nos bastidores e nem qual o limite (ou a falta dele) daqueles sem escrúpulos. O Brasil é um dos últimos países da América Latina onde o socialismo não tocou a mão e fez apodrecer. É triste ver a realidade de argentinos, venezuelanos, cubanos e outros. Potências que estão se esvaindo. Aqueles que não tiveram tanta instrução são os que mais votam na esquerda, ironicamente, pois são eles quem deveriam mais temer a falta de oportunidade gerada através das políticas populistas que tornam qualquer Estado infrutífero. Onde há maior liberdade econômica, ali há chances e chances de passar por qualquer crise sem perecer. Que Deus tenha misericórdia do Brasil."":folded_hands: (Fran Peçóis). 
*#primeiroturnobolsonaro*",1,0,FN,0.004800478889151532
MLP,3,Kkkk valeu Mengão. Acho q é o primeiro bolsominion que não me xingou nem se irritou cmg.,1,0,FN,0.0008925647283274399
MLP,3,Partiu indo ajudar nosso presidente a acabar com veio do cão,1,0,FN,0.00034146593715084943
MLP,3,"Eu estou trazendo esse plint após um comentário de um vídeo de um bando de macunbeiros fazendo seus despacho na frente de um cemitério. Porque estou fazendo isso no meu plint fala que Deus não dorme e esse noite ouve muitos louvores lave e anite teremos sim um resultado muito positivo vou trazer pra vcs verem o que se falou na lave foi puro fogo :fire: de Deus aguardem.após o resultado, mas já adiantando um pouquinho teremos prisões :zipper-mouth_face:",1,0,FN,6.97555580550646e-07
MLP,3,"*_É HOJE NO PRIMEIRO TURNO PELA PRIMEIRA VEZ NA HISTÓRIA SE DEUS QUISER! DEUS OLHAI POR NOSSA NAÇÃO! QUE O COMUNISMO JAMAIS IMPERE NO NOSSO PAÍS! DEUS PÁTRIA,FAMÍLIA E LIBERDADE! BRASIL ACIMA DE TUDO,DEUS ACIMA DE TODOS!_* :place_of_worship::folded_hands_light_skin_tone::keycap_2::keycap_2::Brazil:",1,0,FN,0.0004173844765486874
MLP,3,É impressão minha ou o nordestino tá com saudade da seca?,1,0,FN,0.021139284084966868
MLP,3,Que nordeste é esse que não aprende meu Deus! Povo que gosta de esmolas… Afff,1,0,FN,0.0691727129108633
MLP,3,"CAMILO SANTANA 65% PARA SENADOR? 

GOVERNADORES NO NORDESTE TODOS 1° TURNO


MEU DEUS! 

TEMOS QUE 

CONSCIENTIZAR OS NORDESTINOS PETISTAS",1,0,FN,0.025560663141950445
MLP,3,"Pessoal o nosso presidente é esperto! Ele já pensou em tudo e sabia que o risco de fraude era gigante! 
Ele fez várias motociatas , passeatas, carreatas, e diversas paralisações! Ele sabe que uma hora todos esses vídeos (incluindo 7 de setembro) que mostram essas paralisações, vai ajudar ele a mostrar que essa eleição contra o ladrao foi FRAUDE",1,0,FN,0.01065134350503714
MLP,3,"QUANDO O LULA ROUBOU O BRASIL ELE ROUBOU TODOS ROUBOU O POBRE O RICO O PRETO O BRANCO O ÍNDIO ....... O SOCIAL COMUNISMO NÃO VAI POUPAR NINGUÉM QUEM VOTOU NO LULA VAI SE FERRAR DO MESMO JEITO.....
IGUALZINHO NA VENEZUELA",1,0,FN,0.019379425269320967
MLP,3,"É verdade! Infelizmente o povo está acostumado com políticos que faz baixaria nos palanques. Talvez o Capitão Wagner pela sua educação, não quis fazer isso mas tá aí um bandido eleito, e  correndo um grande risco de ladrão lá e ladrão cá.  
Meu Deus!",1,0,FN,0.04081882199210508
MLP,3,Sou nordestino e minha região é uma decepção. Cuidado vc quem sua fazenda,1,0,FN,0.0004936760088076923
MLP,3,"Vamos lutar contra isso, se abaixarmos a cabeça seremos coniventes com o futuro negro que se descortina",1,0,FN,0.13738211834747818
MLP,3,Dialética é coisa de marxista. Todo marxista ou é burro ou é mau caráter. Não se discute o óbvio,1,0,FN,0.03153153959753119
MLP,3,"O presidente do MDB é o Baleia Rossi, ele liberou os filiados pra escolherem em quem apoiar",1,0,FN,1.1163790617491983e-06
MLP,3,QUEM MATOU CELSO DANIEL  LULADRAO  12 MILHÕES  VICE DE SIMONE TEBET ENTREGA  TUDO,1,0,FN,0.21569755251387168
MLP,3,"UMA VERDADE AOS FUNCIONÁRIOS PÚBLICOS. 

Se o molusco voltar, com as ameaças que ele fez a Zema, irá cortar verbas para o estado de Minas Gerais e consequentemente para os municípios. 

Aí o que acontece?

Muitos municípios terão que demitir funcionários.

Então o LULADRAO será horrível para Minas Gerais.",1,0,FN,0.00025097886767857293
MLP,3,"Olha o povo fugindo da Venezuela :backhand_index_pointing_up_medium-light_skin_tone: vc não vai ver isso em canal de TV,  mas está acontecendo. O comunismo é o câncer do mundo não permita que  esquerda conclua isso",1,0,FN,0.22021120553512516
MLP,3,"Meu Deus isso não pode ser verdade, Lulaladrao dizer isso sobre tiros em paraisopolis no Candidato Tarcísio. Ele jamais pode ser presidente se essa notícia for verdadeira.",1,0,FN,3.942902837748004e-06
MLP,3,"Hoje 18/10/22 Ao visitar comunidade ribeirinha em eldorado do Carajás no Pará , vandalos do MST e de movimento de reforma agrária, ateiam fogo em carros de padre Zeno da Paróquia de Eldorado  e freiras que o acompanhavam.
Se o LULADRAO presidiário ganhar corremos sério risco de uma convulsão social, uma guerra civil.",1,0,FN,5.324548715007973e-07
MLP,3,"Por duas vezes, em 2021, Lula foi consagrado à umbanda. Na primeira, recebeu a ""benção"" da mãe de santo para ganhar as eleições e um ""Zé Pilintra""; na segunda, recebeu um banho de pipoca que é usado nas oferendas para orixás da umbanda.
Este é o candidato que diz ser cristão.",1,0,FN,0.05328580973347876
MLP,3,"Há claro, um idiota como vc acha que vou votar no Lula... Vcs estão ficando cegos, o povo besta... Aonde que as minhas palavras estão dizendo que vou votar em outro? Porém, que ele é um covarde ele é",1,0,FN,0.008466690306658243
MLP,3,"Se nós os brasileiros de direita já estamos no nosso limite com este lacradores imbecís, imagina os venezuelanos.",1,0,FN,0.0014022918318291433
MLP,3,"Nesse vídeo
LULADRAO diz que vai apoiar

Invasão no campo e na cidade",1,0,FN,0.20197192346383233
MLP,3,"Agora se segura pra não cair da cadeira LULADRAO esperando autorização do traficante Marcola pra transitar São Paulo !!
Foi mesmo que ouvi ??
Aí e o FIM !!
:police_car_light::oncoming_police_car::rat::cockroach::scorpion::mouse::rat::money_bag::rat::oncoming_police_car::police_car_light:",1,0,FN,0.015004834225929669
MLP,3,"Deixando claro
os projetos 
do Nine !! Quando um petista não sabe de responder e só vc falar a verdade pr ele do próprio candidato dele,e dos seus projetos maligno",1,0,FN,0.1563680576166043
MLP,3,Na hora que os filhos chegarem em casa falando que querem ser travesti é só fazer o L também,1,0,FN,0.3730814271263696
MLP,3,"Charles "" Patrícia Nunes"" proprietária da ""Gesso Nunes""                                              End: R: Hostilio de Souza,    673,Itapuca-Resende/ RJ         Vamos Deixa-la Famosinha  VAMOS BOICOTAR A EMPRESA DESSA VADIA.",1,0,FN,0.25170766498155794
MLP,3,"No nordeste é tudo baiano, preguiçoso, pobre, que não tem o que comer... etc... se não fosse por SP a galera morre no nordeste... é assim a educação lá",1,0,FN,0.1165488593318643
MLP,4,"*Frankstein apóia Boslonaro*

*O famoso monstro dos filmes e desenhos animados Frankstein, declarou hoje seu total apoio ao candidato Boslonaro.*

*De acordo com Frank, Lula é o pior de todos os monstros, sendo uma criatura desprovida de qualquer valor.*

*Deus abençoe o Brasil*

:Brazil::folded_hands_light_skin_tone:",1,0,FN,0.010458870677679073
MLP,4,"acha q está sempre coberto de razão e não aceita ser contrariado por ter um ego frágil, vc é desprezível e seus argumentos não passam de falácias rasas.",1,0,FN,1.4573331309003714e-06
MLP,4,"O SATANÁS está certo!!!! O LULA se une com todas as religiões, se diz democrático e prega que vai respeitar a opção de credo e fica excluindo o satanismo?!",1,0,FN,0.42333411855002884
MLP,4,"Disse muito bem, não se trata de votar no Presidente Bolsonaro ou no Lula, com todos os seus roubos, seus cúmplices e suas mentiras, trata-se de votar em um Sistema, um Sistema que tem tudo a ver com o Diabo e outro Sistema que tem tudo a ver com os ensinamentos de Deus, e se a gente estiver com Deus, teremos uma nação abençoada, e se não, estaremos em um lugar amaldiçoado que nem se pode dizer que é uma nação.
Deus abençoe o discernimento das pessoas que estão escolhendo maldição e renegando a Deus e por conseguinte às suas bençãos.",1,0,FN,0.02242890907887846
MLP,4,"Urnas sendo manipuladas dentro de sindicato ligado ao PT segundo informações a cidade é Itapeva, mas não disseram se é em SP ou MG pois ambos estados tem cidade com esse nome..  Eu não tenho dúvidas que a FRAUDE será estrondosa para IMPEDIR a reeleição de Bolsonaro... GRAVÍSSIMO... Óbvio que a adulteração do programa deve estar sendo feita em cada cidade essa semana, ao receberem as urnas..  elas foram lacradas pelo TSE sem permitir as FFAA fazer inspeção por isso mesmo, porque já estava combinado com os sindicatos que estão recebendo as urnas, tirar o lacre e Fraudar seus programas para que mudem os votos e FRAUDEM a eleição em favor da ESQUERDA.",1,0,FN,0.00045215599117281357
MLP,4,"Essa :index_pointing_up:foi boa q Colei:index_pointing_up::rolling_on_the_floor_laughing::rolling_on_the_floor_laughing::rolling_on_the_floor_laughing::rolling_on_the_floor_laughing:


Demostração de censura.
Calado.
Mudo.
Medo?
Vermelho ditador em forma democracia.
Vermelho que não liberta.......
etc,.....









Eu Sou eh 22.
Esperança .
Liberdade.
Vida.
Alegria.
Paz de vivência de Em amarelo rico de sabedorias....
Força...Luta... guerreiros :thumbs_up::thumbs_up::thumbs_up::victory_hand::victory_hand::victory_hand::Brazil::Brazil::Brazil::Brazil::Brazil::victory_hand::victory_hand::victory_hand::victory_hand::Brazil::Brazil::Brazil::Brazil:
22
22
22
22
22
:victory_hand:
:Brazil::thumbs_up::thumbs_up::thumbs_up::thumbs_up::thumbs_up::thumbs_up::thumbs_up::Brazil::victory_hand::Brazil::victory_hand::thumbs_up::thumbs_up::thumbs_up::thumbs_up::thumbs_up::thumbs_up::thumbs_up::thumbs_up::thumbs_up::thumbs_up::Brazil:",1,0,FN,0.0003395718923746103
MLP,4,"Que o Senhor Deus afaste o comunismo de nossa nação! 

*Bolsonaro Reeleito 1 turno :keycap_2::keycap_2::check_mark_button::folded_hands:*",1,0,FN,0.4976818732122422
MLP,4,"AS GLOBOS...:pinched_fingers::heavy_dollar_sign::pinched_fingers: POLITICOS,.:pinched_fingers::triangular_flag::heavy_dollar_sign::pinched_fingers::pinched_fingers::pinched_fingers: STE.. STF..caiado UOU..,,,ETC,.....

SÃO Os que mas fala em DEMOCRACIA.....

TAL DEMOCRACIA QUE ESCONDE DIREITINHO A DITADURA.

SIM O CAPETA SI VESTE DE SANTO gente.
Faz parte do aplique 171...:pinched_fingers::heavy_dollar_sign::heavy_dollar_sign::pinched_fingers::triangular_flag::triangular_flag::Angola::triangular_flag::ogre::left-facing_fist::ogre::left-facing_fist::brain::kitchen_knife::brain::kitchen_knife::brain::triangular_flag::Angola::triangular_flag::Angola::Vietnam::Vietnam::Vietnam::Vietnam::Vietnam::Angola::pinched_fingers::pinched_fingers::heavy_dollar_sign:",1,0,FN,6.815431585737839e-06
MLP,4,"SÁBADO   DIA  1  DE  OUTUBRO   A  POPULAÇÃO DO BEM   QUE  È  A  MAIORIA   DOS   BRASILEIROS   VAI   DESMASCARAR   ÉSTAS   PESQUISAS   COMPRADAS  , MENTIROSAS   , TODAS  ESTAS  MÍDIAS   ESQUERDISTA    QUÊ  NÃO   ACEITAMOS   MAIS   ESTA  ESQUERDA   DO DIABO   EM  NOSSO   BRASIL   ! VAMOS   TODOS   JUNTOS E MISTURADOS  SAIR  AS  RUAS   DE  TODO BRASIL  PARA  MOSTRAR   AO  MUNDO   EM  CARREATA   E  MOTOCIATA      QUE  NOSSA  BANDEIRA   JAMAIS SERÁ VERMELHA   ! NO  DIA  SEGUINTE   DIA  2  DE  OUTUBRO   VAMOS   DAR  UM  TIRO  DE  MISERICÓRDIA   NESSA  ESQUERDA   DO DIABO   E  VARRER   TODOS   ESTES  TRAIDORES  DA PÁTRIA   INFRILTADOS   NO  LEGISLATIVO   ! A  POPULAÇÃO   DO BEM   APRENDEU   A  LIÇÃO E VAI  DAR   O  TROCO   PARA TODOS ESTES TRAIDORES   DENTRO   DA  CABINE   DE  VOTAÇÃO   ! QUEM  AINDA   DÚVIDA   VERÁ   NO  PRÓXIMO   DOMINGO   A  NOITE   !:thinking_face::thinking_face::thinking_face::thinking_face::thinking_face::thinking_face:",1,0,FN,0.4021622590111757
MLP,4,"Sou de Aratiba RS, sou de direita, tenho pavor de comunistas, ladrões, corruptos, esquerdistas e PTistas. 
Minha cidade de interior tem em torno de 6.000 eleitores. 
Aqui sempre foi um reduto de PTistas pois foi a segunda cidade do RS em apostar no PT e em Lula, desde a criação desse partido das trevas.
Na eleição de 2018 para presidente tivemos 48% dos votos para o Bolsonaro e em 2 turno 57,5%.
Para prefeito em 2020 contra o PT, ganhamos de 60,2% dos votos.
Nesta eleição devemos ampliar esse resultado no 1 turno.
MINHA PERGUNTA: QUAL SEU ESTADO E MUNICIPIO E COMO ESTA AI?",1,0,FN,0.0076557543654798355
MLP,4,*Olha só o Marquinhos enfrentando o Capitão Mamata que estava na musculação enquanto pessoas morriam na pandemia*,1,0,FN,5.153070218404518e-10
MLP,4,Kkkkkkk esse miserável do Bozo ainda leva um padre desse para o debate um padre fake,1,0,FN,0.010717092632595251
MLP,4,"*Era melhor o Lula não ter ido ao debate na Globo*. William Bonner não foi capaz de evitar o exorcismo feito pelo Padre Kelmon no LADRÃO de 9 dedos. *A esquerda vai pagar muito caro, por muito tempo, por este debate em que Lula foi exorcizado pelo Padre Kelmon*. Avante Brasil! :Brazil:",1,0,FN,0.000217695815635237
MLP,4,":backhand_index_pointing_up: *Propinas, roubos, falcatruas...rachadinhas...*
*Representa a esquerda.*

*O mais curioso é que o Wilian Boner e Renata noticiaram isso.:face_screaming_in_fear::face_screaming_in_fear:*",1,0,FN,0.0010968083636702878
MLP,4,COMUNISTA PEGOU O VELHO PATRIOTA AI BRABO:backhand_index_pointing_up::backhand_index_pointing_up::backhand_index_pointing_up:PROJETO DELES É JUNTO COM  O LULADRAO É  ESSE:backhand_index_pointing_up::backhand_index_pointing_up::backhand_index_pointing_up:TOMAR O QUE  E DOS OUTROS,1,0,FN,0.29254652643029333
MLP,4,"Senhor meu Deus. Não permita que a nossa nação caia nas mãos de corruptos de novo, de ladrões, de socialistas… Pessoas que só pensam em si mesmas, que são contra a família, as crianças, a moral e a ordem. Que querem um mundo pervertido, sujo, escuro… Nos livre do mal meu Pai, pelo menos por mais 4 anos, para que possamos mostrar para nossos filhos, para as novas gerações, o que é bom, o que é aprazível, que o Brasil tem jeito. Por favor meu Pai. Nosso povo é sofrido demais. Escute as nossas orações, em nome de Jesus. Amém :folded_hands_medium-light_skin_tone:",1,0,FN,0.0012503528411322144
MLP,4,"Pessoas que são cristãos jamais pode votar em quem é contra os princípios da igreja.
Quem apoia o aborto, a ideologia de gênero, é contra a família apoia o comunismo.
Vote  consciente.
22 neles.
DEUS, PATRIA , FAMÍLIA",1,0,FN,0.0009046367517731708
MLP,4,Dessa vez o povo não acredita nas Fake News do BOZO não. Kkkkk. Começou arranjando um PADRE FAKE. Que vergonha 01 . Kkkk.,1,0,FN,0.00330861550075901
MLP,4,"Não somos coveiro mas, hj faremos o enterro do Bozo.:coffin:

Velório aberto ás 17hs.",1,0,FN,3.30165815441887e-06
MLP,4,"Só acho que o cachaceiro foi bem votado. Meu Deus, o Brasil não é para amadores.",1,0,FN,6.446104810117977e-06
MLP,4,"Está estranho ... Lentamente o Bolsonaro está diminuindo e o Lula Ladrão aumentando ..

Ainda tem pessoas votando .. 

Se o horário e até às 17 porque tem gente votando agora as 19:30 .. 

Está estranho .. 

O TSE aponta que Lula Ladrão ganha em todos os estados do Nordeste onde ele tambem não podia andar nas ruas ..

Está estranho isso ..",1,0,FN,0.2413074980668439
MLP,4,"PESSOAL ATENÇÃO! 

SEI QUE ABALA UM POUCO TODOS NÓS VER A DIFERENÇA REDUZINDO! 

MAS ACHO QUE É CLARO PRA TODOS: 

ESTAMOS LIDANDO COM MÁFIA, QUADRILHA, BANDIDOS!

É OBVIO QUE ESTÁ HAVENDO FRAUDE! É ÓBVIO! 

TENHO DITO: SE PREPAREM PARA SAIR ÀS RUAS!

NÃO VAMOS ACEITAR ESSE SISTEMA DE VOTAÇÃO E PONTO FINAL! 

VAMOS PARAR O BRASIL!

COMECEM A DIVULGAR ISSO NOS GRUPOS! 

SE FORMOS ÀS RUAS BOLSONARO VAI ORDENAR ÀS FORÇAS ARMADAS À AGIR! 

REPITO: VAMOS TOMAR AS RUAS DO BRASIL! 

FORÇA E HONRA! 
DEUS ABENÇOE O BRASIL!  :Brazil::Brazil::Brazil:",1,0,FN,4.721205188932944e-06
MLP,4,"Exatamente quem vive de promessa e santo , estes jumentos não aprende puta que pariu 47% um ladrão não e possível foi manipulado NAO PODE SER",1,0,FN,0.0352511776520739
MLP,4,"Hj eu vejo que se a gente estivesse na época da escravidão, alguns nordestino iria apoiar a permanência da escravidão",1,0,FN,0.14585998529787977
MLP,4,"Kkkkk
Isso me diziam para o primeiro turno

Eu agora virei
SAO TOMÉ

TALVEZ SE EU TOMAR UM MÉ VOLTE A CONFIAR

O SISTEMA É SUJO POR SI SO

E NOSSO PRESIDENTE INOCENTE 

SE ELE NAO TOMAR PROVIDÊNCIAS DE VIGIAR AS URNAS 

SEREMOS HUMILHADOS COMO FOMOS NO PRIMEIRO TURNO 

SUGESTAO

BOLSONARO DEVE MANDAR  RECOLHER AS URNAS DO PRIMEIRO TURNO E COMPRAR DE UMA OUTRA EMPRESA E O EXECUTIVO DISTRIBUIR
CASO CONTRARIO ATE MOISES , PEDRO JOSUE
JOSE DO EGITO
TODOS ESSES DEFUNTOS VOLTARAO EM LULADRAO",1,0,FN,5.2335743747487845e-06
MLP,4,VEJAM O QUE ACONTECEU NA TV AO VIVO BOLSONARO  COM 55% E O LULADRAO  COM 36% 8:20 H DA NOITE SE DERAM MAL,1,0,FN,0.2186210119184718
MLP,4,"""'Espera-se que estejamos bem não tendo filhos': como a paternidade gay por meio da barriga de aluguel se tornou um campo de batalha""

Casal homossexual exige que as seguradoras paguem por úteros alugados porque dizem que ter filhos é um direito e eles não podem tê-los sozinhos e que é muito caro alugar um útero.

Pode, Freud????

Nisso dá reverter a ordem natural criada por Deus. Esse pessoal se crê cheio de direitos e no fim quem paga é o contribuinte. Paga para promover aberrações como essa e nem sequer pode reclamar porque é politicamente incorreto.",1,0,FN,0.012204464805779303
MLP,4,"Amo Patrick, faço campanha com todo prazer e alegria, mas vou sair do grupo porque não consigo conviver com pessoas que apoiam bandidos que querem entregar o Brasil ao comunismo maldito. Abraço aos que amam a família e a liberdade.
Deus acima de todos :folded_hands:",1,0,FN,0.0018761004841144058
MLP,4,"Mas, quanto aos tímidos, e aos incrédulos, e aos abomináveis, e aos homicidas, e aos que se prostituem, E AOS FEITICEIROS (PAIS DE SANTO, MACUMBEIROS E SATANISTAS), e aos idólatras e a todos os mentirosos, a sua parte será no LAGO que ARDE com FOGO E ENXOFRE ; o que é a SEGUNDA MORTE.

Apocalipse 21:8",1,0,FN,0.005225805678128015
MLP,4,"Gordinha agredindo gordinho, em defesa do LULADRÃO :rolling_on_the_floor_laughing::rolling_on_the_floor_laughing::rolling_on_the_floor_laughing::rolling_on_the_floor_laughing:",1,0,FN,0.03483283426682367
MLP,4,"Quanto era mesmo a gasolina antes do Bolsonaro? O Pix foi criado pelos funcionários do BC, não foi ideia do idiota. As outras brincadeiras são boas.",1,0,FN,0.20682364136589942
MLP,4,"Esse vídeo :backhand_index_pointing_down: mostra o chefe do tráfico de uma das maiores e mais violenta favelas de SALVADOR/ BA (Nordeste de Amaralina)

O Rasta, como é conhecido, aparece com Lulaladrao. 
:thinking_face:
Amigos ! Isso é muito sério! 
O cachaceiro está se alinhando com várias facções criminosas do Brasil. Devemos alertar aos isentōes para que revejam suas intenções de anular o voto. 

Apoiar Bolsonaro e esquecer essa birra inrustida por nosso presidente é o melhor caminho .",1,0,FN,0.041905863427972284
MLP,4,Luladrao disse ainda bem que a natureza criou o monstro chamado corona Vírus !!!,1,0,FN,0.06362460431596234
MLP,4,Mano o grupo está no limite máximo... Assim que aparecer uma vaga a gente add ele... Ou identificar um Vermelhinho incubado...:smiling_face_with_sunglasses::Brazil:,1,0,FN,1.8010234319266656e-05
MLP,4,"No passado os Profetas
Homens santos não poderiam ""ser dúbios"" em decisão crucial 
O CASTIGO 
Era o apedrejamento até à morte. Hj a exemplo do que A CORJA DO STF FEZ À FAVOR DE LULALADRÃO É ABOMINÁVEL 

DEIXOU Á NAÇÃO EM EMINENTE GUERRA CIVIL 
Ê SE O PREÇO FOR ESSE ESPERO QUE UM SNNIPER COM O DEDO NO GATILHO Ê A MÍRA APONTADA PRIMEIRO PARA A CABEÇA DOS MINISTROS Q OCASIONARAM TÃO DESAGRADÁVEL SITUAÇÃO.

#UMSNIPPERPARAFACHIN

#UMSNIPPERPARAALEXANDREDEMORAES

#UMSNIPPERPARALULALADRÃO",1,0,FN,0.012449100275069616
MLP,4,Ainda é tempo de PaiLula baixar nesse terreiro. Talvez tome vergonha naquela cara lambida.,1,0,FN,0.020085472281264064
MLP,4,"DIA 30/10.., NÃO VOTE EM LULADRAO…, PROTEJA A SUA FAMÍLIA.., NÃO AS DROGAS, ABORTO, CORRUPÇÃO, AOS TROMBADINHAS DE CELULAR…, E A SUA LIBERDADE..!!!! PENSE NISSO NA HORA DE VOTAR…!!!",1,0,FN,0.15176920991229303
MLP,4,"ou seja a debil mental quer criticar e não quer ser criticada .
É tipo lula dizendo para não roubar .",1,0,FN,0.0025298403943372263
MLP,4,"Não é só fantasiosa, é criminosa de tão idiota. Realmente não acredito que após tanto tempo da derrota do Trump tem alguém acreditando em operação storm. O que me pergunto é somente se quem cria esse tipo de conteúdo é esquizofrênico, se é proposital para enganar gente muito burra ou se está só tirando um barato. Seja como for a existência e compartilhamento desse tipo de loucura talvez dê uma pista da razão dessa derrota que não começou hoje.",1,0,FN,3.1982657327610105e-08
MLP,4,Tínhamos de fazer campanha para colocar o nordestino nas ruas; e é fácil é só retirar o turismo do brasileiro para o nordeste que eles irão se mobilizar.,1,0,FN,0.07480459024198308
