modelo,fold,texto,y_true,y_pred,tipo_erro,score
LogisticRegression,0,Mais uma maneira das urnas roubarem o voto ... Repassem pra todos ... Vejam como a esquerda tenta voltar ao poder a qualquer preço... Fique  atento... :backhand_index_pointing_down_dark_skin_tone:,0,1,FP,0.5486378913394878
LogisticRegression,0,Eu não sou gay. Sou hetero e tenho namorada. Mas curto um papo com macho sabe falar uma putaria e tals,0,1,FP,0.8802280561875523
LogisticRegression,0,"OBRASIL VAI FECHAR 2022 COM UMA DIVIDA PUBLICA INTERNA DE 6 TRILHOES.
E PAGA DE JUROS AOS BANQUEIROS NA FAIXA DE 500 BILHOES AO ANO E O ORÇAMENTO DE 2023 CONSOME MAIS DE 50% DE JUROS DA DIVIDA. NAO VEJO OS CANDIDATOS DISCUTINDO ESSE BURACO NEGRO EM NOSSA ECONOMIA...",0,1,FP,0.8329800285190538
LogisticRegression,0,"Lula é tão defensor dos pobres que não tinha um pobre no casamento dele .
Lula é tão defensor dos negros que não tinha um negro no casamento dele.",0,1,FP,0.5178872416893714
LogisticRegression,0,"Muito obrigado Igor. Antifas digitais, pessoas odiosas querem desidratar os grupos de direita porque sabem que vamos pro combate e venceremos. Todos esses canalhas cairão um a um, a começar pelo rato-mor de 9 dedos",0,1,FP,0.6007433176229464
LogisticRegression,0,"NO DIA 02 , SE VC DIGITAR O NUMERO DO TEU CANDIDATO E APARECER OUTRO . 
NÃO APERTE O BOTÃO VERDE , LEVANTE AS MÃOS E EXIJA A PRESENÇA DO JUIZ DE PLANTÃO QUE TEM A OBRIGAÇÃO DE TROCA E INTERDIÇÃO DAQUELA URNA . NÃO PRECISA CRIAR TUMULTO SERIA BOM QUE ALGUEM ESTEJA FILMANDO VC PARA EVIDENCIAR A EXIGÊNCIA QUE É DIREITO DO CIDADÃO  
A TROCA E INTERDIÇÃO DAQUELA URNA . 

INSTRUÇÃO DADA POR ADVOGADOS ESPECIALISTAS EM PROGRAMA JORNALISTICO DA JOVEM PAN DE BAURU NA MANHÃ DE 27/09/22.

COMPARTILHE . 
É A LUTA DO BEM CONTRA O MAL.",0,1,FP,0.8958424020857044
LogisticRegression,0,Nossa q fofo tão pq e tão lacrador kkkkk :Brazil::Brazil::Brazil::red_heart::red_heart:,0,1,FP,0.8351052410535516
LogisticRegression,0,"Como eu disse faz igual o Bozo, liga para o Temer.
Que vergonha alheia.
Normal do Bozo.....
Passar vergonha
Cadê o 7 de setembro,liga aí para o Temer. Kkkkkkkk",0,1,FP,0.877341853192442
LogisticRegression,0,Sao mentirosos eles sabe que se o lula ganhar a mamata deles vao acabar e vai ser o fim da jovem pan,0,1,FP,0.5542381074596191
LogisticRegression,0,"Nāo esqueçam quem mandou você FICAR EM CASA. Quem tratou o cidadāo de bem como BANDIDO. FORACASAGRANDE. MANATO 22 , BOLSONARO 22, MAGNO MALTA 222, GILVAN DA FEDERAL 2222",0,1,FP,0.8751638938683622
LogisticRegression,0,"Gigante ele vai ficar se não se aliar com marginais, pra cima Ciro quebre onde quebrar, Bolsonaro e Lula são iguais",0,1,FP,0.8717935152368894
LogisticRegression,0,"Bolsonaro triturou a cleptocracia unida, contra a verdade não existem argumentos.
A oposição corrupta unida se fudeu durante 4 anos inventando mentiras contra o presidente, sem que nenhum ilícito sequer tenha sido provado, tudo falácia, ilação infundada, falsa narrativa, bravata politiqueira, em nome do roubo em sequência que acontece desde o governo Sarney e que sempre foi escondida por essa mídia militonta, responsável por muita postura idiota, desse tanto de idiota que a gente ainda vê por aí depois de tanta merda que já aconteceu!!!

Esse debate maravilhoso, vem pra coroar e confirmar com chave de ouro, o único resultado aceitável para essas eleições, a reeleição do melhor presidente que esse país já teve, Jair Messias Bolsonaro!!!
:Brazil::Japanese_symbol_for_beginner::Brazil::Japanese_symbol_for_beginner::Brazil::Japanese_symbol_for_beginner:",0,1,FP,0.9996006717906276
LogisticRegression,0,"Um cidadão que se diz crente Apoiar um homem que é contra a família, contra a igreja, é um absurdo. É um Judas",0,1,FP,0.5423016181368892
LogisticRegression,0,O *genocida* é funcionário da década no inferno.,0,1,FP,0.8638027694851009
LogisticRegression,0,"Esse meu Presidente é um esculacho caracolis, desbundou essa ridícula, bem feito, ficou com cara de tacho. Olha a expressão dela de ódio, caracolis amo, amo esse meu presidente, bem feito para essa sujeita ridícula. Nunca mais ela vai querer se meter com presidente, eu acho melhor é ela se recolher a insignificância dela. Lamentável que essa boçal ainda terá mais 4 anos pra infernizar a nossa vida. Porque senão ela sairia já não só ela, como a Simone Tebet e muitos outros, que na próxima vão cair fora mesmo.",0,1,FP,0.9984877026768503
LogisticRegression,0,"Ainda tem uns imbecis que fala que o Lula não vai transformar o Brasil numa Venezuela.
Cada dia vemos exemplos não podemos ter liberdade de expressão!
Nenhum famoso pode escolher voltar no Bolsonaro!
A gente vê que as fake só rola quando o cara vai lá e a firma voltar no bolsonaro!
Contas nas redes sociais são fechadas!
E você só vê isso na direita só ver fechar contas de pessoas da direita! Isso é perseguição as provas estão aí.",0,1,FP,0.9449128764801177
LogisticRegression,0,"Exorcismo

Descrição
*Os termos exorcismo, esconjuração ou esconjuro designam o ritual executado por uma pessoa devidamente autorizada para expulsar espíritos malignos de outra pessoa que está num estado de possessão demoníaca. Pode também designar o ato de expulsar demônios por intermédio de rezas e esconjuros.*",0,1,FP,0.5412282479103614
LogisticRegression,0,AQUI EM FLORIANÓPOLIS hoje de manhã no bairro Trindade uma motociata e carreata tudo junto e  misturado :heart_hands_medium_skin_tone::Brazil::Brazil::Brazil::Brazil::Brazil::Brazil::Brazil::Brazil::grinning_face_with_smiling_eyes:,0,1,FP,0.5445090937346304
LogisticRegression,0,"Ser conciente e' diferente, e' ver realidade.  Conciente sim, imbecil jamais.",0,1,FP,0.9989405043454327
LogisticRegression,0,O problema seu demagogo hipocrita: a bandeira do brasil   Nunca foi valorizada pelo pt..a causa desse filho puta e o foro de São Paulo e a dominação da América Latina . Quando que Lula usou o verde e amarelo nas suas campanhas? Nunca,0,1,FP,0.9645264717730258
LogisticRegression,0,"Quem mora fora é rico. 

Gente que ganhou dinheiro só na época lula!",0,1,FP,0.5350904138320293
LogisticRegression,0,"O presidente se reelegendo, vai criar condições para a direita ficar pelo l seis mandatos cuidando do país:Brazil:",0,1,FP,0.6696604882815662
LogisticRegression,0,"Tá chegando a hora de Deus nos libertar dessa praga.
Só trouxe desgraça para o Brasil.
Ainda tem jente da mesma laia q vota num cão desse",0,1,FP,0.671014875822735
LogisticRegression,0,"O povo nordestino é o mais hospitaleiro e que tem maior gratidão. Jamais o ladrão Lula tem maioria com eles.
Se eu fosse o Bolsonaro desistia, porque vão roubar de qualquer maneira.
Fraude nas urnas.",0,1,FP,0.9697962622615177
LogisticRegression,0,"Verdade nesse momento tem que tratar todos bem e tentar concientizar eles, mostrando às pautas que o governo de esquerda tem para o país.",0,1,FP,0.5230022456394451
LogisticRegression,0,"Primeiramente vc tem que conhecer a maçonaria antes de falar merda!!! A maçonaria não e uma religião, A maçonaria e uma instituição que uni diversos conceitos diferentes. Hoje na maçonaria tem cristão, espíritas, judeus, católicos. Outra coisa ! Pelo fato do bolsonaro ter visitado a maçonaria não significa que ele seja maçom.  Se for assim lula e macumbeiro por visitar terreiros de macumba e receber santos dos macumbeiros:man_shrugging_light_skin_tone::man_shrugging_light_skin_tone::man_shrugging_light_skin_tone:",0,1,FP,0.9999999950602649
LogisticRegression,1,"e uma VERGONHA pro  MS,  se vendeu pra China,  vc viu o comentário dela  no último debate, só por Deus.",0,1,FP,0.9954720826793527
LogisticRegression,1,Dizem qui o nordestino é com o lula... vai vendo Brasil...:face_with_hand_over_mouth::face_with_hand_over_mouth::face_with_hand_over_mouth::face_with_hand_over_mouth::Brazil::Brazil::Brazil::Brazil::Brazil:.,0,1,FP,0.5844449788650743
LogisticRegression,1,"Partido político por quê teria sindicato ja vi que voceis não conhece a impotancia de um sindicato. Se o pt tivesse um sindicato eu seria filiado a muito tempo, sou o fundador do PT em Andirá é filiado desde 1990. Não é toa que Paraná é o estado mais atrasado politicamente.",0,1,FP,0.9990405487423458
LogisticRegression,1,"ECONOMISTAS APOIANDO CANDIDATO DE UM PARTIDO AO QUAL SÃO CRÍTICOS, PARTIDO QUE NÃO DIVULGA PLANO DE GOVERNO, QUE DIZEM AOS QUATROS CANTOS QUE NÃO IRÃO RESPEITAR O TETO DE GASTOS, QUE LEVOU O PAÍS AO CAOS, ALGO DE ESTRANHO HÁ POR TRÁS DISSO !!",0,1,FP,0.5657109759843365
LogisticRegression,1,"Socialista, mas o modelo de socialismo deles é diferente do modelo Sovietico, por exemplo...

Se fosse implantado aqui, não seria nenhum desses modelos...

Seria um modelo que levaria em conta a cultura brasileira.",0,1,FP,0.8700766451168206
LogisticRegression,1,O gado ver todos os países mais não ver o Brasil ai fica difícil  muuuuuuuuuuuuu:ox::water_buffalo:,0,1,FP,0.755531472709412
LogisticRegression,1,"O voto é SECRETO!!!
Cada um tem a liberdade de escolher em quem votar, considerando suas experiências, afinidades e semelhanças.
Uns escolhem os princípios de honrar a Deus, Pátria e Família, a eleger um governo com o mínimo de corrupção possível e não comunista.

Já outros, temos de compreender, vivenciaram experiências negativas, aprenderam que para melhorar de vida tem de roubar, enganar, trapacear e se corromper, assim, entendem que a melhor opção é alguém que lhes representa, alguém que tem o mesmo caráter conspurcado.

Att.",0,1,FP,0.5758129820306621
LogisticRegression,1,"O voto é uma arma disponível e convida você a fazer um suicídio, não aponte o calibre *13* para sua própria cabeça. Não  haverá família nuclear, não haverá nova geração (aborto) não haverá naturalidade biológica ao nascimento, não haverá direto a crença religiosa (Religare), não haverá liberdades democráticas.
Dito isso, lute contra o verdadeiro discurso de ódio, travestido em anúncio de amor que conduz ao inferno (sheol).

_Janbres Shepherd_",0,1,FP,0.9023206035825384
LogisticRegression,1,Alguma vantagem.... conheço um dono de oficina msm que é petista doente ....quando a prefeitura ganha alguém do PT os consertos de carro faz exclusivamente lá,0,1,FP,0.8515894171621132
LogisticRegression,1,"Vamos Compartilhar! CONVOCAÇÃO *GENERAL AUGUSTO HELENO* - 
*PATRIOTAS DO BRASIL*:Brazil::Brazil::Brazil:
Convoco os patriotas do Brasil às 17:00 do dia da eleição à comparecer na sua zona eleitoral para tirar foto do *BOLETIM de URNA* que é colado na porta da seção. O Boletim de urna é o documento emitido em cada seção eleitoral com o resumo da votação daquela seção. Com essas fotos vamos ter documentado toda a votação no Brasil e vamos impedir o XANDÃO de fraudar as eleições nos calabouços do TSE!
*Divulguem essa mensagem!*
Boa votação a todos os homens e mulheres de bem desse país! 
*O BRASIL ACIMA DE TUDO, DEUS ACIMA DE TODOS!!!*",0,1,FP,0.7158447402945475
LogisticRegression,1,"Felipe da Ave se une com a puta 


A puta morreu de vez hoje 



A Tronik desceu 14 palmos ao invés de 7 


O Ciro não bateu em mulher e nem em repórter hoje 


O padre mostrou que leva para o chão e finaliza kkkk



Bolsonaro ganhou de novo e vai ser reeleito



Fim de papo",0,1,FP,0.5735816592637087
LogisticRegression,1,CIRO Gomes exculachou o vagabundo Ao VIVO TRAIDOR DA PÁTRIA :rolling_on_the_floor_laughing::rolling_on_the_floor_laughing::rolling_on_the_floor_laughing::rolling_on_the_floor_laughing::rolling_on_the_floor_laughing::rolling_on_the_floor_laughing::face_with_tears_of_joy::face_with_tears_of_joy::face_with_tears_of_joy::face_with_tongue::face_with_tongue::smiling_face::smiling_face::winking_face_with_tongue:,0,1,FP,0.5559270907648619
LogisticRegression,1,COMPARTILHEM SEM PENA IRMÃOS OS CANDIDATOS ARMAMENTISTAS DE TODAS AS CIDADES DEUS ABENÇOE A TODOS.,0,1,FP,0.6218860405695643
LogisticRegression,1,"Rapa, o Bozo é amigo do Roberto Jeferson e do Collor",0,1,FP,0.7379739616328355
LogisticRegression,1,"*""DATAPADRE""*
(Fred Henrique Gadonski)

Foi chamado num debate,
Em frente à televisão,
Um estranho sacerdote,
Um tal de padre Kelmon,
Envergando a batina,
Acendeu a lamparina,
E pôs luz na escuridão!

Esse é mais um episódio,
Da história do Brasil,
Quando aumentou o sódio,
A hipertensão subiu,
Quase que tirou a roupa,
Espumando pela boca,
Bonner foi no rivotril!

Esse tipo de atitude,
Às vezes é necessário,
Apontou a ilicitude,
Do antigo mandatário,
Botou fogo no parquinho,
Pegou pelo colarinho,
Muito macho esse vigário!

O padre bateu tão duro,
No candidato sem dedo,
Pra preservar seu futuro,
Domingo não tem segredo,
É manter o capitão,
Comandando a nação,
VINTE E DOIS, não tenha medo!

Datafolha é uma furada,
Pelas ruas ninguém viu,
A pesquisa é uma cilada,
Fique esperto com o ardil,
Vou ficar com o ""Datapadre"",
No domingo, 'cê' já sabe,
VINTE E DOIS, pelo BRASIL!",0,1,FP,0.7660351758835575
LogisticRegression,1,"Deus fez isto para humilhar a globo, os criminosos no debate, os banqueiros e empresários poderosos também criminosos que dão dinheiro pra o crime e facilitar seus roubos bilionários do poder público e do povo.
Tem preços altíssimos injustificáveis e juros exorbitantes agiotas..Você que tem bancos cobrando 26% de juros ao mês para aposentado?
Na Europa em julho 22 o taxa de juros era de menos (-) 0,5 % ao ano.
Taxa negativa de juros
Agora subiu um po",0,1,FP,0.838724592349083
LogisticRegression,1,"A última esperança do ""gopi do Bozo"" se foi...:rolling_on_the_floor_laughing:",0,1,FP,0.6933754040982877
LogisticRegression,1,Entreguista traidor da pátria,0,1,FP,0.8402426661715278
LogisticRegression,1,Aí nego blad e assim essa faz 10 eleições q não voto tenho passaporte qdo fui a Itália peguei seguro e nada mudou mas não voto em gente safado,0,1,FP,0.8471959371230455
LogisticRegression,1,"Mas quem tem problemas na justiça não pode ser dizer contra a corrupção e cidadão de bem.
É como esses políticos corruptos que o mito se aliou, tá no partido de um cara condenado no mensalão.
Eu não gosto de passar pano não.
Se o mito errar tem que ir pra cadeia tb, chega de corrupção no Brasil.

Eu não gosto de ver esse monte de apoio de gente cheia de problemas junto com o mito não. Me perdoe, mas me incomoda bastante",0,1,FP,0.8974307776970982
LogisticRegression,1,"*Eleitor que não estiver satisfeito ou se sentir constrangido por ser obrigado a votar na urna eletrônica pode e deve fazer constar na ata da seção sua insatisfação*

Caso você esteja nessa situação, solicite ao mesário responsável para que anote na sua frente as seguintes informações:

Eu, _____, estou sendo obrigado pela Justiça Eleitoral a votar contra a minha vontade em um equipamento inapto e incapaz de atender às exigências Legais e Constitucionais, que impõe a necessidade da contagem pública dos votos. A utilização das urnas eletrônicas sem impressoras afronta os artigos 14 e 37 da Constituição Federal, os artigos 220 e 221 do Código Eleitoral e o artigo 7º da lei 1079 1950, que criminaliza a violação do escrutinio, não estando portanto em conformidade com o ordenamento jurídico vigente no País.",0,1,FP,0.7884838940654437
LogisticRegression,1,"Leva nossos problema para fora

 Cartazes da cara de  Lula e Bolsonaro 

Roupa suja se lava em casa não é levar para os outros",0,1,FP,0.554787339253093
LogisticRegression,1,"Boa tarde, complexo de vira lata, acho a minha pátria e o Brasil, portanto, boa ou ruim é o meu lugar, puxar saco de americano não vai resolver nada, precisamos corrigir nossos defeitos , e parar de achar que o Brasil só tem coisa ruim, ou vcs acham que na América não te favela, não tem fome, não tem corrupção, claro que tem, só não fazem propaganda da desgraca igual nos",0,1,FP,0.7427842905014211
LogisticRegression,1,Nosso povo é um povo sofrido e não totalmente alfabetizado se leva fácil pelas propostas da esquerda,0,1,FP,0.5204025125378496
LogisticRegression,1,"Bozo vacilou 
Nao acompanhou a fiscalizacao serrada das urnas 

O SISTEMA FEZ A MANIPULAÇÃO PROGRAMOU ELA PARA  QUE O SISTEMA VENCESSE

EU PENSO QUE ELES LEVARAO PARA O 2° TURNO PARA NAO FICAR TAO ESCANCARADO A FRAUDE

NO SEGUNDO TURNO O SISTEMA FECHARA O NOSSO CAIXAO.

SINTO MUITO EM DIZER

O SISTEMA VAI TIRAR BOZO DO PODER CUSTE O QUE CUSTAR

ELES VIERAM PRA ISSO BOZO FOI INOCENTE

EU ESPERO QUE EU ESTEJA ERRADO,

QUERO MUITO VER O PT SER DESTRUÍDO,
E 9 DEDOS TAMBEM

MAS ELES SAO UM SISTEMA DE MAIS DE 30 ANOS 

ELES TEM MAIS VONTADE DE VOLTAR AO PODER DO QUE BOZO VENCER

NA MINHA HUMILDE OPINIAO FALTOU BOZO BOTAR QUENTE NA FISCALIZAÇAO DE URNAS",0,1,FP,0.7093391968439549
LogisticRegression,1,"Não generalizando, mas a maioria gostava da mordomia de receber bolsa familia de 130 reais e não ir trabalhar!! Por isso querem Lula de volta. Ah tnc enquabto uns querem empregos eles so querem voltar pro mundo preguiçoso",0,1,FP,0.7496341687691532
LogisticRegression,1,"Sempre fraudaram as eleições desde a época do boto tucuxi nas cédulas de papel até as urnas fraudaveis por hackers como aconteceu em 2014 e 2018 e confirmado agora nesse primeiro turno. 
Tá tudo muito bem claro, é só você analisar a grande rejeição do pedófilo corrupto árabe e a grande multidão que acompanha o Bolsonaro contra as vaias que o ladrão de nove dedos recebe em todo o lugar por onde passa. 
Tá tudo muito bem claro. 
Não adianta apenas votar.",0,1,FP,0.8851072671567243
LogisticRegression,1,Só que as pessoas têm que parar de ofender o nordeste e principalmente a Bahia nós precisamos desses votos que é muito importante provavelmente aconteceu alguma fraude lá também nós não podemos ficar xingando os nordestinos nem muito menos os baiano,0,1,FP,0.5576585418395614
LogisticRegression,1,22 votei consciente....tem pessoas doente pelo Lula.. tiro pelos os pessoal lá da casa da mamãe eu até tentei converse ela votar mais ela não quis de geito nenhum :disappointed_face:,0,1,FP,0.5629556331117126
LogisticRegression,1,O  DIABO   COMEMORA   ! MAS    VAI   SER  POR  POUCO   TEMPO   ! A  DECISÃO   SERÁ   NO   2 TURNO   !  OS  TRAIDORES   AGUARDEM   !:goblin::goblin::goblin::goblin::goblin::goblin:,0,1,FP,0.9297149082614821
LogisticRegression,1,"Ninguém ninguém sabe o q aconteceu nas urnas, já anoite, ainda cheias de pessoas pra votarem

Só Deus sabe de tudo !!!",0,1,FP,0.5957492411172334
LogisticRegression,1,VEJAM NOSSA FORÇA. ENGRAÇADO QUE SÓ A GENTE TA PESSIMISTA. OLHA A MIDIA SUJA? OLHA A IMPRESSÃO DELES?,0,1,FP,0.6270401248163708
LogisticRegression,2,Jornalista toma uma invertida de uma senhora nordestina,0,1,FP,0.7118839898079026
LogisticRegression,2,":thinking_face:QUERIDOS ""IRMÃOS E AMIGOS"". É BOM COMPATILHAR-MOS:backhand_index_pointing_up_medium-dark_skin_tone:ISSO:COM TODOS NOSSO CONTATOS. PORQUE: SE ACONTECER ESSE ESSA NOTÍCIA FALSA. ESTAMOS SABENDO DE ANTEMÃO. E DESCARTAREMOS OK. O :smiling_face_with_horns: É ESTUTO. MENTIROSO!, E ""PAI DA ""MENTIRA"".:backhand_index_pointing_right_medium_skin_tone:João.8.44 e ele usa seu filhos Mentirosos, para espalhar, Boatos,e Mentiras. APOCALIPSE.20.8 e os Cegos espirituais Acreditam, e Compartilham. :thinking_face:  SE POFMR ACASO NÃO ACONTECER ISSO: DESCARTEM O VÍDEO. AMÉM?  EXCELENTE DIA! NA PAZ DO SENHOR JESUS! QUE E
LE: CONTINUE, VOS ABENÇOANDO!",0,1,FP,0.8541944379519133
LogisticRegression,2,":backhand_index_pointing_up: *Agora a esquerda surta!:upside-down_face::upside-down_face:*

*[USER] agradecendo a visita do Presidente [USER] da Primeira Dama Michelle Bolsonaro e do [USER] ao [USER]*

*A oposição já acionou a justiça para o Neymar não ser convocado pra Copa?:soccer_ball::face_with_tears_of_joy:*

Pra cima…:rocket::Brazil::saluting_face::keycap_2::keycap_2::oncoming_fist_light_skin_tone:
:soccer_ball::soccer_ball::soccer_ball::soccer_ball::soccer_ball::soccer_ball::soccer_ball::soccer_ball::soccer_ball::soccer_ball::soccer_ball::soccer_ball::soccer_ball::soccer_ball::soccer_ball::soccer_ball::soccer_ball::soccer_ball:
Canal
[USER]:Brazil:",0,1,FP,0.9189356712350764
LogisticRegression,2,"*Compartilhe o em seus grupos*

Veja só a estratégia diabólica que os candidatos a *Deputado da ESQUERDA e os ISENTÕES* estão fazendo para não reeleger o Capitão Assumção.",0,1,FP,0.9946561697051294
LogisticRegression,2,Bom dia! Vocês sabem que lula se inspira em Fidel castro e CheGuevara com certeza. Mas vocês sabem como eles trataravam negros e gays?,0,1,FP,0.9985004807993083
LogisticRegression,2,"Se for Bolsominion e não tiver o coração :red_heart: forte, não assista :backhand_index_pointing_up::face_with_tears_of_joy::face_with_tears_of_joy::face_with_tears_of_joy::rolling_on_the_floor_laughing::rolling_on_the_floor_laughing::rolling_on_the_floor_laughing:",0,1,FP,0.9840548242641224
LogisticRegression,2,NÃO ADIANTA A INJUSTIÇA FALAR. BRASILEIROS  DE DIREITA NÃO TEM JEITO COM ELES.,0,1,FP,0.8402640791015676
LogisticRegression,2,Vídeo que a esquerda não gosta.,0,1,FP,0.5244352668549228
LogisticRegression,2,"É típico mesmo, politicos de esquerda se apropriam da coisa pública em benefício próprio, sempre foi assim, é a esculhambacão com a coisa pública.",0,1,FP,0.5744734860622949
LogisticRegression,2,Para as fazendas de gado do Lula e Dilma ele fecha os olhos.,0,1,FP,0.6500883868690833
LogisticRegression,2,Uma vergonha um esquerdista mandou um padre ir pro inferno :man_facepalming_medium-dark_skin_tone:,0,1,FP,0.8731070246978587
LogisticRegression,2,meu amigo....e quem é que não esta doido para dar umas porradas nesse vagabundo....:face_with_raised_eyebrow::face_with_raised_eyebrow::face_with_raised_eyebrow::face_with_raised_eyebrow:...até os petistas querem arrebentar ele...:smirking_face::smirking_face:,0,1,FP,0.9480771749639958
LogisticRegression,2,"OI PATRIOTAS :Brazil::Brazil:!!!!

PASSANDO PRA LEMBRAR: :backhand_index_pointing_down_medium-light_skin_tone:

1) TODOS DE VERDE E AMARELO NO DIA DA VOTAÇÃO :Brazil: ;

2) TENHA ORGULHO DE DECLARAR O SEU AMOR PELA NOSSA PÁTRIA, COLOQUE UMA BANDEIRA :Brazil: DO BRASIL :Brazil: NO; SEU CARRO, NA JANELA DE SUA CASA, E ETC...

3) COLOQUE NA FOTO  DO SEU PERFIL UMA FOTO DA BANDEIRA :Brazil: DO BRASIL :Brazil:.

4) POSTE VÍDEO DESSE AMOR PELO BRASIL NAS REDES SOCIAIS!


ATÉ A VITÓRIA!

QUE DEUS ABENÇOE À TODOS :Brazil::oncoming_fist_medium-light_skin_tone::face_blowing_a_kiss:


*DIVULGUE*
*DIVULGUE*",0,1,FP,0.5243752138646984
LogisticRegression,2,NOS   DA  POPULAÇÃO   DO BEM    VAMOS   SAIR   DA  FILA  DOS  QUE  RECLAMA   E  DIA  2 DE  OUTUBRO   DE  2022  VAMOS   ENTRAR   NA  FILA   DOS  QUE  FAZEM   !  VAMOS   MOSTRAR     PARA  ESTA   ESQUERDA   DO  DIABO   QUE  TODO  PODER   EMANA DO POVO   !  VAMOS   TODOS JUNTOS E MISTURADOS   VOTAR  EM  CANDIDATOS   DA  DIREITA   E  VAMOS   VARRER   DO  NOSSO BRASIL   ESTA  ESQUERDA   SATÂNICA  !:thinking_face::thinking_face::thinking_face::thinking_face::thinking_face::thinking_face:,0,1,FP,0.5606504288187274
LogisticRegression,2,"*QUANDO AQUELE ESQUERDISTA CHATO FALAR QUE BOLSONARO NÃO FEZ NADA NO SEU MANDATO , POR FAVOR MOSTRE ESSE VÍDEO PRA ELE !*",0,1,FP,0.8775455789239996
LogisticRegression,2,"GENTE AMIGA E  IRMÃS BOLSONARIANA,  A COISA VAI FICAR SEM CONTROLE,  GUERRA CIVIL MESMO....VAMOS CLAMAR A DEUS!!!!",0,1,FP,0.6583418361931234
LogisticRegression,2,Lutemos por dias melhores... um bom voto a todos todas e todes,0,1,FP,0.9883351197100148
LogisticRegression,2,Pois é meu amigo quem acredita em pesquisa da esquerda só pessoa da esquerda mesmo então tu parece ser um desses se é um esquerdício infiltrado no meio dos patriotas,0,1,FP,0.6034383452079535
LogisticRegression,2,Serei o cidadão mais feliz se o *Padre de festa de São João* ultrapassar o verme. :rolling_on_the_floor_laughing::rolling_on_the_floor_laughing::rolling_on_the_floor_laughing::rolling_on_the_floor_laughing::rolling_on_the_floor_laughing::rolling_on_the_floor_laughing::rolling_on_the_floor_laughing:,0,1,FP,0.7765337543342247
LogisticRegression,2,":latin_cross::Brazil::latin_cross::Brazil::latin_cross::Brazil::latin_cross::Brazil::latin_cross:
*Uma oração a ser feita repetidas vezes hoje:*

*SENHOR, DEUS PAI-MÃE* 

*LIVRE O BRASIL DO COMUNISMO E DESARTICULE TODA E QUALQUER AÇÃO DO MALIGNO  NESSAS ELEIÇÕES.*

*LIVRAI-NOS, OH DEUS, DOS NOSSOS INIMIGOS E NÃO PERMITA QUE O MAL PREVALEÇA EM NOSSO PAÍS.*

*LIVRAI-NOS, OH DEUS, DO FLAGELO DO COMUNISMO, DO ABORTO, DA PERVERSÃO, DA CORRUPÇÃO, DA DITADURA E DA NOVA ORDEM MUNDIAL.*

*PROTEJA NOSSOS FILHOS, NOSSAS  FAMÍLIAS, NOSSAS CASAS, NOSSA PÁTRIA E NOS CONDUZA PELA PORTA ESTREITA ATÉ A VIDA ETERNA.*

*QUE OS ANJOS DO SENHOR ESTEJAM GUERREANDO EM NOSSO FAVOR.*

*PEÇO EM NOME DO TEU FILHO AMADO, JESUS CRISTO*

*AMÉM!*",0,1,FP,0.8749812903513757
LogisticRegression,2,"Agora terminou de acabar com o GP 
Com mais uma desgraça  aparecendo.
Esse ai é o segundo bolsonario um cão em forma de pessoa.
Deus nos livre dessas maldições",0,1,FP,0.9844923123834985
LogisticRegression,2,"Deveríamos lutar e dividir o país em 2, quem quer viver com ladrão socialista q viva com eles, quem quer a direita, família, Deus que fiquemos só lado direito.
Sou professora e não aguento mais essa porcaria de ideologia de genero",0,1,FP,0.9709006887970475
LogisticRegression,2,"Gente, sou do Piauí. E garanto que a grande maioria dos amigos e familiares em peso são Bolsonaro. Estou aqui destruída. Já chorei tanto :loudly_crying_face::loudly_crying_face::loudly_crying_face: É um inferno esse PT em nosso Estado. Com certeza essas urnas foram manipuladas em todos os estados e principalmente no Nordeste, onde eles tem mais controle. É revoltante. Tô sem chão :loudly_crying_face::loudly_crying_face::loudly_crying_face::loudly_crying_face::loudly_crying_face::loudly_crying_face:",0,1,FP,0.7435553905305473
LogisticRegression,2,"*Parabéns patriotas, bolsonaristas e povo cristão brasileiro. Diante das pesquisas, fomos grandes vitoriosos. Agora, aquela multidão de deputados e senadores, comprando voto e gastando com o eleitorado não existe mais. A votação do ex presidiário cairá bastante. Nossa luta contra o mal dessa facção criminosa e imoral; continua. A vitória é nossa... Brasil acims de tudo e Deus acima de todos* :Brazil::Brazil::Brazil::Brazil::Brazil: :keycap_2::keycap_2: neles.",0,1,FP,0.6503769539277229
LogisticRegression,2,"Enfim, Deus tenha misericórdia de nós e nossos filhos, são vai acreditar quando nosso país se tornar uma Venezuela",0,1,FP,0.7400225827048397
LogisticRegression,2,"São estas informações que ou é por ingenuidade, ou é algum esquerdista que posta para nos confundir, e aí somos acusado propagar as tais fak News",0,1,FP,0.5884653719160244
LogisticRegression,2,Exatamente! Ela quer nos desanimar. Isso é  tática esquerdista. Vem de mansinho para desanimar o povo. Mas aqui não vai conseguir. Estamos unidos com o nosso capitão,0,1,FP,0.9056781350879025
LogisticRegression,2,"Se cada bolsonarista arrastar, convencer o voto de um indeciso/voto em branco a gente ganha essas eleições.",0,1,FP,0.7677295335032531
LogisticRegression,3,Devem ter ganho uma verba bem gorda para produzir o mesmo.,0,1,FP,0.9186891780036378
LogisticRegression,3,Dia 8 de Outubro - Dia do Nordestino - Parabéns e um forte e calouroso abraço.,0,1,FP,0.6406471688330075
LogisticRegression,3,"Vc está descrevendo o capitalismo...

Proletariado, no sistema capitalista é apenas o escravo moderno. 

Com a diferença que o burguês te usa para produzir e depois te usa para comprar as coisas que produz...",0,1,FP,0.9785273005924261
LogisticRegression,3,"Havia um prisioneiro muito conhecido, um salteador (ladrão) chamado Barrabás. Pilatos, o governador, perguntou a todos: — Quem vocês querem que eu solte: Barrabás ou Jesus, chamado Cristo? O povo escolheu o ladrão.",0,1,FP,0.6661941393875538
LogisticRegression,3,"PATRIOTAS, fico preocupado com jornalistas do calibre o Reinaldo Azevedo que era de direita e hoje ataca o nosso Mito.",0,1,FP,0.8575007422760114
LogisticRegression,3,"Essas peças e outras de artesãos de Caucaia podem ser expostas e vendidas no Museu do Caju... desde 2007 viabilizamos boas parcerias com cerca de 150 famílias da capital Caucaia e municípios do interior...

A temática do Caju... da Cultura Indigena... Negra e do Bode .....",0,1,FP,0.9617319009371122
LogisticRegression,3,Você sabe que não foi o Bozó que criou o PIX né fraquejada? Ele nem sabia do que se tratava,0,1,FP,0.8338740165782187
LogisticRegression,3,Pra quem não sabe o q se esperar de um país q é governado pela esquerda. Assiste aí e veja o arrependimento dos colombianos!!  :eyes::flushed_face::melting_face:,0,1,FP,0.588048682538033
LogisticRegression,3,O pau tá quebrando  até no Jardim de infância  :face_with_tears_of_joy::face_with_tears_of_joy::face_with_tears_of_joy::face_with_tears_of_joy::face_with_tears_of_joy::face_with_tears_of_joy: sobre política dizendo que o Luladrão  é ladrão.   Nova geração!! :folded_hands_light_skin_tone::folded_hands_light_skin_tone:,0,1,FP,0.9999818907310297
LogisticRegression,3,"VERDADE É MAIS UMA ARMADILHA DA ESQUERDA E O GRUPO JÁ TEM MAIS DE 100MIL PESSOAS. 

EU SAÍ A TEMPO:enraged_face:",0,1,FP,0.7577667953712479
LogisticRegression,3,"O que é ser Bolsonarista?!
 Bolsonarista nada mais é que um grupo expressivo de brasileiros cansados da safadeza de políticos sujos, corruptos, gananciosos, Desqualificados...
Ser Bolsonarista é apoiar  uma política limpa, transparente,  é lutar por um país melhor para as próximas gerações. 
 Sinto orgulho de fazer parte deste grupo seleto, inteligente, consciente...
DEUS, PÁTRIA E FAMÍLIA. 
É Jair ou já era.                                    #FechadoComBolsonaro2022:smiling_face_with_heart-eyes::flexed_biceps::sparkling_heart::Brazil:",0,1,FP,0.7911999269419538
LogisticRegression,3,"Se você quiser comprar 51 imóveis, junte todos os seus familiares ( tios, tias, primos, irmãos,filhos,cunhados, etc..etc..) e trabalhe durante 32 anos. Se você quiser ficar milionário, dê palestras, venda Avon e limpe bosta de elefante no zoológico de SP.....:deaf_man_light_skin_tone:",0,1,FP,0.9714697574349757
LogisticRegression,3,"Agenda 2030 
Ideologia de gêneros nos desenhos animados para crianças 
Agenda não para 
Nova ordem mundial
Elite globalista
Diminuição POPULACIONAL",0,1,FP,0.5289647506556204
LogisticRegression,3,"Como sempre ele será metralhado, quem tem fé em Deus o demônio não chega perto.:folded_hands::folded_hands:",0,1,FP,0.6618922878035571
LogisticRegression,3,lula em primeiro turno? nem o lula acredita nisso klkkkkkkkkkkkkk a esquerda esta de todo jeito tenrtando burlar as urnas. mais esse ano temos as forças armadas ta,0,1,FP,0.5916299554004092
LogisticRegression,3,":thinking_face:EU: GILMÁRIO!. :thinking_face:ACHO: IMPOSSÍVEL, AQUELES QUE: ""NASCERAM DENOVO!"", QUE VIVEM EM ""NOVIDADE DE VIDA"":backhand_index_pointing_right_medium_skin_tone:Romanos.6.4,5 SÃO::backhand_index_pointing_right_medium_skin_tone: ""GUIADOS NA VERDADE!:backhand_index_pointing_right_medium_skin_tone:João. 16.13:backhand_index_pointing_right_medium_skin_tone:SÃO FILHOS DE DEUS.:backhand_index_pointing_right_medium_skin_tone:Romanos8.14 :thinking_face:APOIAREM:backhand_index_pointing_right_medium_skin_tone:""ENTIROSO"":backhand_index_pointing_right_medium_skin_tone:""LADRÃO:backhand_index_pointing_right_medium_skin_tone:""HOMICIDA"",:backhand_index_pointing_right_medium_skin_tone:ABORTISTA"", :backhand_index_pointing_right_medium_skin_tone:DESTRUIDOR DAS FAMÍLIAS, COM: "":backhand_index_pointing_right_medium_skin_tone:IDEOLOGIAS DE GÊNEROS"", :backhand_index_pointing_right_medium_skin_tone:""EROTIZAÇÃO, E :backhand_index_pointing_right_medium_skin_tone:IDIOTIZAÇÃO DE CRIANÇAS"":backhand_index_pointing_right_medium_skin_tone:João.10.10 :thinking_face:LEMBRANDO QUE: :backhand_index_pointing_right_medium_skin_tone:Provérbios.15.3 :backhand_index_pointing_right_medium_skin_tone:Naum.1.2,3 :backhand_index_pointing_right_medium_skin_tone:Hebreus.10.31:flushed_face::fearful_face::man_gesturing_OK_medium-light_skin_tone::woman_gesturing_OK_medium_skin_tone::backhand_index_pointing_right_medium_skin_tone:Mateus.5.20 :backhand_index_pointing_right_medium_skin_tone:1a.Pedro.4.17:thinking_face:QUEM SABE, AJA TEMPO PARA ALGUNS. :backhand_index_pointing_right_medium_skin_tone:Tiago.5.19,20 :thinking_face:""QUERIDOS"" IRMÃOS!, LEIAM:backhand_index_pointing_up_medium-dark_skin_tone::thinking_face:MEDITEM, E :backhand_index_pointing_right_medium_skin_tone:REPASSEM.  PAZ DO SENHOR JESUS!. Att.Gilmário.Um abraço, e cheiro em vossos corações:face_blowing_a_kiss:Excelente Dia!..",0,1,FP,0.9675830494972543
LogisticRegression,3,":backhand_index_pointing_up: *Gustavo Gayer: Amanhã é o dia de enterrarmos de vez a esquerda no Brasil.*
:backhand_index_pointing_up::winking_face::thumbs_up::clapping_hands::clapping_hands::clapping_hands::clapping_hands::clapping_hands::clapping_hands::clapping_hands::clapping_hands::clapping_hands::clapping_hands::clapping_hands::clapping_hands::clapping_hands::clapping_hands::clapping_hands:
Vote:
Bolsonaro :keycap_2::keycap_2: Presidente
Gustavo Gayer :keycap_2::keycap_2::keycap_1::keycap_0: Deputado Federal/GO",0,1,FP,0.5606453641251845
LogisticRegression,3,"Por trinta moedas!
- Votar nestes políticos multimilionários e suas famílias, nunca mais saem do poder!
Eita!
Governador, prefeito, juízes, delegados, chefe de polícia, e sua multidão de eleitores funcionários públicos! Sindicatos, ARCON, Detran, é só multa e alvará!
É trabalho escravo da população pro Estado e Município! 
Sabe quanto ganham?
30 mil, 40 mil, ...,... Juízes, com uma canetada, vão buscar, 80, 100, 200 mil! Não perdem uma causa!
É uma esculhambação!
Funcionário público?
É só comida na boca!
Vai votar neles? 
Nunca mais saem do poder!",0,1,FP,0.9387090833367795
LogisticRegression,3,"Mãe querida, 
Neste momento conturbado no nosso país, peço que interceda a Jesus por cada um de nós.
Grande é a nossa responsabilidade INDIVIDUAL e SECRETA, de através de números, escolher quem administrará o Brasil nos próximos anos….
Ninguém pode dizer que não conhece o caos que o Brasil atravessa e ignorar
a preocupante realidade dos nossos sofredores países vizinhos nas mãos de comunistas:crying_face:
NÃO queremos isto para os brasileiros, principalmente para os que têm uma vida pela frente…
Conceda-nos Mãe querida, a Paz e Sabedoria, ajudando-nos a escolher os que são também os escolhidos por VÓS !
Eu Creio, Confio e Espero",0,1,FP,0.9925926183365559
LogisticRegression,3,"O mais importante será nossa vitória meus irmão patriotas .
Deus a frente sempre",0,1,FP,0.6654335895482361
LogisticRegression,3,Esse careca maldito está fazendo de tudo pra botar o ladrão na frente mais meu Deus é muito maior que ele,0,1,FP,0.6521974342500741
LogisticRegression,3,"Gente eu adoro bosonaro, mas ele também é um ex presidiário, não é porque eu gosto dele que vou tampa o sol com a peneira,  quem conhece Deus sabe que ele é justo, vamos confiar apenas",0,1,FP,0.5776059443794284
LogisticRegression,3,"Estamos no segundo turno, e ficar xingando nordestino não resolve, tem que conseguir voto, e não vai conseguir os xingando!",0,1,FP,0.8381688960004987
LogisticRegression,3,Infelizmente o PT tomará conta do nosso Brasil que Deus tenha misericórdia de nois,0,1,FP,0.8768652005578919
LogisticRegression,3,Muito estranho mesmo. Aqui no bairro em São José de Ribamar está um silêncio mortal desde os 50% das urnas sendo favoráveis ao Lula Molusco,0,1,FP,0.7274569767352573
LogisticRegression,3,"Chora e segue o líder, seu filho da puta",0,1,FP,0.6937908885627783
LogisticRegression,3,"_Nunca na história de qualquer país do mundo um candidato que roubou um nação inteira, volta como nada estivesse acontecido por uma justiça frágil, podendo vencer uma eleição. Mas também, nunca na história do Brasil a guerra esteve tão próximo para definir a *justiça* mediante à ""Guerra justa""._",0,1,FP,0.9483733864498576
LogisticRegression,3,"Uma coisa seja dita, esse pessoal de esquerda não consegue mais sair na rua  sem ser esculachado!!!!",0,1,FP,0.7876131534263839
LogisticRegression,3,"É muito difícil de aguentar,você saber que foi roubado na cara de pau e não pode fazer nada ,sei que fiz a minha parte indo votar,mais infelizmente muitas pessoas  contribuiram para essa sensação horrível,elas não fizeram suas partes, 31 MILHÕES DE PESSOAS que simplesmente não foram votar,não exerceram seu papel de cidadão(ã), tivemos também 5 MILHÕES de votos NULOS E BRANCOS,o pior é que todos nós e até nossas futuras gerações que poderão sofrer muito por causa disso,tenho vergonha de imaginar um dia que eles irão ficar sabendo que fomos nós os culpados deles estarem em uma situação de miséria,fome,etc...
Ainda temos uma única chance de mudar tudo isso no próximo dia 30,não desperdice seu voto e essa oportunidade,vá votar e vote consciente,faça o que for melhor,não só para você ,mais sim para todos nós,para seu país.
Que Deus os ilumine :folded_hands_medium-light_skin_tone:",0,1,FP,0.82964899283942
LogisticRegression,3,":police_car_light: AQUI ESTÁ A REAL SITUAÇÃO DO BRASIL
A MAIORIA DAS INSTITUIÇÕES DE ESQUERDA SOCIALISTA COMUNISTA 
ANO QUE VEM SÓ VÃO OFICIALIZAR COM UMA NOVA CONSTITUIÇÃO SOCIALISTA COMUNISTA",0,1,FP,0.8731665298647243
LogisticRegression,3,":police_car_light: A FRAUDE
OS ILLUMINATI
NOVA ORDEM MUNDIAL 
NON
FÓRUM ECONÔMICO MUNDIAL 
ELITE GLOBALISTA 
Os FINANCISTAS GLOBAIS
A CHINA COMUNISTA 
Partido comunista chinês 
Todos essas instituições apoiam Lula e Alkimim              
E o STF já falou que vai trabalhar para cumprir a 
AGENDA  2030 Da ONU",0,1,FP,0.8982854577926481
LogisticRegression,3,"Me desculpa se foi ofensa a algum nordestino.

Sei que não são todos.

Mas tomara q seja somente fraude eleitoral",0,1,FP,0.6818296461622874
LogisticRegression,3,"Sim , as pessoas tem o livre arbítrio, ela disponibiliza o mal e cada um escolhe se vai abraçar ou não … ele não interfere nas escolhas , cada um escolhe como será , então sim , até a perda do diabo é honesto ….",0,1,FP,0.627643830531928
LogisticRegression,3,"Quem tem a VERDADE não precisa ter medo. 
O diabo tem medo de Deus porque sabe a força dEle! Povo de Deus: animem-se! 
Vamos lutar até o fim! :folded_hands::Brazil:
BolsonaroReeleitoEm2022",0,1,FP,0.5580684875924385
LogisticRegression,3,"Mas, fato é que xingar o nordestino não é a solução, só vai dificultar mais na hora de buscar o voto",0,1,FP,0.7653096924274332
LogisticRegression,3,"Sério :raising_hands::raising_hands::raising_hands::raising_hands: Porém, ainda acredito que foi fraude nas urnas. E precisamos LUTAR por nosso Presidente! :Brazil: Sou nordestina e sou BOLSONARO",0,1,FP,0.7840990192037722
LogisticRegression,3,"Vejo muitas pessoas vão para restaurante, ou para um shopping patriota e com roupa normal se todos usarem às cores do país vai expandir às manifestações onde os patriotas passar dentro de supermercados, nas ruas de onde moram.",0,1,FP,0.8513714058953853
LogisticRegression,4,O boso vai ficar louco sem o apoio do ACM NETO na Bahia,0,1,FP,0.598860470803885
LogisticRegression,4,":Brazil: *Aqui o moleque do ACM NETO se aproveitando do Presidente Bolsonaro e do indicado pelo Presidente para o Governador da Bahia ( o ROMÃ ), para poder se promover. TOMA VERGONHA nessa cara ACM NETO!!!! Mentiroso, aproveitador, sínico igual ao avô.*:Brazil:",0,1,FP,0.925436998603419
LogisticRegression,4,Eu tenho um amigo gay e ele é Bolsonaro de carteirinha,0,1,FP,0.9889672703420129
LogisticRegression,4,Aqui na minha cidade tbem mataram…era um traficante que a polícia trocou tiro…,0,1,FP,0.8028353404708127
LogisticRegression,4,"A última peça, aquela que define o seu representante em Brasília, está na sua mão.
Não importa de qual lugar você esteja me vendo, o que vale mesmo é o seu compromisso em lutar pela dignidade do povo baiano. Chegou a oportunidade que você tem, de votar certo e eleger quem realmente pensa nas pessoas. Vote ADILSON SILVA – O FEDERAL DE TODA A BAHIA :keycap_1::keycap_1::keycap_7::keycap_7:",0,1,FP,0.5487805996233938
LogisticRegression,4,*Paulo Guedes falando que foi a esquerda que democratizou o Brasil após a direita instalar uma ditadura que só roubava o país pra dar prós ricos.*:backhand_index_pointing_up_light_skin_tone:,0,1,FP,0.5133959530831296
LogisticRegression,4,Tentaram matar um candidato de bolsonaro no RN . Seguranças reagiram e mandaram 1 pro inferno,0,1,FP,0.8367662166104605
LogisticRegression,4,".
:Brazil::oncoming_fist::Brazil: No RN a guerra já começou. O crime organizado em conluio com os esquerdistas tentaram matar candidatos Bolsonarista 
  Mas deu ruim pra eles. É para isso que estão querendo o povo Desarmado ??? Para  o povo ser presas  fáceis do crime organizado e da esquerda?  Os Seguranças reagiram e mandaram 1 pro inferno bater papo com o capeta! :oncoming_fist::Brazil::oncoming_fist::Brazil::oncoming_fist::Brazil:",0,1,FP,0.9647488652221519
LogisticRegression,4,Baiano explicando com calma os planos de Lula a um petista. :face_with_hand_over_mouth::face_with_hand_over_mouth::face_with_hand_over_mouth:,0,1,FP,0.9576183267925665
LogisticRegression,4,"Tava vendo em outros grupo, se é verdade isso, daí sim é a Ditadura pura",0,1,FP,0.561916304723986
LogisticRegression,4,Tomara que a esquerda nunca mais assuma o comando desse país,0,1,FP,0.8023435763945344
LogisticRegression,4,Essa tá louca o padre deixou ela surtada kkkkk,0,1,FP,0.9966769923580283
LogisticRegression,4,*BOLSONARO APOIA DITADOR QUE PERSEGUE E MATA CRISTÃOS!*,0,1,FP,0.8942786713676623
LogisticRegression,4,"*O futuro do Brasil está em suas mãos. Diga não ao comunismo*.
*Pense bem em seus filhos e netos na hora de depositar seu voto na urna, este momento não é um jogo de futebol.*

*#Deus, Pátria, família e liberdade :folded_hands::Brazil:*",0,1,FP,0.594468733838538
LogisticRegression,4,Sempre falei que não é normal essa raça querer ensinar sexo para crianças (escola se aprende a ler e escrever).,0,1,FP,0.5832890251249591
LogisticRegression,4,O Deus dos bolsonarentos é mamon. Tudo fariseu.,0,1,FP,0.7924605644876054
LogisticRegression,4,Sei que não se muda o voto de ninguém isso e livre!mas votar no pt e ser conivente com as milhares de mortes nos corredores dos hospitais  por falta de dinheiro pra saúde e ser conivente com a miséria que era oferecido aos nordestinos e prejudicar o futuro dos meus filho e do seu que vota no pt isso não e uma afronta com quem vota no pt e sim um pedido se vc não pensar nos meus filhos pensem nos seus filhos e sobrinhos que vão herda a sua escolha pense nisso e quando vc estiver velho não só se arrependa também tenha coragem de falar pra eles e o presente deles foi vc que escolheu no passado.,0,1,FP,0.533199090562533
LogisticRegression,4,"Quem garante que esses caras não estão com o mito só por interesse?

Vc confia no Valdemar Costa Neto condenado no mensalão? Eu não confio.

Confia no Collor? Eu não.

O mito deveria parar de fazer essas alianças com essas pessoas. Pq quem se mistura com porco farelo come.",0,1,FP,0.9967842594140583
LogisticRegression,4,"Pobre país. Não sou cristão, mas vejo o país como Jesus, crucificado entre 2 ladrões.",0,1,FP,0.5389481207357029
LogisticRegression,4,"O modo como os homessexuais são tratados pela mídia muitas vezes é desnecessário, o cidadão precisa ser tratado com caráter assim como os demais",0,1,FP,0.8090536731580615
LogisticRegression,4,"O país é laico  . Lula não vive com o nome Deus usando na boca. Como vejo certo candidato fala o nome Deus , mas , rouba , mente , debocha de quem morreu pela COVID ( sem empatia cristã ) , tem várias mulheres e divórcios , onde o cristianismo proibi o divórcio . E tanta merda ...  E ainda adora imagem que minha vó diz que quem adora imagem tá adorando o satanás .",0,1,FP,0.8165179676462598
LogisticRegression,4,"1° Turno contra a Globo, contra todos os jornais, contra o Chandão, contra todos dos STF, contra todas as pesquisas malignas, contra a esquerda do mal....... O cara é Mito mesmo e único. O cara é foda. Fico emocionado em prantos se isto acontecer :folded_hands:.",0,1,FP,0.9321089936132981
LogisticRegression,4,"Que nada ,eu sou do nordeste e não tem nenhum coitadinho aqui nao em sergipe",0,1,FP,0.9373165522483593
LogisticRegression,4,"Gente.
Todos Nós Sabemos Que Em 2018,
Nós Apoiadores e Eleitores De Bolsonaro.
Fizemos a Diferença Naquela Época.
Vamos Unir As Forças e Lutar Emprol Do Nosso Presidente.
Deus é Conosco.
Defendemos Princípios Da Família e Da Pátria.
Vamos à Luta!
Contra a Corrupção!
Fora PT!",0,1,FP,0.7612031731450205
LogisticRegression,4,"Para com isso gente, porque se voces não são nordestinos e tem este pensamento, e nao conseguiram ganhar uma eleição, o Nordestino ganhou! E desta forma como voces que não sao nordestino agindo e falando desta forma para o segundo turno no nordeste, a gente vai perder até os poucos votos pra Bolsonaro que ja temos!",0,1,FP,0.875917673579417
LogisticRegression,4,Verdade portela fraca os assessores Bolsonaro não batem na esquerda deixa eles a vontade,0,1,FP,0.714015171080646
LogisticRegression,4,"Gente, não vamos culpar o povo. Eu duvido q o nordestino deu essa rasteiras Bolsonaro! Com certeza q é fraude!",0,1,FP,0.5919473270017818
LogisticRegression,4,Vc deve ser uma Bezerra que mama nas tetas do dinheiro público ne?,0,1,FP,0.8710415924102033
LogisticRegression,4,"Os garotos mal educados, frágeis tem geralmente problemas de ego frágil.  
São incapazes de lidar com o sexo feminino.  
Realmente não sou a profissional indicada, advogada não faz psicologia.  Embora criminologia nos dê um parâmetro amplo sobre patologias.",0,1,FP,0.798192687196708
LogisticRegression,4,"Agora, é aguardar uma posição do presidente. Só ele tem o poder. Acabar com esta palhaçada de jogar dentro das quatro linhas.
Basta de bancar o cordeiro.
Basta de ser idiota.",0,1,FP,0.9954396896742644
LogisticRegression,4,"VAMOS LUTAR PELO BRASIL DE NOSSOS FILHOS, NETOS, JOVENS E CRIANÇAS! FORA COMUNISMO!! :Japanese_symbol_for_beginner::Japanese_symbol_for_beginner::Japanese_symbol_for_beginner: NOSSA BANDEIRA JAMAIS SERÁ VERMELHA!!! DEUS, PÁTRIA, FAMÍLIA, LIBERDADE #Bolsonaro22",0,1,FP,0.547993109384211
LogisticRegression,4,"O povo brasileiro covarde merece ser governador pela esquerda pois não terá coragem de enfrentar o congresso que quem resolve que tenhamos voto impresso no segundo turno é o congresso através da pressão imediata do povo 
Ingenuidade a nossa e a do nosso presidente em pensar que o sistema ia ficar dentro das 4 linhas 
Fizeram de tudo e o presidente na certeza que iria ganhar no primeiro turno se calou achando que manifestações por todo Brasil surtiria efeito de vitória",0,1,FP,0.7045733775526106
LogisticRegression,4,"Se apega ao espírito corrompido da época, para dizer que é intelectual. Por toda essa facilidade (Mídia, livros do mec) todo mundo seria intelectual.",0,1,FP,0.7347536670383039
LogisticRegression,4,"Você é caminhoneiro? Sim? Trabalha para alguém relacionado ao Luciano Hang (dono das Lojas HAVAN) ou a parentes dele? Sim? *Então o MP e o TRE decidem que quem trabalha para supostos bolsonaristas não pode ir votar para não ""dar voto"" para Bolsonaro!* Que importa se é O MAIOR CRIME POSSÍVEL CONTRA UMA DEMOCRACIA impedir qualquer cidadão de exercer a plena cidadania por meio do voto...

Nem presidiários assassinos de bebês são privados de votar!",0,1,FP,0.7525769511608379
BernoulliNB,0,"Bruno Roberto mais uma vez, novamente, again... Juntinho com a esquerda! Eleitores de Bolsonaro que votam nesse cara, me perdoe, mas são ingênuos demais",0,1,FP,1.0
BernoulliNB,0,"Porque que a OAB fica se metendo em compromissos que não tem nada a ver com ela,por exemplo hoje ,que esta citado ai no vídeo acima,o povo não vota  neles,então por fica se metendo nesses assuntos,apesar de sabermos que essa instituição que deveria ser neutra é de esquerda",0,1,FP,1.0
BernoulliNB,0,"Muito obrigado Igor. Antifas digitais, pessoas odiosas querem desidratar os grupos de direita porque sabem que vamos pro combate e venceremos. Todos esses canalhas cairão um a um, a começar pelo rato-mor de 9 dedos",0,1,FP,1.0
BernoulliNB,0,"A droga causa dependência e obediência, por isso é viável para a esquerda.",0,1,FP,1.0
BernoulliNB,0,"Como eu disse faz igual o Bozo, liga para o Temer.
Que vergonha alheia.
Normal do Bozo.....
Passar vergonha
Cadê o 7 de setembro,liga aí para o Temer. Kkkkkkkk",0,1,FP,1.0
BernoulliNB,0,"Espero que cada Patriota deste nosso Brasil tenha 1/3 da coragem deste cidadão.

Com certeza ele deve ter apanhado bastante ou morto neste ninho de serpentes.

Enquanto tiver um Bolsonarista em pé, Lula e seus seguidores não terão sossego.",0,1,FP,1.0
BernoulliNB,0,"Nāo esqueçam quem mandou você FICAR EM CASA. Quem tratou o cidadāo de bem como BANDIDO. FORACASAGRANDE. MANATO 22 , BOLSONARO 22, MAGNO MALTA 222, GILVAN DA FEDERAL 2222",0,1,FP,1.0
BernoulliNB,0,"Gigante ele vai ficar se não se aliar com marginais, pra cima Ciro quebre onde quebrar, Bolsonaro e Lula são iguais",0,1,FP,1.0
BernoulliNB,0,"Bolsonaro triturou a cleptocracia unida, contra a verdade não existem argumentos.
A oposição corrupta unida se fudeu durante 4 anos inventando mentiras contra o presidente, sem que nenhum ilícito sequer tenha sido provado, tudo falácia, ilação infundada, falsa narrativa, bravata politiqueira, em nome do roubo em sequência que acontece desde o governo Sarney e que sempre foi escondida por essa mídia militonta, responsável por muita postura idiota, desse tanto de idiota que a gente ainda vê por aí depois de tanta merda que já aconteceu!!!

Esse debate maravilhoso, vem pra coroar e confirmar com chave de ouro, o único resultado aceitável para essas eleições, a reeleição do melhor presidente que esse país já teve, Jair Messias Bolsonaro!!!
:Brazil::Japanese_symbol_for_beginner::Brazil::Japanese_symbol_for_beginner::Brazil::Japanese_symbol_for_beginner:",0,1,FP,1.0
BernoulliNB,0,"Um cidadão que se diz crente Apoiar um homem que é contra a família, contra a igreja, é um absurdo. É um Judas",0,1,FP,1.0
BernoulliNB,0,"E que Deus nos livre de todo mal, que essa maldita esquerda quer nos impor",0,1,FP,1.0
BernoulliNB,0,O *genocida* é funcionário da década no inferno.,0,1,FP,1.0
BernoulliNB,0,"Esse meu Presidente é um esculacho caracolis, desbundou essa ridícula, bem feito, ficou com cara de tacho. Olha a expressão dela de ódio, caracolis amo, amo esse meu presidente, bem feito para essa sujeita ridícula. Nunca mais ela vai querer se meter com presidente, eu acho melhor é ela se recolher a insignificância dela. Lamentável que essa boçal ainda terá mais 4 anos pra infernizar a nossa vida. Porque senão ela sairia já não só ela, como a Simone Tebet e muitos outros, que na próxima vão cair fora mesmo.",0,1,FP,1.0
BernoulliNB,0,É bem capaz de Neymar ter cido cancelado mesmo porque a democracia só existe para a esquerda. Bastou o cara declarar voto a Bolsonaro para esquerda pegar no pé.,0,1,FP,1.0
BernoulliNB,0,"É mais fácil desconfiar do caráter do padre que acabamos de conhecer. “Com certeza é safado” 

Mas do corrupto do século não, claro que não!
 Loola 
“O homem mais honesto do mundo.”",0,1,FP,1.0
BernoulliNB,0,"Ainda tem uns imbecis que fala que o Lula não vai transformar o Brasil numa Venezuela.
Cada dia vemos exemplos não podemos ter liberdade de expressão!
Nenhum famoso pode escolher voltar no Bolsonaro!
A gente vê que as fake só rola quando o cara vai lá e a firma voltar no bolsonaro!
Contas nas redes sociais são fechadas!
E você só vê isso na direita só ver fechar contas de pessoas da direita! Isso é perseguição as provas estão aí.",0,1,FP,1.0
BernoulliNB,0,"Tem importância sim essa esquerda são assim de briga, o povo precisa saber como eles agem, mostram como ekes realmente são.",0,1,FP,1.0
BernoulliNB,0,Ah dá licença né meu amigo você é dizer que você é de direita acreditar na pesquisa do Datafolha é só é para acabar né não tem como né de uma pesquisa que é de esquerda rapaz não tem só você mesmo para acreditar mas fiquei acreditando então cara que a lavada vai ser grande!!!,0,1,FP,1.0
BernoulliNB,0,Acabou mais ainda está sendo usado como munição da esquerda que não querem assumir suas responsabilidades nas mortes de muitas pessoas.,0,1,FP,1.0
BernoulliNB,0,O problema seu demagogo hipocrita: a bandeira do brasil   Nunca foi valorizada pelo pt..a causa desse filho puta e o foro de São Paulo e a dominação da América Latina . Quando que Lula usou o verde e amarelo nas suas campanhas? Nunca,0,1,FP,1.0
BernoulliNB,0,"O presidente se reelegendo, vai criar condições para a direita ficar pelo l seis mandatos cuidando do país:Brazil:",0,1,FP,1.0
BernoulliNB,0,"Calma gente, a ideologia dominante é de quem domina e quem domina o mundo infelizmente é a esquerda",0,1,FP,1.0
BernoulliNB,0,"Deuses tem poder 
Essa besta fera vai pro lugar dele.
O INFERNO",0,1,FP,1.0
BernoulliNB,0,"Ganha sim cara, lembra que em 2018 só tinha esquerdista concorrendo, era Meirelles, Alckmin e Bolsonaro ganhou",0,1,FP,1.0
BernoulliNB,0,Tá na hora de virar extrema Direita e resolver os problemas,0,1,FP,1.0
BernoulliNB,0,"Nordestina, preta, Bolsonarista e mãe de 3 meninos e sem filtro, isso aí é a luz da academia. :face_blowing_a_kiss: e também estudo e trabalho. A tua eu não abri, pq já vi no perfil que não vale a pena, a minha eu sei que tu vai, pq é curiosa mesmo. :face_with_tears_of_joy::face_with_tears_of_joy::face_with_tears_of_joy:",0,1,FP,1.0
BernoulliNB,0,Cap Wagner é ilusão tb man.. ilusão.. lembra do motim.. coisa de esquerdista.. ae viu q num era pela esquerda q ele conseguiria.. ae tentou e n conseguiu nada c essa tática de neutralidade.. se fudeu,0,1,FP,1.0
BernoulliNB,0,"Verdade nesse momento tem que tratar todos bem e tentar concientizar eles, mostrando às pautas que o governo de esquerda tem para o país.",0,1,FP,1.0
BernoulliNB,0,Vamos convencer o pessoal que o benefício com a Direita será muito maior,0,1,FP,1.0
BernoulliNB,0,"Primeiramente vc tem que conhecer a maçonaria antes de falar merda!!! A maçonaria não e uma religião, A maçonaria e uma instituição que uni diversos conceitos diferentes. Hoje na maçonaria tem cristão, espíritas, judeus, católicos. Outra coisa ! Pelo fato do bolsonaro ter visitado a maçonaria não significa que ele seja maçom.  Se for assim lula e macumbeiro por visitar terreiros de macumba e receber santos dos macumbeiros:man_shrugging_light_skin_tone::man_shrugging_light_skin_tone::man_shrugging_light_skin_tone:",0,1,FP,1.0
BernoulliNB,1,E a esquerda tenta impedir o trabalho,0,1,FP,1.0
BernoulliNB,1,E outro frustrado ia levar um cargo com a esquerda agora vai levar e uma rasteira,0,1,FP,1.0
BernoulliNB,1,"Vc tá equivocado amigo ,não quero saber quem apoia Pedro não ,quero saber.pq apoiar um cara neutro em relação ao presidente ,a luta não é mudar a Paraíba não é o cenário nacional ,Pedro só quer vantagem é filho de cassio",0,1,FP,1.0
BernoulliNB,1,A eleição do Romário SÓ FAVORECE A ESQUERDA. Ele é o candidato da esquerda.,0,1,FP,1.0
BernoulliNB,1,Dizem qui o nordestino é com o lula... vai vendo Brasil...:face_with_hand_over_mouth::face_with_hand_over_mouth::face_with_hand_over_mouth::face_with_hand_over_mouth::Brazil::Brazil::Brazil::Brazil::Brazil:.,0,1,FP,1.0
BernoulliNB,1,"ECONOMISTAS APOIANDO CANDIDATO DE UM PARTIDO AO QUAL SÃO CRÍTICOS, PARTIDO QUE NÃO DIVULGA PLANO DE GOVERNO, QUE DIZEM AOS QUATROS CANTOS QUE NÃO IRÃO RESPEITAR O TETO DE GASTOS, QUE LEVOU O PAÍS AO CAOS, ALGO DE ESTRANHO HÁ POR TRÁS DISSO !!",0,1,FP,1.0
BernoulliNB,1,Que Deus nos livre do PT :loudly_crying_face:,0,1,FP,1.0
BernoulliNB,1,Agora o pessoal do Bolsonaro vai dizer que a PF é de esquerda,0,1,FP,1.0
BernoulliNB,1,Esses petistas tem um jeito estranho de fazer pesquisas e enquetes... eu hein... :face_with_hand_over_mouth::face_with_hand_over_mouth::face_with_hand_over_mouth::face_with_hand_over_mouth:,0,1,FP,1.0
BernoulliNB,1,Alguma vantagem.... conheço um dono de oficina msm que é petista doente ....quando a prefeitura ganha alguém do PT os consertos de carro faz exclusivamente lá,0,1,FP,1.0
BernoulliNB,1,Record: Militantes de esquerda jogam fezes na porta da igreja universal.,0,1,FP,1.0
BernoulliNB,1,discípulos de Judas que beijam o rosto ao mesmo tempo que apulhalam pelas costas,0,1,FP,0.984051319424008
BernoulliNB,1,"Felipe da Ave se une com a puta 


A puta morreu de vez hoje 



A Tronik desceu 14 palmos ao invés de 7 


O Ciro não bateu em mulher e nem em repórter hoje 


O padre mostrou que leva para o chão e finaliza kkkk



Bolsonaro ganhou de novo e vai ser reeleito



Fim de papo",0,1,FP,1.0
BernoulliNB,1,COMPARTILHEM SEM PENA IRMÃOS OS CANDIDATOS ARMAMENTISTAS DE TODAS AS CIDADES DEUS ABENÇOE A TODOS.,0,1,FP,0.9959409078677516
BernoulliNB,1,Ainda bem que tem o padre pra fazer um exorcismo nesse cara do capeta,0,1,FP,1.0
BernoulliNB,1,"Rapa, o Bozo é amigo do Roberto Jeferson e do Collor",0,1,FP,0.9994674162921106
BernoulliNB,1,"Maior? Só se for o mais fracasso da esquerda, pesquisas falsas querendo apenas colocar um candidato no poder. É só por as pesquisas de 2018, onde a mesma fonte dizia que Bolsonaro perdia até pra Marina no segundo turno. kkkkk ai ai sem credibilidade nenhuma",0,1,FP,1.0
BernoulliNB,1,"Meu amigo eu não sou e nunca fui petista, se quer saber se sou de esquerda ou direito minha resposta é que sou católico",0,1,FP,1.0
BernoulliNB,1,"Hoje pela manhã dois amigos se encontram no estacionamento da empresa, um bolsonarista outro lulista.

 O bolsonarista pergunta: vc viu o padre, ontem?

 O lulista ainda puto, com certeza passou a noite em claro, responde: vai vtc!

O bolsonarista, calma!

O lulista: calma? Vc me pergunta *se eu vi a do padre*, vai vtc de novo!

O bolsonarista: eu perguntei se vc viu o padre, ontem?

O lulista: desculpa, entendi errado!

O bolsonarista aproveitando o gancho: *se vc não viu a do padre levanta a batina*:face_with_tears_of_joy:",0,1,FP,1.0
BernoulliNB,1,Olha aí o que a esquerda já está fazendo lá na Nicarágua.,0,1,FP,1.0
BernoulliNB,1,"Se tem algo que buga a minha mente, é ver cristão apoiando partido de esquerda.",0,1,FP,1.0
BernoulliNB,1,Misericórdia que Deus tenha misericórdia do nosso Brasil :loudly_crying_face::loudly_crying_face::loudly_crying_face:.    Oh Deus livra o nosso Brasil :Brazil::Brazil: de todos esses espíritos satânica :raising_hands::folded_hands::raising_hands:,0,1,FP,0.8039560350678714
BernoulliNB,1,"Infelizmente essa é a realidade se muitos adolescentes e jovens que foram adestrados a odiar o capitalismo,  a direita,  os patrões,  as leis, a ordem, a família,  os valores, o patriotismo... seguidores do molusco. Cabeça de camarão :fried_shrimp: não pesquisam, não lêem, não comparam... simplesmente militantes  fanáticos. :woman_facepalming_light_skin_tone::woman_facepalming_light_skin_tone::woman_facepalming_light_skin_tone: Temos que lutar por eles  e pelas futuras gerações.",0,1,FP,1.0
BernoulliNB,1,A turma de esquerda já esta tudo murcha cadê eles a vaca já foi pro brejo kkkkkkkkkk,0,1,FP,1.0
BernoulliNB,1,"Olham só a diretora da escola entregando os santinhos da esquerda na fila de votação no dia das eleições, favor alguém pode entregar essa pilastra da diretora para a justiça!",0,1,FP,1.0
BernoulliNB,1,"Boa tarde, complexo de vira lata, acho a minha pátria e o Brasil, portanto, boa ou ruim é o meu lugar, puxar saco de americano não vai resolver nada, precisamos corrigir nossos defeitos , e parar de achar que o Brasil só tem coisa ruim, ou vcs acham que na América não te favela, não tem fome, não tem corrupção, claro que tem, só não fazem propaganda da desgraca igual nos",0,1,FP,0.9999999999986358
BernoulliNB,1,"Calma gente até foram apuradas apenas 20% das URNAS, AINDA FALTA MUITO MUITO. PATRIOTAS O PT É UM PARTIDO GRANDE E TÊM MILITÂNCIA, ELA AINDA É FORTE E TÊM MUITA FORÇA. NÓS SOMOS APENAS UM MOVIMENTO DA DIREITA CONSERVADORA, NÓS NÃO TÊMOS PARTIDO PRA ORIENTAR, CENTRALIZAR E ORGANIZAR OS PATRIOTAS PARA UMA DISPUTA ELEITORAL GRANDE COMO ESSA. NÓS ESTAMOS UNIDOS PELO PATRIOTISMO E POR UM SENTIMENTO DE REVOLTA POR TUDO TUDO QUE ACONTECEU NO BRASIL NO GOVERNO PT AO LONGO DOS ANOS.",0,1,FP,1.0
BernoulliNB,1,Nosso povo é um povo sofrido e não totalmente alfabetizado se leva fácil pelas propostas da esquerda,0,1,FP,1.0
BernoulliNB,1,Acho que esse ano vamos decretar o fim da esquerda em nosso estado :partying_face::partying_face::partying_face::partying_face::partying_face: GLORIA A DEUS,0,1,FP,0.8846464882122735
BernoulliNB,1,"Não generalizando, mas a maioria gostava da mordomia de receber bolsa familia de 130 reais e não ir trabalhar!! Por isso querem Lula de volta. Ah tnc enquabto uns querem empregos eles so querem voltar pro mundo preguiçoso",0,1,FP,1.0
BernoulliNB,1,"Meu Deus o Congresso será 90 %  por certo Esquerdista 


Meu Deus o Congresso será 90 %  por certo Esquerdista 





Meu Deus o Congresso será 90 %  por certo Esquerdista


Meu Deus o Congresso será 90 %  por certo Esquerdista 


Meu Deus o Congresso será 90 %  por certo Esquerdista 





Meu Deus o Congresso será 90 %  por certo Esquerdista




Meu Deus o Congresso será 90 %  por certo Esquerdista 


Meu Deus o Congresso será 90 %  por certo Esquerdista 





Meu Deus o Congresso será 90 %  por certo Esquerdista",0,1,FP,1.0
BernoulliNB,1,"Primeiro de tudo é Deus na frente! Sem dúvidas, as forças armadas precisam  fazer as checagens das urnas.",0,1,FP,1.0
BernoulliNB,1,"Há uma coisa boa em tudo isso aqui...

Estão vindo à luz do dia mostrar a cara, quem são e a que viera....

Isso servirá para a igreja parar de fletar com o mundo e com o pecado, com ideologias e sofismas...

Ou a igreja reforma a sua doutrina atua com fé e força, ou em pouco mais de 1 ano  esse cara ai, vai ta sacrificando pastor em praça pública...

Isso ai,somente mostra a falência do evangelho... como somos fracos",0,1,FP,0.9999999589293234
BernoulliNB,2,"Juízes indicados pela esquerda , fazendo censura a Jovem Pam porque fala mais bem do que mal do presidente !",0,1,FP,1.0
BernoulliNB,2,Jornalista toma uma invertida de uma senhora nordestina,0,1,FP,1.0
BernoulliNB,2,"Das fakes que eles gostam de espalhar!
Isso aí é porque pegaram à esquerda planejando algo suspeito.",0,1,FP,1.0
BernoulliNB,2,A eleição do Romário só favorece a esquerda. DANIEL SILVEIRA E O ÚNICO CAMINHO PARA FREAR OS ABUTRES DE TOGA! A perseguição ao Daniel é justamente o pânico que ele provoca no STF e na esquerda.,0,1,FP,1.0
BernoulliNB,2,Nem lular . Nem bolsonario vai fechar as igrejas não por que só um Deus e  ele é maior do que todos ...,0,1,FP,1.0
BernoulliNB,2,"Quando você Capixaba for votar no Casagrande, lembre-se deste vídeo. Um governador que quebrou vários comércios e destruiu muitas famílias não pode ser reeleito.
Acorda Espírito Santo!
Não reeleja Casagrande, repasse sem dó. Lembra do: FIQUE EM CASA? Agora ele vem com: FIQUE EM CASA *SE PUDER* hipócrita mentiroso.
 Um dos pouquíssimos ou o único estado da federação que vota num presidente de direita mas prefere continuar votando num governador comunista de esquerda :enraged_face::enraged_face::enraged_face::enraged_face: . Vote num governador que apoia Bolsonaro. Assim teremos inúmeros recursos a mais. Vote Manato 22 :Brazil::Brazil::Brazil:",0,1,FP,1.0
BernoulliNB,2,Bom dia! Vocês sabem que lula se inspira em Fidel castro e CheGuevara com certeza. Mas vocês sabem como eles trataravam negros e gays?,0,1,FP,1.0
BernoulliNB,2,"Desculpe, esqueço que vc é esquerdista.
Ministro Alexandre de Moraes não é suspeito? Não abusou em nada? Não fez pior que o supostamente feito pelo moro?",0,1,FP,1.0
BernoulliNB,2,Vídeo que a esquerda não gosta.,0,1,FP,1.0
BernoulliNB,2,"É típico mesmo, politicos de esquerda se apropriam da coisa pública em benefício próprio, sempre foi assim, é a esculhambacão com a coisa pública.",0,1,FP,1.0
BernoulliNB,2,Patriotas...confesso que não vou ter estômago pra instalar a globo na minha tv pra assistir o debate hj....imaginam o bombardeio??....,0,1,FP,1.0
BernoulliNB,2,Uma vergonha um esquerdista mandou um padre ir pro inferno :man_facepalming_medium-dark_skin_tone:,0,1,FP,1.0
BernoulliNB,2,Acho que a loira tem que aprender a respeitar um padre,0,1,FP,1.0
BernoulliNB,2,":right_arrow:Bolsolão do MEC, esquema dos tratores, rachadinha do clã, laranjal do PSL, escolas-fake, cartão corporativo, Bolsolão do asfalto, Bolsolão do açaí, laranjal do PSL, propina na Secom... Difícil não é achar corrupção no governo Bolsonaro, é decidir qual caso é pior! #LulaNaGlobo

:right_arrow:O monstro de corrupção que Bolsonaro abrigou em Brasília desde 2019 tem nome e sobrenome: orçamento secreto! É ele que está no centro de tudo, o velho toma-lá-da-cá #LulaNaGlobo

:right_arrow:O problema do orçamento secreto não é só a falta de transparência: o esquema atropela leis orçamentárias, não publiciza valores e destinações e não garante qualquer distribuição igualitária: a receita para o troca-troca de apoios e votos que dá superpoderes ao Congresso.  #LulaNaGlobo",0,1,FP,1.0
BernoulliNB,2,meu amigo....e quem é que não esta doido para dar umas porradas nesse vagabundo....:face_with_raised_eyebrow::face_with_raised_eyebrow::face_with_raised_eyebrow::face_with_raised_eyebrow:...até os petistas querem arrebentar ele...:smirking_face::smirking_face:,0,1,FP,1.0
BernoulliNB,2,"OI PATRIOTAS :Brazil::Brazil:!!!!

PASSANDO PRA LEMBRAR: :backhand_index_pointing_down_medium-light_skin_tone:

1) TODOS DE VERDE E AMARELO NO DIA DA VOTAÇÃO :Brazil: ;

2) TENHA ORGULHO DE DECLARAR O SEU AMOR PELA NOSSA PÁTRIA, COLOQUE UMA BANDEIRA :Brazil: DO BRASIL :Brazil: NO; SEU CARRO, NA JANELA DE SUA CASA, E ETC...

3) COLOQUE NA FOTO  DO SEU PERFIL UMA FOTO DA BANDEIRA :Brazil: DO BRASIL :Brazil:.

4) POSTE VÍDEO DESSE AMOR PELO BRASIL NAS REDES SOCIAIS!


ATÉ A VITÓRIA!

QUE DEUS ABENÇOE À TODOS :Brazil::oncoming_fist_medium-light_skin_tone::face_blowing_a_kiss:


*DIVULGUE*
*DIVULGUE*",0,1,FP,1.0
BernoulliNB,2,Se empenhe hoje em fazer um clamor ao Senhor pela vitória a fim de que não tenha que fazê-lo futuramente para que ele enxugue suas lágrimas num cenário de quebradeira e fome como tem acontecido com nossos vizinhos que se deixaram levar novamente pelas ilusões da esquerda,0,1,FP,1.0
BernoulliNB,2,"*QUANDO AQUELE ESQUERDISTA CHATO FALAR QUE BOLSONARO NÃO FEZ NADA NO SEU MANDATO , POR FAVOR MOSTRE ESSE VÍDEO PRA ELE !*",0,1,FP,1.0
BernoulliNB,2,"GENTE AMIGA E  IRMÃS BOLSONARIANA,  A COISA VAI FICAR SEM CONTROLE,  GUERRA CIVIL MESMO....VAMOS CLAMAR A DEUS!!!!",0,1,FP,1.0
BernoulliNB,2,Pois é meu amigo quem acredita em pesquisa da esquerda só pessoa da esquerda mesmo então tu parece ser um desses se é um esquerdício infiltrado no meio dos patriotas,0,1,FP,1.0
BernoulliNB,2,É mas pode ficar com o teu conhecimento esquerdista aí beleza valeu!,0,1,FP,1.0
BernoulliNB,2,Serei o cidadão mais feliz se o *Padre de festa de São João* ultrapassar o verme. :rolling_on_the_floor_laughing::rolling_on_the_floor_laughing::rolling_on_the_floor_laughing::rolling_on_the_floor_laughing::rolling_on_the_floor_laughing::rolling_on_the_floor_laughing::rolling_on_the_floor_laughing:,0,1,FP,1.0
BernoulliNB,2,"Infelizmente ela será um nome forte no futuro. E o trabalho dela na CPI foi omisso, tendencioso e de esquerda. Mostra um caráter ao meu ver mais do mal do que do bem.",0,1,FP,1.0
BernoulliNB,2,Esse ai se ficasse ia acabar com a nação brasileira menos os babão dele,0,1,FP,1.0
BernoulliNB,2,"Olha o golpe da esquerda aparecendo. A tendência era Bolsonaro aumentar a diferença, não diminuir.",0,1,FP,1.0
BernoulliNB,2,Eu sou nordestina. E voltei e vou votar no capitão quantas vezes precisar,0,1,FP,1.0
BernoulliNB,2,"Zema é liberal. E abomina PT e tudo que vem da esquerda. Vai ter que se posicionar, e pra mim tá claro que vai apoiar o Bolsonaro no segundo turno",0,1,FP,1.0
BernoulliNB,2,"Deveríamos lutar e dividir o país em 2, quem quer viver com ladrão socialista q viva com eles, quem quer a direita, família, Deus que fiquemos só lado direito.
Sou professora e não aguento mais essa porcaria de ideologia de genero",0,1,FP,1.0
BernoulliNB,2,"Se forem pelo caminho da esquerda, também temos exemplos do que acontece na economia, sociedade, cultura, família…",0,1,FP,1.0
BernoulliNB,2,"Enfim, Deus tenha misericórdia de nós e nossos filhos, são vai acreditar quando nosso país se tornar uma Venezuela",0,1,FP,1.0
BernoulliNB,2,"Não existe voto orgânico na esquerda 

Lá só tem voto comprado",0,1,FP,1.0
BernoulliNB,2,"São estas informações que ou é por ingenuidade, ou é algum esquerdista que posta para nos confundir, e aí somos acusado propagar as tais fak News",0,1,FP,1.0
BernoulliNB,2,"Outra coisa relevante é que o fascismo não vive somente de concepções próprias, mas está constantemente se apropriando de definições dos outros e tomando o lugar de movimentos que se enfraquecem. Em 1919, Mussolini escreveu que o fascismo era contra o “atraso da direita” e a “destrutividade da esquerda”. ",0,1,FP,1.0
BernoulliNB,2,Exatamente! Ela quer nos desanimar. Isso é  tática esquerdista. Vem de mansinho para desanimar o povo. Mas aqui não vai conseguir. Estamos unidos com o nosso capitão,0,1,FP,1.0
BernoulliNB,2,"Se cada bolsonarista arrastar, convencer o voto de um indeciso/voto em branco a gente ganha essas eleições.",0,1,FP,1.0
BernoulliNB,2,Direita maior que centrao,0,1,FP,1.0
BernoulliNB,3,Show :clapping_hands_light_skin_tone::clapping_hands_light_skin_tone::clapping_hands_light_skin_tone::clapping_hands_light_skin_tone::clapping_hands_light_skin_tone:   O Nordestino acordou,0,1,FP,1.0
BernoulliNB,3,Deus não veio pros sadios  veios pros doente. Igual os médico. Vc tem jeito,0,1,FP,1.0
BernoulliNB,3,Dia 8 de Outubro - Dia do Nordestino - Parabéns e um forte e calouroso abraço.,0,1,FP,1.0
BernoulliNB,3,"BOM DIA! :Brazil::oncoming_fist: 
Vem aí uma vitória na sua vida que só terá uma explicação: Deus!
Faltam :keycap_0::keycap_5: dias! 
:thumbs_up:VOTE :backhand_index_pointing_down:
:keycap_1::keycap_4::keycap_1::keycap_2::keycap_0: - DEPUTADA ESTADUAL, ALANA PASSOS
:keycap_2::keycap_2: - PRESIDENTE, JAIR BOLSONARO
DEUS, PÁTRIA, FAMÍLIA E LIBERDADE! :Brazil::oncoming_fist:
#AdeputadadoCapitão  #OrdemeProgresso #fechadacomBolsonaro #Presidentevote22 #DeputadaEstadualvote14120 #AlanaPassos14120",0,1,FP,1.0
BernoulliNB,3,Deputados e senadores eh o foco da esquerda vamos votar certo,0,1,FP,1.0
BernoulliNB,3,"Vc está descrevendo o capitalismo...

Proletariado, no sistema capitalista é apenas o escravo moderno. 

Com a diferença que o burguês te usa para produzir e depois te usa para comprar as coisas que produz...",0,1,FP,1.0
BernoulliNB,3,"Então o Senhor disse a ele: – Vocês, fariseus, lavam o copo e o prato por fora, mas por dentro vocês estão cheios de violência e de maldade. Seus tolos! Quem fez o lado de fora não é o mesmo que fez o lado de dentro? Portanto, dêem aos pobres o que está dentro dos seus copos e pratos, e assim tudo ficará limpo para vocês. – Ai de vocês, fariseus! Pois dão para Deus a décima parte até mesmo da hortelã, da arruda e de todas as verduras, mas não são justos com os outros e não amam a Deus. E são exatamente essas coisas que vocês devem fazer sem deixar de lado as outras. – Ai de vocês, fariseus! Pois gostam demais dos lugares de honra nas sinagogas e gostam de ser cumprimentados com respeito nas praças. – Ai de vocês! Pois são como sepulturas que não se vêem, sepulturas que as pessoas pisam sem perceber.
(Evangelho de São Lucas, cap. 11: ver. 39 ao 44) Quarta-feira 28-09-2022.",0,1,FP,1.0
BernoulliNB,3,Pesado foi a pistola que eu vi ! E nem precisava disso tudo se ele disseese : me dá tudo gordinha:face_with_symbols_on_mouth: só na sugesta eu tinha dado,0,1,FP,1.0
BernoulliNB,3,elegendo dep fed da esquerda darão um jeito de fazer o impeachement do presidente. Assim tira ele na boa e fazem nova eleição,0,1,FP,0.9999999999891998
BernoulliNB,3,Pra quem não sabe o q se esperar de um país q é governado pela esquerda. Assiste aí e veja o arrependimento dos colombianos!!  :eyes::flushed_face::melting_face:,0,1,FP,1.0
BernoulliNB,3,O pau tá quebrando  até no Jardim de infância  :face_with_tears_of_joy::face_with_tears_of_joy::face_with_tears_of_joy::face_with_tears_of_joy::face_with_tears_of_joy::face_with_tears_of_joy: sobre política dizendo que o Luladrão  é ladrão.   Nova geração!! :folded_hands_light_skin_tone::folded_hands_light_skin_tone:,0,1,FP,1.0
BernoulliNB,3,"Bora Paraíba faltam só 2 pontos pra virar aí. 

Não foi o ano passado, foi agora, a Paraíba está na rua e vc aí discutindo pisquisa, xandão e a PQP. 
Faça como os nordestinos  e inunde a time line e redes sociais das pessoas com os candidatos da Direita.",0,1,FP,1.0
BernoulliNB,3,"Um padre desse deveria ser preso, fazendo comércio político dentro da casa de Deus.
Mas ele vem com esses engodos usando o nome de Deus e esquece que seu Jair Bolsonaro é a favor da TORTURA declaradamente e se esquece que Jesus Cristo morreu sob tortura. 
Hipocrisia e comércio político dentro da casa de Deus.",0,1,FP,1.0
BernoulliNB,3,- O que explica o repentino rasgar das fantasias depois de tantos anos simulando uma falsa diversidade para que a mesma ideologia de esquerda imperasse por décadas no país é bem simples: DESESPERO! Foi o recurso que restou para tentarem impedir a libertação definitiva do Brasil.,0,1,FP,1.0
BernoulliNB,3,lula em primeiro turno? nem o lula acredita nisso klkkkkkkkkkkkkk a esquerda esta de todo jeito tenrtando burlar as urnas. mais esse ano temos as forças armadas ta,0,1,FP,1.0
BernoulliNB,3,"Outubro está aí 

E o povo lulista só quer ter direito de expressão

Liberdade

Votar em paz

E se vencer

Venceu",0,1,FP,0.999947282027155
BernoulliNB,3,Gente ... Ela excluiu a votação...e colocou um print do início onde o Lula estava ganhando...pq disse que foi atacada...pq questionaram ela perguntando se ele era preta? Como disse nos stories anterior...ainda disse que processará essa pessoa,0,1,FP,1.0
BernoulliNB,3,"Aí meus irmãos o que a esquerda faz kkkkkkkk lulinha tá sumido do debate, depois que confessou que roubava o menino se calou kkk",0,1,FP,1.0
BernoulliNB,3,Ciro sabe que não tem chance . Então está detonando Lula para tentar surgir em 2026 como o grande nome da esquerda.,0,1,FP,1.0
BernoulliNB,3,Tebet tem tanto ódio do presidente que chamou a puta de presidente,0,1,FP,1.0
BernoulliNB,3,"E NÃO respeita a mãe dele, o caixão da esposa, tu achas mesmo que vai respeitar um padre com um crucifixo gigante na cara dele?",0,1,FP,1.0
BernoulliNB,3,Vejam o depoimento dessa cristã que veio da Nicarágua!!!                             No dia 02 de outubro vote certo. Não deixe a esquerda acabar com o a nossa Nação!!!    :Brazil::Brazil::Brazil::Brazil::Brazil::Brazil::Brazil::Brazil::Brazil::Brazil::Brazil::Brazil::Brazil::Brazil::Brazil::Brazil::Brazil::Brazil::Brazil::Brazil::Brazil:,0,1,FP,1.0
BernoulliNB,3,"Atenção senhoras e senhores vamos fazer um movimento aqui no whatsapp usando a foto do nosso presidente no perfil até sair o resultado dá nossa vitória nas urnas vamos colaborar com esse movimento e mostrar q juntos somos mais fortes, PT nunca mais, aqui presidente é Bolsonaro ,Deus Pátria e família.",0,1,FP,1.0
BernoulliNB,3,É meu amigo mas então aí que tá quem é petista então era todo errado fazer as coisas errada vou agora enxergou a realidade o lado certo então quer dizer que as pessoas que era petista não pode ser de direita pessoa que era de esquerda ou então não pode ser de direito porque já errou acorda irmão!!,0,1,FP,1.0
BernoulliNB,3,"Mãe querida, 
Neste momento conturbado no nosso país, peço que interceda a Jesus por cada um de nós.
Grande é a nossa responsabilidade INDIVIDUAL e SECRETA, de através de números, escolher quem administrará o Brasil nos próximos anos….
Ninguém pode dizer que não conhece o caos que o Brasil atravessa e ignorar
a preocupante realidade dos nossos sofredores países vizinhos nas mãos de comunistas:crying_face:
NÃO queremos isto para os brasileiros, principalmente para os que têm uma vida pela frente…
Conceda-nos Mãe querida, a Paz e Sabedoria, ajudando-nos a escolher os que são também os escolhidos por VÓS !
Eu Creio, Confio e Espero",0,1,FP,1.0
BernoulliNB,3,"Padres de toda a nação se levantam, defendem o Evangelho e pedem que votemos em candidatos que defendam Deus, Pátria, Família e Liberdade!
Não se pode ser cristão católico e votar em candidatos da esquerda ao mesmo tempo.

_Ninguém pode ser ao mesmo tempo bom católico e verdadeiro socialista. ( Pio XI )_",0,1,FP,1.0
BernoulliNB,3,O que que um esquerdista tá fazendo em um grupo de apoio ao Presidente da República? Dizem que toda relação de ódio tem um pouco de amor não compreendido...,0,1,FP,1.0
BernoulliNB,3,No RJ pra senador competente contra o sistema corrupto e ditador da toga  só tem o D[USER]. O resto é da velha política com rabo preso.,0,1,FP,0.9999999999999432
BernoulliNB,3,"Filha do traficante BEIRA-MAR, FERNANDA COSTA na carreta do governador do Rio CLÁUDIO CASTRO candidato a reeleição pelo PL. Os meus erros eu declino para os outros. Irrú.",0,1,FP,1.0
BernoulliNB,3,E claro que não me surpreende esses famosos ricos que perderam a mamata querem o pt de volta e tentam influenciar os seus seguidores querem o nosso dinheiro de volta que o pt já sinalizou que vai voltar como era antes,0,1,FP,1.0
BernoulliNB,3,Vou criar um grupo conservador da bahia quem for da bahia e conservador me mande mensagem no privado,0,1,FP,1.0
BernoulliNB,3,"O mais importante será nossa vitória meus irmão patriotas .
Deus a frente sempre",0,1,FP,0.9999787066589796
BernoulliNB,3,"*A vitória é do povo brasileiro! Parabéns povo cristão, parabéns patriotas, parabéns homens e mulheres de bem. Deus abençoe o povo brasileiro, que disse não a tidas as coisas ruins do PT e dessa esquerda destrutiva.* :Brazil::Brazil::Brazil::Brazil::Brazil::Brazil::Brazil:      :keycap_2::keycap_2: no coração!",0,1,FP,0.9999999999091642
BernoulliNB,3,Mas infelizmente a esquerda se entalhou de um jeito em nosso povo que levará alguns anos para isso mudar,0,1,FP,1.0
BernoulliNB,3,Não sou fanático... só não quero q o Brasil vire uma Venezuela,0,1,FP,1.0
BernoulliNB,3,"Gente eu adoro bosonaro, mas ele também é um ex presidiário, não é porque eu gosto dele que vou tampa o sol com a peneira,  quem conhece Deus sabe que ele é justo, vamos confiar apenas",0,1,FP,1.0
BernoulliNB,3,"Estamos no segundo turno, e ficar xingando nordestino não resolve, tem que conseguir voto, e não vai conseguir os xingando!",0,1,FP,1.0
BernoulliNB,3,"Pessoal vamos analisar uma coisa, até agora tudo que a esquerda tentou fazer para derrubar o Bolsonaro, se voltou conta ela mesma. Então vamos confiar que Deus continua no controle de tudo, e essa fralde será descoberta e os culpados serão presos. Eles precisam ser presos para o Brasil ficar livre dessas crápulas.

Deus é Deus!!
Tem promessas para o Brasil!!",0,1,FP,1.0
BernoulliNB,3,Infelizmente o PT tomará conta do nosso Brasil que Deus tenha misericórdia de nois,0,1,FP,1.0
BernoulliNB,3,"Desculpa o desabafo más gostaria q o Bolsonaro tivesse a coragem do ciro, do Roberto geferso,junto com com sua honestidade, Roberto geferso dizia tá na hora capitão, tá na hora capitão, o Olavo de Carvalho tbm avisou, eu acho que excesso de 4 linhas e orgulho e estrelismo Bolsonaro  entregou o país pro comunista. tinha que acionar 142",0,1,FP,1.0
BernoulliNB,3,Muito estranho mesmo. Aqui no bairro em São José de Ribamar está um silêncio mortal desde os 50% das urnas sendo favoráveis ao Lula Molusco,0,1,FP,1.0
BernoulliNB,3,"Chora e segue o líder, seu filho da puta",0,1,FP,1.0
BernoulliNB,3,"Uma coisa seja dita, esse pessoal de esquerda não consegue mais sair na rua  sem ser esculachado!!!!",0,1,FP,1.0
BernoulliNB,3,":police_car_light: AQUI ESTÁ A REAL SITUAÇÃO DO BRASIL
A MAIORIA DAS INSTITUIÇÕES DE ESQUERDA SOCIALISTA COMUNISTA 
ANO QUE VEM SÓ VÃO OFICIALIZAR COM UMA NOVA CONSTITUIÇÃO SOCIALISTA COMUNISTA",0,1,FP,1.0
BernoulliNB,3,Gente e bem isso q eles qrem enquanto o povo fica contra o nordestino eles roubam.,0,1,FP,1.0
BernoulliNB,3,"Me desculpa se foi ofensa a algum nordestino.

Sei que não são todos.

Mas tomara q seja somente fraude eleitoral",0,1,FP,1.0
BernoulliNB,3,"Muito obrigado pelos mais de 39.000 votos, fico imensamente grato por ter sido eleito deputado estadual em nossa Bahia para representar a nossa direita raiz. Por DEUS, pátria, família, vida e liberdade.",0,1,FP,1.0
BernoulliNB,3,"Mas, fato é que xingar o nordestino não é a solução, só vai dificultar mais na hora de buscar o voto",0,1,FP,1.0
BernoulliNB,3,"Enfim...
Vamos focar na força quê temos.
Compartilhar vídeos reais, fatos...
Vamos mostrar ao máximo o que a esquerda é.",0,1,FP,1.0
BernoulliNB,4,O boso vai ficar louco sem o apoio do ACM NETO na Bahia,0,1,FP,1.0
BernoulliNB,4,"Repassem para os amigos que associam orçamento “secreto” à corrupção… essa foi a narrativa mais inteligente que vi da imprensa e da esquerda para destruir o oponente- eles são craques nisso… a propósito, acho o dito “orçamento secreto” muito mais barato e transparente que colocar estatais e ministérios nas mãos dos políticos/partidos aliados…",0,1,FP,1.0
BernoulliNB,4,":Brazil: *Aqui o moleque do ACM NETO se aproveitando do Presidente Bolsonaro e do indicado pelo Presidente para o Governador da Bahia ( o ROMÃ ), para poder se promover. TOMA VERGONHA nessa cara ACM NETO!!!! Mentiroso, aproveitador, sínico igual ao avô.*:Brazil:",0,1,FP,0.9999999998611315
BernoulliNB,4,Eu tenho um amigo gay e ele é Bolsonaro de carteirinha,0,1,FP,1.0
BernoulliNB,4,Sua opção sexual nada tem a haver com a melhora do país,0,1,FP,1.0
BernoulliNB,4,"Pois é, tá aí outra coisa que essa esquerda não leva em conta:woman_shrugging_medium_skin_tone:",0,1,FP,1.0
BernoulliNB,4,Para eles até o Papa e o Padre Julio Lancelotti são de esquerda.,0,1,FP,1.0
BernoulliNB,4,*O que os Generais Esperam que o Alexandre de Moraes faça? Que Prenda um General do Alto Escalão?                                   Então que se Dê a Ele este General!                         Talvez Ferindo a Farda vocês Sintam a Dor do Brasileiro Comum que Está Vendo Sua Liberdade Ser Arrancada a Forceps.          Falta o que? Motivos Vários Já Existem. Sinais a Provisões....           Falta a Cabeça de Caxias!?                                Falta o Pudonor Militar Respondo Eu!                       Lincoln Samá Candidato a Federal MS 7738 Cristão Patriota Conservador Militar.*,0,1,FP,1.0
BernoulliNB,4,"Eles esses vagabundos malditos podem fazer tudo bem as claras na nossa cara e não acontece nada, lembro-me do Felipe Martins o acessor de política internacional da presidência um vez estava numa entrevista e somente porque fez um simples gesto de arrumar o paletó foi motivo de processo e foi uma loucura, uma aberração daquele VAGABUNDO do randolfe Rodrigues",0,1,FP,1.0
BernoulliNB,4,É só você ver quem tá do lado da esquerda para você tomar nojo,0,1,FP,0.9999999824255498
BernoulliNB,4,Tentaram matar um candidato de bolsonaro no RN . Seguranças reagiram e mandaram 1 pro inferno,0,1,FP,1.0
BernoulliNB,4,A ESQUERDA VAI DIZER QUE É MENTIRA:money_bag:LULA E SEUS GASTOS DE:money_bag::money_bag::money_bag::money_bag::money_bag::money_bag::money_bag::money_bag::money_bag::money_bag::money_bag::money_bag::money_bag::money_bag::money_bag::money_bag::money_bag::money_bag::money_bag::money_bag::money_bag::money_bag::money_bag::money_bag::money_bag::money_bag::money_bag::money_bag::money_bag::money_bag::money_bag:,0,1,FP,0.9999999099416114
BernoulliNB,4,".
:Brazil::oncoming_fist::Brazil: No RN a guerra já começou. O crime organizado em conluio com os esquerdistas tentaram matar candidatos Bolsonarista 
  Mas deu ruim pra eles. É para isso que estão querendo o povo Desarmado ??? Para  o povo ser presas  fáceis do crime organizado e da esquerda?  Os Seguranças reagiram e mandaram 1 pro inferno bater papo com o capeta! :oncoming_fist::Brazil::oncoming_fist::Brazil::oncoming_fist::Brazil:",0,1,FP,1.0
BernoulliNB,4,"GOLPE, para a esquerda dos EUA, é o Lula não ser eleito pelo Xandão no dia 02 de outubro de 2022.",0,1,FP,1.0
BernoulliNB,4,"Qual o sentido de estar em um grupo de direita, sendo esquerdista",0,1,FP,1.0
BernoulliNB,4,"Isso mesmo se elegeu ,depois traiu o presidente, gostei do Padre defendeu e ajudou muito a colocar todos dizendo que são todos da esquerda, tudo farinha do mesmo saco",0,1,FP,1.0
BernoulliNB,4,Tomara que a esquerda nunca mais assuma o comando desse país,0,1,FP,1.0
BernoulliNB,4,Essa é uma alma muito sebosa mesmo lobo em pele de cordeiro :ogre:,0,1,FP,0.9999996653261851
BernoulliNB,4,Não achei o aplicativo do fiscal acho que a esquerda já derrubou....,0,1,FP,1.0
BernoulliNB,4,"Tinha que ser Ddd 13 , lugar que tem bastante esquerda , ou tinha , vai saber …",0,1,FP,1.0
BernoulliNB,4,"*O futuro do Brasil está em suas mãos. Diga não ao comunismo*.
*Pense bem em seus filhos e netos na hora de depositar seu voto na urna, este momento não é um jogo de futebol.*

*#Deus, Pátria, família e liberdade :folded_hands::Brazil:*",0,1,FP,1.0
BernoulliNB,4,Sempre falei que não é normal essa raça querer ensinar sexo para crianças (escola se aprende a ler e escrever).,0,1,FP,1.0
BernoulliNB,4,O Deus dos bolsonarentos é mamon. Tudo fariseu.,0,1,FP,1.0
BernoulliNB,4,Sei que não se muda o voto de ninguém isso e livre!mas votar no pt e ser conivente com as milhares de mortes nos corredores dos hospitais  por falta de dinheiro pra saúde e ser conivente com a miséria que era oferecido aos nordestinos e prejudicar o futuro dos meus filho e do seu que vota no pt isso não e uma afronta com quem vota no pt e sim um pedido se vc não pensar nos meus filhos pensem nos seus filhos e sobrinhos que vão herda a sua escolha pense nisso e quando vc estiver velho não só se arrependa também tenha coragem de falar pra eles e o presente deles foi vc que escolheu no passado.,0,1,FP,1.0
BernoulliNB,4,"Prezado. Não é conhecimento de esquerdista. É conhecimento de estatística.
Estudei em instituto militar. Busque livros sobre inferência estatística, e vc verá que, ao analisar uma parte como amostra, é possível ter uma estimativa do todo da população.

A gente não precisa ser contra a ciência pra ser de direita.",0,1,FP,1.0
BernoulliNB,4,"Você e o ADM não souberam interpretar de forma coerente o que de fato eu quis trazer. Mas enfim, direita e esquerda todo lado tem pessoas com poucos neurônios.",0,1,FP,0.9899394218527058
BernoulliNB,4,O fodendo valer branco,0,1,FP,1.0
BernoulliNB,4,Hj em nome de Jesus venceremos o mal poderemos dizer Lula nunca mais,0,1,FP,0.7366767296610831
BernoulliNB,4,"O modo como os homessexuais são tratados pela mídia muitas vezes é desnecessário, o cidadão precisa ser tratado com caráter assim como os demais",0,1,FP,1.0
BernoulliNB,4,"O país é laico  . Lula não vive com o nome Deus usando na boca. Como vejo certo candidato fala o nome Deus , mas , rouba , mente , debocha de quem morreu pela COVID ( sem empatia cristã ) , tem várias mulheres e divórcios , onde o cristianismo proibi o divórcio . E tanta merda ...  E ainda adora imagem que minha vó diz que quem adora imagem tá adorando o satanás .",0,1,FP,1.0
BernoulliNB,4,"Em boa parte existem pessoas mais leigas, o que é uma lástima. Mas infelizmente muitos ainda não enxergam que o PT só usa boa parte como massa de manobra, mas aqui ainda tem muita gente que deseja expurgar esse mal daqui. Obs, parem de chingar os nordestinos, outra coisa, sou do extremo Sul da Bahia e aqui a maioria são Bolsonarista. Grata!",0,1,FP,1.0
BernoulliNB,4,"1° Turno contra a Globo, contra todos os jornais, contra o Chandão, contra todos dos STF, contra todas as pesquisas malignas, contra a esquerda do mal....... O cara é Mito mesmo e único. O cara é foda. Fico emocionado em prantos se isto acontecer :folded_hands:.",0,1,FP,1.0
BernoulliNB,4,"4 DEPUTADOS FEDERAIS  MAIS VOTADOS PARANÁ
DELTON
FELIPE BARROS
GLEICE
BETO PRETO 
2 PETISTAS",0,1,FP,1.0
BernoulliNB,4,"Ele confiou nas forças armadas..... Bolsonaro é muito direito e passivo, gosta de usar a linha certa. Por isso deitam e rolam nele",0,1,FP,1.0
BernoulliNB,4,Todos os estados reclamando que a esquerda nunca teve tanto voto,0,1,FP,1.0
BernoulliNB,4,Nada de generalizar deve ser a ovelha negra onde passa kkk vai toma uma que passa João kk fi do Lula kkk,0,1,FP,1.0
BernoulliNB,4,"Para com isso gente, porque se voces não são nordestinos e tem este pensamento, e nao conseguiram ganhar uma eleição, o Nordestino ganhou! E desta forma como voces que não sao nordestino agindo e falando desta forma para o segundo turno no nordeste, a gente vai perder até os poucos votos pra Bolsonaro que ja temos!",0,1,FP,1.0
BernoulliNB,4,Verdade portela fraca os assessores Bolsonaro não batem na esquerda deixa eles a vontade,0,1,FP,1.0
BernoulliNB,4,"Gente, não vamos culpar o povo. Eu duvido q o nordestino deu essa rasteiras Bolsonaro! Com certeza q é fraude!",0,1,FP,1.0
BernoulliNB,4,"Av. Paulista ao vivo pela CET :

NENHUM lulista comemorando !
Cadê os 47,6#% ?????",0,1,FP,0.9999995392427574
BernoulliNB,4,"O narcotráfico manda aqui, eles estão por traz de muitos políticos e  dos deuses do Olimpo",0,1,FP,0.9999956682273167
BernoulliNB,4,"Se querem um pais melhor, mais rico, com melhores condições de vida, mais empregos e melhores salários, já existe exemplos e modelos a serem seguidos, no caso da direita",0,1,FP,1.0
BernoulliNB,4,"VAMOS LUTAR PELO BRASIL DE NOSSOS FILHOS, NETOS, JOVENS E CRIANÇAS! FORA COMUNISMO!! :Japanese_symbol_for_beginner::Japanese_symbol_for_beginner::Japanese_symbol_for_beginner: NOSSA BANDEIRA JAMAIS SERÁ VERMELHA!!! DEUS, PÁTRIA, FAMÍLIA, LIBERDADE #Bolsonaro22",0,1,FP,1.0
BernoulliNB,4,Infelizmente fomos roubados e o Brasil caiu nas mãos da esquerda e não o que fazer.,0,1,FP,1.0
BernoulliNB,4,"O povo brasileiro covarde merece ser governador pela esquerda pois não terá coragem de enfrentar o congresso que quem resolve que tenhamos voto impresso no segundo turno é o congresso através da pressão imediata do povo 
Ingenuidade a nossa e a do nosso presidente em pensar que o sistema ia ficar dentro das 4 linhas 
Fizeram de tudo e o presidente na certeza que iria ganhar no primeiro turno se calou achando que manifestações por todo Brasil surtiria efeito de vitória",0,1,FP,1.0
BernoulliNB,4,Está aqui para confundir e tirar votos? Essa é  uma tática esquerdista.,0,1,FP,1.0
BernoulliNB,4,"Quanto mais a pessoa considerar a igualdade absoluta entre todos os povos para ser uma condição desejável, mais à esquerda vai estar no espectro ideológico. Quanto mais uma pessoa considera a desigualdade como inevitável ou mesmo desejável, o mais para a direita será"", declara Roderick Stackleberg, estudioso do tema que enquadra o fascismo como direita.
No fascismo, o que é incompatível com a lógica de esquerda, há entes naturalmente superiores e inferiores no funcionamento orgânico da sociedade.",0,1,FP,1.0
BernoulliNB,4,"Se apega ao espírito corrompido da época, para dizer que é intelectual. Por toda essa facilidade (Mídia, livros do mec) todo mundo seria intelectual.",0,1,FP,1.0
MultinomialNB,0,Eu não sou gay. Sou hetero e tenho namorada. Mas curto um papo com macho sabe falar uma putaria e tals,0,1,FP,0.9318049335026618
MultinomialNB,0,"Bruno Roberto mais uma vez, novamente, again... Juntinho com a esquerda! Eleitores de Bolsonaro que votam nesse cara, me perdoe, mas são ingênuos demais",0,1,FP,0.998994818827525
MultinomialNB,0,"Porque que a OAB fica se metendo em compromissos que não tem nada a ver com ela,por exemplo hoje ,que esta citado ai no vídeo acima,o povo não vota  neles,então por fica se metendo nesses assuntos,apesar de sabermos que essa instituição que deveria ser neutra é de esquerda",0,1,FP,0.999999999998181
MultinomialNB,0,"Muito obrigado Igor. Antifas digitais, pessoas odiosas querem desidratar os grupos de direita porque sabem que vamos pro combate e venceremos. Todos esses canalhas cairão um a um, a começar pelo rato-mor de 9 dedos",0,1,FP,1.0
MultinomialNB,0,"A droga causa dependência e obediência, por isso é viável para a esquerda.",0,1,FP,1.0
MultinomialNB,0,"Como eu disse faz igual o Bozo, liga para o Temer.
Que vergonha alheia.
Normal do Bozo.....
Passar vergonha
Cadê o 7 de setembro,liga aí para o Temer. Kkkkkkkk",0,1,FP,0.9999999993442543
MultinomialNB,0,"Espero que cada Patriota deste nosso Brasil tenha 1/3 da coragem deste cidadão.

Com certeza ele deve ter apanhado bastante ou morto neste ninho de serpentes.

Enquanto tiver um Bolsonarista em pé, Lula e seus seguidores não terão sossego.",0,1,FP,1.0
MultinomialNB,0,"Nāo esqueçam quem mandou você FICAR EM CASA. Quem tratou o cidadāo de bem como BANDIDO. FORACASAGRANDE. MANATO 22 , BOLSONARO 22, MAGNO MALTA 222, GILVAN DA FEDERAL 2222",0,1,FP,0.9941960773329795
MultinomialNB,0,"Gigante ele vai ficar se não se aliar com marginais, pra cima Ciro quebre onde quebrar, Bolsonaro e Lula são iguais",0,1,FP,0.9999999964061317
MultinomialNB,0,"Bolsonaro triturou a cleptocracia unida, contra a verdade não existem argumentos.
A oposição corrupta unida se fudeu durante 4 anos inventando mentiras contra o presidente, sem que nenhum ilícito sequer tenha sido provado, tudo falácia, ilação infundada, falsa narrativa, bravata politiqueira, em nome do roubo em sequência que acontece desde o governo Sarney e que sempre foi escondida por essa mídia militonta, responsável por muita postura idiota, desse tanto de idiota que a gente ainda vê por aí depois de tanta merda que já aconteceu!!!

Esse debate maravilhoso, vem pra coroar e confirmar com chave de ouro, o único resultado aceitável para essas eleições, a reeleição do melhor presidente que esse país já teve, Jair Messias Bolsonaro!!!
:Brazil::Japanese_symbol_for_beginner::Brazil::Japanese_symbol_for_beginner::Brazil::Japanese_symbol_for_beginner:",0,1,FP,1.0
MultinomialNB,0,"Um cidadão que se diz crente Apoiar um homem que é contra a família, contra a igreja, é um absurdo. É um Judas",0,1,FP,0.9999999799219952
MultinomialNB,0,"E que Deus nos livre de todo mal, que essa maldita esquerda quer nos impor",0,1,FP,1.0
MultinomialNB,0,O *genocida* é funcionário da década no inferno.,0,1,FP,0.9999999877309165
MultinomialNB,0,"Esse meu Presidente é um esculacho caracolis, desbundou essa ridícula, bem feito, ficou com cara de tacho. Olha a expressão dela de ódio, caracolis amo, amo esse meu presidente, bem feito para essa sujeita ridícula. Nunca mais ela vai querer se meter com presidente, eu acho melhor é ela se recolher a insignificância dela. Lamentável que essa boçal ainda terá mais 4 anos pra infernizar a nossa vida. Porque senão ela sairia já não só ela, como a Simone Tebet e muitos outros, que na próxima vão cair fora mesmo.",0,1,FP,0.9999999979404492
MultinomialNB,0,É bem capaz de Neymar ter cido cancelado mesmo porque a democracia só existe para a esquerda. Bastou o cara declarar voto a Bolsonaro para esquerda pegar no pé.,0,1,FP,1.0
MultinomialNB,0,"É mais fácil desconfiar do caráter do padre que acabamos de conhecer. “Com certeza é safado” 

Mas do corrupto do século não, claro que não!
 Loola 
“O homem mais honesto do mundo.”",0,1,FP,0.9999997962677506
MultinomialNB,0,"Ainda tem uns imbecis que fala que o Lula não vai transformar o Brasil numa Venezuela.
Cada dia vemos exemplos não podemos ter liberdade de expressão!
Nenhum famoso pode escolher voltar no Bolsonaro!
A gente vê que as fake só rola quando o cara vai lá e a firma voltar no bolsonaro!
Contas nas redes sociais são fechadas!
E você só vê isso na direita só ver fechar contas de pessoas da direita! Isso é perseguição as provas estão aí.",0,1,FP,0.9999777781940594
MultinomialNB,0,"Ser conciente e' diferente, e' ver realidade.  Conciente sim, imbecil jamais.",0,1,FP,0.9188959131848904
MultinomialNB,0,"Tem importância sim essa esquerda são assim de briga, o povo precisa saber como eles agem, mostram como ekes realmente são.",0,1,FP,0.9999999999949978
MultinomialNB,0,Ah dá licença né meu amigo você é dizer que você é de direita acreditar na pesquisa do Datafolha é só é para acabar né não tem como né de uma pesquisa que é de esquerda rapaz não tem só você mesmo para acreditar mas fiquei acreditando então cara que a lavada vai ser grande!!!,0,1,FP,0.9999999999990905
MultinomialNB,0,Acabou mais ainda está sendo usado como munição da esquerda que não querem assumir suas responsabilidades nas mortes de muitas pessoas.,0,1,FP,0.9999999999445208
MultinomialNB,0,O problema seu demagogo hipocrita: a bandeira do brasil   Nunca foi valorizada pelo pt..a causa desse filho puta e o foro de São Paulo e a dominação da América Latina . Quando que Lula usou o verde e amarelo nas suas campanhas? Nunca,0,1,FP,0.9999999954511622
MultinomialNB,0,"Quem mora fora é rico. 

Gente que ganhou dinheiro só na época lula!",0,1,FP,0.8804728370321508
MultinomialNB,0,"O presidente se reelegendo, vai criar condições para a direita ficar pelo l seis mandatos cuidando do país:Brazil:",0,1,FP,0.8430479345363673
MultinomialNB,0,"Calma gente, a ideologia dominante é de quem domina e quem domina o mundo infelizmente é a esquerda",0,1,FP,1.0
MultinomialNB,0,"Ganha sim cara, lembra que em 2018 só tinha esquerdista concorrendo, era Meirelles, Alckmin e Bolsonaro ganhou",0,1,FP,0.9985717372867488
MultinomialNB,0,"O povo nordestino é o mais hospitaleiro e que tem maior gratidão. Jamais o ladrão Lula tem maioria com eles.
Se eu fosse o Bolsonaro desistia, porque vão roubar de qualquer maneira.
Fraude nas urnas.",0,1,FP,0.7318512326187911
MultinomialNB,0,Tá na hora de virar extrema Direita e resolver os problemas,0,1,FP,0.7635600631100814
MultinomialNB,0,"Nordestina, preta, Bolsonarista e mãe de 3 meninos e sem filtro, isso aí é a luz da academia. :face_blowing_a_kiss: e também estudo e trabalho. A tua eu não abri, pq já vi no perfil que não vale a pena, a minha eu sei que tu vai, pq é curiosa mesmo. :face_with_tears_of_joy::face_with_tears_of_joy::face_with_tears_of_joy:",0,1,FP,0.998271137134682
MultinomialNB,0,Cap Wagner é ilusão tb man.. ilusão.. lembra do motim.. coisa de esquerdista.. ae viu q num era pela esquerda q ele conseguiria.. ae tentou e n conseguiu nada c essa tática de neutralidade.. se fudeu,0,1,FP,0.9999999999986358
MultinomialNB,0,"Verdade nesse momento tem que tratar todos bem e tentar concientizar eles, mostrando às pautas que o governo de esquerda tem para o país.",0,1,FP,1.0
MultinomialNB,0,Vamos convencer o pessoal que o benefício com a Direita será muito maior,0,1,FP,0.9999999976216714
MultinomialNB,0,"Primeiramente vc tem que conhecer a maçonaria antes de falar merda!!! A maçonaria não e uma religião, A maçonaria e uma instituição que uni diversos conceitos diferentes. Hoje na maçonaria tem cristão, espíritas, judeus, católicos. Outra coisa ! Pelo fato do bolsonaro ter visitado a maçonaria não significa que ele seja maçom.  Se for assim lula e macumbeiro por visitar terreiros de macumba e receber santos dos macumbeiros:man_shrugging_light_skin_tone::man_shrugging_light_skin_tone::man_shrugging_light_skin_tone:",0,1,FP,0.9999999991296136
MultinomialNB,1,E a esquerda tenta impedir o trabalho,0,1,FP,1.0
MultinomialNB,1,E outro frustrado ia levar um cargo com a esquerda agora vai levar e uma rasteira,0,1,FP,1.0
MultinomialNB,1,"Vc tá equivocado amigo ,não quero saber quem apoia Pedro não ,quero saber.pq apoiar um cara neutro em relação ao presidente ,a luta não é mudar a Paraíba não é o cenário nacional ,Pedro só quer vantagem é filho de cassio",0,1,FP,0.9999809607591351
MultinomialNB,1,A eleição do Romário SÓ FAVORECE A ESQUERDA. Ele é o candidato da esquerda.,0,1,FP,1.0
MultinomialNB,1,Dizem qui o nordestino é com o lula... vai vendo Brasil...:face_with_hand_over_mouth::face_with_hand_over_mouth::face_with_hand_over_mouth::face_with_hand_over_mouth::Brazil::Brazil::Brazil::Brazil::Brazil:.,0,1,FP,1.0
MultinomialNB,1,"ECONOMISTAS APOIANDO CANDIDATO DE UM PARTIDO AO QUAL SÃO CRÍTICOS, PARTIDO QUE NÃO DIVULGA PLANO DE GOVERNO, QUE DIZEM AOS QUATROS CANTOS QUE NÃO IRÃO RESPEITAR O TETO DE GASTOS, QUE LEVOU O PAÍS AO CAOS, ALGO DE ESTRANHO HÁ POR TRÁS DISSO !!",0,1,FP,0.7865862758268644
MultinomialNB,1,Que Deus nos livre do PT :loudly_crying_face:,0,1,FP,1.0
MultinomialNB,1,"Socialista, mas o modelo de socialismo deles é diferente do modelo Sovietico, por exemplo...

Se fosse implantado aqui, não seria nenhum desses modelos...

Seria um modelo que levaria em conta a cultura brasileira.",0,1,FP,0.6623455368782005
MultinomialNB,1,Agora o pessoal do Bolsonaro vai dizer que a PF é de esquerda,0,1,FP,0.9999999999931788
MultinomialNB,1,Esses petistas tem um jeito estranho de fazer pesquisas e enquetes... eu hein... :face_with_hand_over_mouth::face_with_hand_over_mouth::face_with_hand_over_mouth::face_with_hand_over_mouth:,0,1,FP,0.9971120877761255
MultinomialNB,1,Alguma vantagem.... conheço um dono de oficina msm que é petista doente ....quando a prefeitura ganha alguém do PT os consertos de carro faz exclusivamente lá,0,1,FP,0.9967632261311234
MultinomialNB,1,Record: Militantes de esquerda jogam fezes na porta da igreja universal.,0,1,FP,1.0
MultinomialNB,1,"Felipe da Ave se une com a puta 


A puta morreu de vez hoje 



A Tronik desceu 14 palmos ao invés de 7 


O Ciro não bateu em mulher e nem em repórter hoje 


O padre mostrou que leva para o chão e finaliza kkkk



Bolsonaro ganhou de novo e vai ser reeleito



Fim de papo",0,1,FP,1.0
MultinomialNB,1,Ainda bem que tem o padre pra fazer um exorcismo nesse cara do capeta,0,1,FP,0.998551704988635
MultinomialNB,1,"Rapa, o Bozo é amigo do Roberto Jeferson e do Collor",0,1,FP,0.9216618592448423
MultinomialNB,1,"Maior? Só se for o mais fracasso da esquerda, pesquisas falsas querendo apenas colocar um candidato no poder. É só por as pesquisas de 2018, onde a mesma fonte dizia que Bolsonaro perdia até pra Marina no segundo turno. kkkkk ai ai sem credibilidade nenhuma",0,1,FP,0.9999999879196366
MultinomialNB,1,"Meu amigo eu não sou e nunca fui petista, se quer saber se sou de esquerda ou direito minha resposta é que sou católico",0,1,FP,0.9999796596998316
MultinomialNB,1,"Hoje pela manhã dois amigos se encontram no estacionamento da empresa, um bolsonarista outro lulista.

 O bolsonarista pergunta: vc viu o padre, ontem?

 O lulista ainda puto, com certeza passou a noite em claro, responde: vai vtc!

O bolsonarista, calma!

O lulista: calma? Vc me pergunta *se eu vi a do padre*, vai vtc de novo!

O bolsonarista: eu perguntei se vc viu o padre, ontem?

O lulista: desculpa, entendi errado!

O bolsonarista aproveitando o gancho: *se vc não viu a do padre levanta a batina*:face_with_tears_of_joy:",0,1,FP,0.9999999975780156
MultinomialNB,1,Olha aí o que a esquerda já está fazendo lá na Nicarágua.,0,1,FP,1.0
MultinomialNB,1,"Se tem algo que buga a minha mente, é ver cristão apoiando partido de esquerda.",0,1,FP,0.999999999998181
MultinomialNB,1,"Infelizmente essa é a realidade se muitos adolescentes e jovens que foram adestrados a odiar o capitalismo,  a direita,  os patrões,  as leis, a ordem, a família,  os valores, o patriotismo... seguidores do molusco. Cabeça de camarão :fried_shrimp: não pesquisam, não lêem, não comparam... simplesmente militantes  fanáticos. :woman_facepalming_light_skin_tone::woman_facepalming_light_skin_tone::woman_facepalming_light_skin_tone: Temos que lutar por eles  e pelas futuras gerações.",0,1,FP,1.0
MultinomialNB,1,A turma de esquerda já esta tudo murcha cadê eles a vaca já foi pro brejo kkkkkkkkkk,0,1,FP,1.0
MultinomialNB,1,"Olham só a diretora da escola entregando os santinhos da esquerda na fila de votação no dia das eleições, favor alguém pode entregar essa pilastra da diretora para a justiça!",0,1,FP,0.9999999999995453
MultinomialNB,1,"Boa tarde, complexo de vira lata, acho a minha pátria e o Brasil, portanto, boa ou ruim é o meu lugar, puxar saco de americano não vai resolver nada, precisamos corrigir nossos defeitos , e parar de achar que o Brasil só tem coisa ruim, ou vcs acham que na América não te favela, não tem fome, não tem corrupção, claro que tem, só não fazem propaganda da desgraca igual nos",0,1,FP,0.9944093271669066
MultinomialNB,1,"Calma gente até foram apuradas apenas 20% das URNAS, AINDA FALTA MUITO MUITO. PATRIOTAS O PT É UM PARTIDO GRANDE E TÊM MILITÂNCIA, ELA AINDA É FORTE E TÊM MUITA FORÇA. NÓS SOMOS APENAS UM MOVIMENTO DA DIREITA CONSERVADORA, NÓS NÃO TÊMOS PARTIDO PRA ORIENTAR, CENTRALIZAR E ORGANIZAR OS PATRIOTAS PARA UMA DISPUTA ELEITORAL GRANDE COMO ESSA. NÓS ESTAMOS UNIDOS PELO PATRIOTISMO E POR UM SENTIMENTO DE REVOLTA POR TUDO TUDO QUE ACONTECEU NO BRASIL NO GOVERNO PT AO LONGO DOS ANOS.",0,1,FP,0.6937345616498217
MultinomialNB,1,Nosso povo é um povo sofrido e não totalmente alfabetizado se leva fácil pelas propostas da esquerda,0,1,FP,1.0
MultinomialNB,1,"Não generalizando, mas a maioria gostava da mordomia de receber bolsa familia de 130 reais e não ir trabalhar!! Por isso querem Lula de volta. Ah tnc enquabto uns querem empregos eles so querem voltar pro mundo preguiçoso",0,1,FP,0.9998921314338204
MultinomialNB,1,"Meu Deus o Congresso será 90 %  por certo Esquerdista 


Meu Deus o Congresso será 90 %  por certo Esquerdista 





Meu Deus o Congresso será 90 %  por certo Esquerdista


Meu Deus o Congresso será 90 %  por certo Esquerdista 


Meu Deus o Congresso será 90 %  por certo Esquerdista 





Meu Deus o Congresso será 90 %  por certo Esquerdista




Meu Deus o Congresso será 90 %  por certo Esquerdista 


Meu Deus o Congresso será 90 %  por certo Esquerdista 





Meu Deus o Congresso será 90 %  por certo Esquerdista",0,1,FP,1.0
MultinomialNB,1,"Primeiro de tudo é Deus na frente! Sem dúvidas, as forças armadas precisam  fazer as checagens das urnas.",0,1,FP,0.9623703385349288
MultinomialNB,2,"Juízes indicados pela esquerda , fazendo censura a Jovem Pam porque fala mais bem do que mal do presidente !",0,1,FP,0.9929565322087437
MultinomialNB,2,Jornalista toma uma invertida de uma senhora nordestina,0,1,FP,0.9999999999990905
MultinomialNB,2,"Das fakes que eles gostam de espalhar!
Isso aí é porque pegaram à esquerda planejando algo suspeito.",0,1,FP,1.0
MultinomialNB,2,A eleição do Romário só favorece a esquerda. DANIEL SILVEIRA E O ÚNICO CAMINHO PARA FREAR OS ABUTRES DE TOGA! A perseguição ao Daniel é justamente o pânico que ele provoca no STF e na esquerda.,0,1,FP,0.9998225389728644
MultinomialNB,2,Nem lular . Nem bolsonario vai fechar as igrejas não por que só um Deus e  ele é maior do que todos ...,0,1,FP,0.9935166992168923
MultinomialNB,2,"Quando você Capixaba for votar no Casagrande, lembre-se deste vídeo. Um governador que quebrou vários comércios e destruiu muitas famílias não pode ser reeleito.
Acorda Espírito Santo!
Não reeleja Casagrande, repasse sem dó. Lembra do: FIQUE EM CASA? Agora ele vem com: FIQUE EM CASA *SE PUDER* hipócrita mentiroso.
 Um dos pouquíssimos ou o único estado da federação que vota num presidente de direita mas prefere continuar votando num governador comunista de esquerda :enraged_face::enraged_face::enraged_face::enraged_face: . Vote num governador que apoia Bolsonaro. Assim teremos inúmeros recursos a mais. Vote Manato 22 :Brazil::Brazil::Brazil:",0,1,FP,0.9999999998331077
MultinomialNB,2,Bom dia! Vocês sabem que lula se inspira em Fidel castro e CheGuevara com certeza. Mas vocês sabem como eles trataravam negros e gays?,0,1,FP,0.999994381325319
MultinomialNB,2,"Desculpe, esqueço que vc é esquerdista.
Ministro Alexandre de Moraes não é suspeito? Não abusou em nada? Não fez pior que o supostamente feito pelo moro?",0,1,FP,0.9999999990636752
MultinomialNB,2,Vídeo que a esquerda não gosta.,0,1,FP,0.9999999838964869
MultinomialNB,2,"É típico mesmo, politicos de esquerda se apropriam da coisa pública em benefício próprio, sempre foi assim, é a esculhambacão com a coisa pública.",0,1,FP,1.0
MultinomialNB,2,Patriotas...confesso que não vou ter estômago pra instalar a globo na minha tv pra assistir o debate hj....imaginam o bombardeio??....,0,1,FP,0.9999999999954525
MultinomialNB,2,Uma vergonha um esquerdista mandou um padre ir pro inferno :man_facepalming_medium-dark_skin_tone:,0,1,FP,0.9997395507130199
MultinomialNB,2,Acho que a loira tem que aprender a respeitar um padre,0,1,FP,0.9999999999990905
MultinomialNB,2,":right_arrow:Bolsolão do MEC, esquema dos tratores, rachadinha do clã, laranjal do PSL, escolas-fake, cartão corporativo, Bolsolão do asfalto, Bolsolão do açaí, laranjal do PSL, propina na Secom... Difícil não é achar corrupção no governo Bolsonaro, é decidir qual caso é pior! #LulaNaGlobo

:right_arrow:O monstro de corrupção que Bolsonaro abrigou em Brasília desde 2019 tem nome e sobrenome: orçamento secreto! É ele que está no centro de tudo, o velho toma-lá-da-cá #LulaNaGlobo

:right_arrow:O problema do orçamento secreto não é só a falta de transparência: o esquema atropela leis orçamentárias, não publiciza valores e destinações e não garante qualquer distribuição igualitária: a receita para o troca-troca de apoios e votos que dá superpoderes ao Congresso.  #LulaNaGlobo",0,1,FP,0.9813799405485787
MultinomialNB,2,meu amigo....e quem é que não esta doido para dar umas porradas nesse vagabundo....:face_with_raised_eyebrow::face_with_raised_eyebrow::face_with_raised_eyebrow::face_with_raised_eyebrow:...até os petistas querem arrebentar ele...:smirking_face::smirking_face:,0,1,FP,1.0
MultinomialNB,2,"OI PATRIOTAS :Brazil::Brazil:!!!!

PASSANDO PRA LEMBRAR: :backhand_index_pointing_down_medium-light_skin_tone:

1) TODOS DE VERDE E AMARELO NO DIA DA VOTAÇÃO :Brazil: ;

2) TENHA ORGULHO DE DECLARAR O SEU AMOR PELA NOSSA PÁTRIA, COLOQUE UMA BANDEIRA :Brazil: DO BRASIL :Brazil: NO; SEU CARRO, NA JANELA DE SUA CASA, E ETC...

3) COLOQUE NA FOTO  DO SEU PERFIL UMA FOTO DA BANDEIRA :Brazil: DO BRASIL :Brazil:.

4) POSTE VÍDEO DESSE AMOR PELO BRASIL NAS REDES SOCIAIS!


ATÉ A VITÓRIA!

QUE DEUS ABENÇOE À TODOS :Brazil::oncoming_fist_medium-light_skin_tone::face_blowing_a_kiss:


*DIVULGUE*
*DIVULGUE*",0,1,FP,0.9999807579375134
MultinomialNB,2,Se empenhe hoje em fazer um clamor ao Senhor pela vitória a fim de que não tenha que fazê-lo futuramente para que ele enxugue suas lágrimas num cenário de quebradeira e fome como tem acontecido com nossos vizinhos que se deixaram levar novamente pelas ilusões da esquerda,0,1,FP,1.0
MultinomialNB,2,"*QUANDO AQUELE ESQUERDISTA CHATO FALAR QUE BOLSONARO NÃO FEZ NADA NO SEU MANDATO , POR FAVOR MOSTRE ESSE VÍDEO PRA ELE !*",0,1,FP,0.9999967231978216
MultinomialNB,2,"GENTE AMIGA E  IRMÃS BOLSONARIANA,  A COISA VAI FICAR SEM CONTROLE,  GUERRA CIVIL MESMO....VAMOS CLAMAR A DEUS!!!!",0,1,FP,1.0
MultinomialNB,2,Pois é meu amigo quem acredita em pesquisa da esquerda só pessoa da esquerda mesmo então tu parece ser um desses se é um esquerdício infiltrado no meio dos patriotas,0,1,FP,1.0
MultinomialNB,2,É mas pode ficar com o teu conhecimento esquerdista aí beleza valeu!,0,1,FP,0.999999635120342
MultinomialNB,2,Serei o cidadão mais feliz se o *Padre de festa de São João* ultrapassar o verme. :rolling_on_the_floor_laughing::rolling_on_the_floor_laughing::rolling_on_the_floor_laughing::rolling_on_the_floor_laughing::rolling_on_the_floor_laughing::rolling_on_the_floor_laughing::rolling_on_the_floor_laughing:,0,1,FP,0.9999882671729025
MultinomialNB,2,"Infelizmente ela será um nome forte no futuro. E o trabalho dela na CPI foi omisso, tendencioso e de esquerda. Mostra um caráter ao meu ver mais do mal do que do bem.",0,1,FP,0.9999999994720383
MultinomialNB,2,Esse ai se ficasse ia acabar com a nação brasileira menos os babão dele,0,1,FP,0.9999314201665822
MultinomialNB,2,"Olha o golpe da esquerda aparecendo. A tendência era Bolsonaro aumentar a diferença, não diminuir.",0,1,FP,0.9989266576415965
MultinomialNB,2,Eu sou nordestina. E voltei e vou votar no capitão quantas vezes precisar,0,1,FP,0.9999999999708962
MultinomialNB,2,"Zema é liberal. E abomina PT e tudo que vem da esquerda. Vai ter que se posicionar, e pra mim tá claro que vai apoiar o Bolsonaro no segundo turno",0,1,FP,0.9999880414876489
MultinomialNB,2,"Minha gratidão ao nordeste e ao nordestino.

“O sertanejo é, antes de tudo, um forte. Não tem o raquitismo exaustivo dos mestiços neurastênicos do litoral. A sua aparência, entretanto, ao primeiro lance de vista, revela o contrário.”
(Os Sertões - Euclides da Cunha)",0,1,FP,0.549540993980687
MultinomialNB,2,"Deveríamos lutar e dividir o país em 2, quem quer viver com ladrão socialista q viva com eles, quem quer a direita, família, Deus que fiquemos só lado direito.
Sou professora e não aguento mais essa porcaria de ideologia de genero",0,1,FP,0.9999999998167368
MultinomialNB,2,"Se forem pelo caminho da esquerda, também temos exemplos do que acontece na economia, sociedade, cultura, família…",0,1,FP,0.9998427352148641
MultinomialNB,2,"Enfim, Deus tenha misericórdia de nós e nossos filhos, são vai acreditar quando nosso país se tornar uma Venezuela",0,1,FP,0.9999061111443237
MultinomialNB,2,"Não existe voto orgânico na esquerda 

Lá só tem voto comprado",0,1,FP,0.999999999992724
MultinomialNB,2,"São estas informações que ou é por ingenuidade, ou é algum esquerdista que posta para nos confundir, e aí somos acusado propagar as tais fak News",0,1,FP,0.99999909971843
MultinomialNB,2,"Outra coisa relevante é que o fascismo não vive somente de concepções próprias, mas está constantemente se apropriando de definições dos outros e tomando o lugar de movimentos que se enfraquecem. Em 1919, Mussolini escreveu que o fascismo era contra o “atraso da direita” e a “destrutividade da esquerda”. ",0,1,FP,0.9437166557498108
MultinomialNB,2,Exatamente! Ela quer nos desanimar. Isso é  tática esquerdista. Vem de mansinho para desanimar o povo. Mas aqui não vai conseguir. Estamos unidos com o nosso capitão,0,1,FP,0.9999999775814106
MultinomialNB,2,"Se cada bolsonarista arrastar, convencer o voto de um indeciso/voto em branco a gente ganha essas eleições.",0,1,FP,0.999999999577085
MultinomialNB,2,Direita maior que centrao,0,1,FP,0.9999999989136086
MultinomialNB,3,Show :clapping_hands_light_skin_tone::clapping_hands_light_skin_tone::clapping_hands_light_skin_tone::clapping_hands_light_skin_tone::clapping_hands_light_skin_tone:   O Nordestino acordou,0,1,FP,0.9999961746848791
MultinomialNB,3,Deus não veio pros sadios  veios pros doente. Igual os médico. Vc tem jeito,0,1,FP,0.9997394924036812
MultinomialNB,3,Dia 8 de Outubro - Dia do Nordestino - Parabéns e um forte e calouroso abraço.,0,1,FP,0.9999999847318578
MultinomialNB,3,"BOM DIA! :Brazil::oncoming_fist: 
Vem aí uma vitória na sua vida que só terá uma explicação: Deus!
Faltam :keycap_0::keycap_5: dias! 
:thumbs_up:VOTE :backhand_index_pointing_down:
:keycap_1::keycap_4::keycap_1::keycap_2::keycap_0: - DEPUTADA ESTADUAL, ALANA PASSOS
:keycap_2::keycap_2: - PRESIDENTE, JAIR BOLSONARO
DEUS, PÁTRIA, FAMÍLIA E LIBERDADE! :Brazil::oncoming_fist:
#AdeputadadoCapitão  #OrdemeProgresso #fechadacomBolsonaro #Presidentevote22 #DeputadaEstadualvote14120 #AlanaPassos14120",0,1,FP,0.9999999999995453
MultinomialNB,3,Deputados e senadores eh o foco da esquerda vamos votar certo,0,1,FP,0.9999999970473255
MultinomialNB,3,"Vc está descrevendo o capitalismo...

Proletariado, no sistema capitalista é apenas o escravo moderno. 

Com a diferença que o burguês te usa para produzir e depois te usa para comprar as coisas que produz...",0,1,FP,0.9955153660174003
MultinomialNB,3,"Então o Senhor disse a ele: – Vocês, fariseus, lavam o copo e o prato por fora, mas por dentro vocês estão cheios de violência e de maldade. Seus tolos! Quem fez o lado de fora não é o mesmo que fez o lado de dentro? Portanto, dêem aos pobres o que está dentro dos seus copos e pratos, e assim tudo ficará limpo para vocês. – Ai de vocês, fariseus! Pois dão para Deus a décima parte até mesmo da hortelã, da arruda e de todas as verduras, mas não são justos com os outros e não amam a Deus. E são exatamente essas coisas que vocês devem fazer sem deixar de lado as outras. – Ai de vocês, fariseus! Pois gostam demais dos lugares de honra nas sinagogas e gostam de ser cumprimentados com respeito nas praças. – Ai de vocês! Pois são como sepulturas que não se vêem, sepulturas que as pessoas pisam sem perceber.
(Evangelho de São Lucas, cap. 11: ver. 39 ao 44) Quarta-feira 28-09-2022.",0,1,FP,1.0
MultinomialNB,3,Pesado foi a pistola que eu vi ! E nem precisava disso tudo se ele disseese : me dá tudo gordinha:face_with_symbols_on_mouth: só na sugesta eu tinha dado,0,1,FP,0.999999999998181
MultinomialNB,3,elegendo dep fed da esquerda darão um jeito de fazer o impeachement do presidente. Assim tira ele na boa e fazem nova eleição,0,1,FP,0.8433724234561087
MultinomialNB,3,Pra quem não sabe o q se esperar de um país q é governado pela esquerda. Assiste aí e veja o arrependimento dos colombianos!!  :eyes::flushed_face::melting_face:,0,1,FP,0.9999999999890861
MultinomialNB,3,O pau tá quebrando  até no Jardim de infância  :face_with_tears_of_joy::face_with_tears_of_joy::face_with_tears_of_joy::face_with_tears_of_joy::face_with_tears_of_joy::face_with_tears_of_joy: sobre política dizendo que o Luladrão  é ladrão.   Nova geração!! :folded_hands_light_skin_tone::folded_hands_light_skin_tone:,0,1,FP,0.9999999999990905
MultinomialNB,3,"Bora Paraíba faltam só 2 pontos pra virar aí. 

Não foi o ano passado, foi agora, a Paraíba está na rua e vc aí discutindo pisquisa, xandão e a PQP. 
Faça como os nordestinos  e inunde a time line e redes sociais das pessoas com os candidatos da Direita.",0,1,FP,0.9999999986976036
MultinomialNB,3,"Um padre desse deveria ser preso, fazendo comércio político dentro da casa de Deus.
Mas ele vem com esses engodos usando o nome de Deus e esquece que seu Jair Bolsonaro é a favor da TORTURA declaradamente e se esquece que Jesus Cristo morreu sob tortura. 
Hipocrisia e comércio político dentro da casa de Deus.",0,1,FP,0.9998782437870051
MultinomialNB,3,- O que explica o repentino rasgar das fantasias depois de tantos anos simulando uma falsa diversidade para que a mesma ideologia de esquerda imperasse por décadas no país é bem simples: DESESPERO! Foi o recurso que restou para tentarem impedir a libertação definitiva do Brasil.,0,1,FP,0.9999981632807745
MultinomialNB,3,lula em primeiro turno? nem o lula acredita nisso klkkkkkkkkkkkkk a esquerda esta de todo jeito tenrtando burlar as urnas. mais esse ano temos as forças armadas ta,0,1,FP,0.999999813891026
MultinomialNB,3,"Outubro está aí 

E o povo lulista só quer ter direito de expressão

Liberdade

Votar em paz

E se vencer

Venceu",0,1,FP,0.6444227852330058
MultinomialNB,3,Gente ... Ela excluiu a votação...e colocou um print do início onde o Lula estava ganhando...pq disse que foi atacada...pq questionaram ela perguntando se ele era preta? Como disse nos stories anterior...ainda disse que processará essa pessoa,0,1,FP,0.9999999639303503
MultinomialNB,3,"""o coração do sábio se inclina para direita, e o do tolo para a esquerda""",0,1,FP,0.8092453161864079
MultinomialNB,3,"Aí meus irmãos o que a esquerda faz kkkkkkkk lulinha tá sumido do debate, depois que confessou que roubava o menino se calou kkk",0,1,FP,1.0
MultinomialNB,3,Ciro sabe que não tem chance . Então está detonando Lula para tentar surgir em 2026 como o grande nome da esquerda.,0,1,FP,0.9999999999986358
MultinomialNB,3,Tebet tem tanto ódio do presidente que chamou a puta de presidente,0,1,FP,1.0
MultinomialNB,3,"E NÃO respeita a mãe dele, o caixão da esposa, tu achas mesmo que vai respeitar um padre com um crucifixo gigante na cara dele?",0,1,FP,0.961064989229151
MultinomialNB,3,Vejam o depoimento dessa cristã que veio da Nicarágua!!!                             No dia 02 de outubro vote certo. Não deixe a esquerda acabar com o a nossa Nação!!!    :Brazil::Brazil::Brazil::Brazil::Brazil::Brazil::Brazil::Brazil::Brazil::Brazil::Brazil::Brazil::Brazil::Brazil::Brazil::Brazil::Brazil::Brazil::Brazil::Brazil::Brazil:,0,1,FP,0.999999999996362
MultinomialNB,3,Cheio de razao. Que me desculpem os da esquerda. Votem certo. Bcs.,0,1,FP,0.7275721400295143
MultinomialNB,3,"Atenção senhoras e senhores vamos fazer um movimento aqui no whatsapp usando a foto do nosso presidente no perfil até sair o resultado dá nossa vitória nas urnas vamos colaborar com esse movimento e mostrar q juntos somos mais fortes, PT nunca mais, aqui presidente é Bolsonaro ,Deus Pátria e família.",0,1,FP,0.9999999982373993
MultinomialNB,3,É meu amigo mas então aí que tá quem é petista então era todo errado fazer as coisas errada vou agora enxergou a realidade o lado certo então quer dizer que as pessoas que era petista não pode ser de direita pessoa que era de esquerda ou então não pode ser de direito porque já errou acorda irmão!!,0,1,FP,0.999999999996362
MultinomialNB,3,"Mãe querida, 
Neste momento conturbado no nosso país, peço que interceda a Jesus por cada um de nós.
Grande é a nossa responsabilidade INDIVIDUAL e SECRETA, de através de números, escolher quem administrará o Brasil nos próximos anos….
Ninguém pode dizer que não conhece o caos que o Brasil atravessa e ignorar
a preocupante realidade dos nossos sofredores países vizinhos nas mãos de comunistas:crying_face:
NÃO queremos isto para os brasileiros, principalmente para os que têm uma vida pela frente…
Conceda-nos Mãe querida, a Paz e Sabedoria, ajudando-nos a escolher os que são também os escolhidos por VÓS !
Eu Creio, Confio e Espero",0,1,FP,1.0
MultinomialNB,3,"Padres de toda a nação se levantam, defendem o Evangelho e pedem que votemos em candidatos que defendam Deus, Pátria, Família e Liberdade!
Não se pode ser cristão católico e votar em candidatos da esquerda ao mesmo tempo.

_Ninguém pode ser ao mesmo tempo bom católico e verdadeiro socialista. ( Pio XI )_",0,1,FP,0.999895746166326
MultinomialNB,3,O que que um esquerdista tá fazendo em um grupo de apoio ao Presidente da República? Dizem que toda relação de ódio tem um pouco de amor não compreendido...,0,1,FP,0.9626959444408199
MultinomialNB,3,No RJ pra senador competente contra o sistema corrupto e ditador da toga  só tem o D[USER]. O resto é da velha política com rabo preso.,0,1,FP,0.9967640505329637
MultinomialNB,3,"Filha do traficante BEIRA-MAR, FERNANDA COSTA na carreta do governador do Rio CLÁUDIO CASTRO candidato a reeleição pelo PL. Os meus erros eu declino para os outros. Irrú.",0,1,FP,0.9999999414262691
MultinomialNB,3,E claro que não me surpreende esses famosos ricos que perderam a mamata querem o pt de volta e tentam influenciar os seus seguidores querem o nosso dinheiro de volta que o pt já sinalizou que vai voltar como era antes,0,1,FP,0.9999999998772182
MultinomialNB,3,Vou criar um grupo conservador da bahia quem for da bahia e conservador me mande mensagem no privado,0,1,FP,0.9997745825184787
MultinomialNB,3,Mas infelizmente a esquerda se entalhou de um jeito em nosso povo que levará alguns anos para isso mudar,0,1,FP,0.9999999931392267
MultinomialNB,3,Não sou fanático... só não quero q o Brasil vire uma Venezuela,0,1,FP,0.9992741354201372
MultinomialNB,3,"Gente eu adoro bosonaro, mas ele também é um ex presidiário, não é porque eu gosto dele que vou tampa o sol com a peneira,  quem conhece Deus sabe que ele é justo, vamos confiar apenas",0,1,FP,0.9998834091626526
MultinomialNB,3,"Estamos no segundo turno, e ficar xingando nordestino não resolve, tem que conseguir voto, e não vai conseguir os xingando!",0,1,FP,1.0
MultinomialNB,3,"Pessoal vamos analisar uma coisa, até agora tudo que a esquerda tentou fazer para derrubar o Bolsonaro, se voltou conta ela mesma. Então vamos confiar que Deus continua no controle de tudo, e essa fralde será descoberta e os culpados serão presos. Eles precisam ser presos para o Brasil ficar livre dessas crápulas.

Deus é Deus!!
Tem promessas para o Brasil!!",0,1,FP,0.9999999473147924
MultinomialNB,3,Infelizmente o PT tomará conta do nosso Brasil que Deus tenha misericórdia de nois,0,1,FP,1.0
MultinomialNB,3,"Desculpa o desabafo más gostaria q o Bolsonaro tivesse a coragem do ciro, do Roberto geferso,junto com com sua honestidade, Roberto geferso dizia tá na hora capitão, tá na hora capitão, o Olavo de Carvalho tbm avisou, eu acho que excesso de 4 linhas e orgulho e estrelismo Bolsonaro  entregou o país pro comunista. tinha que acionar 142",0,1,FP,0.9999999999854481
MultinomialNB,3,Muito estranho mesmo. Aqui no bairro em São José de Ribamar está um silêncio mortal desde os 50% das urnas sendo favoráveis ao Lula Molusco,0,1,FP,0.6172771044545413
MultinomialNB,3,"Chora e segue o líder, seu filho da puta",0,1,FP,0.9999240351613596
MultinomialNB,3,"Uma coisa seja dita, esse pessoal de esquerda não consegue mais sair na rua  sem ser esculachado!!!!",0,1,FP,1.0
MultinomialNB,3,":police_car_light: AQUI ESTÁ A REAL SITUAÇÃO DO BRASIL
A MAIORIA DAS INSTITUIÇÕES DE ESQUERDA SOCIALISTA COMUNISTA 
ANO QUE VEM SÓ VÃO OFICIALIZAR COM UMA NOVA CONSTITUIÇÃO SOCIALISTA COMUNISTA",0,1,FP,0.999999987159299
MultinomialNB,3,Gente e bem isso q eles qrem enquanto o povo fica contra o nordestino eles roubam.,0,1,FP,0.999999986876901
MultinomialNB,3,"Me desculpa se foi ofensa a algum nordestino.

Sei que não são todos.

Mas tomara q seja somente fraude eleitoral",0,1,FP,1.0
MultinomialNB,3,"Muito obrigado pelos mais de 39.000 votos, fico imensamente grato por ter sido eleito deputado estadual em nossa Bahia para representar a nossa direita raiz. Por DEUS, pátria, família, vida e liberdade.",0,1,FP,0.999999839067654
MultinomialNB,3,"Mas, fato é que xingar o nordestino não é a solução, só vai dificultar mais na hora de buscar o voto",0,1,FP,1.0
MultinomialNB,3,"Enfim...
Vamos focar na força quê temos.
Compartilhar vídeos reais, fatos...
Vamos mostrar ao máximo o que a esquerda é.",0,1,FP,0.9999985998702666
MultinomialNB,4,O boso vai ficar louco sem o apoio do ACM NETO na Bahia,0,1,FP,0.999972295619012
MultinomialNB,4,"Repassem para os amigos que associam orçamento “secreto” à corrupção… essa foi a narrativa mais inteligente que vi da imprensa e da esquerda para destruir o oponente- eles são craques nisso… a propósito, acho o dito “orçamento secreto” muito mais barato e transparente que colocar estatais e ministérios nas mãos dos políticos/partidos aliados…",0,1,FP,0.9928256493484876
MultinomialNB,4,":Brazil: *Aqui o moleque do ACM NETO se aproveitando do Presidente Bolsonaro e do indicado pelo Presidente para o Governador da Bahia ( o ROMÃ ), para poder se promover. TOMA VERGONHA nessa cara ACM NETO!!!! Mentiroso, aproveitador, sínico igual ao avô.*:Brazil:",0,1,FP,0.9498681703732161
MultinomialNB,4,Eu tenho um amigo gay e ele é Bolsonaro de carteirinha,0,1,FP,1.0
MultinomialNB,4,Sua opção sexual nada tem a haver com a melhora do país,0,1,FP,0.9999999996107363
MultinomialNB,4,"Pois é, tá aí outra coisa que essa esquerda não leva em conta:woman_shrugging_medium_skin_tone:",0,1,FP,0.9999999866654434
MultinomialNB,4,Para eles até o Papa e o Padre Julio Lancelotti são de esquerda.,0,1,FP,0.9961336513797375
MultinomialNB,4,"Eles esses vagabundos malditos podem fazer tudo bem as claras na nossa cara e não acontece nada, lembro-me do Felipe Martins o acessor de política internacional da presidência um vez estava numa entrevista e somente porque fez um simples gesto de arrumar o paletó foi motivo de processo e foi uma loucura, uma aberração daquele VAGABUNDO do randolfe Rodrigues",0,1,FP,0.9999999998881322
MultinomialNB,4,"É isso aí presidente, esse crápula não pode dizer qual a roupa ou a cor que cada pessoa deve usar",0,1,FP,0.7053462361546124
MultinomialNB,4,É só você ver quem tá do lado da esquerda para você tomar nojo,0,1,FP,0.6738005609852399
MultinomialNB,4,Tentaram matar um candidato de bolsonaro no RN . Seguranças reagiram e mandaram 1 pro inferno,0,1,FP,0.9999999997944542
MultinomialNB,4,A ESQUERDA VAI DIZER QUE É MENTIRA:money_bag:LULA E SEUS GASTOS DE:money_bag::money_bag::money_bag::money_bag::money_bag::money_bag::money_bag::money_bag::money_bag::money_bag::money_bag::money_bag::money_bag::money_bag::money_bag::money_bag::money_bag::money_bag::money_bag::money_bag::money_bag::money_bag::money_bag::money_bag::money_bag::money_bag::money_bag::money_bag::money_bag::money_bag::money_bag:,0,1,FP,0.9153427396568156
MultinomialNB,4,".
:Brazil::oncoming_fist::Brazil: No RN a guerra já começou. O crime organizado em conluio com os esquerdistas tentaram matar candidatos Bolsonarista 
  Mas deu ruim pra eles. É para isso que estão querendo o povo Desarmado ??? Para  o povo ser presas  fáceis do crime organizado e da esquerda?  Os Seguranças reagiram e mandaram 1 pro inferno bater papo com o capeta! :oncoming_fist::Brazil::oncoming_fist::Brazil::oncoming_fist::Brazil:",0,1,FP,0.9999998435846587
MultinomialNB,4,"GOLPE, para a esquerda dos EUA, é o Lula não ser eleito pelo Xandão no dia 02 de outubro de 2022.",0,1,FP,0.9999919822024288
MultinomialNB,4,"Qual o sentido de estar em um grupo de direita, sendo esquerdista",0,1,FP,0.9999104868377251
MultinomialNB,4,"Isso mesmo se elegeu ,depois traiu o presidente, gostei do Padre defendeu e ajudou muito a colocar todos dizendo que são todos da esquerda, tudo farinha do mesmo saco",0,1,FP,0.9999999998249223
MultinomialNB,4,Tomara que a esquerda nunca mais assuma o comando desse país,0,1,FP,1.0
MultinomialNB,4,Essa é uma alma muito sebosa mesmo lobo em pele de cordeiro :ogre:,0,1,FP,0.5139930268661034
MultinomialNB,4,Não achei o aplicativo do fiscal acho que a esquerda já derrubou....,0,1,FP,1.0
MultinomialNB,4,"Tinha que ser Ddd 13 , lugar que tem bastante esquerda , ou tinha , vai saber …",0,1,FP,0.9993718508851567
MultinomialNB,4,"*O futuro do Brasil está em suas mãos. Diga não ao comunismo*.
*Pense bem em seus filhos e netos na hora de depositar seu voto na urna, este momento não é um jogo de futebol.*

*#Deus, Pátria, família e liberdade :folded_hands::Brazil:*",0,1,FP,0.9999987555423572
MultinomialNB,4,Sempre falei que não é normal essa raça querer ensinar sexo para crianças (escola se aprende a ler e escrever).,0,1,FP,1.0
MultinomialNB,4,O Deus dos bolsonarentos é mamon. Tudo fariseu.,0,1,FP,1.0
MultinomialNB,4,Sei que não se muda o voto de ninguém isso e livre!mas votar no pt e ser conivente com as milhares de mortes nos corredores dos hospitais  por falta de dinheiro pra saúde e ser conivente com a miséria que era oferecido aos nordestinos e prejudicar o futuro dos meus filho e do seu que vota no pt isso não e uma afronta com quem vota no pt e sim um pedido se vc não pensar nos meus filhos pensem nos seus filhos e sobrinhos que vão herda a sua escolha pense nisso e quando vc estiver velho não só se arrependa também tenha coragem de falar pra eles e o presente deles foi vc que escolheu no passado.,0,1,FP,1.0
MultinomialNB,4,"Prezado. Não é conhecimento de esquerdista. É conhecimento de estatística.
Estudei em instituto militar. Busque livros sobre inferência estatística, e vc verá que, ao analisar uma parte como amostra, é possível ter uma estimativa do todo da população.

A gente não precisa ser contra a ciência pra ser de direita.",0,1,FP,0.9999999996416591
MultinomialNB,4,"Você e o ADM não souberam interpretar de forma coerente o que de fato eu quis trazer. Mas enfim, direita e esquerda todo lado tem pessoas com poucos neurônios.",0,1,FP,0.8084016824263498
MultinomialNB,4,O fodendo valer branco,0,1,FP,0.9999732379249026
MultinomialNB,4,Hj em nome de Jesus venceremos o mal poderemos dizer Lula nunca mais,0,1,FP,0.6267424699654719
MultinomialNB,4,"O modo como os homessexuais são tratados pela mídia muitas vezes é desnecessário, o cidadão precisa ser tratado com caráter assim como os demais",0,1,FP,1.0
MultinomialNB,4,"O país é laico  . Lula não vive com o nome Deus usando na boca. Como vejo certo candidato fala o nome Deus , mas , rouba , mente , debocha de quem morreu pela COVID ( sem empatia cristã ) , tem várias mulheres e divórcios , onde o cristianismo proibi o divórcio . E tanta merda ...  E ainda adora imagem que minha vó diz que quem adora imagem tá adorando o satanás .",0,1,FP,0.9999999999645297
MultinomialNB,4,"Em boa parte existem pessoas mais leigas, o que é uma lástima. Mas infelizmente muitos ainda não enxergam que o PT só usa boa parte como massa de manobra, mas aqui ainda tem muita gente que deseja expurgar esse mal daqui. Obs, parem de chingar os nordestinos, outra coisa, sou do extremo Sul da Bahia e aqui a maioria são Bolsonarista. Grata!",0,1,FP,0.9999999993046913
MultinomialNB,4,"1° Turno contra a Globo, contra todos os jornais, contra o Chandão, contra todos dos STF, contra todas as pesquisas malignas, contra a esquerda do mal....... O cara é Mito mesmo e único. O cara é foda. Fico emocionado em prantos se isto acontecer :folded_hands:.",0,1,FP,0.9999653708230393
MultinomialNB,4,"4 DEPUTADOS FEDERAIS  MAIS VOTADOS PARANÁ
DELTON
FELIPE BARROS
GLEICE
BETO PRETO 
2 PETISTAS",0,1,FP,1.0
MultinomialNB,4,"Ele confiou nas forças armadas..... Bolsonaro é muito direito e passivo, gosta de usar a linha certa. Por isso deitam e rolam nele",0,1,FP,0.9999999999995453
MultinomialNB,4,Todos os estados reclamando que a esquerda nunca teve tanto voto,0,1,FP,0.9999999999713509
MultinomialNB,4,Nada de generalizar deve ser a ovelha negra onde passa kkk vai toma uma que passa João kk fi do Lula kkk,0,1,FP,0.9999994454343951
MultinomialNB,4,"Para com isso gente, porque se voces não são nordestinos e tem este pensamento, e nao conseguiram ganhar uma eleição, o Nordestino ganhou! E desta forma como voces que não sao nordestino agindo e falando desta forma para o segundo turno no nordeste, a gente vai perder até os poucos votos pra Bolsonaro que ja temos!",0,1,FP,0.9999999957840373
MultinomialNB,4,Verdade portela fraca os assessores Bolsonaro não batem na esquerda deixa eles a vontade,0,1,FP,1.0
MultinomialNB,4,"Gente, não vamos culpar o povo. Eu duvido q o nordestino deu essa rasteiras Bolsonaro! Com certeza q é fraude!",0,1,FP,0.9999999904680408
MultinomialNB,4,Vc deve ser uma Bezerra que mama nas tetas do dinheiro público ne?,0,1,FP,0.7903972317158519
MultinomialNB,4,"Se querem um pais melhor, mais rico, com melhores condições de vida, mais empregos e melhores salários, já existe exemplos e modelos a serem seguidos, no caso da direita",0,1,FP,1.0
MultinomialNB,4,"VAMOS LUTAR PELO BRASIL DE NOSSOS FILHOS, NETOS, JOVENS E CRIANÇAS! FORA COMUNISMO!! :Japanese_symbol_for_beginner::Japanese_symbol_for_beginner::Japanese_symbol_for_beginner: NOSSA BANDEIRA JAMAIS SERÁ VERMELHA!!! DEUS, PÁTRIA, FAMÍLIA, LIBERDADE #Bolsonaro22",0,1,FP,0.7807041537012329
MultinomialNB,4,Infelizmente fomos roubados e o Brasil caiu nas mãos da esquerda e não o que fazer.,0,1,FP,1.0
MultinomialNB,4,"O povo brasileiro covarde merece ser governador pela esquerda pois não terá coragem de enfrentar o congresso que quem resolve que tenhamos voto impresso no segundo turno é o congresso através da pressão imediata do povo 
Ingenuidade a nossa e a do nosso presidente em pensar que o sistema ia ficar dentro das 4 linhas 
Fizeram de tudo e o presidente na certeza que iria ganhar no primeiro turno se calou achando que manifestações por todo Brasil surtiria efeito de vitória",0,1,FP,1.0
MultinomialNB,4,Está aqui para confundir e tirar votos? Essa é  uma tática esquerdista.,0,1,FP,1.0
MultinomialNB,4,"Quanto mais a pessoa considerar a igualdade absoluta entre todos os povos para ser uma condição desejável, mais à esquerda vai estar no espectro ideológico. Quanto mais uma pessoa considera a desigualdade como inevitável ou mesmo desejável, o mais para a direita será"", declara Roderick Stackleberg, estudioso do tema que enquadra o fascismo como direita.
No fascismo, o que é incompatível com a lógica de esquerda, há entes naturalmente superiores e inferiores no funcionamento orgânico da sociedade.",0,1,FP,0.9167816403293477
MultinomialNB,4,"Se apega ao espírito corrompido da época, para dizer que é intelectual. Por toda essa facilidade (Mídia, livros do mec) todo mundo seria intelectual.",0,1,FP,1.0
LinearSVC,0,"Misericórdia. Apostasia está às portas. O Cristo *Yaho* conhecido por Jesus está voltando...

2 Que não vos movais facilmente do vosso entendimento, nem vos perturbeis, quer por espírito, quer por palavra, quer por epístola, como de nós, como se o dia dO Cristo *Yaho* conhecido por jesus estivesse já perto.

3 Ninguém de maneira alguma vos engane; porque não será assim sem que antes venha a *apostasia*, e se manifeste o homem do pecado, o filho da perdição,

4 O qual se opõe, e se levanta contra tudo o que se chama *Yaho*, ou se adora; de sorte que se assentará, como *Yaho*, no templo de *Yaho*, querendo parecer *Yaho*.",0,1,FP,0.928467706832744
LinearSVC,0,Mais uma maneira das urnas roubarem o voto ... Repassem pra todos ... Vejam como a esquerda tenta voltar ao poder a qualquer preço... Fique  atento... :backhand_index_pointing_down_dark_skin_tone:,0,1,FP,0.2667392062221808
LinearSVC,0,Eu não sou gay. Sou hetero e tenho namorada. Mas curto um papo com macho sabe falar uma putaria e tals,0,1,FP,1.0093629934254347
LinearSVC,0,"OBRASIL VAI FECHAR 2022 COM UMA DIVIDA PUBLICA INTERNA DE 6 TRILHOES.
E PAGA DE JUROS AOS BANQUEIROS NA FAIXA DE 500 BILHOES AO ANO E O ORÇAMENTO DE 2023 CONSOME MAIS DE 50% DE JUROS DA DIVIDA. NAO VEJO OS CANDIDATOS DISCUTINDO ESSE BURACO NEGRO EM NOSSA ECONOMIA...",0,1,FP,0.7192179163742596
LinearSVC,0,"Lula é tão defensor dos pobres que não tinha um pobre no casamento dele .
Lula é tão defensor dos negros que não tinha um negro no casamento dele.",0,1,FP,0.11186492244468627
LinearSVC,0,":Brazil:ESPALHEM A Notícia presidente 
Jair Messias CONVOCA
Seu eleitor aí votar  Com a Camisa 
Amarela da Seleção brasileira. 
Presidente vai determinar QUE as forças Armadas FIQUEM ATENTOS 
se alguém do Tribunal eleitoral não deixar a população brasileira vota de amarelo que seja fechada aquela secessão e todos presos. Já que o Alexandre de Moraes que uma ditadura.",0,1,FP,0.416926436391524
LinearSVC,0,"Muito obrigado Igor. Antifas digitais, pessoas odiosas querem desidratar os grupos de direita porque sabem que vamos pro combate e venceremos. Todos esses canalhas cairão um a um, a começar pelo rato-mor de 9 dedos",0,1,FP,0.1725606318427187
LinearSVC,0,"NO DIA 02 , SE VC DIGITAR O NUMERO DO TEU CANDIDATO E APARECER OUTRO . 
NÃO APERTE O BOTÃO VERDE , LEVANTE AS MÃOS E EXIJA A PRESENÇA DO JUIZ DE PLANTÃO QUE TEM A OBRIGAÇÃO DE TROCA E INTERDIÇÃO DAQUELA URNA . NÃO PRECISA CRIAR TUMULTO SERIA BOM QUE ALGUEM ESTEJA FILMANDO VC PARA EVIDENCIAR A EXIGÊNCIA QUE É DIREITO DO CIDADÃO  
A TROCA E INTERDIÇÃO DAQUELA URNA . 

INSTRUÇÃO DADA POR ADVOGADOS ESPECIALISTAS EM PROGRAMA JORNALISTICO DA JOVEM PAN DE BAURU NA MANHÃ DE 27/09/22.

COMPARTILHE . 
É A LUTA DO BEM CONTRA O MAL.",0,1,FP,0.0753465785002721
LinearSVC,0,"*Não perca tempo com artistas de televisões e cantores e mídias etc pois eles não fazem nada por você; Você não precisa deles, o que você vai precisar é de Médicos, Dentistas, Cabeleireiros, Pedreiros Carpinteiros, Eletricistas, Encanadores, Postos de Saúde, Agricultores, Frentistas de Postos etc, e acima de tudo Jesus Cristo!*",0,1,FP,0.14876127026449987
LinearSVC,0,"Então...... 
Como eu disse bandido nunca teve dificuldade para ter uma arma
O problema é que vcs acham que bandido pode andar armado, enquanto um cidadão do bem não tem esse direito",0,1,FP,0.05670846325148787
LinearSVC,0,"Como eu disse faz igual o Bozo, liga para o Temer.
Que vergonha alheia.
Normal do Bozo.....
Passar vergonha
Cadê o 7 de setembro,liga aí para o Temer. Kkkkkkkk",0,1,FP,0.6432713321402683
LinearSVC,0,"Espero que cada Patriota deste nosso Brasil tenha 1/3 da coragem deste cidadão.

Com certeza ele deve ter apanhado bastante ou morto neste ninho de serpentes.

Enquanto tiver um Bolsonarista em pé, Lula e seus seguidores não terão sossego.",0,1,FP,0.4952938388392574
LinearSVC,0,"Nāo esqueçam quem mandou você FICAR EM CASA. Quem tratou o cidadāo de bem como BANDIDO. FORACASAGRANDE. MANATO 22 , BOLSONARO 22, MAGNO MALTA 222, GILVAN DA FEDERAL 2222",0,1,FP,0.6635525470520878
LinearSVC,0,"*CAROS CIDADÃOS E CIDADÃS DE BEM DA NOSSA NAÇÃO.*
VAMOS FAZER UMA FAXINA COMPLETA *NA CÂMARA DOS DEPUTADOS E NO SENADO FEDERAL,* E EXTIRPAR DA POLÍTICA, TODOS AQUELES QUE ERAM NOSSOS PROCURADORES, *E QUE NOS APUNHALARAM PELAS NOSSAS COSTAS.*
ALERTAMOS A TODOS OS CIDADÃOS E CIDADÃS DE BEM, *A NÃO CAMINHAR NA BEIRA DO PRECIPÍCIO,* DEIXANDO PARA VOTAR SOMENTE NO SEGUNDO TURNO.
*CONVOCAMOS SIM, A IR VOTAR DE VERDE E AMARELO NO DIA 02 DE OUTUBRO,* PARA QUE POSSAMOS *ARREMATAR COM CHAVE DE OURO,* COM A NOSSA VITÓRIA NO PRIMEIRO TURNO.

*BRASIL ACIMA DE TUDO E DEUS ACIMA DE TODOS.* :index_pointing_up::index_pointing_up::index_pointing_up:",0,1,FP,0.4336519643783438
LinearSVC,0,"Gigante ele vai ficar se não se aliar com marginais, pra cima Ciro quebre onde quebrar, Bolsonaro e Lula são iguais",0,1,FP,1.0066683967483219
LinearSVC,0,"Bolsonaro triturou a cleptocracia unida, contra a verdade não existem argumentos.
A oposição corrupta unida se fudeu durante 4 anos inventando mentiras contra o presidente, sem que nenhum ilícito sequer tenha sido provado, tudo falácia, ilação infundada, falsa narrativa, bravata politiqueira, em nome do roubo em sequência que acontece desde o governo Sarney e que sempre foi escondida por essa mídia militonta, responsável por muita postura idiota, desse tanto de idiota que a gente ainda vê por aí depois de tanta merda que já aconteceu!!!

Esse debate maravilhoso, vem pra coroar e confirmar com chave de ouro, o único resultado aceitável para essas eleições, a reeleição do melhor presidente que esse país já teve, Jair Messias Bolsonaro!!!
:Brazil::Japanese_symbol_for_beginner::Brazil::Japanese_symbol_for_beginner::Brazil::Japanese_symbol_for_beginner:",0,1,FP,3.778491638390384
LinearSVC,0,"Um cidadão que se diz crente Apoiar um homem que é contra a família, contra a igreja, é um absurdo. É um Judas",0,1,FP,1.087637268302839
LinearSVC,0,"Esse meu Presidente é um esculacho caracolis, desbundou essa ridícula, bem feito, ficou com cara de tacho. Olha a expressão dela de ódio, caracolis amo, amo esse meu presidente, bem feito para essa sujeita ridícula. Nunca mais ela vai querer se meter com presidente, eu acho melhor é ela se recolher a insignificância dela. Lamentável que essa boçal ainda terá mais 4 anos pra infernizar a nossa vida. Porque senão ela sairia já não só ela, como a Simone Tebet e muitos outros, que na próxima vão cair fora mesmo.",0,1,FP,3.2257704696236713
LinearSVC,0,É bem capaz de Neymar ter cido cancelado mesmo porque a democracia só existe para a esquerda. Bastou o cara declarar voto a Bolsonaro para esquerda pegar no pé.,0,1,FP,0.11460999575586245
LinearSVC,0,"Ainda tem uns imbecis que fala que o Lula não vai transformar o Brasil numa Venezuela.
Cada dia vemos exemplos não podemos ter liberdade de expressão!
Nenhum famoso pode escolher voltar no Bolsonaro!
A gente vê que as fake só rola quando o cara vai lá e a firma voltar no bolsonaro!
Contas nas redes sociais são fechadas!
E você só vê isso na direita só ver fechar contas de pessoas da direita! Isso é perseguição as provas estão aí.",0,1,FP,1.0785184591468833
LinearSVC,0,"Exorcismo

Descrição
*Os termos exorcismo, esconjuração ou esconjuro designam o ritual executado por uma pessoa devidamente autorizada para expulsar espíritos malignos de outra pessoa que está num estado de possessão demoníaca. Pode também designar o ato de expulsar demônios por intermédio de rezas e esconjuros.*",0,1,FP,0.5757085224719265
LinearSVC,0,":folded_hands: BOM DIA :folded_hands:

:folded_hands: MENSAGEM DE DEUS

DEUS NA MAIORIA DAS VEZES USA OS IMPERFEITOS, POR QUE NA MAIORIA DAS VEZES OS QUE SE DIZEM PERFEITOS QUEREM USAR AH DEUS EXISTE COISAS QUE PERTENCE SÓ A DEUS, COMO TODA HONRA E TODA GLÓRIA E ISSO ELE NÃO DIVIDE COM NINGUÉM PARA QUE POSSAMOS ALCANÇAR A GRAÇA DE DEUS E SUAS BÊNÇÃOS, PRECISAMOS QUEBRAR O NOSSO ORGULHO .
PORTANTO DIZ DEUS RESISTE AOS SOBERBOS, HÁ PORÉM GRAÇA AOS HUMILDES ( TG  4:6 )
:folded_hands::folded_hands::folded_hands::folded_hands::folded_hands::folded_hands::folded_hands::folded_hands:

VOU DEIXAR LINDO LOUVOR PARA ABENÇOAR O SEU FINAL DE SEMANA SEMPRE DEUS NO COMANDO DE TUDO É SÓ CRER :raising_hands::raising_hands:

UM GRANDE ABRAÇO DO SEU IRMÃO E AMIGO BRITO :thumbs_up::handshake::skull_and_crossbones::skull_and_crossbones::Brazil::Brazil:",0,1,FP,0.2695557353459856
LinearSVC,0,Conheça a deficiente auditiva Cilmara Bonfim,0,1,FP,0.5736354081661508
LinearSVC,0,"Ser conciente e' diferente, e' ver realidade.  Conciente sim, imbecil jamais.",0,1,FP,2.7582257710145752
LinearSVC,0,*Presidentes de Direita de outras Nações do Mundo declaram apoio ao Presidente Jair Bolsonaro*,0,1,FP,1.0198208195246246
LinearSVC,0,Só que claro deixar pessoas morrerem era vantagem para a oposição para poder usar durante a campanha colocando toda culpa no presidente um preço baixo para a oposição pagar para poder tentar voltar ao poder alguns milhares de mortes sem precisar levar a culpa e ter isso como o maior trunfo de ataque ao presidente,0,1,FP,0.525846958336817
LinearSVC,0,O problema seu demagogo hipocrita: a bandeira do brasil   Nunca foi valorizada pelo pt..a causa desse filho puta e o foro de São Paulo e a dominação da América Latina . Quando que Lula usou o verde e amarelo nas suas campanhas? Nunca,0,1,FP,1.3608628147657338
LinearSVC,0,"O presidente se reelegendo, vai criar condições para a direita ficar pelo l seis mandatos cuidando do país:Brazil:",0,1,FP,0.9565724749906335
LinearSVC,0,"Tá chegando a hora de Deus nos libertar dessa praga.
Só trouxe desgraça para o Brasil.
Ainda tem jente da mesma laia q vota num cão desse",0,1,FP,0.8244509857949232
LinearSVC,0,"O povo nordestino é o mais hospitaleiro e que tem maior gratidão. Jamais o ladrão Lula tem maioria com eles.
Se eu fosse o Bolsonaro desistia, porque vão roubar de qualquer maneira.
Fraude nas urnas.",0,1,FP,1.2596907262861579
LinearSVC,0,"Sai de ré satanás , quem ri por último ri melhor , vc ainda não ganhou nem roubando , e nem vai ganhar . Pq a luz sempre vence .",0,1,FP,0.22617861113382276
LinearSVC,0,Faça a sucessão. Até chegar a democracia de Bergson e Jacques Maritain (Como espírito evangélico) e os de espírito científico (Karl Popper),0,1,FP,0.0057891414358802185
LinearSVC,0,Tá na hora de virar extrema Direita e resolver os problemas,0,1,FP,0.6580446625483551
LinearSVC,0,"Marilia, não fica triste, não quero te fazer sofrer, entrega pra Deus, eles vão sofrer as escolhas deles, a gente sofre junto, mas fazer  o que?! Fica bem…  é um desabafo…. To muito indignada.  Seja feliz, e faca a sua parte.",0,1,FP,0.29604243786880874
LinearSVC,0,"Primeiramente vc tem que conhecer a maçonaria antes de falar merda!!! A maçonaria não e uma religião, A maçonaria e uma instituição que uni diversos conceitos diferentes. Hoje na maçonaria tem cristão, espíritas, judeus, católicos. Outra coisa ! Pelo fato do bolsonaro ter visitado a maçonaria não significa que ele seja maçom.  Se for assim lula e macumbeiro por visitar terreiros de macumba e receber santos dos macumbeiros:man_shrugging_light_skin_tone::man_shrugging_light_skin_tone::man_shrugging_light_skin_tone:",0,1,FP,8.408885761048243
LinearSVC,1,"e uma VERGONHA pro  MS,  se vendeu pra China,  vc viu o comentário dela  no último debate, só por Deus.",0,1,FP,1.6301797617592626
LinearSVC,1,Dizem qui o nordestino é com o lula... vai vendo Brasil...:face_with_hand_over_mouth::face_with_hand_over_mouth::face_with_hand_over_mouth::face_with_hand_over_mouth::Brazil::Brazil::Brazil::Brazil::Brazil:.,0,1,FP,0.24091230872914818
LinearSVC,1,"Partido político por quê teria sindicato ja vi que voceis não conhece a impotancia de um sindicato. Se o pt tivesse um sindicato eu seria filiado a muito tempo, sou o fundador do PT em Andirá é filiado desde 1990. Não é toa que Paraná é o estado mais atrasado politicamente.",0,1,FP,2.1682329586608584
LinearSVC,1,"ECONOMISTAS APOIANDO CANDIDATO DE UM PARTIDO AO QUAL SÃO CRÍTICOS, PARTIDO QUE NÃO DIVULGA PLANO DE GOVERNO, QUE DIZEM AOS QUATROS CANTOS QUE NÃO IRÃO RESPEITAR O TETO DE GASTOS, QUE LEVOU O PAÍS AO CAOS, ALGO DE ESTRANHO HÁ POR TRÁS DISSO !!",0,1,FP,0.15760612966727341
LinearSVC,1,GENTE   PELO   AMOR   DE DEUS    VAMOS   FAZER   A  COISA   CERTA    NA  CABINE   DE VOTAÇÃO    !  USEM  ESTA   COLINHA   PARA  VOCÊS   AJUDAR   SALVAR   MG   !  CHEGA   DESSE  DESGOVERNO  ZEMA   ! VAMOS   DEPOSITAR   NOSSA  CONFIANÇA   NESTES   CANDIDATOS   ISTO   È  TUDO   QUE  PRECISAMOS   FAZER   DIA  2  DE  OUTUBRO   !  ACREDITE  E  VERÁS   A  DIFERENÇA   !:face_with_tears_of_joy::face_with_tears_of_joy::face_with_tears_of_joy::face_with_tears_of_joy:,0,1,FP,0.2512131038729227
LinearSVC,1,"Socialista, mas o modelo de socialismo deles é diferente do modelo Sovietico, por exemplo...

Se fosse implantado aqui, não seria nenhum desses modelos...

Seria um modelo que levaria em conta a cultura brasileira.",0,1,FP,0.821946910412578
LinearSVC,1,O gado ver todos os países mais não ver o Brasil ai fica difícil  muuuuuuuuuuuuu:ox::water_buffalo:,0,1,FP,1.1219385428586297
LinearSVC,1,"O voto é SECRETO!!!
Cada um tem a liberdade de escolher em quem votar, considerando suas experiências, afinidades e semelhanças.
Uns escolhem os princípios de honrar a Deus, Pátria e Família, a eleger um governo com o mínimo de corrupção possível e não comunista.

Já outros, temos de compreender, vivenciaram experiências negativas, aprenderam que para melhorar de vida tem de roubar, enganar, trapacear e se corromper, assim, entendem que a melhor opção é alguém que lhes representa, alguém que tem o mesmo caráter conspurcado.

Att.",0,1,FP,0.24616819033140988
LinearSVC,1,"O voto é uma arma disponível e convida você a fazer um suicídio, não aponte o calibre *13* para sua própria cabeça. Não  haverá família nuclear, não haverá nova geração (aborto) não haverá naturalidade biológica ao nascimento, não haverá direto a crença religiosa (Religare), não haverá liberdades democráticas.
Dito isso, lute contra o verdadeiro discurso de ódio, travestido em anúncio de amor que conduz ao inferno (sheol).

_Janbres Shepherd_",0,1,FP,1.8423421404883034
LinearSVC,1,Alguma vantagem.... conheço um dono de oficina msm que é petista doente ....quando a prefeitura ganha alguém do PT os consertos de carro faz exclusivamente lá,0,1,FP,0.49066395021416087
LinearSVC,1,"Vou compartilhar esse vídeo que retrata a verdadeira realidade sobre o aborto, peço por gentileza quem for muito sensível não assiste principalmente as futuras mamães",0,1,FP,1.0086302525731419
LinearSVC,1,"Vamos Compartilhar! CONVOCAÇÃO *GENERAL AUGUSTO HELENO* - 
*PATRIOTAS DO BRASIL*:Brazil::Brazil::Brazil:
Convoco os patriotas do Brasil às 17:00 do dia da eleição à comparecer na sua zona eleitoral para tirar foto do *BOLETIM de URNA* que é colado na porta da seção. O Boletim de urna é o documento emitido em cada seção eleitoral com o resumo da votação daquela seção. Com essas fotos vamos ter documentado toda a votação no Brasil e vamos impedir o XANDÃO de fraudar as eleições nos calabouços do TSE!
*Divulguem essa mensagem!*
Boa votação a todos os homens e mulheres de bem desse país! 
*O BRASIL ACIMA DE TUDO, DEUS ACIMA DE TODOS!!!*",0,1,FP,1.4136192099553666
LinearSVC,1,CIRO Gomes exculachou o vagabundo Ao VIVO TRAIDOR DA PÁTRIA :rolling_on_the_floor_laughing::rolling_on_the_floor_laughing::rolling_on_the_floor_laughing::rolling_on_the_floor_laughing::rolling_on_the_floor_laughing::rolling_on_the_floor_laughing::face_with_tears_of_joy::face_with_tears_of_joy::face_with_tears_of_joy::face_with_tongue::face_with_tongue::smiling_face::smiling_face::winking_face_with_tongue:,0,1,FP,0.07390490852609008
LinearSVC,1,COMPARTILHEM SEM PENA IRMÃOS OS CANDIDATOS ARMAMENTISTAS DE TODAS AS CIDADES DEUS ABENÇOE A TODOS.,0,1,FP,0.32833444620896757
LinearSVC,1,"Rapa, o Bozo é amigo do Roberto Jeferson e do Collor",0,1,FP,1.0855376648200563
LinearSVC,1,"*""DATAPADRE""*
(Fred Henrique Gadonski)

Foi chamado num debate,
Em frente à televisão,
Um estranho sacerdote,
Um tal de padre Kelmon,
Envergando a batina,
Acendeu a lamparina,
E pôs luz na escuridão!

Esse é mais um episódio,
Da história do Brasil,
Quando aumentou o sódio,
A hipertensão subiu,
Quase que tirou a roupa,
Espumando pela boca,
Bonner foi no rivotril!

Esse tipo de atitude,
Às vezes é necessário,
Apontou a ilicitude,
Do antigo mandatário,
Botou fogo no parquinho,
Pegou pelo colarinho,
Muito macho esse vigário!

O padre bateu tão duro,
No candidato sem dedo,
Pra preservar seu futuro,
Domingo não tem segredo,
É manter o capitão,
Comandando a nação,
VINTE E DOIS, não tenha medo!

Datafolha é uma furada,
Pelas ruas ninguém viu,
A pesquisa é uma cilada,
Fique esperto com o ardil,
Vou ficar com o ""Datapadre"",
No domingo, 'cê' já sabe,
VINTE E DOIS, pelo BRASIL!",0,1,FP,1.0205772125290902
LinearSVC,1,"Deus fez isto para humilhar a globo, os criminosos no debate, os banqueiros e empresários poderosos também criminosos que dão dinheiro pra o crime e facilitar seus roubos bilionários do poder público e do povo.
Tem preços altíssimos injustificáveis e juros exorbitantes agiotas..Você que tem bancos cobrando 26% de juros ao mês para aposentado?
Na Europa em julho 22 o taxa de juros era de menos (-) 0,5 % ao ano.
Taxa negativa de juros
Agora subiu um po",0,1,FP,1.098732103503259
LinearSVC,1,"A última esperança do ""gopi do Bozo"" se foi...:rolling_on_the_floor_laughing:",0,1,FP,0.47674514783993327
LinearSVC,1,Entreguista traidor da pátria,0,1,FP,0.507608369576804
LinearSVC,1,Aí nego blad e assim essa faz 10 eleições q não voto tenho passaporte qdo fui a Itália peguei seguro e nada mudou mas não voto em gente safado,0,1,FP,0.12923817780740368
LinearSVC,1,"*ELEITORES DO RIO DE JANEIRO*

Votar no *ROMÁRIO* ou na *CLARISSA Garotinho* é o mesmo que votar no *STF*, pois o *ROMÁRIO* se elegeu com *ajuda do PT em 2014*, logo ele votou de acordo com a *ESQUERDA*, ajudando a desidratar o *Presidente BOLSONARO!*
O *ROMÁRIO* também tem processos na gaveta do *STF* assim como a *CLARISSA Garotinho*, que inclusive votou pela *PRISÃO* do *DANIEL SILVEIRA!*
Se caso impedirem a ida do *DANIEL SILVEIRA ao SENADO* mesmo sendo *ELEITO*, então, entra o suplente que é o *ANDRE MONTEIRO* (*Tenente do BOPE* e apoiador do *Presidente BOLSONARO*). 
O *RIO DE JANEIRO* não tem outra escolha é *DANIEL SILVEIRA 142*!!!",0,1,FP,0.09371662628197344
LinearSVC,1,"Mas quem tem problemas na justiça não pode ser dizer contra a corrupção e cidadão de bem.
É como esses políticos corruptos que o mito se aliou, tá no partido de um cara condenado no mensalão.
Eu não gosto de passar pano não.
Se o mito errar tem que ir pra cadeia tb, chega de corrupção no Brasil.

Eu não gosto de ver esse monte de apoio de gente cheia de problemas junto com o mito não. Me perdoe, mas me incomoda bastante",0,1,FP,0.16422882285555676
LinearSVC,1,"*DIA 2 DE OUTUBRO DE 2022*

*BOLSONARO NO 1°TURNO*

*SE OUSAREM A FRAUDAR AS URNAS, TOMAREMOS AS ESTRADAS E SÓ SAIREMOS DELAS QUANDO O BOLSONARO ACIONAR AS FORCAS ARMADAS.*

*BASTA DE 4 LINHAS!*

*PREFIRO SER ODIADO E MAL FALADO PELA ESQUERDA DO QUE PERDER MINHA LIBERDADE E A LIBERDADE DOS MEUS FILHOS.*

*JOGAMOS NAS 4 LINHAS ATÉ HOJE. MAS O POVO NÃO SERÁ ESCRAVIZADO POR CAUSA DE UMA CONSTITUIÇÃO!*

*SUPREMO É O POVO E NÃO A CONSTITUIÇÃO!*

*Phoenix Brasil (Oficial):*

:backhand_index_pointing_up_light_skin_tone::green_square::green_square::yellow_square::yellow_square: CONVOCAÇÃO NACIONAL 

LEIA COM ATENÇÃO E REPASSE, SEM COVARDIAS, PARA TODOS OS SEUS CONTATOS.

ESTEJAMOS PRONTOS!

FORÇA E HONRA :Brazil::crossed_swords::Japanese_symbol_for_beginner:",0,1,FP,0.14590384517555446
LinearSVC,1,"Olham só a diretora da escola entregando os santinhos da esquerda na fila de votação no dia das eleições, favor alguém pode entregar essa pilastra da diretora para a justiça!",0,1,FP,0.19327168824473542
LinearSVC,1,"Leva nossos problema para fora

 Cartazes da cara de  Lula e Bolsonaro 

Roupa suja se lava em casa não é levar para os outros",0,1,FP,0.9224998953430058
LinearSVC,1,"Boa tarde, complexo de vira lata, acho a minha pátria e o Brasil, portanto, boa ou ruim é o meu lugar, puxar saco de americano não vai resolver nada, precisamos corrigir nossos defeitos , e parar de achar que o Brasil só tem coisa ruim, ou vcs acham que na América não te favela, não tem fome, não tem corrupção, claro que tem, só não fazem propaganda da desgraca igual nos",0,1,FP,0.7177660100553326
LinearSVC,1,"*CONVOCAÇÃO DO GENERAL AUGUSTO HELENO* 

*PATRIOTAS DO BRASIL:Brazil::Brazil::Brazil:*

*Convoco todos os patriotas do Brasil a comparecer novamente na sua zona eleitoral  depois das 16 horas e permanecer dentro das dependências do local em que você votou até as 17 horas, pois é quando é colado o boletim da urna na porta da seção, então tire foto do  BOLETIM de URNA = BU*

O Boletim de urna é o documento emitido em cada seção eleitoral com o resumo da votação daquela seção, é como um extrato de todos os votos.

Naturalmente se vc quiser pode tirar a foto do BU na porta  das demais seções do lugar onde você votou.

*Com essas fotos vamos ter documentado toda a votação no Brasil e vamos impedir fraude nas eleições de 2022.*

*Divulguem essa mensagem é importante!*

*O BRASIL É NOSSO!*

*Boa votação a todos os homens e mulheres de bem desse país!*

*BRASIL ACIMA DE TUDO. DEUS ACIMA DE TODOS!!!*",0,1,FP,0.2698767114024512
LinearSVC,1,"Calma gente até foram apuradas apenas 20% das URNAS, AINDA FALTA MUITO MUITO. PATRIOTAS O PT É UM PARTIDO GRANDE E TÊM MILITÂNCIA, ELA AINDA É FORTE E TÊM MUITA FORÇA. NÓS SOMOS APENAS UM MOVIMENTO DA DIREITA CONSERVADORA, NÓS NÃO TÊMOS PARTIDO PRA ORIENTAR, CENTRALIZAR E ORGANIZAR OS PATRIOTAS PARA UMA DISPUTA ELEITORAL GRANDE COMO ESSA. NÓS ESTAMOS UNIDOS PELO PATRIOTISMO E POR UM SENTIMENTO DE REVOLTA POR TUDO TUDO QUE ACONTECEU NO BRASIL NO GOVERNO PT AO LONGO DOS ANOS.",0,1,FP,0.9555201341776977
LinearSVC,1,"Bozo vacilou 
Nao acompanhou a fiscalizacao serrada das urnas 

O SISTEMA FEZ A MANIPULAÇÃO PROGRAMOU ELA PARA  QUE O SISTEMA VENCESSE

EU PENSO QUE ELES LEVARAO PARA O 2° TURNO PARA NAO FICAR TAO ESCANCARADO A FRAUDE

NO SEGUNDO TURNO O SISTEMA FECHARA O NOSSO CAIXAO.

SINTO MUITO EM DIZER

O SISTEMA VAI TIRAR BOZO DO PODER CUSTE O QUE CUSTAR

ELES VIERAM PRA ISSO BOZO FOI INOCENTE

EU ESPERO QUE EU ESTEJA ERRADO,

QUERO MUITO VER O PT SER DESTRUÍDO,
E 9 DEDOS TAMBEM

MAS ELES SAO UM SISTEMA DE MAIS DE 30 ANOS 

ELES TEM MAIS VONTADE DE VOLTAR AO PODER DO QUE BOZO VENCER

NA MINHA HUMILDE OPINIAO FALTOU BOZO BOTAR QUENTE NA FISCALIZAÇAO DE URNAS",0,1,FP,0.3337578573497957
LinearSVC,1,"Não generalizando, mas a maioria gostava da mordomia de receber bolsa familia de 130 reais e não ir trabalhar!! Por isso querem Lula de volta. Ah tnc enquabto uns querem empregos eles so querem voltar pro mundo preguiçoso",0,1,FP,0.2744211480720715
LinearSVC,1,"Sempre fraudaram as eleições desde a época do boto tucuxi nas cédulas de papel até as urnas fraudaveis por hackers como aconteceu em 2014 e 2018 e confirmado agora nesse primeiro turno. 
Tá tudo muito bem claro, é só você analisar a grande rejeição do pedófilo corrupto árabe e a grande multidão que acompanha o Bolsonaro contra as vaias que o ladrão de nove dedos recebe em todo o lugar por onde passa. 
Tá tudo muito bem claro. 
Não adianta apenas votar.",0,1,FP,0.9830630865948616
LinearSVC,1,22 votei consciente....tem pessoas doente pelo Lula.. tiro pelos os pessoal lá da casa da mamãe eu até tentei converse ela votar mais ela não quis de geito nenhum :disappointed_face:,0,1,FP,0.8555170338157986
LinearSVC,1,O  DIABO   COMEMORA   ! MAS    VAI   SER  POR  POUCO   TEMPO   ! A  DECISÃO   SERÁ   NO   2 TURNO   !  OS  TRAIDORES   AGUARDEM   !:goblin::goblin::goblin::goblin::goblin::goblin:,0,1,FP,1.3761373652339963
LinearSVC,1,"Bolsonarista extremamente chateada e inconformada com essa fraude.
Sou nordestina e Preta e me envergonho por Nine ter ganho no nordeste.",0,1,FP,0.011372039882361046
LinearSVC,1,VEJAM NOSSA FORÇA. ENGRAÇADO QUE SÓ A GENTE TA PESSIMISTA. OLHA A MIDIA SUJA? OLHA A IMPRESSÃO DELES?,0,1,FP,1.3387264742651899
LinearSVC,2,"Anota ai e prega na parede pra não sumir .

Esse ano de 2022 teremos eleições! 
Vocês sabiam que já temos 19 (dezenove) Partidos de Esquerda e todos são ligados ao PT (a nave mãe).

Saibam os números dos candidatos, pois eles não colocam a sigla do partido, exatamente para não percebermos quem eles são:

01º - 13 ... PT
02º - 12 ... PDT
03º - 15 ... MDB
04º - 16 ... PST
05º - 18 ... REDE
06º - 21 ... PCB
07º - 23 ... Cidadania
08º - 29 ... PCO
09º - 33 ... PMN
10º - 40 ... PSB
11º - 43 ... PV
12º - 44 ... União Brasil= (DEM+PSL)
13º - 45 ... PSDB
14° - 50 ... PSOL
15° - 54 ... PPL
16° - 55 ... PSD
17° - 65 ... PCdoB
18° - 77 ... Solidariedade 
19° - 80 ... UP

Estes 19 Partidos são todos ligados ao PT.
*ENTÃO AJUDEM A DIVULGAR, para não elegermos mais candidatos destes partidos.
*As Eleições para PRESIDENTE, GOVERNADORES, SENADORES E DEPUTADOS, se aproxima",0,1,FP,0.2174651484549677
LinearSVC,2,":thinking_face:QUERIDOS ""IRMÃOS E AMIGOS"". É BOM COMPATILHAR-MOS:backhand_index_pointing_up_medium-dark_skin_tone:ISSO:COM TODOS NOSSO CONTATOS. PORQUE: SE ACONTECER ESSE ESSA NOTÍCIA FALSA. ESTAMOS SABENDO DE ANTEMÃO. E DESCARTAREMOS OK. O :smiling_face_with_horns: É ESTUTO. MENTIROSO!, E ""PAI DA ""MENTIRA"".:backhand_index_pointing_right_medium_skin_tone:João.8.44 e ele usa seu filhos Mentirosos, para espalhar, Boatos,e Mentiras. APOCALIPSE.20.8 e os Cegos espirituais Acreditam, e Compartilham. :thinking_face:  SE POFMR ACASO NÃO ACONTECER ISSO: DESCARTEM O VÍDEO. AMÉM?  EXCELENTE DIA! NA PAZ DO SENHOR JESUS! QUE E
LE: CONTINUE, VOS ABENÇOANDO!",0,1,FP,0.9259979371680246
LinearSVC,2,"A comportamento criminoso deste supremo deus esta claro: ""eu sou lei, eu ordeno, cumpra-se!"".",0,1,FP,0.17044443214515612
LinearSVC,2,Não vamos esquecer esse cidadão.,0,1,FP,1.0232900688206354
LinearSVC,2,":backhand_index_pointing_up: *Agora a esquerda surta!:upside-down_face::upside-down_face:*

*[USER] agradecendo a visita do Presidente [USER] da Primeira Dama Michelle Bolsonaro e do [USER] ao [USER]*

*A oposição já acionou a justiça para o Neymar não ser convocado pra Copa?:soccer_ball::face_with_tears_of_joy:*

Pra cima…:rocket::Brazil::saluting_face::keycap_2::keycap_2::oncoming_fist_light_skin_tone:
:soccer_ball::soccer_ball::soccer_ball::soccer_ball::soccer_ball::soccer_ball::soccer_ball::soccer_ball::soccer_ball::soccer_ball::soccer_ball::soccer_ball::soccer_ball::soccer_ball::soccer_ball::soccer_ball::soccer_ball::soccer_ball:
Canal
[USER]:Brazil:",0,1,FP,0.3678174673447293
LinearSVC,2,"Vamos votar por amor ao nosso país e ao nosso #PresidenteBolnaro. E Deus nos honrará para o bem de nossos pequenos. Deus é Suplemo e Soberano. Vigiar é necessário,temer  nao",0,1,FP,0.9589876740104756
LinearSVC,2,"*Compartilhe o em seus grupos*

Veja só a estratégia diabólica que os candidatos a *Deputado da ESQUERDA e os ISENTÕES* estão fazendo para não reeleger o Capitão Assumção.",0,1,FP,2.5882580244868914
LinearSVC,2,Bom dia! Vocês sabem que lula se inspira em Fidel castro e CheGuevara com certeza. Mas vocês sabem como eles trataravam negros e gays?,0,1,FP,2.0198540067006605
LinearSVC,2,"Se for Bolsominion e não tiver o coração :red_heart: forte, não assista :backhand_index_pointing_up::face_with_tears_of_joy::face_with_tears_of_joy::face_with_tears_of_joy::rolling_on_the_floor_laughing::rolling_on_the_floor_laughing::rolling_on_the_floor_laughing:",0,1,FP,1.0352284361750692
LinearSVC,2,Essa confusão foi por  causa de tu mesmo porque fica excitando ódio aí tem os louco que fica matando gente aí é estudar para ter umas eleição mais seguro porque tem um psicopata. na presidência até  2023,0,1,FP,0.0023789591161505474
LinearSVC,2,Vídeo que a esquerda não gosta.,0,1,FP,0.5601461981911335
LinearSVC,2,"É típico mesmo, politicos de esquerda se apropriam da coisa pública em benefício próprio, sempre foi assim, é a esculhambacão com a coisa pública.",0,1,FP,0.01715513335455604
LinearSVC,2,SHOW DE PREÇOS BAIXOS NA SANDUICHERIA E PIZZARIA DO GORDO PROMOÇÕES EM PIZZAS :pizza::pizza: E LANCHES :hamburger::hamburger: ACEITAMOS TODOS CARTÕES :credit_card: DE DÉBITOS E CRÉDITOS TELE ENTREGAS :motorcycle: . 984557392 OU AINDA 984274416 TAXA DE ENTREGAS 5 REAIS :telephone:,0,1,FP,1.1565385604167033
LinearSVC,2,Para as fazendas de gado do Lula e Dilma ele fecha os olhos.,0,1,FP,0.1863195761395898
LinearSVC,2,"*ESTE VÍDEO É UMA SÁTIRA PARA OS CANDIDATOS QUE ESTÃO ESBANJANDO DINHEIRO PÚBLICO DO FUNDO ELEITORAL.*

NÃO VOTE EM QUEM FEZ CAMPANHA COM O SEU DINHEIRO, COM O DINHEIRO PÚBLICO, COM DINHEIRO DO FUNDO ELEITORAL.

CORONEL AUREO JUNIOR
CANDIDATO A DEPUTADO ESTADUAL MG
28000

PROPAGANDA ELEITORAL
CNPJ: 47.579.401/0001-01",0,1,FP,0.30252435221054674
LinearSVC,2,Uma vergonha um esquerdista mandou um padre ir pro inferno :man_facepalming_medium-dark_skin_tone:,0,1,FP,0.8085454982685354
LinearSVC,2,meu amigo....e quem é que não esta doido para dar umas porradas nesse vagabundo....:face_with_raised_eyebrow::face_with_raised_eyebrow::face_with_raised_eyebrow::face_with_raised_eyebrow:...até os petistas querem arrebentar ele...:smirking_face::smirking_face:,0,1,FP,1.0157578616694578
LinearSVC,2,"OI PATRIOTAS :Brazil::Brazil:!!!!

PASSANDO PRA LEMBRAR: :backhand_index_pointing_down_medium-light_skin_tone:

1) TODOS DE VERDE E AMARELO NO DIA DA VOTAÇÃO :Brazil: ;

2) TENHA ORGULHO DE DECLARAR O SEU AMOR PELA NOSSA PÁTRIA, COLOQUE UMA BANDEIRA :Brazil: DO BRASIL :Brazil: NO; SEU CARRO, NA JANELA DE SUA CASA, E ETC...

3) COLOQUE NA FOTO  DO SEU PERFIL UMA FOTO DA BANDEIRA :Brazil: DO BRASIL :Brazil:.

4) POSTE VÍDEO DESSE AMOR PELO BRASIL NAS REDES SOCIAIS!


ATÉ A VITÓRIA!

QUE DEUS ABENÇOE À TODOS :Brazil::oncoming_fist_medium-light_skin_tone::face_blowing_a_kiss:


*DIVULGUE*
*DIVULGUE*",0,1,FP,0.3159993312660283
LinearSVC,2,"*QUANDO AQUELE ESQUERDISTA CHATO FALAR QUE BOLSONARO NÃO FEZ NADA NO SEU MANDATO , POR FAVOR MOSTRE ESSE VÍDEO PRA ELE !*",0,1,FP,0.4043584371421389
LinearSVC,2,"GENTE AMIGA E  IRMÃS BOLSONARIANA,  A COISA VAI FICAR SEM CONTROLE,  GUERRA CIVIL MESMO....VAMOS CLAMAR A DEUS!!!!",0,1,FP,0.11159388617135887
LinearSVC,2,"Ouçam o que irá acontecer :backhand_index_pointing_up_medium_skin_tone: :backhand_index_pointing_down_medium_skin_tone:se porventura o descondenado ganhar (na fraude) no primeiro turno amanhã.

E podem ter certeza, a maioria dos brasileiros (aí eu me incluo) irá colaborar com esse movimento.

Por isso, TODOS NÓS - Patriotas, DEVEMOS seguir a orientação de nosso presidente e amanhã irmos votar com camiseta verde e amarela. 

E devemos também fazer um pequeno vídeo no entorno do local em que iremos votar, pois tais vídeos deverão viralizar na rede caso ocorra fraude nessas eleições.

Somos Brasil acima de tudo, Deus acima de TODOS:red_exclamation_mark:

:Brazil::Brazil::Brazil::Brazil::Brazil::Brazil::Brazil::Brazil::Brazil::Brazil::Brazil:",0,1,FP,0.3331311959754062
LinearSVC,2,Pois é meu amigo quem acredita em pesquisa da esquerda só pessoa da esquerda mesmo então tu parece ser um desses se é um esquerdício infiltrado no meio dos patriotas,0,1,FP,0.6074025972094597
LinearSVC,2,Serei o cidadão mais feliz se o *Padre de festa de São João* ultrapassar o verme. :rolling_on_the_floor_laughing::rolling_on_the_floor_laughing::rolling_on_the_floor_laughing::rolling_on_the_floor_laughing::rolling_on_the_floor_laughing::rolling_on_the_floor_laughing::rolling_on_the_floor_laughing:,0,1,FP,0.25542790220214284
LinearSVC,2,":latin_cross::Brazil::latin_cross::Brazil::latin_cross::Brazil::latin_cross::Brazil::latin_cross:
*Uma oração a ser feita repetidas vezes hoje:*

*SENHOR, DEUS PAI-MÃE* 

*LIVRE O BRASIL DO COMUNISMO E DESARTICULE TODA E QUALQUER AÇÃO DO MALIGNO  NESSAS ELEIÇÕES.*

*LIVRAI-NOS, OH DEUS, DOS NOSSOS INIMIGOS E NÃO PERMITA QUE O MAL PREVALEÇA EM NOSSO PAÍS.*

*LIVRAI-NOS, OH DEUS, DO FLAGELO DO COMUNISMO, DO ABORTO, DA PERVERSÃO, DA CORRUPÇÃO, DA DITADURA E DA NOVA ORDEM MUNDIAL.*

*PROTEJA NOSSOS FILHOS, NOSSAS  FAMÍLIAS, NOSSAS CASAS, NOSSA PÁTRIA E NOS CONDUZA PELA PORTA ESTREITA ATÉ A VIDA ETERNA.*

*QUE OS ANJOS DO SENHOR ESTEJAM GUERREANDO EM NOSSO FAVOR.*

*PEÇO EM NOME DO TEU FILHO AMADO, JESUS CRISTO*

*AMÉM!*",0,1,FP,0.7494173505156998
LinearSVC,2,"Agora terminou de acabar com o GP 
Com mais uma desgraça  aparecendo.
Esse ai é o segundo bolsonario um cão em forma de pessoa.
Deus nos livre dessas maldições",0,1,FP,1.6045552577580775
LinearSVC,2,Esse ai se ficasse ia acabar com a nação brasileira menos os babão dele,0,1,FP,0.3192569869484958
LinearSVC,2,A esquerda foi exterminada nessas eleições... se se confirmar essa realidade atual nos próximos 4 anos até trem bala vai se construir no Brasil GLÓRIA A DEUS,0,1,FP,0.2815249770272714
LinearSVC,2,"Minha gratidão ao nordeste e ao nordestino.

“O sertanejo é, antes de tudo, um forte. Não tem o raquitismo exaustivo dos mestiços neurastênicos do litoral. A sua aparência, entretanto, ao primeiro lance de vista, revela o contrário.”
(Os Sertões - Euclides da Cunha)",0,1,FP,0.42428829008477287
LinearSVC,2,"Deveríamos lutar e dividir o país em 2, quem quer viver com ladrão socialista q viva com eles, quem quer a direita, família, Deus que fiquemos só lado direito.
Sou professora e não aguento mais essa porcaria de ideologia de genero",0,1,FP,0.8258975786235173
LinearSVC,2,"Gente, sou do Piauí. E garanto que a grande maioria dos amigos e familiares em peso são Bolsonaro. Estou aqui destruída. Já chorei tanto :loudly_crying_face::loudly_crying_face::loudly_crying_face: É um inferno esse PT em nosso Estado. Com certeza essas urnas foram manipuladas em todos os estados e principalmente no Nordeste, onde eles tem mais controle. É revoltante. Tô sem chão :loudly_crying_face::loudly_crying_face::loudly_crying_face::loudly_crying_face::loudly_crying_face::loudly_crying_face:",0,1,FP,0.23608292283249385
LinearSVC,2,"Enfim, Deus tenha misericórdia de nós e nossos filhos, são vai acreditar quando nosso país se tornar uma Venezuela",0,1,FP,0.4915924642059395
LinearSVC,2,Exatamente! Ela quer nos desanimar. Isso é  tática esquerdista. Vem de mansinho para desanimar o povo. Mas aqui não vai conseguir. Estamos unidos com o nosso capitão,0,1,FP,1.4622622104671341
LinearSVC,2,"Se cada bolsonarista arrastar, convencer o voto de um indeciso/voto em branco a gente ganha essas eleições.",0,1,FP,0.5790405426795424
LinearSVC,2,Direita maior que centrao,0,1,FP,0.7850753367837701
LinearSVC,2,"Fica não, sou paulista nascido e criado em são José dos Campos.
Tenho 2 cunhados nordestinos, minha sogra é nordestina e uma centena de amigos nordestinos",0,1,FP,0.5322570857085759
LinearSVC,3,Show :clapping_hands_light_skin_tone::clapping_hands_light_skin_tone::clapping_hands_light_skin_tone::clapping_hands_light_skin_tone::clapping_hands_light_skin_tone:   O Nordestino acordou,0,1,FP,0.03466743186520055
LinearSVC,3,Dia 8 de Outubro - Dia do Nordestino - Parabéns e um forte e calouroso abraço.,0,1,FP,0.8622331297250267
LinearSVC,3,":backhand_index_pointing_up: *Palavras de uma viciada* :pensive_face::pensive_face::pensive_face::pensive_face::pensive_face::pensive_face::pensive_face::pensive_face::pensive_face::pensive_face::pensive_face::pensive_face::pensive_face::pensive_face::pensive_face:

Deus, Pátria e família :Brazil:

Bolsonaro 22.",0,1,FP,0.1293720158225756
LinearSVC,3,"Vc está descrevendo o capitalismo...

Proletariado, no sistema capitalista é apenas o escravo moderno. 

Com a diferença que o burguês te usa para produzir e depois te usa para comprar as coisas que produz...",0,1,FP,0.40150833518279727
LinearSVC,3,"Havia um prisioneiro muito conhecido, um salteador (ladrão) chamado Barrabás. Pilatos, o governador, perguntou a todos: — Quem vocês querem que eu solte: Barrabás ou Jesus, chamado Cristo? O povo escolheu o ladrão.",0,1,FP,0.5276314789615727
LinearSVC,3,O bozó precisa anunciar mais,0,1,FP,0.10481463663578613
LinearSVC,3,"PATRIOTAS, fico preocupado com jornalistas do calibre o Reinaldo Azevedo que era de direita e hoje ataca o nosso Mito.",0,1,FP,1.7964952139054222
LinearSVC,3,"PATRIOTAS, DIVULGUEM EM TODOS OS GRUPOS, PARA QUE TODOS SAIBAM QUE AS PESQUISAS NO BRASIL ESTÃO INDO DE VENTO EM POPA, DIFERENTE DOQUE A ESQUERDA VIVE FALANDO CONTRA O GOVERNO DO NOSSO MITO.",0,1,FP,0.4647299854585456
LinearSVC,3,"Essas peças e outras de artesãos de Caucaia podem ser expostas e vendidas no Museu do Caju... desde 2007 viabilizamos boas parcerias com cerca de 150 famílias da capital Caucaia e municípios do interior...

A temática do Caju... da Cultura Indigena... Negra e do Bode .....",0,1,FP,2.2804870605409557
LinearSVC,3,Você sabe que não foi o Bozó que criou o PIX né fraquejada? Ele nem sabia do que se tratava,0,1,FP,2.4574082309865597
LinearSVC,3,"SE NOSSO MITO SEGUIR NO COMANDO, SERÁ FEITA UMA VERDADEIRA REVOLUÇÃO NA EDUCAÇÃO, TEREMOS A PRIMEIRA UNIVERSIDADE OLAVISTA DO MUNDO, COM GRADUAÇÕES NOS MAIS RELEVANTES ASSUNTOS DE CUNHO CIENTÍFICO, FILOSÓFICO E RELIGIOSO. COM BASE NOS CONHECIMENTOS DE OLAVO DE CARVALHO. COM UM CELEIRO DOS MELHORES PROFESSORES, EX ALUNOS DE OLAVO.",0,1,FP,0.8667373631192574
LinearSVC,3,Como digo NEUTRO SO SABONETE DE BEBÊ,0,1,FP,1.099134912418136
LinearSVC,3,Pra quem não sabe o q se esperar de um país q é governado pela esquerda. Assiste aí e veja o arrependimento dos colombianos!!  :eyes::flushed_face::melting_face:,0,1,FP,0.20776146375540158
LinearSVC,3,O pau tá quebrando  até no Jardim de infância  :face_with_tears_of_joy::face_with_tears_of_joy::face_with_tears_of_joy::face_with_tears_of_joy::face_with_tears_of_joy::face_with_tears_of_joy: sobre política dizendo que o Luladrão  é ladrão.   Nova geração!! :folded_hands_light_skin_tone::folded_hands_light_skin_tone:,0,1,FP,5.097180075993788
LinearSVC,3,"VERDADE É MAIS UMA ARMADILHA DA ESQUERDA E O GRUPO JÁ TEM MAIS DE 100MIL PESSOAS. 

EU SAÍ A TEMPO:enraged_face:",0,1,FP,0.9662137029710047
LinearSVC,3,"O que é ser Bolsonarista?!
 Bolsonarista nada mais é que um grupo expressivo de brasileiros cansados da safadeza de políticos sujos, corruptos, gananciosos, Desqualificados...
Ser Bolsonarista é apoiar  uma política limpa, transparente,  é lutar por um país melhor para as próximas gerações. 
 Sinto orgulho de fazer parte deste grupo seleto, inteligente, consciente...
DEUS, PÁTRIA E FAMÍLIA. 
É Jair ou já era.                                    #FechadoComBolsonaro2022:smiling_face_with_heart-eyes::flexed_biceps::sparkling_heart::Brazil:",0,1,FP,1.1372648449951785
LinearSVC,3,"Pode crer. Esse monstro até ficou imitando gente morrendo sufocada durante a pandemia, né?!",0,1,FP,0.16213819853333136
LinearSVC,3,"Se você quiser comprar 51 imóveis, junte todos os seus familiares ( tios, tias, primos, irmãos,filhos,cunhados, etc..etc..) e trabalhe durante 32 anos. Se você quiser ficar milionário, dê palestras, venda Avon e limpe bosta de elefante no zoológico de SP.....:deaf_man_light_skin_tone:",0,1,FP,0.20552845795096727
LinearSVC,3,"Agenda 2030 
Ideologia de gêneros nos desenhos animados para crianças 
Agenda não para 
Nova ordem mundial
Elite globalista
Diminuição POPULACIONAL",0,1,FP,1.198050224470065
LinearSVC,3,lula em primeiro turno? nem o lula acredita nisso klkkkkkkkkkkkkk a esquerda esta de todo jeito tenrtando burlar as urnas. mais esse ano temos as forças armadas ta,0,1,FP,1.070134876089232
LinearSVC,3,Larga essa vida pecaminosa e se converte em nome de Jesus.,0,1,FP,0.5493170357190664
LinearSVC,3,"Divulguem para as pessoas, até chegar nas autoridades competentes para investigar e esclarecer, pois isto está acontecendo :face_screaming_in_fear:
Urnas eletrônicas dentro do sindicato do PT, no interior de SP",0,1,FP,0.09138941679069987
LinearSVC,3,_Boa noite a todos :red_heart::Brazil:_  *22 neles* domingo vamos arregaçar os petebas,0,1,FP,0.6641741625769859
LinearSVC,3,Bolsonario não é isso diferente de Lula preconceituoso sim em pobre cor e gueis na real somos filho do mesmo criador,0,1,FP,0.48652197321491575
LinearSVC,3,"Atenção senhoras e senhores vamos fazer um movimento aqui no whatsapp usando a foto do nosso presidente no perfil até sair o resultado dá nossa vitória nas urnas vamos colaborar com esse movimento e mostrar q juntos somos mais fortes, PT nunca mais, aqui presidente é Bolsonaro ,Deus Pátria e família.",0,1,FP,0.608242638726276
LinearSVC,3,"Por trinta moedas!
- Votar nestes políticos multimilionários e suas famílias, nunca mais saem do poder!
Eita!
Governador, prefeito, juízes, delegados, chefe de polícia, e sua multidão de eleitores funcionários públicos! Sindicatos, ARCON, Detran, é só multa e alvará!
É trabalho escravo da população pro Estado e Município! 
Sabe quanto ganham?
30 mil, 40 mil, ...,... Juízes, com uma canetada, vão buscar, 80, 100, 200 mil! Não perdem uma causa!
É uma esculhambação!
Funcionário público?
É só comida na boca!
Vai votar neles? 
Nunca mais saem do poder!",0,1,FP,0.26506905380093315
LinearSVC,3,"Mãe querida, 
Neste momento conturbado no nosso país, peço que interceda a Jesus por cada um de nós.
Grande é a nossa responsabilidade INDIVIDUAL e SECRETA, de através de números, escolher quem administrará o Brasil nos próximos anos….
Ninguém pode dizer que não conhece o caos que o Brasil atravessa e ignorar
a preocupante realidade dos nossos sofredores países vizinhos nas mãos de comunistas:crying_face:
NÃO queremos isto para os brasileiros, principalmente para os que têm uma vida pela frente…
Conceda-nos Mãe querida, a Paz e Sabedoria, ajudando-nos a escolher os que são também os escolhidos por VÓS !
Eu Creio, Confio e Espero",0,1,FP,3.475330461944075
LinearSVC,3,Covardia contra o presidente criaram um caos e depois jogaram para cima do presidente que está fazendo milagres para a situação não chegar onde eles queriam que era como está a Argentina hoje lutando contra estados STF oposição globo e artistas que perderam a mamata do nosso dinheiro público,0,1,FP,0.6251887123954911
LinearSVC,3,E claro que não me surpreende esses famosos ricos que perderam a mamata querem o pt de volta e tentam influenciar os seus seguidores querem o nosso dinheiro de volta que o pt já sinalizou que vai voltar como era antes,0,1,FP,0.9711267957120941
LinearSVC,3,Lula mandou na levantar bandeira vermelha bolsonaro mandou nós levantar bandeira do nosso país caso verde amarelo branco olha diferença de um candidato porto vocês nunca viram o lula balançando uma bandeira do brasil,0,1,FP,0.1699485639204212
LinearSVC,3,"O mais importante será nossa vitória meus irmão patriotas .
Deus a frente sempre",0,1,FP,0.5212407344402452
LinearSVC,3,Países mais fortes porque a esquerda corrupta esteve por mais de  três décadas no poder e sucateou as FFAA.:rat::rat::rat:,0,1,FP,0.33384151161967157
LinearSVC,3,"Graças a Deus, não represento o Nordeste. Moro aqui, mas não represento.",0,1,FP,0.06872444689511453
LinearSVC,3,Esse careca maldito está fazendo de tudo pra botar o ladrão na frente mais meu Deus é muito maior que ele,0,1,FP,0.04265154970566126
LinearSVC,3,Não sou fanático... só não quero q o Brasil vire uma Venezuela,0,1,FP,0.15087966277823314
LinearSVC,3,espirito santo Bolsonaro. 98% apurado e bolsonaro com mais da metade dos votos,0,1,FP,0.009987726324439394
LinearSVC,3,Pode anotar ninguém libera um condenado pra concorrer as eleições e perder...tá estranho desde o dia em que libertaram esse crápula,0,1,FP,1.0284440919032047
LinearSVC,3,"Estamos no segundo turno, e ficar xingando nordestino não resolve, tem que conseguir voto, e não vai conseguir os xingando!",0,1,FP,1.247590805406387
LinearSVC,3,Infelizmente o PT tomará conta do nosso Brasil que Deus tenha misericórdia de nois,0,1,FP,0.3319734356033591
LinearSVC,3,Muito estranho mesmo. Aqui no bairro em São José de Ribamar está um silêncio mortal desde os 50% das urnas sendo favoráveis ao Lula Molusco,0,1,FP,1.4997574744325186
LinearSVC,3,"Chora e segue o líder, seu filho da puta",0,1,FP,1.2868550429213288
LinearSVC,3,"Uma coisa seja dita, esse pessoal de esquerda não consegue mais sair na rua  sem ser esculachado!!!!",0,1,FP,0.4964060104880501
LinearSVC,3,"É muito difícil de aguentar,você saber que foi roubado na cara de pau e não pode fazer nada ,sei que fiz a minha parte indo votar,mais infelizmente muitas pessoas  contribuiram para essa sensação horrível,elas não fizeram suas partes, 31 MILHÕES DE PESSOAS que simplesmente não foram votar,não exerceram seu papel de cidadão(ã), tivemos também 5 MILHÕES de votos NULOS E BRANCOS,o pior é que todos nós e até nossas futuras gerações que poderão sofrer muito por causa disso,tenho vergonha de imaginar um dia que eles irão ficar sabendo que fomos nós os culpados deles estarem em uma situação de miséria,fome,etc...
Ainda temos uma única chance de mudar tudo isso no próximo dia 30,não desperdice seu voto e essa oportunidade,vá votar e vote consciente,faça o que for melhor,não só para você ,mais sim para todos nós,para seu país.
Que Deus os ilumine :folded_hands_medium-light_skin_tone:",0,1,FP,0.08466327702094553
LinearSVC,3,":police_car_light: AQUI ESTÁ A REAL SITUAÇÃO DO BRASIL
A MAIORIA DAS INSTITUIÇÕES DE ESQUERDA SOCIALISTA COMUNISTA 
ANO QUE VEM SÓ VÃO OFICIALIZAR COM UMA NOVA CONSTITUIÇÃO SOCIALISTA COMUNISTA",0,1,FP,1.6347729063661105
LinearSVC,3,":police_car_light: A FRAUDE
OS ILLUMINATI
NOVA ORDEM MUNDIAL 
NON
FÓRUM ECONÔMICO MUNDIAL 
ELITE GLOBALISTA 
Os FINANCISTAS GLOBAIS
A CHINA COMUNISTA 
Partido comunista chinês 
Todos essas instituições apoiam Lula e Alkimim              
E o STF já falou que vai trabalhar para cumprir a 
AGENDA  2030 Da ONU",0,1,FP,2.1199086925433948
LinearSVC,3,"Me desculpa se foi ofensa a algum nordestino.

Sei que não são todos.

Mas tomara q seja somente fraude eleitoral",0,1,FP,0.5405732838701479
LinearSVC,3,"Sim , as pessoas tem o livre arbítrio, ela disponibiliza o mal e cada um escolhe se vai abraçar ou não … ele não interfere nas escolhas , cada um escolhe como será , então sim , até a perda do diabo é honesto ….",0,1,FP,0.23767002126366896
LinearSVC,3,"Mas, fato é que xingar o nordestino não é a solução, só vai dificultar mais na hora de buscar o voto",0,1,FP,0.8597036863847412
LinearSVC,3,"Sério :raising_hands::raising_hands::raising_hands::raising_hands: Porém, ainda acredito que foi fraude nas urnas. E precisamos LUTAR por nosso Presidente! :Brazil: Sou nordestina e sou BOLSONARO",0,1,FP,0.7421430842735702
LinearSVC,3,"Vejo muitas pessoas vão para restaurante, ou para um shopping patriota e com roupa normal se todos usarem às cores do país vai expandir às manifestações onde os patriotas passar dentro de supermercados, nas ruas de onde moram.",0,1,FP,1.2436215309036651
LinearSVC,4,"Repassem para os amigos que associam orçamento “secreto” à corrupção… essa foi a narrativa mais inteligente que vi da imprensa e da esquerda para destruir o oponente- eles são craques nisso… a propósito, acho o dito “orçamento secreto” muito mais barato e transparente que colocar estatais e ministérios nas mãos dos políticos/partidos aliados…",0,1,FP,0.26206316461466495
LinearSVC,4,"Isso a velha imprensa não mostra , a situação que a Argentina está ….. segue vídeos recentes , enviado por argentinos :backhand_index_pointing_down::backhand_index_pointing_down::backhand_index_pointing_down::backhand_index_pointing_down::backhand_index_pointing_down::backhand_index_pointing_down:",0,1,FP,0.44011415836992784
LinearSVC,4,":backhand_index_pointing_up: *Os baianos mostrando que são gente com vontade de escrever a história! Deus é bom! BA 27/9/22:sunflower::sunflower::sunflower::sunflower::sunflower::sunflower::sunflower::sunflower::sunflower::Brazil::Brazil::Brazil::Brazil::Brazil::Brazil::Brazil::Brazil::Brazil::Brazil::Brazil::Brazil::Brazil:*

Canal
[USER]:Brazil:",0,1,FP,0.033526738276764084
LinearSVC,4,":Brazil: *Aqui o moleque do ACM NETO se aproveitando do Presidente Bolsonaro e do indicado pelo Presidente para o Governador da Bahia ( o ROMÃ ), para poder se promover. TOMA VERGONHA nessa cara ACM NETO!!!! Mentiroso, aproveitador, sínico igual ao avô.*:Brazil:",0,1,FP,1.0196625946380693
LinearSVC,4,Eu tenho um amigo gay e ele é Bolsonaro de carteirinha,0,1,FP,2.1635535048663037
LinearSVC,4,Aqui na minha cidade tbem mataram…era um traficante que a polícia trocou tiro…,0,1,FP,0.5260900355006041
LinearSVC,4,"A última peça, aquela que define o seu representante em Brasília, está na sua mão.
Não importa de qual lugar você esteja me vendo, o que vale mesmo é o seu compromisso em lutar pela dignidade do povo baiano. Chegou a oportunidade que você tem, de votar certo e eleger quem realmente pensa nas pessoas. Vote ADILSON SILVA – O FEDERAL DE TODA A BAHIA :keycap_1::keycap_1::keycap_7::keycap_7:",0,1,FP,0.16543548698725716
LinearSVC,4,*Paulo Guedes falando que foi a esquerda que democratizou o Brasil após a direita instalar uma ditadura que só roubava o país pra dar prós ricos.*:backhand_index_pointing_up_light_skin_tone:,0,1,FP,0.7313648944596559
LinearSVC,4,Tentaram matar um candidato de bolsonaro no RN . Seguranças reagiram e mandaram 1 pro inferno,0,1,FP,0.08208759080006331
LinearSVC,4,".
:Brazil::oncoming_fist::Brazil: No RN a guerra já começou. O crime organizado em conluio com os esquerdistas tentaram matar candidatos Bolsonarista 
  Mas deu ruim pra eles. É para isso que estão querendo o povo Desarmado ??? Para  o povo ser presas  fáceis do crime organizado e da esquerda?  Os Seguranças reagiram e mandaram 1 pro inferno bater papo com o capeta! :oncoming_fist::Brazil::oncoming_fist::Brazil::oncoming_fist::Brazil:",0,1,FP,1.686859146524342
LinearSVC,4,Baiano explicando com calma os planos de Lula a um petista. :face_with_hand_over_mouth::face_with_hand_over_mouth::face_with_hand_over_mouth:,0,1,FP,2.1962416036183003
LinearSVC,4,CONHEÇA ALGUMAS ACÕES DO GOVERNO BOLSONARO PARA O POVO NORDESTINO E COMPARTILHE! Confira na postagem a seguir: :down_arrow:,0,1,FP,0.4102104505871442
LinearSVC,4,"Tava vendo em outros grupo, se é verdade isso, daí sim é a Ditadura pura",0,1,FP,0.19340583433890443
LinearSVC,4,Coroné Ciro...entre eles:rolling_on_the_floor_laughing::rolling_on_the_floor_laughing::rolling_on_the_floor_laughing:,0,1,FP,0.049185001676196966
LinearSVC,4,Tomara que a esquerda nunca mais assuma o comando desse país,0,1,FP,0.001867799396205072
LinearSVC,4,Essa tá louca o padre deixou ela surtada kkkkk,0,1,FP,1.1951510598152504
LinearSVC,4,*BOLSONARO APOIA DITADOR QUE PERSEGUE E MATA CRISTÃOS!*,0,1,FP,1.7017867524417396
LinearSVC,4,"*O futuro do Brasil está em suas mãos. Diga não ao comunismo*.
*Pense bem em seus filhos e netos na hora de depositar seu voto na urna, este momento não é um jogo de futebol.*

*#Deus, Pátria, família e liberdade :folded_hands::Brazil:*",0,1,FP,1.027532380300893
LinearSVC,4,Sempre falei que não é normal essa raça querer ensinar sexo para crianças (escola se aprende a ler e escrever).,0,1,FP,0.24170096850913544
LinearSVC,4,O Deus dos bolsonarentos é mamon. Tudo fariseu.,0,1,FP,0.5299748150215003
LinearSVC,4,"Ronaldinho Gaucho
- Neymar
- Pelé
- Renato Gaucho
- Felipe Melo
- Rivaldo
- Lucas Moura
- Fred.
Tudo declara voto ao [USER]
 Gente compartilha aí os famosos de caráter começaram a demostra total apoio a BOLSONARO.",0,1,FP,0.4458042073796534
LinearSVC,4,"Quem garante que esses caras não estão com o mito só por interesse?

Vc confia no Valdemar Costa Neto condenado no mensalão? Eu não confio.

Confia no Collor? Eu não.

O mito deveria parar de fazer essas alianças com essas pessoas. Pq quem se mistura com porco farelo come.",0,1,FP,1.6954130847165518
LinearSVC,4,"Tem algo muito esquisito neste ""boletim""

Que é ""L"" e que é ""B"":red_question_mark:",0,1,FP,0.059970463434170146
LinearSVC,4,"Pobre país. Não sou cristão, mas vejo o país como Jesus, crucificado entre 2 ladrões.",0,1,FP,0.07269926212541131
LinearSVC,4,"O modo como os homessexuais são tratados pela mídia muitas vezes é desnecessário, o cidadão precisa ser tratado com caráter assim como os demais",0,1,FP,1.141305497115661
LinearSVC,4,"O país é laico  . Lula não vive com o nome Deus usando na boca. Como vejo certo candidato fala o nome Deus , mas , rouba , mente , debocha de quem morreu pela COVID ( sem empatia cristã ) , tem várias mulheres e divórcios , onde o cristianismo proibi o divórcio . E tanta merda ...  E ainda adora imagem que minha vó diz que quem adora imagem tá adorando o satanás .",0,1,FP,0.7526376574564928
LinearSVC,4,"1° Turno contra a Globo, contra todos os jornais, contra o Chandão, contra todos dos STF, contra todas as pesquisas malignas, contra a esquerda do mal....... O cara é Mito mesmo e único. O cara é foda. Fico emocionado em prantos se isto acontecer :folded_hands:.",0,1,FP,1.5394866193525842
LinearSVC,4,"4 DEPUTADOS FEDERAIS  MAIS VOTADOS PARANÁ
DELTON
FELIPE BARROS
GLEICE
BETO PRETO 
2 PETISTAS",0,1,FP,0.13944480311274896
LinearSVC,4,"Que nada ,eu sou do nordeste e não tem nenhum coitadinho aqui nao em sergipe",0,1,FP,0.45765938462724065
LinearSVC,4,O pior pecado e mísera que sua mãe fez na vida foi te pari :rolling_on_the_floor_laughing::rolling_on_the_floor_laughing::rolling_on_the_floor_laughing::rolling_on_the_floor_laughing:,0,1,FP,0.2659742960835024
LinearSVC,4,"Gente.
Todos Nós Sabemos Que Em 2018,
Nós Apoiadores e Eleitores De Bolsonaro.
Fizemos a Diferença Naquela Época.
Vamos Unir As Forças e Lutar Emprol Do Nosso Presidente.
Deus é Conosco.
Defendemos Princípios Da Família e Da Pátria.
Vamos à Luta!
Contra a Corrupção!
Fora PT!",0,1,FP,1.9933984532574982
LinearSVC,4,"Para com isso gente, porque se voces não são nordestinos e tem este pensamento, e nao conseguiram ganhar uma eleição, o Nordestino ganhou! E desta forma como voces que não sao nordestino agindo e falando desta forma para o segundo turno no nordeste, a gente vai perder até os poucos votos pra Bolsonaro que ja temos!",0,1,FP,1.322257385687362
LinearSVC,4,Verdade portela fraca os assessores Bolsonaro não batem na esquerda deixa eles a vontade,0,1,FP,0.4505253045786878
LinearSVC,4,"Gente, não vamos culpar o povo. Eu duvido q o nordestino deu essa rasteiras Bolsonaro! Com certeza q é fraude!",0,1,FP,0.005731018219110706
LinearSVC,4,"Os garotos mal educados, frágeis tem geralmente problemas de ego frágil.  
São incapazes de lidar com o sexo feminino.  
Realmente não sou a profissional indicada, advogada não faz psicologia.  Embora criminologia nos dê um parâmetro amplo sobre patologias.",0,1,FP,0.10611943293364953
LinearSVC,4,"Agora, é aguardar uma posição do presidente. Só ele tem o poder. Acabar com esta palhaçada de jogar dentro das quatro linhas.
Basta de bancar o cordeiro.
Basta de ser idiota.",0,1,FP,3.2361975206772837
LinearSVC,4,"Essa é família tradicional , respeitosa , que prima pelos bons costumes e defendem Deus . Na realidade são tudos uma bando de HIPOCRITAS .",0,1,FP,0.004961113472587431
LinearSVC,4,Eu sou Paulista mais moro aqui a quarenta anos..tbm fiquei um pouco decepcionado..mais ja esperava...Eles manobram as classes menos escolarizadas para tirar vantagens..so cego nao enxerga isso.,0,1,FP,0.2795452039576979
LinearSVC,4,"Se apega ao espírito corrompido da época, para dizer que é intelectual. Por toda essa facilidade (Mídia, livros do mec) todo mundo seria intelectual.",0,1,FP,0.48835839809590864
LinearSVC,4,"Você é caminhoneiro? Sim? Trabalha para alguém relacionado ao Luciano Hang (dono das Lojas HAVAN) ou a parentes dele? Sim? *Então o MP e o TRE decidem que quem trabalha para supostos bolsonaristas não pode ir votar para não ""dar voto"" para Bolsonaro!* Que importa se é O MAIOR CRIME POSSÍVEL CONTRA UMA DEMOCRACIA impedir qualquer cidadão de exercer a plena cidadania por meio do voto...

Nem presidiários assassinos de bebês são privados de votar!",0,1,FP,0.5723714629277191
KNN,0,"Esse CNPJ foi criado, é para ajudar com qualquer valor para os adesivos do nosso presidente Bolsonaro, estamos na luta,quem puder ajudar com qualquer valor ficamos agradecido.",0,1,FP,0.6
KNN,0,"*O nome do BOLSONARO para Deputada Estadual na Bahia é REBECA MARTINS!*

DEPUTADA ESTADUAL É 22122 :green_heart::yellow_heart:


MANDE PARA UM BAIANO QUE VOCÊ CONHEÇA! :Brazil:",0,1,FP,0.6
KNN,0,Mais uma maneira das urnas roubarem o voto ... Repassem pra todos ... Vejam como a esquerda tenta voltar ao poder a qualquer preço... Fique  atento... :backhand_index_pointing_down_dark_skin_tone:,0,1,FP,0.8
KNN,0,"OBRASIL VAI FECHAR 2022 COM UMA DIVIDA PUBLICA INTERNA DE 6 TRILHOES.
E PAGA DE JUROS AOS BANQUEIROS NA FAIXA DE 500 BILHOES AO ANO E O ORÇAMENTO DE 2023 CONSOME MAIS DE 50% DE JUROS DA DIVIDA. NAO VEJO OS CANDIDATOS DISCUTINDO ESSE BURACO NEGRO EM NOSSA ECONOMIA...",0,1,FP,0.8
KNN,0,Vc consegue o vídeo que Bolsonaro pede pra parar de falar que Michele foi maconheira a vó traficante,0,1,FP,0.6
KNN,0,"Muito obrigado Igor. Antifas digitais, pessoas odiosas querem desidratar os grupos de direita porque sabem que vamos pro combate e venceremos. Todos esses canalhas cairão um a um, a começar pelo rato-mor de 9 dedos",0,1,FP,0.6
KNN,0,"Espero que cada Patriota deste nosso Brasil tenha 1/3 da coragem deste cidadão.

Com certeza ele deve ter apanhado bastante ou morto neste ninho de serpentes.

Enquanto tiver um Bolsonarista em pé, Lula e seus seguidores não terão sossego.",0,1,FP,0.6
KNN,0,Boa tarde. pessoal. Mim chamo Elicarla.estou passando uma situação muito difícil já faz muitos meses já não aguento mais tenho dois filhos pequenos que precisam se alimentar um de 2 anos e um de 7 o mas novo mamá mas também toma Migau mas não tem leite e nem masa :loudly_crying_face::loudly_crying_face::loudly_crying_face:queria pedir a ajuda e oração por minha família e quem pode ajudar em qualquer contia peço apenas (1ou2) porque as pessoas do grupo mora longe o cras aqui do meu interior infelizmente continua sem cestas básicas eu trabalho com reciclagem mas tá difícil que pode ajudar desde de já agradeço meu (pix84994262642) meu nome é Elicarla Alves dos anjos :folded_hands:,0,1,FP,0.8
KNN,0,"Nāo esqueçam quem mandou você FICAR EM CASA. Quem tratou o cidadāo de bem como BANDIDO. FORACASAGRANDE. MANATO 22 , BOLSONARO 22, MAGNO MALTA 222, GILVAN DA FEDERAL 2222",0,1,FP,1.0
KNN,0,Personal training socialista :rolling_on_the_floor_laughing::rolling_on_the_floor_laughing::rolling_on_the_floor_laughing::rolling_on_the_floor_laughing::rolling_on_the_floor_laughing::rolling_on_the_floor_laughing::rolling_on_the_floor_laughing::rolling_on_the_floor_laughing::rolling_on_the_floor_laughing::rolling_on_the_floor_laughing::rolling_on_the_floor_laughing::rolling_on_the_floor_laughing::rolling_on_the_floor_laughing::rolling_on_the_floor_laughing::rolling_on_the_floor_laughing: espalhando o amor :backhand_index_pointing_up_medium-light_skin_tone::backhand_index_pointing_up_medium-light_skin_tone::backhand_index_pointing_up_medium-light_skin_tone: esquerdista é psicopata,0,1,FP,0.8
KNN,0,Satanás ja caiu por terra em nome do Senhor JESUS CRISTO!!!:backhand_index_pointing_up_dark_skin_tone::unamused_face::unamused_face::unamused_face::thumbs_down_dark_skin_tone::thumbs_down_dark_skin_tone::face_vomiting::face_vomiting::face_vomiting::man_facepalming_dark_skin_tone::man_facepalming_dark_skin_tone::man_facepalming_dark_skin_tone::man_facepalming_dark_skin_tone::confounded_face:,0,1,FP,1.0
KNN,0,"*EU, Machado,:axe:.*

:check_mark_button:VOTO CONTRA!**:check_mark_button:VOTO CONTR *:check_mark_button:VOTO CONTRA!**:check_mark_button:VOTO CONTRA!*


*:face_vomiting:CONTRA INCESTO*

*:face_vomiting:CONTRA ABORTO*

*:face_vomiting:CONTRA IDEOLOGIA DE GÊNERO*

*:face_vomiting:CONTRA DESTRUIÇÃO DA FAMÍLIA*

*:face_vomiting:CONTRA CONTRA REGULAÇÃO DA MÍDIA*

*:face_vomiting:CONTRA FECHAMENTO DAS IGREJAS*

*:face_vomiting:CONTRA CORRUPÇÃO*

*:face_vomiting:CONTRA BANHEIRO COMUNITÁRIO PARA HOMEM E MULHER*

*:face_vomiting:CONTRA A FAMÍLIA NÃO TRADICIONAL* 



*:check_mark_button:Cristão que vota na esquerda não está com Cristo! :check_mark_button:*

:check_mark_button:***
:check_mark_button:****
:check_mark_button:222
:check_mark_button:22
:check_mark_button:22

:check_mark_button:Deus
:check_mark_button:Pátria 
:check_mark_button:Família 
:check_mark_button:Liberdade
:Brazil::Brazil::Brazil::Brazil::Brazil::Brazil::Brazil::Brazil::Brazil:",0,1,FP,0.6
KNN,0,"Gigante ele vai ficar se não se aliar com marginais, pra cima Ciro quebre onde quebrar, Bolsonaro e Lula são iguais",0,1,FP,0.8
KNN,0,Vamos orar pro senhor Jesus abençoar nosso presidente nesse debate q o ladrão fiq confundido,0,1,FP,0.6
KNN,0,"Bolsonaro triturou a cleptocracia unida, contra a verdade não existem argumentos.
A oposição corrupta unida se fudeu durante 4 anos inventando mentiras contra o presidente, sem que nenhum ilícito sequer tenha sido provado, tudo falácia, ilação infundada, falsa narrativa, bravata politiqueira, em nome do roubo em sequência que acontece desde o governo Sarney e que sempre foi escondida por essa mídia militonta, responsável por muita postura idiota, desse tanto de idiota que a gente ainda vê por aí depois de tanta merda que já aconteceu!!!

Esse debate maravilhoso, vem pra coroar e confirmar com chave de ouro, o único resultado aceitável para essas eleições, a reeleição do melhor presidente que esse país já teve, Jair Messias Bolsonaro!!!
:Brazil::Japanese_symbol_for_beginner::Brazil::Japanese_symbol_for_beginner::Brazil::Japanese_symbol_for_beginner:",0,1,FP,1.0
KNN,0,"Um cidadão que se diz crente Apoiar um homem que é contra a família, contra a igreja, é um absurdo. É um Judas",0,1,FP,0.6
KNN,0,"E que Deus nos livre de todo mal, que essa maldita esquerda quer nos impor",0,1,FP,0.6
KNN,0,"Esse meu Presidente é um esculacho caracolis, desbundou essa ridícula, bem feito, ficou com cara de tacho. Olha a expressão dela de ódio, caracolis amo, amo esse meu presidente, bem feito para essa sujeita ridícula. Nunca mais ela vai querer se meter com presidente, eu acho melhor é ela se recolher a insignificância dela. Lamentável que essa boçal ainda terá mais 4 anos pra infernizar a nossa vida. Porque senão ela sairia já não só ela, como a Simone Tebet e muitos outros, que na próxima vão cair fora mesmo.",0,1,FP,1.0
KNN,0,"É mais fácil desconfiar do caráter do padre que acabamos de conhecer. “Com certeza é safado” 

Mas do corrupto do século não, claro que não!
 Loola 
“O homem mais honesto do mundo.”",0,1,FP,0.6
KNN,0,"Exorcismo

Descrição
*Os termos exorcismo, esconjuração ou esconjuro designam o ritual executado por uma pessoa devidamente autorizada para expulsar espíritos malignos de outra pessoa que está num estado de possessão demoníaca. Pode também designar o ato de expulsar demônios por intermédio de rezas e esconjuros.*",0,1,FP,0.6
KNN,0,Conheça a deficiente auditiva Cilmara Bonfim,0,1,FP,0.6
KNN,0,"BOA TARDE PÁTRIOTAS !  CARREATA DO TEN JOÃO CLEUSIMAR ""MATA-BOI, RUMO A VITÓRIA EM NOME DE NOSSO SENHOR JESUS CRISTO AMÉM.",0,1,FP,0.8
KNN,0,"Ser conciente e' diferente, e' ver realidade.  Conciente sim, imbecil jamais.",0,1,FP,1.0
KNN,0,Quando vem com esse discurso pode ver que é gado raiz,0,1,FP,0.6
KNN,0,Ah dá licença né meu amigo você é dizer que você é de direita acreditar na pesquisa do Datafolha é só é para acabar né não tem como né de uma pesquisa que é de esquerda rapaz não tem só você mesmo para acreditar mas fiquei acreditando então cara que a lavada vai ser grande!!!,0,1,FP,0.6
KNN,0,Si isso acontecer e uma prova que Bolsonaro enganou o gado fez lob pra comprar arma mas não criou uma lei pra si sustentar,0,1,FP,0.6
KNN,0,Mas quero deixa meu recado para o galera do Amapá. *não podemos permitir a reeleição do David Alcolumbre*. Gente pelo amor do nosso Senhor Jesus Cristo. Essa homem representa o Satanás. Ele não pode entrar novamente. Elejam o senador que está com o PR Bolsonaro. Pelo amor Deus,0,1,FP,0.8
KNN,0,":backhand_index_pointing_up_dark_skin_tone::backhand_index_pointing_up_dark_skin_tone::backhand_index_pointing_up_dark_skin_tone:essas eleições de 2022 terão uma enorme importância para o povo BRASILEIRO,.. ATRAVEZ dela teremos a resposta para duas questões,  1 - quem será o próximo presidente do Brasil 2 - quantos  brasileiros são  pessoas  do bem e quantos brasileiros  são pessoas  do mal..:face_with_hand_over_mouth::face_with_hand_over_mouth::face_with_hand_over_mouth::face_with_hand_over_mouth: Nem o IBGE em toda sua existência foi capaz de realizar uma pesquisa tão enigmática como essa ,, :face_with_tears_of_joy::face_with_tears_of_joy::face_with_tears_of_joy:",0,1,FP,0.6
KNN,0,Só não levou na anterior porque o Bozo fez um golpe com o MORO safado. Kkkkk. Vai estudar. Kkkkk. Bjo,0,1,FP,0.6
KNN,0,"Quem mora fora é rico. 

Gente que ganhou dinheiro só na época lula!",0,1,FP,0.6
KNN,0,Olha o choro da esquerda :grinning_face::grinning_face::grinning_face::grinning_face:,0,1,FP,0.8
KNN,0,"Tá chegando a hora de Deus nos libertar dessa praga.
Só trouxe desgraça para o Brasil.
Ainda tem jente da mesma laia q vota num cão desse",0,1,FP,0.8
KNN,0,"Sai de ré satanás , quem ri por último ri melhor , vc ainda não ganhou nem roubando , e nem vai ganhar . Pq a luz sempre vence .",0,1,FP,0.8
KNN,0,Cap Wagner é ilusão tb man.. ilusão.. lembra do motim.. coisa de esquerdista.. ae viu q num era pela esquerda q ele conseguiria.. ae tentou e n conseguiu nada c essa tática de neutralidade.. se fudeu,0,1,FP,0.6
KNN,0,Se o diabo fosse honesto não teria sido expulso do paraíso!,0,1,FP,0.6
KNN,0,"Obrigada meu Deus todo poderoso,  por que vindes a mim, eu sua semelhança e sua serva, e seu templo de morada. Jamais utilizarei seu nome em vão para deturpar suas palavras. Colocar como certa a violência,  o mal ao próximo.  Nem no antigo nem no novo testamento :folded_hands_light_skin_tone:",0,1,FP,0.6
KNN,0,Foi criado ontem e já está grande. A galera está com força,0,1,FP,0.6
KNN,0,"Primeiramente vc tem que conhecer a maçonaria antes de falar merda!!! A maçonaria não e uma religião, A maçonaria e uma instituição que uni diversos conceitos diferentes. Hoje na maçonaria tem cristão, espíritas, judeus, católicos. Outra coisa ! Pelo fato do bolsonaro ter visitado a maçonaria não significa que ele seja maçom.  Se for assim lula e macumbeiro por visitar terreiros de macumba e receber santos dos macumbeiros:man_shrugging_light_skin_tone::man_shrugging_light_skin_tone::man_shrugging_light_skin_tone:",0,1,FP,1.0
KNN,1,"Boa tarde, pessoal é verídico que foi represália da ditadura Venezuelana?",0,1,FP,0.8
KNN,1,"e uma VERGONHA pro  MS,  se vendeu pra China,  vc viu o comentário dela  no último debate, só por Deus.",0,1,FP,0.6
KNN,1,"Não Somos Vagabundos, nosso suor, nossas lágrimas, nossa juventude e nosso sangue marcou a história dessa Nação, tenho orgulho em ser veterano, tenho orgulho de meus pais aposentados e das pensionistas que recebem o mínimo, pelo tanto que perderam.",0,1,FP,0.6
KNN,1,Dizem qui o nordestino é com o lula... vai vendo Brasil...:face_with_hand_over_mouth::face_with_hand_over_mouth::face_with_hand_over_mouth::face_with_hand_over_mouth::Brazil::Brazil::Brazil::Brazil::Brazil:.,0,1,FP,0.8
KNN,1,"Partido político por quê teria sindicato ja vi que voceis não conhece a impotancia de um sindicato. Se o pt tivesse um sindicato eu seria filiado a muito tempo, sou o fundador do PT em Andirá é filiado desde 1990. Não é toa que Paraná é o estado mais atrasado politicamente.",0,1,FP,0.8
KNN,1,"Socialista, mas o modelo de socialismo deles é diferente do modelo Sovietico, por exemplo...

Se fosse implantado aqui, não seria nenhum desses modelos...

Seria um modelo que levaria em conta a cultura brasileira.",0,1,FP,1.0
KNN,1,"Essa é a Colinha pelo Bem do Brasil e do Espírito Santo!!! Se você Confia em mim, entenda: Guerreiro Patriota Combativo vota em Guerreiro Patriota Combativo... Não podemos votar por votar... Por esses eu ponho a mão e o corpo no fogo há anos sem ganhar nenhum centavo!!! 22 neles!!! Se quiser essa Colinha em Papel, eu também tenho!:flexed_biceps::Brazil: É na hora da decisão que traçamos nosso destino... Chegou a hora!!! Vamos Salvar o Brasil!!! :green_heart::yellow_heart::raising_hands: DEUS, PÁTRIA, FAMÍLIA E LIBERDADE!!!",0,1,FP,0.6
KNN,1,"O voto é SECRETO!!!
Cada um tem a liberdade de escolher em quem votar, considerando suas experiências, afinidades e semelhanças.
Uns escolhem os princípios de honrar a Deus, Pátria e Família, a eleger um governo com o mínimo de corrupção possível e não comunista.

Já outros, temos de compreender, vivenciaram experiências negativas, aprenderam que para melhorar de vida tem de roubar, enganar, trapacear e se corromper, assim, entendem que a melhor opção é alguém que lhes representa, alguém que tem o mesmo caráter conspurcado.

Att.",0,1,FP,0.8
KNN,1,"O voto é uma arma disponível e convida você a fazer um suicídio, não aponte o calibre *13* para sua própria cabeça. Não  haverá família nuclear, não haverá nova geração (aborto) não haverá naturalidade biológica ao nascimento, não haverá direto a crença religiosa (Religare), não haverá liberdades democráticas.
Dito isso, lute contra o verdadeiro discurso de ódio, travestido em anúncio de amor que conduz ao inferno (sheol).

_Janbres Shepherd_",0,1,FP,0.8
KNN,1,"primeira vez que vejo padre fake News, esse bozo e forte:rolling_on_the_floor_laughing::rolling_on_the_floor_laughing::rolling_on_the_floor_laughing::rolling_on_the_floor_laughing:",0,1,FP,0.6
KNN,1,"Felipe da Ave se une com a puta 


A puta morreu de vez hoje 



A Tronik desceu 14 palmos ao invés de 7 


O Ciro não bateu em mulher e nem em repórter hoje 


O padre mostrou que leva para o chão e finaliza kkkk



Bolsonaro ganhou de novo e vai ser reeleito



Fim de papo",0,1,FP,0.8
KNN,1,":backhand_index_pointing_up_light_skin_tone: Esse Padre de Festa Junina foi ser cabo eleitoral do BOZO mas deu errado. Com esse debate o BOZO perdeu voto.


Vai ser no primeiro turno.  É  13",0,1,FP,0.6
KNN,1,"*""DATAPADRE""*
(Fred Henrique Gadonski)

Foi chamado num debate,
Em frente à televisão,
Um estranho sacerdote,
Um tal de padre Kelmon,
Envergando a batina,
Acendeu a lamparina,
E pôs luz na escuridão!

Esse é mais um episódio,
Da história do Brasil,
Quando aumentou o sódio,
A hipertensão subiu,
Quase que tirou a roupa,
Espumando pela boca,
Bonner foi no rivotril!

Esse tipo de atitude,
Às vezes é necessário,
Apontou a ilicitude,
Do antigo mandatário,
Botou fogo no parquinho,
Pegou pelo colarinho,
Muito macho esse vigário!

O padre bateu tão duro,
No candidato sem dedo,
Pra preservar seu futuro,
Domingo não tem segredo,
É manter o capitão,
Comandando a nação,
VINTE E DOIS, não tenha medo!

Datafolha é uma furada,
Pelas ruas ninguém viu,
A pesquisa é uma cilada,
Fique esperto com o ardil,
Vou ficar com o ""Datapadre"",
No domingo, 'cê' já sabe,
VINTE E DOIS, pelo BRASIL!",0,1,FP,0.8
KNN,1,"Deus fez isto para humilhar a globo, os criminosos no debate, os banqueiros e empresários poderosos também criminosos que dão dinheiro pra o crime e facilitar seus roubos bilionários do poder público e do povo.
Tem preços altíssimos injustificáveis e juros exorbitantes agiotas..Você que tem bancos cobrando 26% de juros ao mês para aposentado?
Na Europa em julho 22 o taxa de juros era de menos (-) 0,5 % ao ano.
Taxa negativa de juros
Agora subiu um po",0,1,FP,0.8
KNN,1,"Meu resultado final do debate na [USER]
Bolsonaro reeleito,
Lula acabado, 
Padre aumenta fiéis,
D'ávila, Soraya, Simone volta ao ostracismo,
Ciro volta em 2026 (não sei pra quê)
Globo fecha e Bonner desempregado!!",0,1,FP,0.6
KNN,1,"A última esperança do ""gopi do Bozo"" se foi...:rolling_on_the_floor_laughing:",0,1,FP,0.6
KNN,1,"( Grupo fundado por pessoas da área de T.I e pelo _Emanuel Valença_ )

Grupo foi feito à apoio ao presidente da República _"" Jair Messias Bolsonaro ""_
Permitido debate, desde não saia do foco!!!
Não é permitido petista ou pessoas de esquerda.",0,1,FP,0.6
KNN,1,"Hoje pela manhã dois amigos se encontram no estacionamento da empresa, um bolsonarista outro lulista.

 O bolsonarista pergunta: vc viu o padre, ontem?

 O lulista ainda puto, com certeza passou a noite em claro, responde: vai vtc!

O bolsonarista, calma!

O lulista: calma? Vc me pergunta *se eu vi a do padre*, vai vtc de novo!

O bolsonarista: eu perguntei se vc viu o padre, ontem?

O lulista: desculpa, entendi errado!

O bolsonarista aproveitando o gancho: *se vc não viu a do padre levanta a batina*:face_with_tears_of_joy:",0,1,FP,0.6
KNN,1,"BOLSONARO ENTREGOU A CHAVE DO COFRE PARA NÃO SOFRER IMPEACHMENT, MAS SUA HORA CHEGOU!

Bolsonaro perguntou onde tem corrupção no governo dele no debate na Globo ontem, na maior cara de pau, enquanto na realidade basta olhar para qualquer área deste governo desastroso para saber.

Politicamente, o resultado disso é um presidente fraco, sem moral, que precisa ceder a todas as chantagens para não sofrer impeachment, gerando ainda mais corrupção, como é o caso do escandaloso orçamento secreto.

Por isso é necessário alguém com vida limpa e com um projeto claro a ser apresentado e negociado, às claras, com o parlamento e com toda a sociedade.

#forabozo #forabolsonaro #bolsonarocorrupto #deputadofederal #prefirociro",0,1,FP,0.8
KNN,1,Meus amigos do grupo ! Venho aqui reforçar com vocês o voto a deputada federal Alê Silva n°1000 . A Alê abraçou minha trajetória pelo direito da criança com doença rara e outras deficiências ! Gratidão a vc deputada tmjs rumo a Vitória #Deus #família #pátria #liberdade :wheelchair_symbol::oncoming_fist::red_triangle_pointed_up: Tmjs 22 ! 22! 22!22!22!22!22!22!22! Bolsonsro22,0,1,FP,0.6
KNN,1,"Mas quem tem problemas na justiça não pode ser dizer contra a corrupção e cidadão de bem.
É como esses políticos corruptos que o mito se aliou, tá no partido de um cara condenado no mensalão.
Eu não gosto de passar pano não.
Se o mito errar tem que ir pra cadeia tb, chega de corrupção no Brasil.

Eu não gosto de ver esse monte de apoio de gente cheia de problemas junto com o mito não. Me perdoe, mas me incomoda bastante",0,1,FP,0.8
KNN,1,"MENSAGEM DO DIA 

*""CRISTÃO NÃO NEGA PRINCÍPIOS.""*

VAMOS REELEGER NOSSO PRESIDENTE HOJE E COM FÉ EM DEUS VAMOS SER UM PAÍS PRÓSPERO!!! 

*FELIZ É A NAÇÃO CUJO DEUS É O SENHOR.*

AMÉM!!! 
:Brazil::flexed_biceps_light_skin_tone::folded_hands_light_skin_tone::clapping_hands_light_skin_tone:",0,1,FP,0.8
KNN,1,"Olham só a diretora da escola entregando os santinhos da esquerda na fila de votação no dia das eleições, favor alguém pode entregar essa pilastra da diretora para a justiça!",0,1,FP,0.6
KNN,1,"Leva nossos problema para fora

 Cartazes da cara de  Lula e Bolsonaro 

Roupa suja se lava em casa não é levar para os outros",0,1,FP,0.6
KNN,1,"Boa tarde, complexo de vira lata, acho a minha pátria e o Brasil, portanto, boa ou ruim é o meu lugar, puxar saco de americano não vai resolver nada, precisamos corrigir nossos defeitos , e parar de achar que o Brasil só tem coisa ruim, ou vcs acham que na América não te favela, não tem fome, não tem corrupção, claro que tem, só não fazem propaganda da desgraca igual nos",0,1,FP,0.8
KNN,1,"Bozo vacilou 
Nao acompanhou a fiscalizacao serrada das urnas 

O SISTEMA FEZ A MANIPULAÇÃO PROGRAMOU ELA PARA  QUE O SISTEMA VENCESSE

EU PENSO QUE ELES LEVARAO PARA O 2° TURNO PARA NAO FICAR TAO ESCANCARADO A FRAUDE

NO SEGUNDO TURNO O SISTEMA FECHARA O NOSSO CAIXAO.

SINTO MUITO EM DIZER

O SISTEMA VAI TIRAR BOZO DO PODER CUSTE O QUE CUSTAR

ELES VIERAM PRA ISSO BOZO FOI INOCENTE

EU ESPERO QUE EU ESTEJA ERRADO,

QUERO MUITO VER O PT SER DESTRUÍDO,
E 9 DEDOS TAMBEM

MAS ELES SAO UM SISTEMA DE MAIS DE 30 ANOS 

ELES TEM MAIS VONTADE DE VOLTAR AO PODER DO QUE BOZO VENCER

NA MINHA HUMILDE OPINIAO FALTOU BOZO BOTAR QUENTE NA FISCALIZAÇAO DE URNAS",0,1,FP,0.6
KNN,1,Verdade é por isso que aquela quantidade enorme de brasileiro que vive lá fora não quer voltar mais para o Brasil porque sabe dessa pouca vergonha,0,1,FP,0.6
KNN,1,"Não generalizando, mas a maioria gostava da mordomia de receber bolsa familia de 130 reais e não ir trabalhar!! Por isso querem Lula de volta. Ah tnc enquabto uns querem empregos eles so querem voltar pro mundo preguiçoso",0,1,FP,0.6
KNN,1,Só que as pessoas têm que parar de ofender o nordeste e principalmente a Bahia nós precisamos desses votos que é muito importante provavelmente aconteceu alguma fraude lá também nós não podemos ficar xingando os nordestinos nem muito menos os baiano,0,1,FP,0.8
KNN,1,"Meu Deus o Congresso será 90 %  por certo Esquerdista 


Meu Deus o Congresso será 90 %  por certo Esquerdista 





Meu Deus o Congresso será 90 %  por certo Esquerdista


Meu Deus o Congresso será 90 %  por certo Esquerdista 


Meu Deus o Congresso será 90 %  por certo Esquerdista 





Meu Deus o Congresso será 90 %  por certo Esquerdista




Meu Deus o Congresso será 90 %  por certo Esquerdista 


Meu Deus o Congresso será 90 %  por certo Esquerdista 





Meu Deus o Congresso será 90 %  por certo Esquerdista",0,1,FP,0.8
KNN,1,"Oh Meu povo; que sensação ruim nesse momento 

Se não botassemos nossos joelhos no chão e o rosto tamb em reverência e clamar ao Deus altissimos, não suportariamos tanta humilhação",0,1,FP,0.6
KNN,1,"Ninguém ninguém sabe o q aconteceu nas urnas, já anoite, ainda cheias de pessoas pra votarem

Só Deus sabe de tudo !!!",0,1,FP,1.0
KNN,1,VEJAM NOSSA FORÇA. ENGRAÇADO QUE SÓ A GENTE TA PESSIMISTA. OLHA A MIDIA SUJA? OLHA A IMPRESSÃO DELES?,0,1,FP,0.6
KNN,2,"*Gente, nestas eleições, vamos expulsar do senado: David Alcolumbre, Romário, Acir gurgacz, Alexandre Silveira, Dario Berger, elmano Ferrer, guaracy Silveira, Álvaro dias, Jean Paul Prates, José Serra,  Luis Carlos do Carmo, Luiz pastore, nilda gomdim, Otto Alencar, Omar Aziz, regufe, tasso jereissati, telmario Motta, wellington Fagundes e vamos substitui-Los pelos nossos candidatos da listagem conforme amostra estado por estado*",0,1,FP,0.8
KNN,2,Jornalista toma uma invertida de uma senhora nordestina,0,1,FP,0.8
KNN,2,"*VERDADE REVELADA -* Ninguém te prometeu nada. Muitos fazem planos para o amanhã. Mas quem te falou, que vai ser do seu jeito amanhã. *A VERDADE em APOCALIPSE 3:8*  Conheço as suas obras. Eis que coloquei diante de você uma porta aberta que ninguém pode fechar. Sei que você tem pouca força, mas guardou a minha palavra e não negou meu nome. O mestre *JESUS* é o caminho da *VERDADE* e da *VIDA.          JAKISON BRITO*",0,1,FP,0.6
KNN,2,"*Compartilhe o em seus grupos*

Veja só a estratégia diabólica que os candidatos a *Deputado da ESQUERDA e os ISENTÕES* estão fazendo para não reeleger o Capitão Assumção.",0,1,FP,0.6
KNN,2,Bom dia! Vocês sabem que lula se inspira em Fidel castro e CheGuevara com certeza. Mas vocês sabem como eles trataravam negros e gays?,0,1,FP,1.0
KNN,2,"Se for Bolsominion e não tiver o coração :red_heart: forte, não assista :backhand_index_pointing_up::face_with_tears_of_joy::face_with_tears_of_joy::face_with_tears_of_joy::rolling_on_the_floor_laughing::rolling_on_the_floor_laughing::rolling_on_the_floor_laughing:",0,1,FP,1.0
KNN,2,"É típico mesmo, politicos de esquerda se apropriam da coisa pública em benefício próprio, sempre foi assim, é a esculhambacão com a coisa pública.",0,1,FP,0.6
KNN,2,Patriotas...confesso que não vou ter estômago pra instalar a globo na minha tv pra assistir o debate hj....imaginam o bombardeio??....,0,1,FP,1.0
KNN,2,"Homem comprou TV anunciada na Olx com notas de R$ 200,00 falsas. Diz vendedora.

""Anunciei a TV na Olx, combinamos o endereço,  pedi para ele fazer um pix,  mas ele disse que iria pagar em dinheiro,  pois acabado de receber o pagamento. Só descobri que eram falsas,  quando fui comprar em outro lugar."" Diz a mulher,  que vendeu a TV na Rua Humberto de Campos,  Leblon,  na noite de terça-feira.",0,1,FP,0.6
KNN,2,Cleitinho Azevedo mostra quem é Aro candidato senado por MG .Aro candidato a senado é fixa suja. Tome muito cuidado ao votar  para senador . Não vote no candidado Aro,0,1,FP,0.6
KNN,2,NOS   DA  POPULAÇÃO   DO BEM    VAMOS   SAIR   DA  FILA  DOS  QUE  RECLAMA   E  DIA  2 DE  OUTUBRO   DE  2022  VAMOS   ENTRAR   NA  FILA   DOS  QUE  FAZEM   !  VAMOS   MOSTRAR     PARA  ESTA   ESQUERDA   DO  DIABO   QUE  TODO  PODER   EMANA DO POVO   !  VAMOS   TODOS JUNTOS E MISTURADOS   VOTAR  EM  CANDIDATOS   DA  DIREITA   E  VAMOS   VARRER   DO  NOSSO BRASIL   ESTA  ESQUERDA   SATÂNICA  !:thinking_face::thinking_face::thinking_face::thinking_face::thinking_face::thinking_face:,0,1,FP,0.6
KNN,2,"*QUANDO AQUELE ESQUERDISTA CHATO FALAR QUE BOLSONARO NÃO FEZ NADA NO SEU MANDATO , POR FAVOR MOSTRE ESSE VÍDEO PRA ELE !*",0,1,FP,0.6
KNN,2,"GENTE AMIGA E  IRMÃS BOLSONARIANA,  A COISA VAI FICAR SEM CONTROLE,  GUERRA CIVIL MESMO....VAMOS CLAMAR A DEUS!!!!",0,1,FP,0.6
KNN,2,Pois é meu amigo quem acredita em pesquisa da esquerda só pessoa da esquerda mesmo então tu parece ser um desses se é um esquerdício infiltrado no meio dos patriotas,0,1,FP,0.8
KNN,2,Com a concorrência o tráfico fica mais fraco. A galera vai preferir comprar no mercado do que subir o morro e comprar de traficante. Assim o tráfico recebe cada vez menos dinheiro.,0,1,FP,0.6
KNN,2,":latin_cross::Brazil::latin_cross::Brazil::latin_cross::Brazil::latin_cross::Brazil::latin_cross:
*Uma oração a ser feita repetidas vezes hoje:*

*SENHOR, DEUS PAI-MÃE* 

*LIVRE O BRASIL DO COMUNISMO E DESARTICULE TODA E QUALQUER AÇÃO DO MALIGNO  NESSAS ELEIÇÕES.*

*LIVRAI-NOS, OH DEUS, DOS NOSSOS INIMIGOS E NÃO PERMITA QUE O MAL PREVALEÇA EM NOSSO PAÍS.*

*LIVRAI-NOS, OH DEUS, DO FLAGELO DO COMUNISMO, DO ABORTO, DA PERVERSÃO, DA CORRUPÇÃO, DA DITADURA E DA NOVA ORDEM MUNDIAL.*

*PROTEJA NOSSOS FILHOS, NOSSAS  FAMÍLIAS, NOSSAS CASAS, NOSSA PÁTRIA E NOS CONDUZA PELA PORTA ESTREITA ATÉ A VIDA ETERNA.*

*QUE OS ANJOS DO SENHOR ESTEJAM GUERREANDO EM NOSSO FAVOR.*

*PEÇO EM NOME DO TEU FILHO AMADO, JESUS CRISTO*

*AMÉM!*",0,1,FP,0.6
KNN,2,"Agora terminou de acabar com o GP 
Com mais uma desgraça  aparecendo.
Esse ai é o segundo bolsonario um cão em forma de pessoa.
Deus nos livre dessas maldições",0,1,FP,0.8
KNN,2,Gente é apenas minha opinião porque se dá uma opinião mais severa você pode até ser preso eu tenho certeza que bolsonaro ganha isso aí no primeiro turno se não for me desculpa falar cara foi muito lindo de ver hoje em todos os estados tinha negro xingando o presidente do congresso Rodrigo Pacheco eu vi nego xingando aonde Sayonara foi votar eu vi as pessoas chamando aquela tal de taba tabaca sei lá que ele é xingando ela,0,1,FP,0.8
KNN,2,Por volta de 7:30 /8 ... ouviremos Bonner declarando que nosso Bozo foi reeleito...:face_with_tears_of_joy::folded_hands_light_skin_tone::folded_hands_light_skin_tone::folded_hands_light_skin_tone:,0,1,FP,0.6
KNN,2,Eu sou nordestina. E voltei e vou votar no capitão quantas vezes precisar,0,1,FP,0.8
KNN,2,"Deveríamos lutar e dividir o país em 2, quem quer viver com ladrão socialista q viva com eles, quem quer a direita, família, Deus que fiquemos só lado direito.
Sou professora e não aguento mais essa porcaria de ideologia de genero",0,1,FP,0.8
KNN,2,Porra! Esses filhos da puta vão nos roubar na cara grande?....,0,1,FP,0.6
KNN,2,"Enfim, Deus tenha misericórdia de nós e nossos filhos, são vai acreditar quando nosso país se tornar uma Venezuela",0,1,FP,0.8
KNN,2,Obrigam as pessoas a votarem nos candidatos.. lá na Paupina uma colega relatou q qdo o Lula passou tiveram gritos de comemoração de onde tem famílias de traficante.. e tb qdo o Elmano se elegeu...,0,1,FP,0.6
KNN,2,Só maligno mas com muita oração. não estamos lutando contra o homem mais contra  legiões de  Espíritos malignos . temos que entender isso :folded_hands:,0,1,FP,0.6
KNN,2,"Fica não, sou paulista nascido e criado em são José dos Campos.
Tenho 2 cunhados nordestinos, minha sogra é nordestina e uma centena de amigos nordestinos",0,1,FP,0.8
KNN,2,AMAIOR  AUTORIDADE DO BRASIL SE AJOELHRA PERANTE AL SENHOR JESUS  .EU E MINHA FAMILIA QUEREMOS O MELHOR PRA NOSSO BRASIL.,0,1,FP,0.6
KNN,3,Dia 8 de Outubro - Dia do Nordestino - Parabéns e um forte e calouroso abraço.,0,1,FP,0.6
KNN,3,"BOM DIA! :Brazil::oncoming_fist: 
Vem aí uma vitória na sua vida que só terá uma explicação: Deus!
Faltam :keycap_0::keycap_5: dias! 
:thumbs_up:VOTE :backhand_index_pointing_down:
:keycap_1::keycap_4::keycap_1::keycap_2::keycap_0: - DEPUTADA ESTADUAL, ALANA PASSOS
:keycap_2::keycap_2: - PRESIDENTE, JAIR BOLSONARO
DEUS, PÁTRIA, FAMÍLIA E LIBERDADE! :Brazil::oncoming_fist:
#AdeputadadoCapitão  #OrdemeProgresso #fechadacomBolsonaro #Presidentevote22 #DeputadaEstadualvote14120 #AlanaPassos14120",0,1,FP,0.6
KNN,3,"Havia um prisioneiro muito conhecido, um salteador (ladrão) chamado Barrabás. Pilatos, o governador, perguntou a todos: — Quem vocês querem que eu solte: Barrabás ou Jesus, chamado Cristo? O povo escolheu o ladrão.",0,1,FP,0.6
KNN,3,"Essas peças e outras de artesãos de Caucaia podem ser expostas e vendidas no Museu do Caju... desde 2007 viabilizamos boas parcerias com cerca de 150 famílias da capital Caucaia e municípios do interior...

A temática do Caju... da Cultura Indigena... Negra e do Bode .....",0,1,FP,0.6
KNN,3,"Bárbara, o Pix foi criado pelo sistema bancário no governo Temmer e não pelo Bolsonaro, ele mente até nisso.
O Pix foi criado para os bancos se protegerem pois redes sociais com Watts, Telegram  Facebook tem um sistema similar ao PIX através de contas abertas através das redes sociais que seriam oferecidas em breve no Brasil, se isso acontecer os bancos perderiam receita e controle e por isso criaram o PIX.
Tem vídeo do Bolsonaro confundindo o PIX com carteira de habilitação para piloto da Aeronáutica.
Bolsonaro mente 24hs",0,1,FP,0.6
KNN,3,Você sabe que não foi o Bozó que criou o PIX né fraquejada? Ele nem sabia do que se tratava,0,1,FP,0.6
KNN,3,Jejum e oração :folded_hands: vamos colocar fogo no satanás e botar pra correr!,0,1,FP,0.8
KNN,3,"O que é ser Bolsonarista?!
 Bolsonarista nada mais é que um grupo expressivo de brasileiros cansados da safadeza de políticos sujos, corruptos, gananciosos, Desqualificados...
Ser Bolsonarista é apoiar  uma política limpa, transparente,  é lutar por um país melhor para as próximas gerações. 
 Sinto orgulho de fazer parte deste grupo seleto, inteligente, consciente...
DEUS, PÁTRIA E FAMÍLIA. 
É Jair ou já era.                                    #FechadoComBolsonaro2022:smiling_face_with_heart-eyes::flexed_biceps::sparkling_heart::Brazil:",0,1,FP,0.8
KNN,3,"Se você quiser comprar 51 imóveis, junte todos os seus familiares ( tios, tias, primos, irmãos,filhos,cunhados, etc..etc..) e trabalhe durante 32 anos. Se você quiser ficar milionário, dê palestras, venda Avon e limpe bosta de elefante no zoológico de SP.....:deaf_man_light_skin_tone:",0,1,FP,0.6
KNN,3,"Um padre desse deveria ser preso, fazendo comércio político dentro da casa de Deus.
Mas ele vem com esses engodos usando o nome de Deus e esquece que seu Jair Bolsonaro é a favor da TORTURA declaradamente e se esquece que Jesus Cristo morreu sob tortura. 
Hipocrisia e comércio político dentro da casa de Deus.",0,1,FP,0.8
KNN,3,"Como sempre ele será metralhado, quem tem fé em Deus o demônio não chega perto.:folded_hands::folded_hands:",0,1,FP,1.0
KNN,3,"Pessoal! Ouçam  isto aqui:     Agora mais detalhes sobre a entrevista de Adélio Bispo. Prevista para ir ao ar amanhã, um dia depois do fim do horário eleitoral.  Uma jogada para retirar eleitores de Bolsonaro  e passar para Lu.la. Não  sabemos se é  verdade que  estará indo ao ar esta entrevista. Mas se for, é  algo para lá  de maldoso. Nessa entrevista o responsável por ter efetuado a facada acusará, os filhos do Bolsonaro de ter criado a estória da "" facada fake"" no Bolsonaro. Ou seja,  a Globo  planeja uma ""facada fake"" na mente dos bolsonaristas"". Pronto falei. Pediram para viralizar antes de amanhã, o  dia previsto para a entrevista acontecer.",0,1,FP,0.6
KNN,3,Tebet tem tanto ódio do presidente que chamou a puta de presidente,0,1,FP,0.8
KNN,3,":thinking_face:EU: GILMÁRIO!. :thinking_face:ACHO: IMPOSSÍVEL, AQUELES QUE: ""NASCERAM DENOVO!"", QUE VIVEM EM ""NOVIDADE DE VIDA"":backhand_index_pointing_right_medium_skin_tone:Romanos.6.4,5 SÃO::backhand_index_pointing_right_medium_skin_tone: ""GUIADOS NA VERDADE!:backhand_index_pointing_right_medium_skin_tone:João. 16.13:backhand_index_pointing_right_medium_skin_tone:SÃO FILHOS DE DEUS.:backhand_index_pointing_right_medium_skin_tone:Romanos8.14 :thinking_face:APOIAREM:backhand_index_pointing_right_medium_skin_tone:""ENTIROSO"":backhand_index_pointing_right_medium_skin_tone:""LADRÃO:backhand_index_pointing_right_medium_skin_tone:""HOMICIDA"",:backhand_index_pointing_right_medium_skin_tone:ABORTISTA"", :backhand_index_pointing_right_medium_skin_tone:DESTRUIDOR DAS FAMÍLIAS, COM: "":backhand_index_pointing_right_medium_skin_tone:IDEOLOGIAS DE GÊNEROS"", :backhand_index_pointing_right_medium_skin_tone:""EROTIZAÇÃO, E :backhand_index_pointing_right_medium_skin_tone:IDIOTIZAÇÃO DE CRIANÇAS"":backhand_index_pointing_right_medium_skin_tone:João.10.10 :thinking_face:LEMBRANDO QUE: :backhand_index_pointing_right_medium_skin_tone:Provérbios.15.3 :backhand_index_pointing_right_medium_skin_tone:Naum.1.2,3 :backhand_index_pointing_right_medium_skin_tone:Hebreus.10.31:flushed_face::fearful_face::man_gesturing_OK_medium-light_skin_tone::woman_gesturing_OK_medium_skin_tone::backhand_index_pointing_right_medium_skin_tone:Mateus.5.20 :backhand_index_pointing_right_medium_skin_tone:1a.Pedro.4.17:thinking_face:QUEM SABE, AJA TEMPO PARA ALGUNS. :backhand_index_pointing_right_medium_skin_tone:Tiago.5.19,20 :thinking_face:""QUERIDOS"" IRMÃOS!, LEIAM:backhand_index_pointing_up_medium-dark_skin_tone::thinking_face:MEDITEM, E :backhand_index_pointing_right_medium_skin_tone:REPASSEM.  PAZ DO SENHOR JESUS!. Att.Gilmário.Um abraço, e cheiro em vossos corações:face_blowing_a_kiss:Excelente Dia!..",0,1,FP,0.6
KNN,3,Bolsonario não é isso diferente de Lula preconceituoso sim em pobre cor e gueis na real somos filho do mesmo criador,0,1,FP,0.6
KNN,3,"Atenção senhoras e senhores vamos fazer um movimento aqui no whatsapp usando a foto do nosso presidente no perfil até sair o resultado dá nossa vitória nas urnas vamos colaborar com esse movimento e mostrar q juntos somos mais fortes, PT nunca mais, aqui presidente é Bolsonaro ,Deus Pátria e família.",0,1,FP,0.8
KNN,3,":backhand_index_pointing_up: *Gustavo Gayer: Amanhã é o dia de enterrarmos de vez a esquerda no Brasil.*
:backhand_index_pointing_up::winking_face::thumbs_up::clapping_hands::clapping_hands::clapping_hands::clapping_hands::clapping_hands::clapping_hands::clapping_hands::clapping_hands::clapping_hands::clapping_hands::clapping_hands::clapping_hands::clapping_hands::clapping_hands::clapping_hands:
Vote:
Bolsonaro :keycap_2::keycap_2: Presidente
Gustavo Gayer :keycap_2::keycap_2::keycap_1::keycap_0: Deputado Federal/GO",0,1,FP,1.0
KNN,3,"Por trinta moedas!
- Votar nestes políticos multimilionários e suas famílias, nunca mais saem do poder!
Eita!
Governador, prefeito, juízes, delegados, chefe de polícia, e sua multidão de eleitores funcionários públicos! Sindicatos, ARCON, Detran, é só multa e alvará!
É trabalho escravo da população pro Estado e Município! 
Sabe quanto ganham?
30 mil, 40 mil, ...,... Juízes, com uma canetada, vão buscar, 80, 100, 200 mil! Não perdem uma causa!
É uma esculhambação!
Funcionário público?
É só comida na boca!
Vai votar neles? 
Nunca mais saem do poder!",0,1,FP,0.8
KNN,3,"Mãe querida, 
Neste momento conturbado no nosso país, peço que interceda a Jesus por cada um de nós.
Grande é a nossa responsabilidade INDIVIDUAL e SECRETA, de através de números, escolher quem administrará o Brasil nos próximos anos….
Ninguém pode dizer que não conhece o caos que o Brasil atravessa e ignorar
a preocupante realidade dos nossos sofredores países vizinhos nas mãos de comunistas:crying_face:
NÃO queremos isto para os brasileiros, principalmente para os que têm uma vida pela frente…
Conceda-nos Mãe querida, a Paz e Sabedoria, ajudando-nos a escolher os que são também os escolhidos por VÓS !
Eu Creio, Confio e Espero",0,1,FP,1.0
KNN,3,"Padres de toda a nação se levantam, defendem o Evangelho e pedem que votemos em candidatos que defendam Deus, Pátria, Família e Liberdade!
Não se pode ser cristão católico e votar em candidatos da esquerda ao mesmo tempo.

_Ninguém pode ser ao mesmo tempo bom católico e verdadeiro socialista. ( Pio XI )_",0,1,FP,0.8
KNN,3,O que que um esquerdista tá fazendo em um grupo de apoio ao Presidente da República? Dizem que toda relação de ódio tem um pouco de amor não compreendido...,0,1,FP,0.6
KNN,3,"Filha do traficante BEIRA-MAR, FERNANDA COSTA na carreta do governador do Rio CLÁUDIO CASTRO candidato a reeleição pelo PL. Os meus erros eu declino para os outros. Irrú.",0,1,FP,0.6
KNN,3,Mas infelizmente a esquerda se entalhou de um jeito em nosso povo que levará alguns anos para isso mudar,0,1,FP,0.8
KNN,3,Esse careca maldito está fazendo de tudo pra botar o ladrão na frente mais meu Deus é muito maior que ele,0,1,FP,0.8
KNN,3,"Gente eu adoro bosonaro, mas ele também é um ex presidiário, não é porque eu gosto dele que vou tampa o sol com a peneira,  quem conhece Deus sabe que ele é justo, vamos confiar apenas",0,1,FP,0.8
KNN,3,"Estamos no segundo turno, e ficar xingando nordestino não resolve, tem que conseguir voto, e não vai conseguir os xingando!",0,1,FP,1.0
KNN,3,"Pessoal vamos analisar uma coisa, até agora tudo que a esquerda tentou fazer para derrubar o Bolsonaro, se voltou conta ela mesma. Então vamos confiar que Deus continua no controle de tudo, e essa fralde será descoberta e os culpados serão presos. Eles precisam ser presos para o Brasil ficar livre dessas crápulas.

Deus é Deus!!
Tem promessas para o Brasil!!",0,1,FP,0.6
KNN,3,"Chora e segue o líder, seu filho da puta",0,1,FP,0.8
KNN,3,"Uma coisa seja dita, esse pessoal de esquerda não consegue mais sair na rua  sem ser esculachado!!!!",0,1,FP,0.8
KNN,3,"Fé em Deus, e muita sabedoria pra enfrentar  esses demônios  mas isso não vai ficar assim,  vamos continuar  lutando!!!",0,1,FP,1.0
KNN,3,"Misericórdia 
Deus é  providente,o Demônio  nâo pode mais que Deus,oremos com fé  por este 2 turno.
Deus nâo vai nos abandonar.",0,1,FP,1.0
KNN,3,":police_car_light: AQUI ESTÁ A REAL SITUAÇÃO DO BRASIL
A MAIORIA DAS INSTITUIÇÕES DE ESQUERDA SOCIALISTA COMUNISTA 
ANO QUE VEM SÓ VÃO OFICIALIZAR COM UMA NOVA CONSTITUIÇÃO SOCIALISTA COMUNISTA",0,1,FP,0.8
KNN,3,":police_car_light: A FRAUDE
OS ILLUMINATI
NOVA ORDEM MUNDIAL 
NON
FÓRUM ECONÔMICO MUNDIAL 
ELITE GLOBALISTA 
Os FINANCISTAS GLOBAIS
A CHINA COMUNISTA 
Partido comunista chinês 
Todos essas instituições apoiam Lula e Alkimim              
E o STF já falou que vai trabalhar para cumprir a 
AGENDA  2030 Da ONU",0,1,FP,0.6
KNN,3,"Me desculpa se foi ofensa a algum nordestino.

Sei que não são todos.

Mas tomara q seja somente fraude eleitoral",0,1,FP,1.0
KNN,3,"Sim , as pessoas tem o livre arbítrio, ela disponibiliza o mal e cada um escolhe se vai abraçar ou não … ele não interfere nas escolhas , cada um escolhe como será , então sim , até a perda do diabo é honesto ….",0,1,FP,1.0
KNN,3,"Muito obrigado pelos mais de 39.000 votos, fico imensamente grato por ter sido eleito deputado estadual em nossa Bahia para representar a nossa direita raiz. Por DEUS, pátria, família, vida e liberdade.",0,1,FP,0.6
KNN,3,"Quem tem a VERDADE não precisa ter medo. 
O diabo tem medo de Deus porque sabe a força dEle! Povo de Deus: animem-se! 
Vamos lutar até o fim! :folded_hands::Brazil:
BolsonaroReeleitoEm2022",0,1,FP,1.0
KNN,3,"Mas, fato é que xingar o nordestino não é a solução, só vai dificultar mais na hora de buscar o voto",0,1,FP,1.0
KNN,3,"Sério :raising_hands::raising_hands::raising_hands::raising_hands: Porém, ainda acredito que foi fraude nas urnas. E precisamos LUTAR por nosso Presidente! :Brazil: Sou nordestina e sou BOLSONARO",0,1,FP,0.6
KNN,4,":backhand_index_pointing_up: *Os baianos mostrando que são gente com vontade de escrever a história! Deus é bom! BA 27/9/22:sunflower::sunflower::sunflower::sunflower::sunflower::sunflower::sunflower::sunflower::sunflower::Brazil::Brazil::Brazil::Brazil::Brazil::Brazil::Brazil::Brazil::Brazil::Brazil::Brazil::Brazil::Brazil:*

Canal
[USER]:Brazil:",0,1,FP,0.8
KNN,4,":Brazil: *Aqui o moleque do ACM NETO se aproveitando do Presidente Bolsonaro e do indicado pelo Presidente para o Governador da Bahia ( o ROMÃ ), para poder se promover. TOMA VERGONHA nessa cara ACM NETO!!!! Mentiroso, aproveitador, sínico igual ao avô.*:Brazil:",0,1,FP,0.6
KNN,4,Eu tenho um amigo gay e ele é Bolsonaro de carteirinha,0,1,FP,1.0
KNN,4,Sua opção sexual nada tem a haver com a melhora do país,0,1,FP,0.8
KNN,4,"É isso aí presidente, esse crápula não pode dizer qual a roupa ou a cor que cada pessoa deve usar",0,1,FP,0.6
KNN,4,"A última peça, aquela que define o seu representante em Brasília, está na sua mão.
Não importa de qual lugar você esteja me vendo, o que vale mesmo é o seu compromisso em lutar pela dignidade do povo baiano. Chegou a oportunidade que você tem, de votar certo e eleger quem realmente pensa nas pessoas. Vote ADILSON SILVA – O FEDERAL DE TODA A BAHIA :keycap_1::keycap_1::keycap_7::keycap_7:",0,1,FP,0.8
KNN,4,*Paulo Guedes falando que foi a esquerda que democratizou o Brasil após a direita instalar uma ditadura que só roubava o país pra dar prós ricos.*:backhand_index_pointing_up_light_skin_tone:,0,1,FP,0.8
KNN,4,A ESQUERDA VAI DIZER QUE É MENTIRA:money_bag:LULA E SEUS GASTOS DE:money_bag::money_bag::money_bag::money_bag::money_bag::money_bag::money_bag::money_bag::money_bag::money_bag::money_bag::money_bag::money_bag::money_bag::money_bag::money_bag::money_bag::money_bag::money_bag::money_bag::money_bag::money_bag::money_bag::money_bag::money_bag::money_bag::money_bag::money_bag::money_bag::money_bag::money_bag:,0,1,FP,0.6
KNN,4,".
:Brazil::oncoming_fist::Brazil: No RN a guerra já começou. O crime organizado em conluio com os esquerdistas tentaram matar candidatos Bolsonarista 
  Mas deu ruim pra eles. É para isso que estão querendo o povo Desarmado ??? Para  o povo ser presas  fáceis do crime organizado e da esquerda?  Os Seguranças reagiram e mandaram 1 pro inferno bater papo com o capeta! :oncoming_fist::Brazil::oncoming_fist::Brazil::oncoming_fist::Brazil:",0,1,FP,0.6
KNN,4,Baiano explicando com calma os planos de Lula a um petista. :face_with_hand_over_mouth::face_with_hand_over_mouth::face_with_hand_over_mouth:,0,1,FP,0.8
KNN,4,"Tava vendo em outros grupo, se é verdade isso, daí sim é a Ditadura pura",0,1,FP,0.8
KNN,4,Essa tá louca o padre deixou ela surtada kkkkk,0,1,FP,0.8
KNN,4,*BOLSONARO APOIA DITADOR QUE PERSEGUE E MATA CRISTÃOS!*,0,1,FP,1.0
KNN,4,"*Depois de atacar os mineiros agora Lula acaba de cometer suicídio eleitoral, está arrumando confusão com nação Rubro Negra, o Flamengo tem mais de 45 milhões de torcedores.*",0,1,FP,0.6
KNN,4,"*O futuro do Brasil está em suas mãos. Diga não ao comunismo*.
*Pense bem em seus filhos e netos na hora de depositar seu voto na urna, este momento não é um jogo de futebol.*

*#Deus, Pátria, família e liberdade :folded_hands::Brazil:*",0,1,FP,0.8
KNN,4,":backhand_index_pointing_up: *O maior ladrão do mundo e traídor da Pátria quer voltar as cenas dos crimes...*
*NÃO VAI NÃO!!*
:backhand_index_pointing_up::winking_face::winking_face::winking_face::winking_face::winking_face::winking_face::winking_face::winking_face:
Vote :backhand_index_pointing_down_light_skin_tone::backhand_index_pointing_down_light_skin_tone:
#Bolsonaro2022 

[USER]",0,1,FP,0.6
KNN,4,Sempre falei que não é normal essa raça querer ensinar sexo para crianças (escola se aprende a ler e escrever).,0,1,FP,1.0
KNN,4,O Deus dos bolsonarentos é mamon. Tudo fariseu.,0,1,FP,0.6
KNN,4,Sei que não se muda o voto de ninguém isso e livre!mas votar no pt e ser conivente com as milhares de mortes nos corredores dos hospitais  por falta de dinheiro pra saúde e ser conivente com a miséria que era oferecido aos nordestinos e prejudicar o futuro dos meus filho e do seu que vota no pt isso não e uma afronta com quem vota no pt e sim um pedido se vc não pensar nos meus filhos pensem nos seus filhos e sobrinhos que vão herda a sua escolha pense nisso e quando vc estiver velho não só se arrependa também tenha coragem de falar pra eles e o presente deles foi vc que escolheu no passado.,0,1,FP,0.6
KNN,4,"Quem garante que esses caras não estão com o mito só por interesse?

Vc confia no Valdemar Costa Neto condenado no mensalão? Eu não confio.

Confia no Collor? Eu não.

O mito deveria parar de fazer essas alianças com essas pessoas. Pq quem se mistura com porco farelo come.",0,1,FP,0.6
KNN,4,"O país é laico  . Lula não vive com o nome Deus usando na boca. Como vejo certo candidato fala o nome Deus , mas , rouba , mente , debocha de quem morreu pela COVID ( sem empatia cristã ) , tem várias mulheres e divórcios , onde o cristianismo proibi o divórcio . E tanta merda ...  E ainda adora imagem que minha vó diz que quem adora imagem tá adorando o satanás .",0,1,FP,1.0
KNN,4,"1° Turno contra a Globo, contra todos os jornais, contra o Chandão, contra todos dos STF, contra todas as pesquisas malignas, contra a esquerda do mal....... O cara é Mito mesmo e único. O cara é foda. Fico emocionado em prantos se isto acontecer :folded_hands:.",0,1,FP,0.6
KNN,4,"Ele confiou nas forças armadas..... Bolsonaro é muito direito e passivo, gosta de usar a linha certa. Por isso deitam e rolam nele",0,1,FP,0.8
KNN,4,Nada de generalizar deve ser a ovelha negra onde passa kkk vai toma uma que passa João kk fi do Lula kkk,0,1,FP,0.6
KNN,4,Verdade portela fraca os assessores Bolsonaro não batem na esquerda deixa eles a vontade,0,1,FP,0.6
KNN,4,"Av. Paulista ao vivo pela CET :

NENHUM lulista comemorando !
Cadê os 47,6#% ?????",0,1,FP,0.6
KNN,4,"Os garotos mal educados, frágeis tem geralmente problemas de ego frágil.  
São incapazes de lidar com o sexo feminino.  
Realmente não sou a profissional indicada, advogada não faz psicologia.  Embora criminologia nos dê um parâmetro amplo sobre patologias.",0,1,FP,0.6
KNN,4,"Agora, é aguardar uma posição do presidente. Só ele tem o poder. Acabar com esta palhaçada de jogar dentro das quatro linhas.
Basta de bancar o cordeiro.
Basta de ser idiota.",0,1,FP,1.0
KNN,4,Eu estava assistindo agora coletivo do presidente na porta do palácio como sempre mente está um pouco abatido sim mas já pensando no segundo turno na onde ele vai conseguir os outros votos e as coligações que ele vai fazer tem que pensar para frente e trabalhar porque o agir de Deus é diferente da nossa vontade!!!! Deus age bem diferente do que nós queremos ele está no controle de tudo ninguém duvide e ele está vendo como nós nos colocamos diante da sua face portanto continuemos orando fazendo jejum e decretando que esta nação é do Senhor e seguiremos em frente e ninguém nem ser vivo nem ser morto tirará bolsonaro daquela cadeira Mas precisamos lutar e defender o nosso Deus a nossa nação que entregamos a ele e Satanás nenhum irá vencer confia no Senhor,0,1,FP,0.8
KNN,4,"O povo brasileiro covarde merece ser governador pela esquerda pois não terá coragem de enfrentar o congresso que quem resolve que tenhamos voto impresso no segundo turno é o congresso através da pressão imediata do povo 
Ingenuidade a nossa e a do nosso presidente em pensar que o sistema ia ficar dentro das 4 linhas 
Fizeram de tudo e o presidente na certeza que iria ganhar no primeiro turno se calou achando que manifestações por todo Brasil surtiria efeito de vitória",0,1,FP,0.6
KNN,4,Está aqui para confundir e tirar votos? Essa é  uma tática esquerdista.,0,1,FP,1.0
KNN,4,"Gente ele fez uma promessa com Deus! 
E cortou o cabelo :folded_hands_light_skin_tone:
Merece muito!!! Um jovem fazendo história na política do Brasil e o mesmo será com Bolsonaro denovo :folded_hands_light_skin_tone::folded_hands_light_skin_tone::Brazil::Brazil::green_heart::yellow_heart:",0,1,FP,0.6
KNN,4,"Se apega ao espírito corrompido da época, para dizer que é intelectual. Por toda essa facilidade (Mídia, livros do mec) todo mundo seria intelectual.",0,1,FP,1.0
SGDClassifier,0,"*O nome do BOLSONARO para Deputada Estadual na Bahia é REBECA MARTINS!*

DEPUTADA ESTADUAL É 22122 :green_heart::yellow_heart:


MANDE PARA UM BAIANO QUE VOCÊ CONHEÇA! :Brazil:",0,1,FP,8.171407935698799
SGDClassifier,0,":thinking_face:DEUS, ABENÇOANDO O BRASIL. E OS FILHOS DAS TREVAS, APOIANDO O MAL. QUERENDO ARRUINÁLO.:backhand_index_pointing_right_medium_skin_tone:João. 10.10 É FATO!.:face_holding_back_tears::face_holding_back_tears: CEGUEIRA ESPIRITUAL DOS INFERNOS:man_gesturing_OK_medium-light_skin_tone::woman_gesturing_OK_medium_skin_tone::man_facepalming_medium_skin_tone::woman_facepalming_medium-light_skin_tone::man_shrugging_medium-dark_skin_tone::woman_shrugging_medium-light_skin_tone:",0,1,FP,100.71327260529883
SGDClassifier,0,"Marcelo Aro"" Não existe equívoco em votação "" no debate com o Cleitinho. Então, Marcelo vagabundo, você votou contra as pautas defendidas por Bolsonaro e pela direita, de propósito! :smiling_face_with_sunglasses::backhand_index_pointing_left:",0,1,FP,3.430480611517302
SGDClassifier,0,Mais uma maneira das urnas roubarem o voto ... Repassem pra todos ... Vejam como a esquerda tenta voltar ao poder a qualquer preço... Fique  atento... :backhand_index_pointing_down_dark_skin_tone:,0,1,FP,13.393167766135562
SGDClassifier,0,"Atenção. observe a ordem de votação:

1. Dep. Federal
1. :black_square_button::black_square_button::black_square_button::black_square_button:

2. Dep. Estadual
2. :black_square_button::black_square_button::black_square_button::black_square_button::black_square_button:

3. Senador
3. :black_square_button::black_square_button::black_square_button:

4. Governador
4. :black_square_button::black_square_button:

5. Presidente
5. :black_square_button::black_square_button:

Por favor, façam suas colas NESSA ORDEM, especialmente para os mais idosos, para evitar confusões e até anulação de seus votos por distrações.

:Brazil:Brasil Acima de Tudo
:Brazil:Deus Acima de Todos",0,1,FP,1.3108106144961043
SGDClassifier,0,Eu não sou gay. Sou hetero e tenho namorada. Mas curto um papo com macho sabe falar uma putaria e tals,0,1,FP,20.080915933196597
SGDClassifier,0,"OBRASIL VAI FECHAR 2022 COM UMA DIVIDA PUBLICA INTERNA DE 6 TRILHOES.
E PAGA DE JUROS AOS BANQUEIROS NA FAIXA DE 500 BILHOES AO ANO E O ORÇAMENTO DE 2023 CONSOME MAIS DE 50% DE JUROS DA DIVIDA. NAO VEJO OS CANDIDATOS DISCUTINDO ESSE BURACO NEGRO EM NOSSA ECONOMIA...",0,1,FP,16.833585485781267
SGDClassifier,0,"Brincando aqui pra tirar da memória 3 terríveis minutos que passei porque meu carro estancou na hora 
Eu estava com o outro carro Franklin a automatica e eu perdi completamente a noção de como dirigia e ele ficou louco!",0,1,FP,15.72395942704936
SGDClassifier,0,"Vc viu isto aí, gente? Inventaram isto para pegar os incautos e aqueles que não lêem atentamente principalmente que esta é uma  inovação para tentar anular muitos votos. Deus queira que só anule votos da  esquerda porque vamos avisar aos eleitores de direita pedindo que isto seja divulgado a todos imediatamente.",0,1,FP,0.5277718679590437
SGDClassifier,0,Vc consegue o vídeo que Bolsonaro pede pra parar de falar que Michele foi maconheira a vó traficante,0,1,FP,10.137837707968307
SGDClassifier,0,"Porque que a OAB fica se metendo em compromissos que não tem nada a ver com ela,por exemplo hoje ,que esta citado ai no vídeo acima,o povo não vota  neles,então por fica se metendo nesses assuntos,apesar de sabermos que essa instituição que deveria ser neutra é de esquerda",0,1,FP,1.853960648267365
SGDClassifier,0,"Lula é tão defensor dos pobres que não tinha um pobre no casamento dele .
Lula é tão defensor dos negros que não tinha um negro no casamento dele.",0,1,FP,10.812105852545482
SGDClassifier,0,"Muito obrigado Igor. Antifas digitais, pessoas odiosas querem desidratar os grupos de direita porque sabem que vamos pro combate e venceremos. Todos esses canalhas cairão um a um, a começar pelo rato-mor de 9 dedos",0,1,FP,12.005161706299223
SGDClassifier,0,"NO DIA 02 , SE VC DIGITAR O NUMERO DO TEU CANDIDATO E APARECER OUTRO . 
NÃO APERTE O BOTÃO VERDE , LEVANTE AS MÃOS E EXIJA A PRESENÇA DO JUIZ DE PLANTÃO QUE TEM A OBRIGAÇÃO DE TROCA E INTERDIÇÃO DAQUELA URNA . NÃO PRECISA CRIAR TUMULTO SERIA BOM QUE ALGUEM ESTEJA FILMANDO VC PARA EVIDENCIAR A EXIGÊNCIA QUE É DIREITO DO CIDADÃO  
A TROCA E INTERDIÇÃO DAQUELA URNA . 

INSTRUÇÃO DADA POR ADVOGADOS ESPECIALISTAS EM PROGRAMA JORNALISTICO DA JOVEM PAN DE BAURU NA MANHÃ DE 27/09/22.

COMPARTILHE . 
É A LUTA DO BEM CONTRA O MAL.",0,1,FP,19.76412247646301
SGDClassifier,0,Nossa q fofo tão pq e tão lacrador kkkkk :Brazil::Brazil::Brazil::red_heart::red_heart:,0,1,FP,23.402011997503152
SGDClassifier,0,"*Não perca tempo com artistas de televisões e cantores e mídias etc pois eles não fazem nada por você; Você não precisa deles, o que você vai precisar é de Médicos, Dentistas, Cabeleireiros, Pedreiros Carpinteiros, Eletricistas, Encanadores, Postos de Saúde, Agricultores, Frentistas de Postos etc, e acima de tudo Jesus Cristo!*",0,1,FP,6.009990728545744
SGDClassifier,0,Falar que é Cristão e ser a favor da tortura é muito louco.,0,1,FP,14.19721055155451
SGDClassifier,0,"Então...... 
Como eu disse bandido nunca teve dificuldade para ter uma arma
O problema é que vcs acham que bandido pode andar armado, enquanto um cidadão do bem não tem esse direito",0,1,FP,6.507972318762719
SGDClassifier,0,"Vc tá falando muita bobagem.
Está explícita a atuação do STF em apoio à esquerda, veja a ação do Moraes, veja o STF se manifestando sobre o vereador petista que invadiu igreja, veja o caso lula.
Mesmo com problemas pela formação paulo freire, penso que vc é capaz de ver e entender o que tá acontecendo",0,1,FP,7.071854392705039
SGDClassifier,0,"Como eu disse faz igual o Bozo, liga para o Temer.
Que vergonha alheia.
Normal do Bozo.....
Passar vergonha
Cadê o 7 de setembro,liga aí para o Temer. Kkkkkkkk",0,1,FP,14.615109636253255
SGDClassifier,0,"Nāo esqueçam quem mandou você FICAR EM CASA. Quem tratou o cidadāo de bem como BANDIDO. FORACASAGRANDE. MANATO 22 , BOLSONARO 22, MAGNO MALTA 222, GILVAN DA FEDERAL 2222",0,1,FP,16.40175558215891
SGDClassifier,0,"*CAROS CIDADÃOS E CIDADÃS DE BEM DA NOSSA NAÇÃO.*
VAMOS FAZER UMA FAXINA COMPLETA *NA CÂMARA DOS DEPUTADOS E NO SENADO FEDERAL,* E EXTIRPAR DA POLÍTICA, TODOS AQUELES QUE ERAM NOSSOS PROCURADORES, *E QUE NOS APUNHALARAM PELAS NOSSAS COSTAS.*
ALERTAMOS A TODOS OS CIDADÃOS E CIDADÃS DE BEM, *A NÃO CAMINHAR NA BEIRA DO PRECIPÍCIO,* DEIXANDO PARA VOTAR SOMENTE NO SEGUNDO TURNO.
*CONVOCAMOS SIM, A IR VOTAR DE VERDE E AMARELO NO DIA 02 DE OUTUBRO,* PARA QUE POSSAMOS *ARREMATAR COM CHAVE DE OURO,* COM A NOSSA VITÓRIA NO PRIMEIRO TURNO.

*BRASIL ACIMA DE TUDO E DEUS ACIMA DE TODOS.* :index_pointing_up::index_pointing_up::index_pointing_up:",0,1,FP,5.545990966094737
SGDClassifier,0,Personal training socialista :rolling_on_the_floor_laughing::rolling_on_the_floor_laughing::rolling_on_the_floor_laughing::rolling_on_the_floor_laughing::rolling_on_the_floor_laughing::rolling_on_the_floor_laughing::rolling_on_the_floor_laughing::rolling_on_the_floor_laughing::rolling_on_the_floor_laughing::rolling_on_the_floor_laughing::rolling_on_the_floor_laughing::rolling_on_the_floor_laughing::rolling_on_the_floor_laughing::rolling_on_the_floor_laughing::rolling_on_the_floor_laughing: espalhando o amor :backhand_index_pointing_up_medium-light_skin_tone::backhand_index_pointing_up_medium-light_skin_tone::backhand_index_pointing_up_medium-light_skin_tone: esquerdista é psicopata,0,1,FP,8.238581813083188
SGDClassifier,0,"Gigante ele vai ficar se não se aliar com marginais, pra cima Ciro quebre onde quebrar, Bolsonaro e Lula são iguais",0,1,FP,19.446773374126067
SGDClassifier,0,"*Tentaram Matar o Candidato a Deputado Estadual Sgt. Wendell Lagartixa*:oncoming_police_car::police_car_light:, :man_facepalming_light_skin_tone::flushed_face:um foi pra Vala na hora e o Outro Seguiu pro inferno, após ser Socorrido pro Hospital, e *Três Bandidos* Conseguiram Fugir, Após Atentado !",0,1,FP,0.5824729272803437
SGDClassifier,0,"*:loudspeaker: PRESTE BASTANTE ATENÇÃO:loudspeaker:*

Lula decidiu, de última hora, ir a dois estados no Nordestes a pedido dos diretórios estaduais: Bahia e Ceará. 

Exatamente os dois Estados que tem grande chance de vitória de seus adversários no 1º turno. As pesquisas internas tem sido totalmente diferente das publicadas pelos institutos de pesquisa. O ACM na Bahia e Capitão Wagner no Ceará poderão ser eleitos neste próximo domingo. 

As tais pesquisas falsas não estão convencendo o povo nordestino. 

VAI DAR :keycap_4::keycap_4: nos dois Estados no 1º Turno.",0,1,FP,3.902151918680077
SGDClassifier,0,Vamos orar pro senhor Jesus abençoar nosso presidente nesse debate q o ladrão fiq confundido,0,1,FP,5.670607924050823
SGDClassifier,0,"Bolsonaro triturou a cleptocracia unida, contra a verdade não existem argumentos.
A oposição corrupta unida se fudeu durante 4 anos inventando mentiras contra o presidente, sem que nenhum ilícito sequer tenha sido provado, tudo falácia, ilação infundada, falsa narrativa, bravata politiqueira, em nome do roubo em sequência que acontece desde o governo Sarney e que sempre foi escondida por essa mídia militonta, responsável por muita postura idiota, desse tanto de idiota que a gente ainda vê por aí depois de tanta merda que já aconteceu!!!

Esse debate maravilhoso, vem pra coroar e confirmar com chave de ouro, o único resultado aceitável para essas eleições, a reeleição do melhor presidente que esse país já teve, Jair Messias Bolsonaro!!!
:Brazil::Japanese_symbol_for_beginner::Brazil::Japanese_symbol_for_beginner::Brazil::Japanese_symbol_for_beginner:",0,1,FP,49.12342448959725
SGDClassifier,0,"*Este final de semana é Especial, as nossas ações, omissões decretará o Futuro de todos: Os seus, os meus, os nossos*. Deus abençoe nossas ações, em O Nome de Jesus Cristo nosso Senhor e Salvador.",0,1,FP,6.799650673150077
SGDClassifier,0,"Um cidadão que se diz crente Apoiar um homem que é contra a família, contra a igreja, é um absurdo. É um Judas",0,1,FP,20.1313674975911
SGDClassifier,0,"E que Deus nos livre de todo mal, que essa maldita esquerda quer nos impor",0,1,FP,4.810369463627024
SGDClassifier,0,"Sei que não está tanto calor :face_with_tears_of_joy: mas para as flamenguistas de direita aqui do grupo. Tenho esse cropped verde e amarelo pra vender aqui na Loja Mania de Boleiro, em Olaria. :Brazil:",0,1,FP,0.030243704290056517
SGDClassifier,0,O *genocida* é funcionário da década no inferno.,0,1,FP,26.89303748258916
SGDClassifier,0,"Esse meu Presidente é um esculacho caracolis, desbundou essa ridícula, bem feito, ficou com cara de tacho. Olha a expressão dela de ódio, caracolis amo, amo esse meu presidente, bem feito para essa sujeita ridícula. Nunca mais ela vai querer se meter com presidente, eu acho melhor é ela se recolher a insignificância dela. Lamentável que essa boçal ainda terá mais 4 anos pra infernizar a nossa vida. Porque senão ela sairia já não só ela, como a Simone Tebet e muitos outros, que na próxima vão cair fora mesmo.",0,1,FP,23.738855782782167
SGDClassifier,0,É bem capaz de Neymar ter cido cancelado mesmo porque a democracia só existe para a esquerda. Bastou o cara declarar voto a Bolsonaro para esquerda pegar no pé.,0,1,FP,7.401878644622189
SGDClassifier,0,"É mais fácil desconfiar do caráter do padre que acabamos de conhecer. “Com certeza é safado” 

Mas do corrupto do século não, claro que não!
 Loola 
“O homem mais honesto do mundo.”",0,1,FP,4.135000989627837
SGDClassifier,0,quando bate o desespero da esquerda kkkkkkkkkk eles tentam ate afastar o bolsonaro das forças armadas sendo que o mesmo é capitão kk,0,1,FP,6.92162439158609
SGDClassifier,0,"Ainda tem uns imbecis que fala que o Lula não vai transformar o Brasil numa Venezuela.
Cada dia vemos exemplos não podemos ter liberdade de expressão!
Nenhum famoso pode escolher voltar no Bolsonaro!
A gente vê que as fake só rola quando o cara vai lá e a firma voltar no bolsonaro!
Contas nas redes sociais são fechadas!
E você só vê isso na direita só ver fechar contas de pessoas da direita! Isso é perseguição as provas estão aí.",0,1,FP,30.159969899628074
SGDClassifier,0,"Exorcismo

Descrição
*Os termos exorcismo, esconjuração ou esconjuro designam o ritual executado por uma pessoa devidamente autorizada para expulsar espíritos malignos de outra pessoa que está num estado de possessão demoníaca. Pode também designar o ato de expulsar demônios por intermédio de rezas e esconjuros.*",0,1,FP,139.85301650203726
SGDClassifier,0,"Patriota, aqui é Coronel Koury, do Grupo B-38. Esse é meu último vídeo antes das eleições. A lei prevê o voto em cédulas, muitos brasileiros irão votar em cédulas, principalmente no exterior. Podemos pedir que TODOS votem em cédulas! Faz 4 anos que nosso grupo vem avisando. Peço que repasse este texto e o vídeo. Deus nos ajude. BOLSONARO 22.",0,1,FP,1.2912026114935595
SGDClassifier,0,":folded_hands: BOM DIA :folded_hands:

:folded_hands: MENSAGEM DE DEUS

DEUS NA MAIORIA DAS VEZES USA OS IMPERFEITOS, POR QUE NA MAIORIA DAS VEZES OS QUE SE DIZEM PERFEITOS QUEREM USAR AH DEUS EXISTE COISAS QUE PERTENCE SÓ A DEUS, COMO TODA HONRA E TODA GLÓRIA E ISSO ELE NÃO DIVIDE COM NINGUÉM PARA QUE POSSAMOS ALCANÇAR A GRAÇA DE DEUS E SUAS BÊNÇÃOS, PRECISAMOS QUEBRAR O NOSSO ORGULHO .
PORTANTO DIZ DEUS RESISTE AOS SOBERBOS, HÁ PORÉM GRAÇA AOS HUMILDES ( TG  4:6 )
:folded_hands::folded_hands::folded_hands::folded_hands::folded_hands::folded_hands::folded_hands::folded_hands:

VOU DEIXAR LINDO LOUVOR PARA ABENÇOAR O SEU FINAL DE SEMANA SEMPRE DEUS NO COMANDO DE TUDO É SÓ CRER :raising_hands::raising_hands:

UM GRANDE ABRAÇO DO SEU IRMÃO E AMIGO BRITO :thumbs_up::handshake::skull_and_crossbones::skull_and_crossbones::Brazil::Brazil:",0,1,FP,6.954712600654809
SGDClassifier,0,"Na hora de votar não se engane!                            André Rocha Dep Estadual :Brazil: 22007, foi o único candidato a apoiar o Del Caveira a Dep Federal com total lealdade.                            Vejam os vídeos dos outros candidatos a Dep Estadual,apoiando inúmeros outros candidatos, sem ser o Caveira??????                      É Necessário termos na ALEPA homens LEAIS, HONESTOS e acima de tudo, tementes a DEUS.                    Seu Candidato é André Rocha Dep Estadual 22007:Brazil:.                              Igualmente ao Presidente Bolsonaro :Brazil: Honesto e Leal :thumbs_up_light_skin_tone::handshake_medium-light_skin_tone::level_slider:",0,1,FP,0.6231975302382406
SGDClassifier,0,":enraged_face::enraged_face::enraged_face::enraged_face:A Globo quer a *CANETADA* do LULA, quer aumentar o CAPITAL ESTRANGEIRO e precisa de CORRUPTO na Presidência.:enraged_face::enraged_face::enraged_face:",0,1,FP,6.895558284263163
SGDClassifier,0,AQUI EM FLORIANÓPOLIS hoje de manhã no bairro Trindade uma motociata e carreata tudo junto e  misturado :heart_hands_medium_skin_tone::Brazil::Brazil::Brazil::Brazil::Brazil::Brazil::Brazil::Brazil::grinning_face_with_smiling_eyes:,0,1,FP,60.344822321434194
SGDClassifier,0,"BOA TARDE PÁTRIOTAS !  CARREATA DO TEN JOÃO CLEUSIMAR ""MATA-BOI, RUMO A VITÓRIA EM NOME DE NOSSO SENHOR JESUS CRISTO AMÉM.",0,1,FP,6.099306274578929
SGDClassifier,0,"Ser conciente e' diferente, e' ver realidade.  Conciente sim, imbecil jamais.",0,1,FP,51.731080517791646
SGDClassifier,0,"NO DOMINGO 02/10/2022 , NÓS VAMOS DECIDIR O FUTURO DAS PRÓXIMAS GERAÇÕES.  
QUE DEUS NOS DE  SABEDORIA. BOLSONARO  PRESIDENTE __ALDA EVANGELISTA DEPUTADA FEDERAL  2817",0,1,FP,3.9437526136090497
SGDClassifier,0,Ah dá licença né meu amigo você é dizer que você é de direita acreditar na pesquisa do Datafolha é só é para acabar né não tem como né de uma pesquisa que é de esquerda rapaz não tem só você mesmo para acreditar mas fiquei acreditando então cara que a lavada vai ser grande!!!,0,1,FP,4.581680718995429
SGDClassifier,0,Si isso acontecer e uma prova que Bolsonaro enganou o gado fez lob pra comprar arma mas não criou uma lei pra si sustentar,0,1,FP,3.4496651680983748
SGDClassifier,0,"“Aqui tá pior, tô sendo oprimido de verdade aqui”, relata Marcola. Ao responder, Cynthia relaciona seu possível retorno à capital federal ao atual processo eleitoral e cita uma obra realizada no presídio. “Então, você vai ficar aqui provavelmente até a eleição, trocou o governo cê volta (sic) passando as eleições, você deve voltar para Brasília porque o muro que fizeram lá era por causa de você.”

Em seguida, ele relata que, mesmo não estando em RDD (Regime Disciplinar Diferenciado), foi isolado na carceragem de Porto Velho para evitar o envio e o recebimento de mensagens de fora da cadeia. “Os caras tiraram todo mundo do pavilhão e deixaram só eu, sozinho. Eu tô sozinho entendeu (…) Eu não tô em RDD, eu tô no pavilhão normal sozinho, tiraram 50 caras.”",0,1,FP,6.192987765384619
SGDClassifier,0,*Presidentes de Direita de outras Nações do Mundo declaram apoio ao Presidente Jair Bolsonaro*,0,1,FP,11.011535663939068
SGDClassifier,0,"Prefeitos estão decretando ônibus grátis pra eleitores, daí a equipe do Bozo entra no TRE pra proibir a medida.

Perceberem como eles tem medo dos votos de quem usa transporte público?

Votem Lula 13, pra acabar logo com isso amanhã mesmo.",0,1,FP,6.527595992289454
SGDClassifier,0,Só que claro deixar pessoas morrerem era vantagem para a oposição para poder usar durante a campanha colocando toda culpa no presidente um preço baixo para a oposição pagar para poder tentar voltar ao poder alguns milhares de mortes sem precisar levar a culpa e ter isso como o maior trunfo de ataque ao presidente,0,1,FP,9.624446263771272
SGDClassifier,0,Acabou mais ainda está sendo usado como munição da esquerda que não querem assumir suas responsabilidades nas mortes de muitas pessoas.,0,1,FP,3.072388989627303
SGDClassifier,0,"TodoS tem o direito de escolha
Mas honrre a verdade
E siga o caminho do bem
DEUS PATRIA FAMILIA e Liberdade",0,1,FP,1.050836273342415
SGDClassifier,0,O problema seu demagogo hipocrita: a bandeira do brasil   Nunca foi valorizada pelo pt..a causa desse filho puta e o foro de São Paulo e a dominação da América Latina . Quando que Lula usou o verde e amarelo nas suas campanhas? Nunca,0,1,FP,21.812412951027554
SGDClassifier,0,"Quem mora fora é rico. 

Gente que ganhou dinheiro só na época lula!",0,1,FP,10.66708319147708
SGDClassifier,0,Olha o choro da esquerda :grinning_face::grinning_face::grinning_face::grinning_face:,0,1,FP,9.921634482839705
SGDClassifier,0,Meu Deus!!!! E o que acontece com os votos do dia todo nessa urna fraudada? Serão computados? Para o pt?,0,1,FP,2.2310512111858842
SGDClassifier,0,"Votem! Cada voto conta! Vamos salvar o Brasil, o nosso futuro, as nossas crianças!   Enfrentem a fila que for preciso, mas não se omitam! Em vários países a esquerda ganhou por conta da abstenção de muitos. Sejamos conscientes! Deus abençoe o nosso Brasil! :Brazil::Brazil::Brazil:",0,1,FP,2.3452836017476746
SGDClassifier,0,"O presidente se reelegendo, vai criar condições para a direita ficar pelo l seis mandatos cuidando do país:Brazil:",0,1,FP,15.753336121388344
SGDClassifier,0,"Tá chegando a hora de Deus nos libertar dessa praga.
Só trouxe desgraça para o Brasil.
Ainda tem jente da mesma laia q vota num cão desse",0,1,FP,26.3526399979777
SGDClassifier,0,"Calma gente, a ideologia dominante é de quem domina e quem domina o mundo infelizmente é a esquerda",0,1,FP,1.000499937192696
SGDClassifier,0,"Nem todo nordestino são petistas não, sou mineiro casado com nordestino que é Bolsonarista roxo. Vamos com menos xenofobia pois somos mais do que isso, amo o nordeste e aos nordestinos aqui presente o meu respeito.:smiling_face_with_smiling_eyes:",0,1,FP,7.971577616647983
SGDClassifier,0,O povo de direita tem q parar de brincar e zoar achando q o risco não é real...... por q é,0,1,FP,2.6890264578498253
SGDClassifier,0,Não iremos ganhar na democracia vamos ter que ir na força pois ficou claro o golpe,0,1,FP,2.4970766053771625
SGDClassifier,0,"O povo nordestino é o mais hospitaleiro e que tem maior gratidão. Jamais o ladrão Lula tem maioria com eles.
Se eu fosse o Bolsonaro desistia, porque vão roubar de qualquer maneira.
Fraude nas urnas.",0,1,FP,26.63297786607216
SGDClassifier,0,"Sai de ré satanás , quem ri por último ri melhor , vc ainda não ganhou nem roubando , e nem vai ganhar . Pq a luz sempre vence .",0,1,FP,9.492850722234367
SGDClassifier,0,Faça a sucessão. Até chegar a democracia de Bergson e Jacques Maritain (Como espírito evangélico) e os de espírito científico (Karl Popper),0,1,FP,8.362382457714427
SGDClassifier,0,Estou aqui pensando em quem votou visando a derrocada do rico. Você acha mesmo que o rico vai perder o patrimônio por causa do seu voto vingativo?! O empresário rico vai aumentar o preço do patrimônio e te :face_with_symbols_on_mouth:!,0,1,FP,1.1889415259136347
SGDClassifier,0,Tá na hora de virar extrema Direita e resolver os problemas,0,1,FP,8.281479327801629
SGDClassifier,0,"Marilia, não fica triste, não quero te fazer sofrer, entrega pra Deus, eles vão sofrer as escolhas deles, a gente sofre junto, mas fazer  o que?! Fica bem…  é um desabafo…. To muito indignada.  Seja feliz, e faca a sua parte.",0,1,FP,5.520458353922092
SGDClassifier,0,"Nordestina, preta, Bolsonarista e mãe de 3 meninos e sem filtro, isso aí é a luz da academia. :face_blowing_a_kiss: e também estudo e trabalho. A tua eu não abri, pq já vi no perfil que não vale a pena, a minha eu sei que tu vai, pq é curiosa mesmo. :face_with_tears_of_joy::face_with_tears_of_joy::face_with_tears_of_joy:",0,1,FP,10.056626201201702
SGDClassifier,0,Cap Wagner é ilusão tb man.. ilusão.. lembra do motim.. coisa de esquerdista.. ae viu q num era pela esquerda q ele conseguiria.. ae tentou e n conseguiu nada c essa tática de neutralidade.. se fudeu,0,1,FP,1.5755783937521408
SGDClassifier,0,Se o diabo fosse honesto não teria sido expulso do paraíso!,0,1,FP,6.598772209802823
SGDClassifier,0,"Verdade nesse momento tem que tratar todos bem e tentar concientizar eles, mostrando às pautas que o governo de esquerda tem para o país.",0,1,FP,7.723184181676321
SGDClassifier,0,"Primeiramente vc tem que conhecer a maçonaria antes de falar merda!!! A maçonaria não e uma religião, A maçonaria e uma instituição que uni diversos conceitos diferentes. Hoje na maçonaria tem cristão, espíritas, judeus, católicos. Outra coisa ! Pelo fato do bolsonaro ter visitado a maçonaria não significa que ele seja maçom.  Se for assim lula e macumbeiro por visitar terreiros de macumba e receber santos dos macumbeiros:man_shrugging_light_skin_tone::man_shrugging_light_skin_tone::man_shrugging_light_skin_tone:",0,1,FP,147.89407957183826
SGDClassifier,1,"e uma VERGONHA pro  MS,  se vendeu pra China,  vc viu o comentário dela  no último debate, só por Deus.",0,1,FP,87.40214293202511
SGDClassifier,1,"Partido político por quê teria sindicato ja vi que voceis não conhece a impotancia de um sindicato. Se o pt tivesse um sindicato eu seria filiado a muito tempo, sou o fundador do PT em Andirá é filiado desde 1990. Não é toa que Paraná é o estado mais atrasado politicamente.",0,1,FP,106.54000530248341
SGDClassifier,1,"Socialista, mas o modelo de socialismo deles é diferente do modelo Sovietico, por exemplo...

Se fosse implantado aqui, não seria nenhum desses modelos...

Seria um modelo que levaria em conta a cultura brasileira.",0,1,FP,13.114102838202314
SGDClassifier,1,O gado ver todos os países mais não ver o Brasil ai fica difícil  muuuuuuuuuuuuu:ox::water_buffalo:,0,1,FP,12.624500598420067
SGDClassifier,1,"O voto é SECRETO!!!
Cada um tem a liberdade de escolher em quem votar, considerando suas experiências, afinidades e semelhanças.
Uns escolhem os princípios de honrar a Deus, Pátria e Família, a eleger um governo com o mínimo de corrupção possível e não comunista.

Já outros, temos de compreender, vivenciaram experiências negativas, aprenderam que para melhorar de vida tem de roubar, enganar, trapacear e se corromper, assim, entendem que a melhor opção é alguém que lhes representa, alguém que tem o mesmo caráter conspurcado.

Att.",0,1,FP,6.443776977305323
SGDClassifier,1,"O voto é uma arma disponível e convida você a fazer um suicídio, não aponte o calibre *13* para sua própria cabeça. Não  haverá família nuclear, não haverá nova geração (aborto) não haverá naturalidade biológica ao nascimento, não haverá direto a crença religiosa (Religare), não haverá liberdades democráticas.
Dito isso, lute contra o verdadeiro discurso de ódio, travestido em anúncio de amor que conduz ao inferno (sheol).

_Janbres Shepherd_",0,1,FP,32.90912370727536
SGDClassifier,1,"Vamos Compartilhar! CONVOCAÇÃO *GENERAL AUGUSTO HELENO* - 
*PATRIOTAS DO BRASIL*:Brazil::Brazil::Brazil:
Convoco os patriotas do Brasil às 17:00 do dia da eleição à comparecer na sua zona eleitoral para tirar foto do *BOLETIM de URNA* que é colado na porta da seção. O Boletim de urna é o documento emitido em cada seção eleitoral com o resumo da votação daquela seção. Com essas fotos vamos ter documentado toda a votação no Brasil e vamos impedir o XANDÃO de fraudar as eleições nos calabouços do TSE!
*Divulguem essa mensagem!*
Boa votação a todos os homens e mulheres de bem desse país! 
*O BRASIL ACIMA DE TUDO, DEUS ACIMA DE TODOS!!!*",0,1,FP,4.338122167829559
SGDClassifier,1,"Rapa, o Bozo é amigo do Roberto Jeferson e do Collor",0,1,FP,2.5520670467750928
SGDClassifier,1,"Deus fez isto para humilhar a globo, os criminosos no debate, os banqueiros e empresários poderosos também criminosos que dão dinheiro pra o crime e facilitar seus roubos bilionários do poder público e do povo.
Tem preços altíssimos injustificáveis e juros exorbitantes agiotas..Você que tem bancos cobrando 26% de juros ao mês para aposentado?
Na Europa em julho 22 o taxa de juros era de menos (-) 0,5 % ao ano.
Taxa negativa de juros
Agora subiu um po",0,1,FP,10.726087886626381
SGDClassifier,1,"A última esperança do ""gopi do Bozo"" se foi...:rolling_on_the_floor_laughing:",0,1,FP,5.262866655179913
SGDClassifier,1,Entreguista traidor da pátria,0,1,FP,4.6037909641488675
SGDClassifier,1,Aí nego blad e assim essa faz 10 eleições q não voto tenho passaporte qdo fui a Itália peguei seguro e nada mudou mas não voto em gente safado,0,1,FP,17.67109698249172
SGDClassifier,1,"Mas quem tem problemas na justiça não pode ser dizer contra a corrupção e cidadão de bem.
É como esses políticos corruptos que o mito se aliou, tá no partido de um cara condenado no mensalão.
Eu não gosto de passar pano não.
Se o mito errar tem que ir pra cadeia tb, chega de corrupção no Brasil.

Eu não gosto de ver esse monte de apoio de gente cheia de problemas junto com o mito não. Me perdoe, mas me incomoda bastante",0,1,FP,67.21635614741749
SGDClassifier,1,"Posso ter defeitos, viver ansioso e ficar irritado algumas vezes, mas não esqueço que minha vida é a maior empresa do mundo. E que posso evitar que ela vá à falência.
Ser feliz é reconhecer que vale a pena viver, apesar de todos os desafios, incompreensões e períodos de crise.
Ser feliz é deixar de ser vítima dos problemas e se tornar autor da própria história.
É atravessar desertos fora de si, mas ser capaz de encontrar um oásis no recôndito da sua alma.
É agradecer a Deus a cada manhã pelo milagre da vida.
Ser feliz é não ter medo dos próprios sentimentos. É saber falar de si mesmo. É ter coragem para ouvir um “não”. É ter segurança para receber uma crítica, mesmo que injusta.
#PROJETOXANDER360
FACEBOOK 
XANDER OLIVEIRA
PÁGINA
XANDER36O A FESTA
INSTAGRAM
[USER]
PÁGINA
GUERREIRAS DO BRASIL XANDER36O
WATZAP
21964306836

#SEPARADOSOMOSFORTEJUNTOSSEREMOSIMBATIVEIS:Brazil:",0,1,FP,387.7403636544262
SGDClassifier,1,"*Eleitor que não estiver satisfeito ou se sentir constrangido por ser obrigado a votar na urna eletrônica pode e deve fazer constar na ata da seção sua insatisfação*

Caso você esteja nessa situação, solicite ao mesário responsável para que anote na sua frente as seguintes informações:

Eu, _____, estou sendo obrigado pela Justiça Eleitoral a votar contra a minha vontade em um equipamento inapto e incapaz de atender às exigências Legais e Constitucionais, que impõe a necessidade da contagem pública dos votos. A utilização das urnas eletrônicas sem impressoras afronta os artigos 14 e 37 da Constituição Federal, os artigos 220 e 221 do Código Eleitoral e o artigo 7º da lei 1079 1950, que criminaliza a violação do escrutinio, não estando portanto em conformidade com o ordenamento jurídico vigente no País.",0,1,FP,70.95193279849356
SGDClassifier,1,"Boa tarde, complexo de vira lata, acho a minha pátria e o Brasil, portanto, boa ou ruim é o meu lugar, puxar saco de americano não vai resolver nada, precisamos corrigir nossos defeitos , e parar de achar que o Brasil só tem coisa ruim, ou vcs acham que na América não te favela, não tem fome, não tem corrupção, claro que tem, só não fazem propaganda da desgraca igual nos",0,1,FP,401.20529366060913
SGDClassifier,1,"Bozo vacilou 
Nao acompanhou a fiscalizacao serrada das urnas 

O SISTEMA FEZ A MANIPULAÇÃO PROGRAMOU ELA PARA  QUE O SISTEMA VENCESSE

EU PENSO QUE ELES LEVARAO PARA O 2° TURNO PARA NAO FICAR TAO ESCANCARADO A FRAUDE

NO SEGUNDO TURNO O SISTEMA FECHARA O NOSSO CAIXAO.

SINTO MUITO EM DIZER

O SISTEMA VAI TIRAR BOZO DO PODER CUSTE O QUE CUSTAR

ELES VIERAM PRA ISSO BOZO FOI INOCENTE

EU ESPERO QUE EU ESTEJA ERRADO,

QUERO MUITO VER O PT SER DESTRUÍDO,
E 9 DEDOS TAMBEM

MAS ELES SAO UM SISTEMA DE MAIS DE 30 ANOS 

ELES TEM MAIS VONTADE DE VOLTAR AO PODER DO QUE BOZO VENCER

NA MINHA HUMILDE OPINIAO FALTOU BOZO BOTAR QUENTE NA FISCALIZAÇAO DE URNAS",0,1,FP,7.401210176165886
SGDClassifier,1,"Não generalizando, mas a maioria gostava da mordomia de receber bolsa familia de 130 reais e não ir trabalhar!! Por isso querem Lula de volta. Ah tnc enquabto uns querem empregos eles so querem voltar pro mundo preguiçoso",0,1,FP,3.6156390652883816
SGDClassifier,1,"Sempre fraudaram as eleições desde a época do boto tucuxi nas cédulas de papel até as urnas fraudaveis por hackers como aconteceu em 2014 e 2018 e confirmado agora nesse primeiro turno. 
Tá tudo muito bem claro, é só você analisar a grande rejeição do pedófilo corrupto árabe e a grande multidão que acompanha o Bolsonaro contra as vaias que o ladrão de nove dedos recebe em todo o lugar por onde passa. 
Tá tudo muito bem claro. 
Não adianta apenas votar.",0,1,FP,15.082200528592871
SGDClassifier,1,Só que as pessoas têm que parar de ofender o nordeste e principalmente a Bahia nós precisamos desses votos que é muito importante provavelmente aconteceu alguma fraude lá também nós não podemos ficar xingando os nordestinos nem muito menos os baiano,0,1,FP,5.212371753685163
SGDClassifier,1,O  DIABO   COMEMORA   ! MAS    VAI   SER  POR  POUCO   TEMPO   ! A  DECISÃO   SERÁ   NO   2 TURNO   !  OS  TRAIDORES   AGUARDEM   !:goblin::goblin::goblin::goblin::goblin::goblin:,0,1,FP,6.356856610111448
SGDClassifier,1,"Bolsonarista extremamente chateada e inconformada com essa fraude.
Sou nordestina e Preta e me envergonho por Nine ter ganho no nordeste.",0,1,FP,3.7370623650936015
SGDClassifier,1,"Ninguém ninguém sabe o q aconteceu nas urnas, já anoite, ainda cheias de pessoas pra votarem

Só Deus sabe de tudo !!!",0,1,FP,160.6907501997994
SGDClassifier,1,"O diabo também celebrou a morte de JESUS. 


Mas não contava com o 3o dia, no qual JESUS RESSUSCITOU. 

Agora depende de NÓS. :down_arrow:


Se o meu povo, que se chama pelo meu nome, se humilhar e orar, buscar a minha face e se afastar dos seus maus caminhos, dos céus o ouvirei, perdoarei o seu pecado e curarei a sua terra.

Existe aí um pré requisito :raising_hands::folded_hands:



Agora é hora das indiferenças serem deixadas de lado, o ego, o orgulho e nos POSICIONARMOS :backhand_index_pointing_left::Israel:",0,1,FP,3.4078219756488295
SGDClassifier,2,Após a era Bolsonaro vejo nesse cidadão o próximo presidente do Brasil:thinking_face:,0,1,FP,8.30816354389681
SGDClassifier,2,Será que o cidadão de bem não percebe isso!,0,1,FP,4.087302256840989
SGDClassifier,2,"Anota ai e prega na parede pra não sumir .

Esse ano de 2022 teremos eleições! 
Vocês sabiam que já temos 19 (dezenove) Partidos de Esquerda e todos são ligados ao PT (a nave mãe).

Saibam os números dos candidatos, pois eles não colocam a sigla do partido, exatamente para não percebermos quem eles são:

01º - 13 ... PT
02º - 12 ... PDT
03º - 15 ... MDB
04º - 16 ... PST
05º - 18 ... REDE
06º - 21 ... PCB
07º - 23 ... Cidadania
08º - 29 ... PCO
09º - 33 ... PMN
10º - 40 ... PSB
11º - 43 ... PV
12º - 44 ... União Brasil= (DEM+PSL)
13º - 45 ... PSDB
14° - 50 ... PSOL
15° - 54 ... PPL
16° - 55 ... PSD
17° - 65 ... PCdoB
18° - 77 ... Solidariedade 
19° - 80 ... UP

Estes 19 Partidos são todos ligados ao PT.
*ENTÃO AJUDEM A DIVULGAR, para não elegermos mais candidatos destes partidos.
*As Eleições para PRESIDENTE, GOVERNADORES, SENADORES E DEPUTADOS, se aproxima",0,1,FP,6.491879260365979
SGDClassifier,2,"*Gente, nestas eleições, vamos expulsar do senado: David Alcolumbre, Romário, Acir gurgacz, Alexandre Silveira, Dario Berger, elmano Ferrer, guaracy Silveira, Álvaro dias, Jean Paul Prates, José Serra,  Luis Carlos do Carmo, Luiz pastore, nilda gomdim, Otto Alencar, Omar Aziz, regufe, tasso jereissati, telmario Motta, wellington Fagundes e vamos substitui-Los pelos nossos candidatos da listagem conforme amostra estado por estado*",0,1,FP,54.58027289867236
SGDClassifier,2,"O que se nota,  é a mesma presunção do poste em 2018, a do lula, fala como se  já tivesse ganho, tem algo estranho nisso tudo ... o bolsonaro não pode fazer campanha...",0,1,FP,4.080984941341148
SGDClassifier,2,Jornalista toma uma invertida de uma senhora nordestina,0,1,FP,12.672474189074576
SGDClassifier,2,"*VERDADE REVELADA -* Ninguém te prometeu nada. Muitos fazem planos para o amanhã. Mas quem te falou, que vai ser do seu jeito amanhã. *A VERDADE em APOCALIPSE 3:8*  Conheço as suas obras. Eis que coloquei diante de você uma porta aberta que ninguém pode fechar. Sei que você tem pouca força, mas guardou a minha palavra e não negou meu nome. O mestre *JESUS* é o caminho da *VERDADE* e da *VIDA.          JAKISON BRITO*",0,1,FP,3.2227885787670068
SGDClassifier,2,Esse cidadão sabe que em breve a casa dele vai cair,0,1,FP,0.9377279284621469
SGDClassifier,2,Presença do candidato dr Felipe medico cardiologista  partido PRTB 28 ...poder de curar estado doente pela corrupção ..prestigiem,0,1,FP,2.195048762408364
SGDClassifier,2,":thinking_face:QUERIDOS ""IRMÃOS E AMIGOS"". É BOM COMPATILHAR-MOS:backhand_index_pointing_up_medium-dark_skin_tone:ISSO:COM TODOS NOSSO CONTATOS. PORQUE: SE ACONTECER ESSE ESSA NOTÍCIA FALSA. ESTAMOS SABENDO DE ANTEMÃO. E DESCARTAREMOS OK. O :smiling_face_with_horns: É ESTUTO. MENTIROSO!, E ""PAI DA ""MENTIRA"".:backhand_index_pointing_right_medium_skin_tone:João.8.44 e ele usa seu filhos Mentirosos, para espalhar, Boatos,e Mentiras. APOCALIPSE.20.8 e os Cegos espirituais Acreditam, e Compartilham. :thinking_face:  SE POFMR ACASO NÃO ACONTECER ISSO: DESCARTEM O VÍDEO. AMÉM?  EXCELENTE DIA! NA PAZ DO SENHOR JESUS! QUE E
LE: CONTINUE, VOS ABENÇOANDO!",0,1,FP,76.05063259280882
SGDClassifier,2,"A comportamento criminoso deste supremo deus esta claro: ""eu sou lei, eu ordeno, cumpra-se!"".",0,1,FP,5.825753845419532
SGDClassifier,2,Não vamos esquecer esse cidadão.,0,1,FP,13.420267405392257
SGDClassifier,2,":backhand_index_pointing_up: *Agora a esquerda surta!:upside-down_face::upside-down_face:*

*[USER] agradecendo a visita do Presidente [USER] da Primeira Dama Michelle Bolsonaro e do [USER] ao [USER]*

*A oposição já acionou a justiça para o Neymar não ser convocado pra Copa?:soccer_ball::face_with_tears_of_joy:*

Pra cima…:rocket::Brazil::saluting_face::keycap_2::keycap_2::oncoming_fist_light_skin_tone:
:soccer_ball::soccer_ball::soccer_ball::soccer_ball::soccer_ball::soccer_ball::soccer_ball::soccer_ball::soccer_ball::soccer_ball::soccer_ball::soccer_ball::soccer_ball::soccer_ball::soccer_ball::soccer_ball::soccer_ball::soccer_ball:
Canal
[USER]:Brazil:",0,1,FP,60.952251987410065
SGDClassifier,2,:backhand_index_pointing_up: só Deus vai livrar o nosso país diante de tanta injustiça por isso está sobre a responsabilidade da igreja de orar,0,1,FP,30.402063706050114
SGDClassifier,2,A eleição do Romário só favorece a esquerda. DANIEL SILVEIRA E O ÚNICO CAMINHO PARA FREAR OS ABUTRES DE TOGA! A perseguição ao Daniel é justamente o pânico que ele provoca no STF e na esquerda.,0,1,FP,1.4707817099911362
SGDClassifier,2,"Vamos votar por amor ao nosso país e ao nosso #PresidenteBolnaro. E Deus nos honrará para o bem de nossos pequenos. Deus é Suplemo e Soberano. Vigiar é necessário,temer  nao",0,1,FP,9.019628037138618
SGDClassifier,2,"Quando você Capixaba for votar no Casagrande, lembre-se deste vídeo. Um governador que quebrou vários comércios e destruiu muitas famílias não pode ser reeleito.
Acorda Espírito Santo!
Não reeleja Casagrande, repasse sem dó. Lembra do: FIQUE EM CASA? Agora ele vem com: FIQUE EM CASA *SE PUDER* hipócrita mentiroso.
 Um dos pouquíssimos ou o único estado da federação que vota num presidente de direita mas prefere continuar votando num governador comunista de esquerda :enraged_face::enraged_face::enraged_face::enraged_face: . Vote num governador que apoia Bolsonaro. Assim teremos inúmeros recursos a mais. Vote Manato 22 :Brazil::Brazil::Brazil:",0,1,FP,0.789056647123215
SGDClassifier,2,"*Compartilhe o em seus grupos*

Veja só a estratégia diabólica que os candidatos a *Deputado da ESQUERDA e os ISENTÕES* estão fazendo para não reeleger o Capitão Assumção.",0,1,FP,54.21790346424668
SGDClassifier,2,Bom dia! Vocês sabem que lula se inspira em Fidel castro e CheGuevara com certeza. Mas vocês sabem como eles trataravam negros e gays?,0,1,FP,85.05303428490356
SGDClassifier,2,"Se for Bolsominion e não tiver o coração :red_heart: forte, não assista :backhand_index_pointing_up::face_with_tears_of_joy::face_with_tears_of_joy::face_with_tears_of_joy::rolling_on_the_floor_laughing::rolling_on_the_floor_laughing::rolling_on_the_floor_laughing:",0,1,FP,13.150818351135621
SGDClassifier,2,:folded_hands: MEIS PARES E DESCENDENTES SABERÃO DISSO. ... PORQUE EU NUNCA ME ESQUECEREI. . . BOLSONARO. . .  HOMEM UNGIDO E ABENÇOADO POR DEUS ! ! !  :Brazil:,0,1,FP,0.5839633136902576
SGDClassifier,2,NÃO ADIANTA A INJUSTIÇA FALAR. BRASILEIROS  DE DIREITA NÃO TEM JEITO COM ELES.,0,1,FP,32.12554457908388
SGDClassifier,2,Essa confusão foi por  causa de tu mesmo porque fica excitando ódio aí tem os louco que fica matando gente aí é estudar para ter umas eleição mais seguro porque tem um psicopata. na presidência até  2023,0,1,FP,2.7691993492273053
SGDClassifier,2,Vídeo que a esquerda não gosta.,0,1,FP,6.209029095487006
SGDClassifier,2,"É típico mesmo, politicos de esquerda se apropriam da coisa pública em benefício próprio, sempre foi assim, é a esculhambacão com a coisa pública.",0,1,FP,3.073579925539839
SGDClassifier,2,SHOW DE PREÇOS BAIXOS NA SANDUICHERIA E PIZZARIA DO GORDO PROMOÇÕES EM PIZZAS :pizza::pizza: E LANCHES :hamburger::hamburger: ACEITAMOS TODOS CARTÕES :credit_card: DE DÉBITOS E CRÉDITOS TELE ENTREGAS :motorcycle: . 984557392 OU AINDA 984274416 TAXA DE ENTREGAS 5 REAIS :telephone:,0,1,FP,5.502634517228634
SGDClassifier,2,Para as fazendas de gado do Lula e Dilma ele fecha os olhos.,0,1,FP,16.915129527689736
SGDClassifier,2,"*ESTE VÍDEO É UMA SÁTIRA PARA OS CANDIDATOS QUE ESTÃO ESBANJANDO DINHEIRO PÚBLICO DO FUNDO ELEITORAL.*

NÃO VOTE EM QUEM FEZ CAMPANHA COM O SEU DINHEIRO, COM O DINHEIRO PÚBLICO, COM DINHEIRO DO FUNDO ELEITORAL.

CORONEL AUREO JUNIOR
CANDIDATO A DEPUTADO ESTADUAL MG
28000

PROPAGANDA ELEITORAL
CNPJ: 47.579.401/0001-01",0,1,FP,8.27649199721481
SGDClassifier,2,Uma vergonha um esquerdista mandou um padre ir pro inferno :man_facepalming_medium-dark_skin_tone:,0,1,FP,13.166184981591062
SGDClassifier,2,Bolsonaro disse que a mamata da Globo acabou a 2 m do Wilian Bonner kkkkk,0,1,FP,16.872056838132067
SGDClassifier,2,"Homem comprou TV anunciada na Olx com notas de R$ 200,00 falsas. Diz vendedora.

""Anunciei a TV na Olx, combinamos o endereço,  pedi para ele fazer um pix,  mas ele disse que iria pagar em dinheiro,  pois acabado de receber o pagamento. Só descobri que eram falsas,  quando fui comprar em outro lugar."" Diz a mulher,  que vendeu a TV na Rua Humberto de Campos,  Leblon,  na noite de terça-feira.",0,1,FP,72.08643696443626
SGDClassifier,2,":warning::warning:MOTO ROUBADA:warning::warning::warning:
MOTO YAMAHA FACTOR 
PLACA-OIB9083
VERMELHA - 2010
MOTO ROUBADA NA RUA MONSENHOR ESMERALDO, CRATO. 
EM FRENTE A IGREJA ASSEMBLEIA DE DEUS
CONTATO:
98801-5543
99700-3101
99965-6716",0,1,FP,2.8047320300976075
SGDClassifier,2,"BOM DIA

MENSAGEM DE DEUS

DEUS SE UM DIA EU ESTIVER PRESTES A PERDER AS ESPERANÇAS ME AJUDE A LEMBRAR DO TEUS PLANOS SÃO MAIORES QUE OS MEUS SONHOS DE DEUS PODE ESTOURAR O QUE SE QUEBROU EM SUA VIDA SÓ O AMOR DE DEUS PODE TER TIRAR DA TRISTEZA QUE SENTE AGORA E CRIAR ALGO MARAVILHOSO EM SUA VIDA DEUS É BOM MISERICORDIOSO ELE NÃO PEDE NADA EM TROCA PEDE APENAS QUE CONFIA NELE É SÓ CRÊ NESSE DEUS MARAVILHOSO :raising_hands::raising_hands::folded_hands::folded_hands::folded_hands::folded_hands::folded_hands::folded_hands::folded_hands::folded_hands:

VOU DEIXAR UM LINDO LOUVOR PARA VC E SUA FAMÍLIA :musical_score::musical_score::musical_score::musical_score::musical_score::musical_score::musical_score::musical_score::musical_score::musical_score::musical_score::musical_score::musical_score:

TENHA UMA ABENÇOADA SEXTA-FEIRA SEMPRE DEUS NO COMANDO :raising_hands:

UM GRANDE ABRAÇO DO SEU IRMÃO É AMIGO BRITO :thumbs_up::handshake::oncoming_fist::Brazil:",0,1,FP,1.9739683654023965
SGDClassifier,2,meu amigo....e quem é que não esta doido para dar umas porradas nesse vagabundo....:face_with_raised_eyebrow::face_with_raised_eyebrow::face_with_raised_eyebrow::face_with_raised_eyebrow:...até os petistas querem arrebentar ele...:smirking_face::smirking_face:,0,1,FP,15.992944966296314
SGDClassifier,2,"OI PATRIOTAS :Brazil::Brazil:!!!!

PASSANDO PRA LEMBRAR: :backhand_index_pointing_down_medium-light_skin_tone:

1) TODOS DE VERDE E AMARELO NO DIA DA VOTAÇÃO :Brazil: ;

2) TENHA ORGULHO DE DECLARAR O SEU AMOR PELA NOSSA PÁTRIA, COLOQUE UMA BANDEIRA :Brazil: DO BRASIL :Brazil: NO; SEU CARRO, NA JANELA DE SUA CASA, E ETC...

3) COLOQUE NA FOTO  DO SEU PERFIL UMA FOTO DA BANDEIRA :Brazil: DO BRASIL :Brazil:.

4) POSTE VÍDEO DESSE AMOR PELO BRASIL NAS REDES SOCIAIS!


ATÉ A VITÓRIA!

QUE DEUS ABENÇOE À TODOS :Brazil::oncoming_fist_medium-light_skin_tone::face_blowing_a_kiss:


*DIVULGUE*
*DIVULGUE*",0,1,FP,14.606811474254766
SGDClassifier,2,NOS   DA  POPULAÇÃO   DO BEM    VAMOS   SAIR   DA  FILA  DOS  QUE  RECLAMA   E  DIA  2 DE  OUTUBRO   DE  2022  VAMOS   ENTRAR   NA  FILA   DOS  QUE  FAZEM   !  VAMOS   MOSTRAR     PARA  ESTA   ESQUERDA   DO  DIABO   QUE  TODO  PODER   EMANA DO POVO   !  VAMOS   TODOS JUNTOS E MISTURADOS   VOTAR  EM  CANDIDATOS   DA  DIREITA   E  VAMOS   VARRER   DO  NOSSO BRASIL   ESTA  ESQUERDA   SATÂNICA  !:thinking_face::thinking_face::thinking_face::thinking_face::thinking_face::thinking_face:,0,1,FP,13.754410751261052
SGDClassifier,2,Tem coisas estranhas no globo ontem no jornal que urnas vai te tempo pra vc vê pra quem vc está voltando  e muito estranho isso e tempo que ele pode mudar volto da agente a globo está colocando pesquisa do Lula muito lancima,0,1,FP,58.32287974772473
SGDClassifier,2,"*QUANDO AQUELE ESQUERDISTA CHATO FALAR QUE BOLSONARO NÃO FEZ NADA NO SEU MANDATO , POR FAVOR MOSTRE ESSE VÍDEO PRA ELE !*",0,1,FP,15.913732462406344
SGDClassifier,2,"GENTE AMIGA E  IRMÃS BOLSONARIANA,  A COISA VAI FICAR SEM CONTROLE,  GUERRA CIVIL MESMO....VAMOS CLAMAR A DEUS!!!!",0,1,FP,14.614748497981044
SGDClassifier,2,"Ou GENTE
ISSO E MUNTO GRAVE 
QUE DEUS PROTEJA NOSSA NAÇAO",0,1,FP,5.351203003588871
SGDClassifier,2,Lutemos por dias melhores... um bom voto a todos todas e todes,0,1,FP,109.20134459763494
SGDClassifier,2,"Como a gente não soubesse do seu voto :face_with_tears_of_joy::face_with_tears_of_joy::face_with_tears_of_joy::face_with_tears_of_joy::man_facepalming_light_skin_tone:
Quando acaba a mamata do dinheiro na  emissora aí começa o mimimimi kkk
Mais 4 anos de Jair Bolsonaro :face_with_tears_of_joy::face_with_tears_of_joy::face_with_tears_of_joy::face_with_tears_of_joy::face_with_tears_of_joy::face_with_tears_of_joy:",0,1,FP,16.73794650161348
SGDClassifier,2,Pois é meu amigo quem acredita em pesquisa da esquerda só pessoa da esquerda mesmo então tu parece ser um desses se é um esquerdício infiltrado no meio dos patriotas,0,1,FP,5.361403230148181
SGDClassifier,2,"UMA MAGNÍFICA FESTA DA DEMOCRACIA, A PASSAGEM DE BOLSONAROOO HOJE EM JOINVILLE FOI SIMPLESMENTE FANTÁSTICA, ESTAMOS JUNTOS POR UM BRASIL MELHOR PARA FUTURAS GERAÇÕES. BRASIL ACIMA DE TUDO E DEUS ACIMA DE TODOS. SEEELLLVAAAAA!!!",0,1,FP,9.040498700345925
SGDClassifier,2,Com a concorrência o tráfico fica mais fraco. A galera vai preferir comprar no mercado do que subir o morro e comprar de traficante. Assim o tráfico recebe cada vez menos dinheiro.,0,1,FP,5.5875736790648505
SGDClassifier,2,Serei o cidadão mais feliz se o *Padre de festa de São João* ultrapassar o verme. :rolling_on_the_floor_laughing::rolling_on_the_floor_laughing::rolling_on_the_floor_laughing::rolling_on_the_floor_laughing::rolling_on_the_floor_laughing::rolling_on_the_floor_laughing::rolling_on_the_floor_laughing:,0,1,FP,17.956567018199873
SGDClassifier,2,":latin_cross::Brazil::latin_cross::Brazil::latin_cross::Brazil::latin_cross::Brazil::latin_cross:
*Uma oração a ser feita repetidas vezes hoje:*

*SENHOR, DEUS PAI-MÃE* 

*LIVRE O BRASIL DO COMUNISMO E DESARTICULE TODA E QUALQUER AÇÃO DO MALIGNO  NESSAS ELEIÇÕES.*

*LIVRAI-NOS, OH DEUS, DOS NOSSOS INIMIGOS E NÃO PERMITA QUE O MAL PREVALEÇA EM NOSSO PAÍS.*

*LIVRAI-NOS, OH DEUS, DO FLAGELO DO COMUNISMO, DO ABORTO, DA PERVERSÃO, DA CORRUPÇÃO, DA DITADURA E DA NOVA ORDEM MUNDIAL.*

*PROTEJA NOSSOS FILHOS, NOSSAS  FAMÍLIAS, NOSSAS CASAS, NOSSA PÁTRIA E NOS CONDUZA PELA PORTA ESTREITA ATÉ A VIDA ETERNA.*

*QUE OS ANJOS DO SENHOR ESTEJAM GUERREANDO EM NOSSO FAVOR.*

*PEÇO EM NOME DO TEU FILHO AMADO, JESUS CRISTO*

*AMÉM!*",0,1,FP,30.77444878417858
SGDClassifier,2,Com fé em Deus venceremos bolsonaro reeleito no primeiro turno bolsonaro2022,0,1,FP,2.8651714067245586
SGDClassifier,2,"Agora terminou de acabar com o GP 
Com mais uma desgraça  aparecendo.
Esse ai é o segundo bolsonario um cão em forma de pessoa.
Deus nos livre dessas maldições",0,1,FP,45.72680597643269
SGDClassifier,2,No meu caso tambem foi bem parecido... votei normal encerrei a votação  e talss.. mas disseram que nao precisava  assinar.. pq minha biometria funcionava. :thinking_face:,0,1,FP,3.174186677447955
SGDClassifier,2,"*:sparkle::mobile_phone_with_arrow:Compro celular danificado com tela quebrada ou queimada:mobile_phone:*com* boas procedencia
:cross_mark::cross_mark::cross_mark::cross_mark::cross_mark::cross_mark::cross_mark::cross_mark:
 Que esteja com placa mãe funcionando:check_mark_button: 
*Motorola*
Motog 2 , 3 , 4 , 5 , 6
Moto e 1, 2, 4 
Moto x 1,2 
Moto z
Moto x play
*Azus*
Zefone 1,2,3,4,Go
*LG*
K4, k8, k10
L70,L90, G6, G7
*SAMSUNG *
J5, J7 NORMAL DOURADO, METAL
J2 PRIME,J5 PRIME, J7 PRIME,
J5 pro. J7 pro 
A01 a10 a20 a30 etc
M10 m20 a70 a31 
*XIAOME E IPHONE*
GRAM PRIME, GRAM DUOS
:cross_mark::cross_mark::cross_mark::cross_mark::cross_mark::cross_mark::cross_mark::cross_mark:
:sparkle:Preço acessivo, sem preços abusivos :sparkle:
*Se você tem é quer desfazer  chama no pv*",0,1,FP,0.17941168891646342
SGDClassifier,2,"Infelizmente ela será um nome forte no futuro. E o trabalho dela na CPI foi omisso, tendencioso e de esquerda. Mostra um caráter ao meu ver mais do mal do que do bem.",0,1,FP,3.1274278966028493
SGDClassifier,2,Esse ai se ficasse ia acabar com a nação brasileira menos os babão dele,0,1,FP,0.08953921051237668
SGDClassifier,2,A esquerda foi exterminada nessas eleições... se se confirmar essa realidade atual nos próximos 4 anos até trem bala vai se construir no Brasil GLÓRIA A DEUS,0,1,FP,3.2583849266417126
SGDClassifier,2,Eu sou nordestina. E voltei e vou votar no capitão quantas vezes precisar,0,1,FP,4.67181128943744
SGDClassifier,2,"Minha gratidão ao nordeste e ao nordestino.

“O sertanejo é, antes de tudo, um forte. Não tem o raquitismo exaustivo dos mestiços neurastênicos do litoral. A sua aparência, entretanto, ao primeiro lance de vista, revela o contrário.”
(Os Sertões - Euclides da Cunha)",0,1,FP,11.572272716448929
SGDClassifier,2,"Deveríamos lutar e dividir o país em 2, quem quer viver com ladrão socialista q viva com eles, quem quer a direita, família, Deus que fiquemos só lado direito.
Sou professora e não aguento mais essa porcaria de ideologia de genero",0,1,FP,19.86110351947415
SGDClassifier,2,Porra! Esses filhos da puta vão nos roubar na cara grande?....,0,1,FP,3.7519862089126166
SGDClassifier,2,"Gente, sou do Piauí. E garanto que a grande maioria dos amigos e familiares em peso são Bolsonaro. Estou aqui destruída. Já chorei tanto :loudly_crying_face::loudly_crying_face::loudly_crying_face: É um inferno esse PT em nosso Estado. Com certeza essas urnas foram manipuladas em todos os estados e principalmente no Nordeste, onde eles tem mais controle. É revoltante. Tô sem chão :loudly_crying_face::loudly_crying_face::loudly_crying_face::loudly_crying_face::loudly_crying_face::loudly_crying_face:",0,1,FP,11.167424920733325
SGDClassifier,2,VAMOS LEVANTAR PESSOAL! SEGUNDO TURNO TUDO VAI MUDAR SE DEUS QUISER,0,1,FP,2.0588829454305415
SGDClassifier,2,"*Parabéns patriotas, bolsonaristas e povo cristão brasileiro. Diante das pesquisas, fomos grandes vitoriosos. Agora, aquela multidão de deputados e senadores, comprando voto e gastando com o eleitorado não existe mais. A votação do ex presidiário cairá bastante. Nossa luta contra o mal dessa facção criminosa e imoral; continua. A vitória é nossa... Brasil acims de tudo e Deus acima de todos* :Brazil::Brazil::Brazil::Brazil::Brazil: :keycap_2::keycap_2: neles.",0,1,FP,229.64628420871466
SGDClassifier,2,"Enfim, Deus tenha misericórdia de nós e nossos filhos, são vai acreditar quando nosso país se tornar uma Venezuela",0,1,FP,17.179313099254426
SGDClassifier,2,"Eu escrevi errado, quiz dizer que assim n pode ficar, estamos enfrentando o mal contra o bem, que Deus ilumine nosso Presidente, que ele tenha uma carta na manga:folded_hands::folded_hands:",0,1,FP,1.9224881688930853
SGDClassifier,2,MEU PRESIDENTE ASSISTE ESSE VIDEO SE FOR A VONTADE DE DEUS A GUERRA NÃO 3STA PERDIDA TENS UMA MISSÃO PARA CUMPRIR E VAI CUMPRIR ABRAÇO.,0,1,FP,2.4693546743241708
SGDClassifier,2,"São estas informações que ou é por ingenuidade, ou é algum esquerdista que posta para nos confundir, e aí somos acusado propagar as tais fak News",0,1,FP,9.429637308452618
SGDClassifier,2,Obrigam as pessoas a votarem nos candidatos.. lá na Paupina uma colega relatou q qdo o Lula passou tiveram gritos de comemoração de onde tem famílias de traficante.. e tb qdo o Elmano se elegeu...,0,1,FP,6.937568718513435
SGDClassifier,2,Exatamente! Ela quer nos desanimar. Isso é  tática esquerdista. Vem de mansinho para desanimar o povo. Mas aqui não vai conseguir. Estamos unidos com o nosso capitão,0,1,FP,16.867304661251058
SGDClassifier,2,Só maligno mas com muita oração. não estamos lutando contra o homem mais contra  legiões de  Espíritos malignos . temos que entender isso :folded_hands:,0,1,FP,33.67260314376738
SGDClassifier,2,Eu não mudo meu voto nem na bala sou é bolsonaro 22 22 22 22 22 22,0,1,FP,20.519903280409395
SGDClassifier,2,"Deus nos guarde 
Guarde nossa nação 
Nosso Presidente 
Vamos seguir em frente",0,1,FP,2.754155758507234
SGDClassifier,2,"Se cada bolsonarista arrastar, convencer o voto de um indeciso/voto em branco a gente ganha essas eleições.",0,1,FP,23.199148193891055
SGDClassifier,2,"Fica não, sou paulista nascido e criado em são José dos Campos.
Tenho 2 cunhados nordestinos, minha sogra é nordestina e uma centena de amigos nordestinos",0,1,FP,15.7521591297479
SGDClassifier,3,Show :clapping_hands_light_skin_tone::clapping_hands_light_skin_tone::clapping_hands_light_skin_tone::clapping_hands_light_skin_tone::clapping_hands_light_skin_tone:   O Nordestino acordou,0,1,FP,3.165135958704141
SGDClassifier,3,Deus não veio pros sadios  veios pros doente. Igual os médico. Vc tem jeito,0,1,FP,2.065518117401357
SGDClassifier,3,Devem ter ganho uma verba bem gorda para produzir o mesmo.,0,1,FP,77.76179945720739
SGDClassifier,3,Dia 8 de Outubro - Dia do Nordestino - Parabéns e um forte e calouroso abraço.,0,1,FP,5.350968339661012
SGDClassifier,3,":backhand_index_pointing_up: *Palavras de uma viciada* :pensive_face::pensive_face::pensive_face::pensive_face::pensive_face::pensive_face::pensive_face::pensive_face::pensive_face::pensive_face::pensive_face::pensive_face::pensive_face::pensive_face::pensive_face:

Deus, Pátria e família :Brazil:

Bolsonaro 22.",0,1,FP,4.485008868678849
SGDClassifier,3,BOM DIA A TODOS QUE DEUS CONCEDA UMA ÓTIMA E ABENÇOADA TERÇA-FEIRA PARA TODOS NÓS SEMPRE DEUS NO COMANDO DE TUDO UM GRANDE ABRAÇO DO SEU IRMÃO E AMIGO BRITO TAMOS JUNTOS DEUS PÁTRIA E FAMÍLIA :flexed_biceps::oncoming_fist::skull_and_crossbones::Brazil::Brazil::Brazil:,0,1,FP,0.7185393126119747
SGDClassifier,3,A moça toda constrangida sera porque se é um trabalho normal????:thinking_face::thinking_face::thinking_face:,0,1,FP,0.41900966915286597
SGDClassifier,3,"Vc está descrevendo o capitalismo...

Proletariado, no sistema capitalista é apenas o escravo moderno. 

Com a diferença que o burguês te usa para produzir e depois te usa para comprar as coisas que produz...",0,1,FP,47.78862303540628
SGDClassifier,3,Pesado foi a pistola que eu vi ! E nem precisava disso tudo se ele disseese : me dá tudo gordinha:face_with_symbols_on_mouth: só na sugesta eu tinha dado,0,1,FP,1.3986791768360067
SGDClassifier,3,"Havia um prisioneiro muito conhecido, um salteador (ladrão) chamado Barrabás. Pilatos, o governador, perguntou a todos: — Quem vocês querem que eu solte: Barrabás ou Jesus, chamado Cristo? O povo escolheu o ladrão.",0,1,FP,6.7168368216749705
SGDClassifier,3,O bozó precisa anunciar mais,0,1,FP,0.5662629092270349
SGDClassifier,3,"PATRIOTAS, fico preocupado com jornalistas do calibre o Reinaldo Azevedo que era de direita e hoje ataca o nosso Mito.",0,1,FP,14.176330001323956
SGDClassifier,3,"PATRIOTAS, DIVULGUEM EM TODOS OS GRUPOS, PARA QUE TODOS SAIBAM QUE AS PESQUISAS NO BRASIL ESTÃO INDO DE VENTO EM POPA, DIFERENTE DOQUE A ESQUERDA VIVE FALANDO CONTRA O GOVERNO DO NOSSO MITO.",0,1,FP,3.644649753534919
SGDClassifier,3,"Essas peças e outras de artesãos de Caucaia podem ser expostas e vendidas no Museu do Caju... desde 2007 viabilizamos boas parcerias com cerca de 150 famílias da capital Caucaia e municípios do interior...

A temática do Caju... da Cultura Indigena... Negra e do Bode .....",0,1,FP,43.16572938038814
SGDClassifier,3,Você sabe que não foi o Bozó que criou o PIX né fraquejada? Ele nem sabia do que se tratava,0,1,FP,10.156374637674997
SGDClassifier,3,O pau tá quebrando  até no Jardim de infância  :face_with_tears_of_joy::face_with_tears_of_joy::face_with_tears_of_joy::face_with_tears_of_joy::face_with_tears_of_joy::face_with_tears_of_joy: sobre política dizendo que o Luladrão  é ladrão.   Nova geração!! :folded_hands_light_skin_tone::folded_hands_light_skin_tone:,0,1,FP,57.74935824797453
SGDClassifier,3,"VERDADE É MAIS UMA ARMADILHA DA ESQUERDA E O GRUPO JÁ TEM MAIS DE 100MIL PESSOAS. 

EU SAÍ A TEMPO:enraged_face:",0,1,FP,10.58315085721963
SGDClassifier,3,ISSO É NO ESPÍRITO SANTO  A TERCEIRA PONTE  NO 7 DE SETEMBRO,0,1,FP,2.317359656060509
SGDClassifier,3,"O que é ser Bolsonarista?!
 Bolsonarista nada mais é que um grupo expressivo de brasileiros cansados da safadeza de políticos sujos, corruptos, gananciosos, Desqualificados...
Ser Bolsonarista é apoiar  uma política limpa, transparente,  é lutar por um país melhor para as próximas gerações. 
 Sinto orgulho de fazer parte deste grupo seleto, inteligente, consciente...
DEUS, PÁTRIA E FAMÍLIA. 
É Jair ou já era.                                    #FechadoComBolsonaro2022:smiling_face_with_heart-eyes::flexed_biceps::sparkling_heart::Brazil:",0,1,FP,17.287654173856613
SGDClassifier,3,"Querem a Esquerda no Brasil????
:backhand_index_pointing_down_light_skin_tone::backhand_index_pointing_down_light_skin_tone::backhand_index_pointing_down_light_skin_tone::backhand_index_pointing_down_light_skin_tone::backhand_index_pointing_down_light_skin_tone::litter_in_bin_sign::litter_in_bin_sign::litter_in_bin_sign::litter_in_bin_sign:

Colômbia: os caminhoneiros param nos postos para abastecer e a população saqueia os produtos. Também estão fechando as estradas para roubar. O governo prometeu coisas que agora não pode cumprir e a população está revoltada.  Provavelmente vocês não vão ver isso na mídia do Brasil. :backhand_index_pointing_down_light_skin_tone::backhand_index_pointing_down_light_skin_tone::backhand_index_pointing_down_light_skin_tone:",0,1,FP,1.159889767123278
SGDClassifier,3,"Ele quer os bandidos armados,mas o cidadão de bem tem que ficar refém dos bandidos.",0,1,FP,0.6921987572730667
SGDClassifier,3,"Pode crer. Esse monstro até ficou imitando gente morrendo sufocada durante a pandemia, né?!",0,1,FP,1.532482106247183
SGDClassifier,3,"Se você quiser comprar 51 imóveis, junte todos os seus familiares ( tios, tias, primos, irmãos,filhos,cunhados, etc..etc..) e trabalhe durante 32 anos. Se você quiser ficar milionário, dê palestras, venda Avon e limpe bosta de elefante no zoológico de SP.....:deaf_man_light_skin_tone:",0,1,FP,79.82828410187109
SGDClassifier,3,"Agenda 2030 
Ideologia de gêneros nos desenhos animados para crianças 
Agenda não para 
Nova ordem mundial
Elite globalista
Diminuição POPULACIONAL",0,1,FP,7.7361719693188356
SGDClassifier,3,"Como sempre ele será metralhado, quem tem fé em Deus o demônio não chega perto.:folded_hands::folded_hands:",0,1,FP,10.819577052277207
SGDClassifier,3,lula em primeiro turno? nem o lula acredita nisso klkkkkkkkkkkkkk a esquerda esta de todo jeito tenrtando burlar as urnas. mais esse ano temos as forças armadas ta,0,1,FP,0.7883736335331432
SGDClassifier,3,Larga essa vida pecaminosa e se converte em nome de Jesus.,0,1,FP,0.03921531445993365
SGDClassifier,3,"E NÃO respeita a mãe dele, o caixão da esposa, tu achas mesmo que vai respeitar um padre com um crucifixo gigante na cara dele?",0,1,FP,1.1377530153527142
SGDClassifier,3,":thinking_face:EU: GILMÁRIO!. :thinking_face:ACHO: IMPOSSÍVEL, AQUELES QUE: ""NASCERAM DENOVO!"", QUE VIVEM EM ""NOVIDADE DE VIDA"":backhand_index_pointing_right_medium_skin_tone:Romanos.6.4,5 SÃO::backhand_index_pointing_right_medium_skin_tone: ""GUIADOS NA VERDADE!:backhand_index_pointing_right_medium_skin_tone:João. 16.13:backhand_index_pointing_right_medium_skin_tone:SÃO FILHOS DE DEUS.:backhand_index_pointing_right_medium_skin_tone:Romanos8.14 :thinking_face:APOIAREM:backhand_index_pointing_right_medium_skin_tone:""ENTIROSO"":backhand_index_pointing_right_medium_skin_tone:""LADRÃO:backhand_index_pointing_right_medium_skin_tone:""HOMICIDA"",:backhand_index_pointing_right_medium_skin_tone:ABORTISTA"", :backhand_index_pointing_right_medium_skin_tone:DESTRUIDOR DAS FAMÍLIAS, COM: "":backhand_index_pointing_right_medium_skin_tone:IDEOLOGIAS DE GÊNEROS"", :backhand_index_pointing_right_medium_skin_tone:""EROTIZAÇÃO, E :backhand_index_pointing_right_medium_skin_tone:IDIOTIZAÇÃO DE CRIANÇAS"":backhand_index_pointing_right_medium_skin_tone:João.10.10 :thinking_face:LEMBRANDO QUE: :backhand_index_pointing_right_medium_skin_tone:Provérbios.15.3 :backhand_index_pointing_right_medium_skin_tone:Naum.1.2,3 :backhand_index_pointing_right_medium_skin_tone:Hebreus.10.31:flushed_face::fearful_face::man_gesturing_OK_medium-light_skin_tone::woman_gesturing_OK_medium_skin_tone::backhand_index_pointing_right_medium_skin_tone:Mateus.5.20 :backhand_index_pointing_right_medium_skin_tone:1a.Pedro.4.17:thinking_face:QUEM SABE, AJA TEMPO PARA ALGUNS. :backhand_index_pointing_right_medium_skin_tone:Tiago.5.19,20 :thinking_face:""QUERIDOS"" IRMÃOS!, LEIAM:backhand_index_pointing_up_medium-dark_skin_tone::thinking_face:MEDITEM, E :backhand_index_pointing_right_medium_skin_tone:REPASSEM.  PAZ DO SENHOR JESUS!. Att.Gilmário.Um abraço, e cheiro em vossos corações:face_blowing_a_kiss:Excelente Dia!..",0,1,FP,3.4565573790864192
SGDClassifier,3,Bolsonario não é isso diferente de Lula preconceituoso sim em pobre cor e gueis na real somos filho do mesmo criador,0,1,FP,9.552454671056806
SGDClassifier,3,"Atenção senhoras e senhores vamos fazer um movimento aqui no whatsapp usando a foto do nosso presidente no perfil até sair o resultado dá nossa vitória nas urnas vamos colaborar com esse movimento e mostrar q juntos somos mais fortes, PT nunca mais, aqui presidente é Bolsonaro ,Deus Pátria e família.",0,1,FP,1.1788400654183793
SGDClassifier,3,"Por trinta moedas!
- Votar nestes políticos multimilionários e suas famílias, nunca mais saem do poder!
Eita!
Governador, prefeito, juízes, delegados, chefe de polícia, e sua multidão de eleitores funcionários públicos! Sindicatos, ARCON, Detran, é só multa e alvará!
É trabalho escravo da população pro Estado e Município! 
Sabe quanto ganham?
30 mil, 40 mil, ...,... Juízes, com uma canetada, vão buscar, 80, 100, 200 mil! Não perdem uma causa!
É uma esculhambação!
Funcionário público?
É só comida na boca!
Vai votar neles? 
Nunca mais saem do poder!",0,1,FP,40.984455672478774
SGDClassifier,3,É meu amigo mas então aí que tá quem é petista então era todo errado fazer as coisas errada vou agora enxergou a realidade o lado certo então quer dizer que as pessoas que era petista não pode ser de direita pessoa que era de esquerda ou então não pode ser de direito porque já errou acorda irmão!!,0,1,FP,2.2676357609115656
SGDClassifier,3,"Mãe querida, 
Neste momento conturbado no nosso país, peço que interceda a Jesus por cada um de nós.
Grande é a nossa responsabilidade INDIVIDUAL e SECRETA, de através de números, escolher quem administrará o Brasil nos próximos anos….
Ninguém pode dizer que não conhece o caos que o Brasil atravessa e ignorar
a preocupante realidade dos nossos sofredores países vizinhos nas mãos de comunistas:crying_face:
NÃO queremos isto para os brasileiros, principalmente para os que têm uma vida pela frente…
Conceda-nos Mãe querida, a Paz e Sabedoria, ajudando-nos a escolher os que são também os escolhidos por VÓS !
Eu Creio, Confio e Espero",0,1,FP,20.552977267277498
SGDClassifier,3,"Padres de toda a nação se levantam, defendem o Evangelho e pedem que votemos em candidatos que defendam Deus, Pátria, Família e Liberdade!
Não se pode ser cristão católico e votar em candidatos da esquerda ao mesmo tempo.

_Ninguém pode ser ao mesmo tempo bom católico e verdadeiro socialista. ( Pio XI )_",0,1,FP,4.743161642769523
SGDClassifier,3,*_LIDERES MUNDIAIS DE DIREITA DECLARAM APOIO A BOLSONARO_*,0,1,FP,0.2231531414892367
SGDClassifier,3,No RJ pra senador competente contra o sistema corrupto e ditador da toga  só tem o D[USER]. O resto é da velha política com rabo preso.,0,1,FP,0.7098801493000225
SGDClassifier,3,"DEUS PÁTRIA E FAMÍLIA, DIREITO A PROSPERIDADE! LIBERDADE PARA FAZER O CERTO, HONESTIDADE HUMILDADE E HUMANIDADE, É ISSO QUE TODOS NÓS BRASILEIROS PRECISAMOS. QUE DEUS CONTINUE ABENÇOANDO SEMPRE TODOS NÓS!!!!!  
VAMOS PRA CIMA SAMUEL! ESSE SIM SERÁ NOSSO FUTURO DEPUTADO FEDERAL.. RUMO AO CONGRESSO NACIONAL..:rocket::Brazil::oncoming_fist_medium-dark_skin_tone:",0,1,FP,0.5948422167762221
SGDClassifier,3,Lula mandou na levantar bandeira vermelha bolsonaro mandou nós levantar bandeira do nosso país caso verde amarelo branco olha diferença de um candidato porto vocês nunca viram o lula balançando uma bandeira do brasil,0,1,FP,4.0305426203227395
SGDClassifier,3,"O mais importante será nossa vitória meus irmão patriotas .
Deus a frente sempre",0,1,FP,7.051938974110948
SGDClassifier,3,Países mais fortes porque a esquerda corrupta esteve por mais de  três décadas no poder e sucateou as FFAA.:rat::rat::rat:,0,1,FP,2.303832091677891
SGDClassifier,3,Esse careca maldito está fazendo de tudo pra botar o ladrão na frente mais meu Deus é muito maior que ele,0,1,FP,5.979754731653351
SGDClassifier,3,espirito santo Bolsonaro. 98% apurado e bolsonaro com mais da metade dos votos,0,1,FP,3.489251820830899
SGDClassifier,3,"Gente eu adoro bosonaro, mas ele também é um ex presidiário, não é porque eu gosto dele que vou tampa o sol com a peneira,  quem conhece Deus sabe que ele é justo, vamos confiar apenas",0,1,FP,2.870717723330426
SGDClassifier,3,"Estamos no segundo turno, e ficar xingando nordestino não resolve, tem que conseguir voto, e não vai conseguir os xingando!",0,1,FP,8.436060124256848
SGDClassifier,3,Infelizmente o PT tomará conta do nosso Brasil que Deus tenha misericórdia de nois,0,1,FP,7.288370856886267
SGDClassifier,3,Muito estranho mesmo. Aqui no bairro em São José de Ribamar está um silêncio mortal desde os 50% das urnas sendo favoráveis ao Lula Molusco,0,1,FP,2.096026916083031
SGDClassifier,3,"_Nunca na história de qualquer país do mundo um candidato que roubou um nação inteira, volta como nada estivesse acontecido por uma justiça frágil, podendo vencer uma eleição. Mas também, nunca na história do Brasil a guerra esteve tão próximo para definir a *justiça* mediante à ""Guerra justa""._",0,1,FP,95.60321448332486
SGDClassifier,3,"Uma coisa seja dita, esse pessoal de esquerda não consegue mais sair na rua  sem ser esculachado!!!!",0,1,FP,2.479447111425782
SGDClassifier,3,"Fé em Deus, e muita sabedoria pra enfrentar  esses demônios  mas isso não vai ficar assim,  vamos continuar  lutando!!!",0,1,FP,1.4764518755703584
SGDClassifier,3,"E, aos que foram só perder tempo!
Branco: 1.812.466 votos
Nulo: 3.165.917
Abstenções: 29.768.055
Quase 40 milhões de 
votos jogados no lixo. 
Que vergonha, sério!
VERGONHA",0,1,FP,1.7016560726734835
SGDClassifier,3,"É muito difícil de aguentar,você saber que foi roubado na cara de pau e não pode fazer nada ,sei que fiz a minha parte indo votar,mais infelizmente muitas pessoas  contribuiram para essa sensação horrível,elas não fizeram suas partes, 31 MILHÕES DE PESSOAS que simplesmente não foram votar,não exerceram seu papel de cidadão(ã), tivemos também 5 MILHÕES de votos NULOS E BRANCOS,o pior é que todos nós e até nossas futuras gerações que poderão sofrer muito por causa disso,tenho vergonha de imaginar um dia que eles irão ficar sabendo que fomos nós os culpados deles estarem em uma situação de miséria,fome,etc...
Ainda temos uma única chance de mudar tudo isso no próximo dia 30,não desperdice seu voto e essa oportunidade,vá votar e vote consciente,faça o que for melhor,não só para você ,mais sim para todos nós,para seu país.
Que Deus os ilumine :folded_hands_medium-light_skin_tone:",0,1,FP,15.839944168067438
SGDClassifier,3,"Misericórdia 
Deus é  providente,o Demônio  nâo pode mais que Deus,oremos com fé  por este 2 turno.
Deus nâo vai nos abandonar.",0,1,FP,5.6108591016602585
SGDClassifier,3,":police_car_light: AQUI ESTÁ A REAL SITUAÇÃO DO BRASIL
A MAIORIA DAS INSTITUIÇÕES DE ESQUERDA SOCIALISTA COMUNISTA 
ANO QUE VEM SÓ VÃO OFICIALIZAR COM UMA NOVA CONSTITUIÇÃO SOCIALISTA COMUNISTA",0,1,FP,8.940800511166826
SGDClassifier,3,":police_car_light: A FRAUDE
OS ILLUMINATI
NOVA ORDEM MUNDIAL 
NON
FÓRUM ECONÔMICO MUNDIAL 
ELITE GLOBALISTA 
Os FINANCISTAS GLOBAIS
A CHINA COMUNISTA 
Partido comunista chinês 
Todos essas instituições apoiam Lula e Alkimim              
E o STF já falou que vai trabalhar para cumprir a 
AGENDA  2030 Da ONU",0,1,FP,17.502608938945684
SGDClassifier,3,"Me desculpa se foi ofensa a algum nordestino.

Sei que não são todos.

Mas tomara q seja somente fraude eleitoral",0,1,FP,4.769666742166161
SGDClassifier,3,"Sim , as pessoas tem o livre arbítrio, ela disponibiliza o mal e cada um escolhe se vai abraçar ou não … ele não interfere nas escolhas , cada um escolhe como será , então sim , até a perda do diabo é honesto ….",0,1,FP,0.49224161317194326
SGDClassifier,3,"Quem tem a VERDADE não precisa ter medo. 
O diabo tem medo de Deus porque sabe a força dEle! Povo de Deus: animem-se! 
Vamos lutar até o fim! :folded_hands::Brazil:
BolsonaroReeleitoEm2022",0,1,FP,3.1471138584195693
SGDClassifier,3,"Mas, fato é que xingar o nordestino não é a solução, só vai dificultar mais na hora de buscar o voto",0,1,FP,4.112738672557493
SGDClassifier,3,"Sério :raising_hands::raising_hands::raising_hands::raising_hands: Porém, ainda acredito que foi fraude nas urnas. E precisamos LUTAR por nosso Presidente! :Brazil: Sou nordestina e sou BOLSONARO",0,1,FP,2.123677177918367
SGDClassifier,3,"Vejo muitas pessoas vão para restaurante, ou para um shopping patriota e com roupa normal se todos usarem às cores do país vai expandir às manifestações onde os patriotas passar dentro de supermercados, nas ruas de onde moram.",0,1,FP,11.794439941304782
SGDClassifier,4,O boso vai ficar louco sem o apoio do ACM NETO na Bahia,0,1,FP,48.41230631229537
SGDClassifier,4,"Repassem para os amigos que associam orçamento “secreto” à corrupção… essa foi a narrativa mais inteligente que vi da imprensa e da esquerda para destruir o oponente- eles são craques nisso… a propósito, acho o dito “orçamento secreto” muito mais barato e transparente que colocar estatais e ministérios nas mãos dos políticos/partidos aliados…",0,1,FP,2.0742153630679927
SGDClassifier,4,":backhand_index_pointing_up: *Os baianos mostrando que são gente com vontade de escrever a história! Deus é bom! BA 27/9/22:sunflower::sunflower::sunflower::sunflower::sunflower::sunflower::sunflower::sunflower::sunflower::Brazil::Brazil::Brazil::Brazil::Brazil::Brazil::Brazil::Brazil::Brazil::Brazil::Brazil::Brazil::Brazil:*

Canal
[USER]:Brazil:",0,1,FP,0.4394188698326067
SGDClassifier,4,":Brazil: *Aqui o moleque do ACM NETO se aproveitando do Presidente Bolsonaro e do indicado pelo Presidente para o Governador da Bahia ( o ROMÃ ), para poder se promover. TOMA VERGONHA nessa cara ACM NETO!!!! Mentiroso, aproveitador, sínico igual ao avô.*:Brazil:",0,1,FP,82.89435980271978
SGDClassifier,4,Eu tenho um amigo gay e ele é Bolsonaro de carteirinha,0,1,FP,41.859813381396485
SGDClassifier,4,Aqui na minha cidade tbem mataram…era um traficante que a polícia trocou tiro…,0,1,FP,5.394046135615689
SGDClassifier,4,"Esse cara está louco, está acima de tudo e todos, é um absurdo",0,1,FP,28.16757357419813
SGDClassifier,4,"A última peça, aquela que define o seu representante em Brasília, está na sua mão.
Não importa de qual lugar você esteja me vendo, o que vale mesmo é o seu compromisso em lutar pela dignidade do povo baiano. Chegou a oportunidade que você tem, de votar certo e eleger quem realmente pensa nas pessoas. Vote ADILSON SILVA – O FEDERAL DE TODA A BAHIA :keycap_1::keycap_1::keycap_7::keycap_7:",0,1,FP,11.56605223901144
SGDClassifier,4,*Paulo Guedes falando que foi a esquerda que democratizou o Brasil após a direita instalar uma ditadura que só roubava o país pra dar prós ricos.*:backhand_index_pointing_up_light_skin_tone:,0,1,FP,27.462411202766752
SGDClassifier,4,"O SISTEMA ESTA ARMADO CONTRA BOLSONARO E TUDO INDICA ELEICAO FRAUDADAS A FAVOR DE LULA.
LIGAÇÃO QUE OUVI DE UM PAI DE UM DEPUTADO.
NAO SE ENGANEM O SENHOR ALEXANDRE DE MORAES JA ARMOU TUDO.
SE DEUS NAO INTERVIR PERDEREMOS",0,1,FP,2.985978668201867
SGDClassifier,4,Tentaram matar um candidato de bolsonaro no RN . Seguranças reagiram e mandaram 1 pro inferno,0,1,FP,21.331755956662064
SGDClassifier,4,".
:Brazil::oncoming_fist::Brazil: No RN a guerra já começou. O crime organizado em conluio com os esquerdistas tentaram matar candidatos Bolsonarista 
  Mas deu ruim pra eles. É para isso que estão querendo o povo Desarmado ??? Para  o povo ser presas  fáceis do crime organizado e da esquerda?  Os Seguranças reagiram e mandaram 1 pro inferno bater papo com o capeta! :oncoming_fist::Brazil::oncoming_fist::Brazil::oncoming_fist::Brazil:",0,1,FP,55.89099248012485
SGDClassifier,4,Baiano explicando com calma os planos de Lula a um petista. :face_with_hand_over_mouth::face_with_hand_over_mouth::face_with_hand_over_mouth:,0,1,FP,27.928042304795973
SGDClassifier,4,"Tava vendo em outros grupo, se é verdade isso, daí sim é a Ditadura pura",0,1,FP,23.25205534358273
SGDClassifier,4,"Qual o sentido de estar em um grupo de direita, sendo esquerdista",0,1,FP,2.662137520036791
SGDClassifier,4,Precisa desenhar pra vocês brasileiros???:Brazil::man_shrugging::Brazil::man_shrugging::Brazil::money_with_wings::money_with_wings::dollar_banknote::money_with_wings::dollar_banknote::money_with_wings::dollar_banknote:O PIOR CEGO É AQUELE QUE NÃO QUER ENXERGAR:eyes::ear_with_hearing_aid::writing_hand::winking_face::Brazil:,0,1,FP,8.560485801222772
SGDClassifier,4,Tomara que a esquerda nunca mais assuma o comando desse país,0,1,FP,13.97203285242903
SGDClassifier,4,Essa tá louca o padre deixou ela surtada kkkkk,0,1,FP,36.99871839238741
SGDClassifier,4,Essa é uma alma muito sebosa mesmo lobo em pele de cordeiro :ogre:,0,1,FP,1.5605541054605085
SGDClassifier,4,*BOLSONARO APOIA DITADOR QUE PERSEGUE E MATA CRISTÃOS!*,0,1,FP,32.85052559436907
SGDClassifier,4,"*O futuro do Brasil está em suas mãos. Diga não ao comunismo*.
*Pense bem em seus filhos e netos na hora de depositar seu voto na urna, este momento não é um jogo de futebol.*

*#Deus, Pátria, família e liberdade :folded_hands::Brazil:*",0,1,FP,11.251130005396487
SGDClassifier,4,":backhand_index_pointing_up: *O maior ladrão do mundo e traídor da Pátria quer voltar as cenas dos crimes...*
*NÃO VAI NÃO!!*
:backhand_index_pointing_up::winking_face::winking_face::winking_face::winking_face::winking_face::winking_face::winking_face::winking_face:
Vote :backhand_index_pointing_down_light_skin_tone::backhand_index_pointing_down_light_skin_tone:
#Bolsonaro2022 

[USER]",0,1,FP,12.09741004502854
SGDClassifier,4,Sempre falei que não é normal essa raça querer ensinar sexo para crianças (escola se aprende a ler e escrever).,0,1,FP,3.1124040685116006
SGDClassifier,4,O Deus dos bolsonarentos é mamon. Tudo fariseu.,0,1,FP,22.12334286973368
SGDClassifier,4,O pior cego é aquele que tem olhos e não quer enchergar.!,0,1,FP,17.68222087788145
SGDClassifier,4,Sei que não se muda o voto de ninguém isso e livre!mas votar no pt e ser conivente com as milhares de mortes nos corredores dos hospitais  por falta de dinheiro pra saúde e ser conivente com a miséria que era oferecido aos nordestinos e prejudicar o futuro dos meus filho e do seu que vota no pt isso não e uma afronta com quem vota no pt e sim um pedido se vc não pensar nos meus filhos pensem nos seus filhos e sobrinhos que vão herda a sua escolha pense nisso e quando vc estiver velho não só se arrependa também tenha coragem de falar pra eles e o presente deles foi vc que escolheu no passado.,0,1,FP,10.365131365212825
SGDClassifier,4,"Quem garante que esses caras não estão com o mito só por interesse?

Vc confia no Valdemar Costa Neto condenado no mensalão? Eu não confio.

Confia no Collor? Eu não.

O mito deveria parar de fazer essas alianças com essas pessoas. Pq quem se mistura com porco farelo come.",0,1,FP,69.57088844715807
SGDClassifier,4,"Pobre país. Não sou cristão, mas vejo o país como Jesus, crucificado entre 2 ladrões.",0,1,FP,9.455422922803496
SGDClassifier,4,Hj em nome de Jesus venceremos o mal poderemos dizer Lula nunca mais,0,1,FP,1.9190122711854758
SGDClassifier,4,"O modo como os homessexuais são tratados pela mídia muitas vezes é desnecessário, o cidadão precisa ser tratado com caráter assim como os demais",0,1,FP,5.895900686852582
SGDClassifier,4,"O país é laico  . Lula não vive com o nome Deus usando na boca. Como vejo certo candidato fala o nome Deus , mas , rouba , mente , debocha de quem morreu pela COVID ( sem empatia cristã ) , tem várias mulheres e divórcios , onde o cristianismo proibi o divórcio . E tanta merda ...  E ainda adora imagem que minha vó diz que quem adora imagem tá adorando o satanás .",0,1,FP,20.425406528088203
SGDClassifier,4,"Em boa parte existem pessoas mais leigas, o que é uma lástima. Mas infelizmente muitos ainda não enxergam que o PT só usa boa parte como massa de manobra, mas aqui ainda tem muita gente que deseja expurgar esse mal daqui. Obs, parem de chingar os nordestinos, outra coisa, sou do extremo Sul da Bahia e aqui a maioria são Bolsonarista. Grata!",0,1,FP,2.0406219549299816
SGDClassifier,4,"1° Turno contra a Globo, contra todos os jornais, contra o Chandão, contra todos dos STF, contra todas as pesquisas malignas, contra a esquerda do mal....... O cara é Mito mesmo e único. O cara é foda. Fico emocionado em prantos se isto acontecer :folded_hands:.",0,1,FP,4.690828295966655
SGDClassifier,4,Com certeza as urnas do Nordeste foram fraudadas...não é possivel meu Deus:enraged_face::enraged_face:,0,1,FP,0.657230258453942
SGDClassifier,4,"Ele confiou nas forças armadas..... Bolsonaro é muito direito e passivo, gosta de usar a linha certa. Por isso deitam e rolam nele",0,1,FP,0.9808519859774405
SGDClassifier,4,"Que nada ,eu sou do nordeste e não tem nenhum coitadinho aqui nao em sergipe",0,1,FP,161.8854697908571
SGDClassifier,4,"Gente.
Todos Nós Sabemos Que Em 2018,
Nós Apoiadores e Eleitores De Bolsonaro.
Fizemos a Diferença Naquela Época.
Vamos Unir As Forças e Lutar Emprol Do Nosso Presidente.
Deus é Conosco.
Defendemos Princípios Da Família e Da Pátria.
Vamos à Luta!
Contra a Corrupção!
Fora PT!",0,1,FP,10.40975923729372
SGDClassifier,4,"Para com isso gente, porque se voces não são nordestinos e tem este pensamento, e nao conseguiram ganhar uma eleição, o Nordestino ganhou! E desta forma como voces que não sao nordestino agindo e falando desta forma para o segundo turno no nordeste, a gente vai perder até os poucos votos pra Bolsonaro que ja temos!",0,1,FP,20.540615640362937
SGDClassifier,4,Verdade portela fraca os assessores Bolsonaro não batem na esquerda deixa eles a vontade,0,1,FP,9.57439698160725
SGDClassifier,4,"Gente, não vamos culpar o povo. Eu duvido q o nordestino deu essa rasteiras Bolsonaro! Com certeza q é fraude!",0,1,FP,5.30983416938651
SGDClassifier,4,"Sim
Isso estava na cara que ia acontecer

NÔS NAO PODEMOS IMPEDIR 

MAS BOZO FOI RESPONSAVEL POR ISSO, POIS NAO FEZ INVESTIGAÇÃO CONFIOU EM PAPO DO SISTEMA

E JA ERA 

ELE Ê HONESTO TRABALHADOR 
ATE XINGA OS CORRUPTOS

MAS É FROUXO...

ELE É O UNICO QUE PODERIA IMLER OU DIMINUIR ESSA FRAUDE

COMO?

SOLICITANDO AFERIMENTO 100% DE CADA URNA

VIGIAR AS URNAS 
DENTRO DO LOCAL ESTOQUE SEI LA

MANDAR PRENDER ALEXANDRE BARROSO FACCINE ETC

NÔS MOSTRAMOS QUE ESTAVAMOS COM ELE

ELE PREFERIU  BANCAR O BOM RAPAZ COM O SISTEMA QUE LHE DEU UMA FACADA

AS URNAS DEVEM SER TROCADAS E COMPRADA POR ELE SEI LA COMO

BOLSONARO FALHOU FEIO NESSA CARTADA",0,1,FP,0.4106208693758937
SGDClassifier,4,Vc deve ser uma Bezerra que mama nas tetas do dinheiro público ne?,0,1,FP,195.55828422673898
SGDClassifier,4,"Os garotos mal educados, frágeis tem geralmente problemas de ego frágil.  
São incapazes de lidar com o sexo feminino.  
Realmente não sou a profissional indicada, advogada não faz psicologia.  Embora criminologia nos dê um parâmetro amplo sobre patologias.",0,1,FP,78.27720688406504
SGDClassifier,4,"Agora, é aguardar uma posição do presidente. Só ele tem o poder. Acabar com esta palhaçada de jogar dentro das quatro linhas.
Basta de bancar o cordeiro.
Basta de ser idiota.",0,1,FP,90.41671706997474
SGDClassifier,4,Eu estava assistindo agora coletivo do presidente na porta do palácio como sempre mente está um pouco abatido sim mas já pensando no segundo turno na onde ele vai conseguir os outros votos e as coligações que ele vai fazer tem que pensar para frente e trabalhar porque o agir de Deus é diferente da nossa vontade!!!! Deus age bem diferente do que nós queremos ele está no controle de tudo ninguém duvide e ele está vendo como nós nos colocamos diante da sua face portanto continuemos orando fazendo jejum e decretando que esta nação é do Senhor e seguiremos em frente e ninguém nem ser vivo nem ser morto tirará bolsonaro daquela cadeira Mas precisamos lutar e defender o nosso Deus a nossa nação que entregamos a ele e Satanás nenhum irá vencer confia no Senhor,0,1,FP,1.7429650534336352
SGDClassifier,4,"Se querem um pais melhor, mais rico, com melhores condições de vida, mais empregos e melhores salários, já existe exemplos e modelos a serem seguidos, no caso da direita",0,1,FP,3.6439126489813165
SGDClassifier,4,"VAMOS LUTAR PELO BRASIL DE NOSSOS FILHOS, NETOS, JOVENS E CRIANÇAS! FORA COMUNISMO!! :Japanese_symbol_for_beginner::Japanese_symbol_for_beginner::Japanese_symbol_for_beginner: NOSSA BANDEIRA JAMAIS SERÁ VERMELHA!!! DEUS, PÁTRIA, FAMÍLIA, LIBERDADE #Bolsonaro22",0,1,FP,10.69954317564474
SGDClassifier,4,O dia foi foda. Além do estresse doido. Eu tô toda roxa.,0,1,FP,143.97921801673172
SGDClassifier,4,Eu sou Paulista mais moro aqui a quarenta anos..tbm fiquei um pouco decepcionado..mais ja esperava...Eles manobram as classes menos escolarizadas para tirar vantagens..so cego nao enxerga isso.,0,1,FP,21.76859841491772
SGDClassifier,4,"O povo brasileiro covarde merece ser governador pela esquerda pois não terá coragem de enfrentar o congresso que quem resolve que tenhamos voto impresso no segundo turno é o congresso através da pressão imediata do povo 
Ingenuidade a nossa e a do nosso presidente em pensar que o sistema ia ficar dentro das 4 linhas 
Fizeram de tudo e o presidente na certeza que iria ganhar no primeiro turno se calou achando que manifestações por todo Brasil surtiria efeito de vitória",0,1,FP,8.876802719520837
SGDClassifier,4,Está aqui para confundir e tirar votos? Essa é  uma tática esquerdista.,0,1,FP,5.40370076135813
SGDClassifier,4,"Se apega ao espírito corrompido da época, para dizer que é intelectual. Por toda essa facilidade (Mídia, livros do mec) todo mundo seria intelectual.",0,1,FP,16.648399352956588
SGDClassifier,4,"Você é caminhoneiro? Sim? Trabalha para alguém relacionado ao Luciano Hang (dono das Lojas HAVAN) ou a parentes dele? Sim? *Então o MP e o TRE decidem que quem trabalha para supostos bolsonaristas não pode ir votar para não ""dar voto"" para Bolsonaro!* Que importa se é O MAIOR CRIME POSSÍVEL CONTRA UMA DEMOCRACIA impedir qualquer cidadão de exercer a plena cidadania por meio do voto...

Nem presidiários assassinos de bebês são privados de votar!",0,1,FP,0.06852476502617488
RandomForest,0,"*O nome do BOLSONARO para Deputada Estadual na Bahia é REBECA MARTINS!*

DEPUTADA ESTADUAL É 22122 :green_heart::yellow_heart:


MANDE PARA UM BAIANO QUE VOCÊ CONHEÇA! :Brazil:",0,1,FP,0.52
RandomForest,0,"Marcelo Aro"" Não existe equívoco em votação "" no debate com o Cleitinho. Então, Marcelo vagabundo, você votou contra as pautas defendidas por Bolsonaro e pela direita, de propósito! :smiling_face_with_sunglasses::backhand_index_pointing_left:",0,1,FP,0.7
RandomForest,0,Mais uma maneira das urnas roubarem o voto ... Repassem pra todos ... Vejam como a esquerda tenta voltar ao poder a qualquer preço... Fique  atento... :backhand_index_pointing_down_dark_skin_tone:,0,1,FP,0.61
RandomForest,0,"OBRASIL VAI FECHAR 2022 COM UMA DIVIDA PUBLICA INTERNA DE 6 TRILHOES.
E PAGA DE JUROS AOS BANQUEIROS NA FAIXA DE 500 BILHOES AO ANO E O ORÇAMENTO DE 2023 CONSOME MAIS DE 50% DE JUROS DA DIVIDA. NAO VEJO OS CANDIDATOS DISCUTINDO ESSE BURACO NEGRO EM NOSSA ECONOMIA...",0,1,FP,0.51
RandomForest,0,"Eu li. Mas como você não entendeu a mecânica da piada, tentou lacrar e passou vergonha. Normal",0,1,FP,0.58
RandomForest,0,"Bruno Roberto mais uma vez, novamente, again... Juntinho com a esquerda! Eleitores de Bolsonaro que votam nesse cara, me perdoe, mas são ingênuos demais",0,1,FP,0.71
RandomForest,0,"Porque que a OAB fica se metendo em compromissos que não tem nada a ver com ela,por exemplo hoje ,que esta citado ai no vídeo acima,o povo não vota  neles,então por fica se metendo nesses assuntos,apesar de sabermos que essa instituição que deveria ser neutra é de esquerda",0,1,FP,0.51
RandomForest,0,"Lula é tão defensor dos pobres que não tinha um pobre no casamento dele .
Lula é tão defensor dos negros que não tinha um negro no casamento dele.",0,1,FP,0.59
RandomForest,0,"Muito obrigado Igor. Antifas digitais, pessoas odiosas querem desidratar os grupos de direita porque sabem que vamos pro combate e venceremos. Todos esses canalhas cairão um a um, a começar pelo rato-mor de 9 dedos",0,1,FP,0.84
RandomForest,0,"NO DIA 02 , SE VC DIGITAR O NUMERO DO TEU CANDIDATO E APARECER OUTRO . 
NÃO APERTE O BOTÃO VERDE , LEVANTE AS MÃOS E EXIJA A PRESENÇA DO JUIZ DE PLANTÃO QUE TEM A OBRIGAÇÃO DE TROCA E INTERDIÇÃO DAQUELA URNA . NÃO PRECISA CRIAR TUMULTO SERIA BOM QUE ALGUEM ESTEJA FILMANDO VC PARA EVIDENCIAR A EXIGÊNCIA QUE É DIREITO DO CIDADÃO  
A TROCA E INTERDIÇÃO DAQUELA URNA . 

INSTRUÇÃO DADA POR ADVOGADOS ESPECIALISTAS EM PROGRAMA JORNALISTICO DA JOVEM PAN DE BAURU NA MANHÃ DE 27/09/22.

COMPARTILHE . 
É A LUTA DO BEM CONTRA O MAL.",0,1,FP,0.7
RandomForest,0,"Então...... 
Como eu disse bandido nunca teve dificuldade para ter uma arma
O problema é que vcs acham que bandido pode andar armado, enquanto um cidadão do bem não tem esse direito",0,1,FP,0.53
RandomForest,0,"Como eu disse faz igual o Bozo, liga para o Temer.
Que vergonha alheia.
Normal do Bozo.....
Passar vergonha
Cadê o 7 de setembro,liga aí para o Temer. Kkkkkkkk",0,1,FP,0.91
RandomForest,0,"Espero que cada Patriota deste nosso Brasil tenha 1/3 da coragem deste cidadão.

Com certeza ele deve ter apanhado bastante ou morto neste ninho de serpentes.

Enquanto tiver um Bolsonarista em pé, Lula e seus seguidores não terão sossego.",0,1,FP,0.67
RandomForest,0,"Nāo esqueçam quem mandou você FICAR EM CASA. Quem tratou o cidadāo de bem como BANDIDO. FORACASAGRANDE. MANATO 22 , BOLSONARO 22, MAGNO MALTA 222, GILVAN DA FEDERAL 2222",0,1,FP,0.65
RandomForest,0,"Gigante ele vai ficar se não se aliar com marginais, pra cima Ciro quebre onde quebrar, Bolsonaro e Lula são iguais",0,1,FP,0.87
RandomForest,0,"Bolsonaro triturou a cleptocracia unida, contra a verdade não existem argumentos.
A oposição corrupta unida se fudeu durante 4 anos inventando mentiras contra o presidente, sem que nenhum ilícito sequer tenha sido provado, tudo falácia, ilação infundada, falsa narrativa, bravata politiqueira, em nome do roubo em sequência que acontece desde o governo Sarney e que sempre foi escondida por essa mídia militonta, responsável por muita postura idiota, desse tanto de idiota que a gente ainda vê por aí depois de tanta merda que já aconteceu!!!

Esse debate maravilhoso, vem pra coroar e confirmar com chave de ouro, o único resultado aceitável para essas eleições, a reeleição do melhor presidente que esse país já teve, Jair Messias Bolsonaro!!!
:Brazil::Japanese_symbol_for_beginner::Brazil::Japanese_symbol_for_beginner::Brazil::Japanese_symbol_for_beginner:",0,1,FP,0.79
RandomForest,0,"Um cidadão que se diz crente Apoiar um homem que é contra a família, contra a igreja, é um absurdo. É um Judas",0,1,FP,0.6
RandomForest,0,"E que Deus nos livre de todo mal, que essa maldita esquerda quer nos impor",0,1,FP,0.76
RandomForest,0,"Ué .
Mas se ataca uma mulher não pode atacar uma criança ?
Um homem doente mental não pode ter a ideia de usar isso e entrar no banheiro de mulheres ?",0,1,FP,0.62
RandomForest,0,O *genocida* é funcionário da década no inferno.,0,1,FP,0.83
RandomForest,0,"Esse meu Presidente é um esculacho caracolis, desbundou essa ridícula, bem feito, ficou com cara de tacho. Olha a expressão dela de ódio, caracolis amo, amo esse meu presidente, bem feito para essa sujeita ridícula. Nunca mais ela vai querer se meter com presidente, eu acho melhor é ela se recolher a insignificância dela. Lamentável que essa boçal ainda terá mais 4 anos pra infernizar a nossa vida. Porque senão ela sairia já não só ela, como a Simone Tebet e muitos outros, que na próxima vão cair fora mesmo.",0,1,FP,0.89
RandomForest,0,É bem capaz de Neymar ter cido cancelado mesmo porque a democracia só existe para a esquerda. Bastou o cara declarar voto a Bolsonaro para esquerda pegar no pé.,0,1,FP,0.72
RandomForest,0,"É mais fácil desconfiar do caráter do padre que acabamos de conhecer. “Com certeza é safado” 

Mas do corrupto do século não, claro que não!
 Loola 
“O homem mais honesto do mundo.”",0,1,FP,0.77
RandomForest,0,"Ainda tem uns imbecis que fala que o Lula não vai transformar o Brasil numa Venezuela.
Cada dia vemos exemplos não podemos ter liberdade de expressão!
Nenhum famoso pode escolher voltar no Bolsonaro!
A gente vê que as fake só rola quando o cara vai lá e a firma voltar no bolsonaro!
Contas nas redes sociais são fechadas!
E você só vê isso na direita só ver fechar contas de pessoas da direita! Isso é perseguição as provas estão aí.",0,1,FP,0.68
RandomForest,0,"Patriota, aqui é Coronel Koury, do Grupo B-38. Esse é meu último vídeo antes das eleições. A lei prevê o voto em cédulas, muitos brasileiros irão votar em cédulas, principalmente no exterior. Podemos pedir que TODOS votem em cédulas! Faz 4 anos que nosso grupo vem avisando. Peço que repasse este texto e o vídeo. Deus nos ajude. BOLSONARO 22.",0,1,FP,0.53
RandomForest,0,":enraged_face::enraged_face::enraged_face::enraged_face:A Globo quer a *CANETADA* do LULA, quer aumentar o CAPITAL ESTRANGEIRO e precisa de CORRUPTO na Presidência.:enraged_face::enraged_face::enraged_face:",0,1,FP,0.59
RandomForest,0,"Ser conciente e' diferente, e' ver realidade.  Conciente sim, imbecil jamais.",0,1,FP,0.62
RandomForest,0,"NO DOMINGO 02/10/2022 , NÓS VAMOS DECIDIR O FUTURO DAS PRÓXIMAS GERAÇÕES.  
QUE DEUS NOS DE  SABEDORIA. BOLSONARO  PRESIDENTE __ALDA EVANGELISTA DEPUTADA FEDERAL  2817",0,1,FP,0.63
RandomForest,0,Quando vem com esse discurso pode ver que é gado raiz,0,1,FP,0.51
RandomForest,0,Ah dá licença né meu amigo você é dizer que você é de direita acreditar na pesquisa do Datafolha é só é para acabar né não tem como né de uma pesquisa que é de esquerda rapaz não tem só você mesmo para acreditar mas fiquei acreditando então cara que a lavada vai ser grande!!!,0,1,FP,0.62
RandomForest,0,Tão falando que mataram o velho só prq disse que iria votar no Bolsonaro,0,1,FP,0.52
RandomForest,0,"Prefeitos estão decretando ônibus grátis pra eleitores, daí a equipe do Bozo entra no TRE pra proibir a medida.

Perceberem como eles tem medo dos votos de quem usa transporte público?

Votem Lula 13, pra acabar logo com isso amanhã mesmo.",0,1,FP,0.54
RandomForest,0,Acabou mais ainda está sendo usado como munição da esquerda que não querem assumir suas responsabilidades nas mortes de muitas pessoas.,0,1,FP,0.52
RandomForest,0,Deve ter algo estranho acontecendo... o exército é a  PM... não iriam transportar... ou é as falsas..,0,1,FP,0.55
RandomForest,0,Só não levou na anterior porque o Bozo fez um golpe com o MORO safado. Kkkkk. Vai estudar. Kkkkk. Bjo,0,1,FP,0.51
RandomForest,0,O problema seu demagogo hipocrita: a bandeira do brasil   Nunca foi valorizada pelo pt..a causa desse filho puta e o foro de São Paulo e a dominação da América Latina . Quando que Lula usou o verde e amarelo nas suas campanhas? Nunca,0,1,FP,0.82
RandomForest,0,"Quem mora fora é rico. 

Gente que ganhou dinheiro só na época lula!",0,1,FP,0.68
RandomForest,0,"rapaz foi bom viu, gente tinha era lá homem tu é doido",0,1,FP,0.72
RandomForest,0,"O presidente se reelegendo, vai criar condições para a direita ficar pelo l seis mandatos cuidando do país:Brazil:",0,1,FP,0.62
RandomForest,0,"Calma gente, a ideologia dominante é de quem domina e quem domina o mundo infelizmente é a esquerda",0,1,FP,0.6
RandomForest,0,"Deuses tem poder 
Essa besta fera vai pro lugar dele.
O INFERNO",0,1,FP,0.72
RandomForest,0,"O povo nordestino é o mais hospitaleiro e que tem maior gratidão. Jamais o ladrão Lula tem maioria com eles.
Se eu fosse o Bolsonaro desistia, porque vão roubar de qualquer maneira.
Fraude nas urnas.",0,1,FP,0.67
RandomForest,0,Estou aqui pensando em quem votou visando a derrocada do rico. Você acha mesmo que o rico vai perder o patrimônio por causa do seu voto vingativo?! O empresário rico vai aumentar o preço do patrimônio e te :face_with_symbols_on_mouth:!,0,1,FP,0.55
RandomForest,0,Cap Wagner é ilusão tb man.. ilusão.. lembra do motim.. coisa de esquerdista.. ae viu q num era pela esquerda q ele conseguiria.. ae tentou e n conseguiu nada c essa tática de neutralidade.. se fudeu,0,1,FP,0.68
RandomForest,0,"Verdade nesse momento tem que tratar todos bem e tentar concientizar eles, mostrando às pautas que o governo de esquerda tem para o país.",0,1,FP,0.6
RandomForest,0,"Primeiramente vc tem que conhecer a maçonaria antes de falar merda!!! A maçonaria não e uma religião, A maçonaria e uma instituição que uni diversos conceitos diferentes. Hoje na maçonaria tem cristão, espíritas, judeus, católicos. Outra coisa ! Pelo fato do bolsonaro ter visitado a maçonaria não significa que ele seja maçom.  Se for assim lula e macumbeiro por visitar terreiros de macumba e receber santos dos macumbeiros:man_shrugging_light_skin_tone::man_shrugging_light_skin_tone::man_shrugging_light_skin_tone:",0,1,FP,0.79
RandomForest,1,E a esquerda tenta impedir o trabalho,0,1,FP,0.56
RandomForest,1,"Vc tá equivocado amigo ,não quero saber quem apoia Pedro não ,quero saber.pq apoiar um cara neutro em relação ao presidente ,a luta não é mudar a Paraíba não é o cenário nacional ,Pedro só quer vantagem é filho de cassio",0,1,FP,0.82
RandomForest,1,A eleição do Romário SÓ FAVORECE A ESQUERDA. Ele é o candidato da esquerda.,0,1,FP,0.63
RandomForest,1,"*TIME DO BOLSONARO EM MNAS GERAIS*

*DEPUTADO ESTADUAL*
*CAROL FIGUEIREDO - Nº 22120*
SAM CLEVER - Nº 28727
CRISTIANO CAPOREZZO - Nº 22038
FLÁVIA BORJA - Nº 11177
BRUNO ENGLER - Nº 22222
CORONEL SANDRO - Nº 22011
AMANDA TEIXEIRA - Nº 22000
FERNANDA SALLES - Nº 10700

*DEPUTADO FEDERAL*
*GENERAL MÁRIO ARAÚJO - Nº 1070*
JUNIO AMARAL - Nº 2238
FERNANDO BORJA - Nº 1177
NIKOLAS FERREIRA - Nº 2222
MAURÍCIO DO VÔLEI - Nº 2210
MARCELO ÁLVARO - Nº 2217
FARLEY FREDERICO - Nº 2223
ALINE BASTOS - Nº 2202

*SENADOR*
CLEITINHO  Nº 200

*GOVERNADOR*
CARLOS VIANA 22

*PRESIDENTE*
JAIR BOLSONARO 22",0,1,FP,0.59
RandomForest,1,Dizem qui o nordestino é com o lula... vai vendo Brasil...:face_with_hand_over_mouth::face_with_hand_over_mouth::face_with_hand_over_mouth::face_with_hand_over_mouth::Brazil::Brazil::Brazil::Brazil::Brazil:.,0,1,FP,0.89
RandomForest,1,"ECONOMISTAS APOIANDO CANDIDATO DE UM PARTIDO AO QUAL SÃO CRÍTICOS, PARTIDO QUE NÃO DIVULGA PLANO DE GOVERNO, QUE DIZEM AOS QUATROS CANTOS QUE NÃO IRÃO RESPEITAR O TETO DE GASTOS, QUE LEVOU O PAÍS AO CAOS, ALGO DE ESTRANHO HÁ POR TRÁS DISSO !!",0,1,FP,0.82
RandomForest,1,Que Deus nos livre do PT :loudly_crying_face:,0,1,FP,0.79
RandomForest,1,"Socialista, mas o modelo de socialismo deles é diferente do modelo Sovietico, por exemplo...

Se fosse implantado aqui, não seria nenhum desses modelos...

Seria um modelo que levaria em conta a cultura brasileira.",0,1,FP,0.51
RandomForest,1,"O Homem que Gruda (Homem Sé)

“Porra, tá maluco. Fui sair pra espairecer, acendi meu beck com a caixinha pendurada ouvindo Djavan e Anitta, apareceu esse pau no cu. Grudou por trás de mim, me deixou mole. Meu corpo tava cedido, igual peixe no anzol. Na moral, será que eu vou morrer aqui? Tomando bombada na rua e todos olhando, tomara que seja um sonho.
“Ai tome, ai tome.” Só consigo ouvir isso da aberração, ela tá se divertindo..”",0,1,FP,0.54
RandomForest,1,A esquerda não fala nada que foi no governo do nosso Mito que foi feito a descoberta de RATANABÁ.,0,1,FP,0.58
RandomForest,1,Agora o pessoal do Bolsonaro vai dizer que a PF é de esquerda,0,1,FP,0.72
RandomForest,1,O gado ver todos os países mais não ver o Brasil ai fica difícil  muuuuuuuuuuuuu:ox::water_buffalo:,0,1,FP,0.59
RandomForest,1,Esses petistas tem um jeito estranho de fazer pesquisas e enquetes... eu hein... :face_with_hand_over_mouth::face_with_hand_over_mouth::face_with_hand_over_mouth::face_with_hand_over_mouth:,0,1,FP,0.59
RandomForest,1,Pq uma moça a questionou...nos stories anteriores..ela falou que tem que se posicionar...ainda mais por ser mulher e preta,0,1,FP,0.53
RandomForest,1,Alguma vantagem.... conheço um dono de oficina msm que é petista doente ....quando a prefeitura ganha alguém do PT os consertos de carro faz exclusivamente lá,0,1,FP,0.6
RandomForest,1,Record: Militantes de esquerda jogam fezes na porta da igreja universal.,0,1,FP,0.68
RandomForest,1,"Felipe da Ave se une com a puta 


A puta morreu de vez hoje 



A Tronik desceu 14 palmos ao invés de 7 


O Ciro não bateu em mulher e nem em repórter hoje 


O padre mostrou que leva para o chão e finaliza kkkk



Bolsonaro ganhou de novo e vai ser reeleito



Fim de papo",0,1,FP,0.79
RandomForest,1,COMPARTILHEM SEM PENA IRMÃOS OS CANDIDATOS ARMAMENTISTAS DE TODAS AS CIDADES DEUS ABENÇOE A TODOS.,0,1,FP,0.66
RandomForest,1,Ainda bem que tem o padre pra fazer um exorcismo nesse cara do capeta,0,1,FP,0.81
RandomForest,1,"Rapa, o Bozo é amigo do Roberto Jeferson e do Collor",0,1,FP,0.64
RandomForest,1,"Maior? Só se for o mais fracasso da esquerda, pesquisas falsas querendo apenas colocar um candidato no poder. É só por as pesquisas de 2018, onde a mesma fonte dizia que Bolsonaro perdia até pra Marina no segundo turno. kkkkk ai ai sem credibilidade nenhuma",0,1,FP,0.64
RandomForest,1,*URGENTE ABRA ESTE VÍDEO PRETO E ASSISTA O MAIOR ESPETÁCULO DO BRASIL.*,0,1,FP,0.57
RandomForest,1,"A última esperança do ""gopi do Bozo"" se foi...:rolling_on_the_floor_laughing:",0,1,FP,0.58
RandomForest,1,"Hoje pela manhã dois amigos se encontram no estacionamento da empresa, um bolsonarista outro lulista.

 O bolsonarista pergunta: vc viu o padre, ontem?

 O lulista ainda puto, com certeza passou a noite em claro, responde: vai vtc!

O bolsonarista, calma!

O lulista: calma? Vc me pergunta *se eu vi a do padre*, vai vtc de novo!

O bolsonarista: eu perguntei se vc viu o padre, ontem?

O lulista: desculpa, entendi errado!

O bolsonarista aproveitando o gancho: *se vc não viu a do padre levanta a batina*:face_with_tears_of_joy:",0,1,FP,0.76
RandomForest,1,Olha aí o que a esquerda já está fazendo lá na Nicarágua.,0,1,FP,0.6
RandomForest,1,Entreguista traidor da pátria,0,1,FP,0.59
RandomForest,1,Misericórdia que Deus tenha misericórdia do nosso Brasil :loudly_crying_face::loudly_crying_face::loudly_crying_face:.    Oh Deus livra o nosso Brasil :Brazil::Brazil: de todos esses espíritos satânica :raising_hands::folded_hands::raising_hands:,0,1,FP,0.65
RandomForest,1,"Infelizmente essa é a realidade se muitos adolescentes e jovens que foram adestrados a odiar o capitalismo,  a direita,  os patrões,  as leis, a ordem, a família,  os valores, o patriotismo... seguidores do molusco. Cabeça de camarão :fried_shrimp: não pesquisam, não lêem, não comparam... simplesmente militantes  fanáticos. :woman_facepalming_light_skin_tone::woman_facepalming_light_skin_tone::woman_facepalming_light_skin_tone: Temos que lutar por eles  e pelas futuras gerações.",0,1,FP,0.93
RandomForest,1,"*DIA 2 DE OUTUBRO DE 2022*

*BOLSONARO NO 1°TURNO*

*SE OUSAREM A FRAUDAR AS URNAS, TOMAREMOS AS ESTRADAS E SÓ SAIREMOS DELAS QUANDO O BOLSONARO ACIONAR AS FORCAS ARMADAS.*

*BASTA DE 4 LINHAS!*

*PREFIRO SER ODIADO E MAL FALADO PELA ESQUERDA DO QUE PERDER MINHA LIBERDADE E A LIBERDADE DOS MEUS FILHOS.*

*JOGAMOS NAS 4 LINHAS ATÉ HOJE. MAS O POVO NÃO SERÁ ESCRAVIZADO POR CAUSA DE UMA CONSTITUIÇÃO!*

*SUPREMO É O POVO E NÃO A CONSTITUIÇÃO!*

*Phoenix Brasil (Oficial):*

:backhand_index_pointing_up_light_skin_tone::green_square::green_square::yellow_square::yellow_square: CONVOCAÇÃO NACIONAL 

LEIA COM ATENÇÃO E REPASSE, SEM COVARDIAS, PARA TODOS OS SEUS CONTATOS.

ESTEJAMOS PRONTOS!

FORÇA E HONRA :Brazil::crossed_swords::Japanese_symbol_for_beginner:",0,1,FP,0.61
RandomForest,1,A turma de esquerda já esta tudo murcha cadê eles a vaca já foi pro brejo kkkkkkkkkk,0,1,FP,0.9
RandomForest,1,"Olham só a diretora da escola entregando os santinhos da esquerda na fila de votação no dia das eleições, favor alguém pode entregar essa pilastra da diretora para a justiça!",0,1,FP,0.69
RandomForest,1,"Boa tarde, complexo de vira lata, acho a minha pátria e o Brasil, portanto, boa ou ruim é o meu lugar, puxar saco de americano não vai resolver nada, precisamos corrigir nossos defeitos , e parar de achar que o Brasil só tem coisa ruim, ou vcs acham que na América não te favela, não tem fome, não tem corrupção, claro que tem, só não fazem propaganda da desgraca igual nos",0,1,FP,0.62
RandomForest,1,"*CONVOCAÇÃO DO GENERAL AUGUSTO HELENO* 

*PATRIOTAS DO BRASIL:Brazil::Brazil::Brazil:*

*Convoco todos os patriotas do Brasil a comparecer novamente na sua zona eleitoral  depois das 16 horas e permanecer dentro das dependências do local em que você votou até as 17 horas, pois é quando é colado o boletim da urna na porta da seção, então tire foto do  BOLETIM de URNA = BU*

O Boletim de urna é o documento emitido em cada seção eleitoral com o resumo da votação daquela seção, é como um extrato de todos os votos.

Naturalmente se vc quiser pode tirar a foto do BU na porta  das demais seções do lugar onde você votou.

*Com essas fotos vamos ter documentado toda a votação no Brasil e vamos impedir fraude nas eleições de 2022.*

*Divulguem essa mensagem é importante!*

*O BRASIL É NOSSO!*

*Boa votação a todos os homens e mulheres de bem desse país!*

*BRASIL ACIMA DE TUDO. DEUS ACIMA DE TODOS!!!*",0,1,FP,0.56
RandomForest,1,"Calma gente até foram apuradas apenas 20% das URNAS, AINDA FALTA MUITO MUITO. PATRIOTAS O PT É UM PARTIDO GRANDE E TÊM MILITÂNCIA, ELA AINDA É FORTE E TÊM MUITA FORÇA. NÓS SOMOS APENAS UM MOVIMENTO DA DIREITA CONSERVADORA, NÓS NÃO TÊMOS PARTIDO PRA ORIENTAR, CENTRALIZAR E ORGANIZAR OS PATRIOTAS PARA UMA DISPUTA ELEITORAL GRANDE COMO ESSA. NÓS ESTAMOS UNIDOS PELO PATRIOTISMO E POR UM SENTIMENTO DE REVOLTA POR TUDO TUDO QUE ACONTECEU NO BRASIL NO GOVERNO PT AO LONGO DOS ANOS.",0,1,FP,0.76
RandomForest,1,Acho que esse ano vamos decretar o fim da esquerda em nosso estado :partying_face::partying_face::partying_face::partying_face::partying_face: GLORIA A DEUS,0,1,FP,0.52
RandomForest,1,"É claro que tá errado, roubo!!! Na maior cara de pau",0,1,FP,0.54
RandomForest,1,"Não generalizando, mas a maioria gostava da mordomia de receber bolsa familia de 130 reais e não ir trabalhar!! Por isso querem Lula de volta. Ah tnc enquabto uns querem empregos eles so querem voltar pro mundo preguiçoso",0,1,FP,0.77
RandomForest,1,"Sempre fraudaram as eleições desde a época do boto tucuxi nas cédulas de papel até as urnas fraudaveis por hackers como aconteceu em 2014 e 2018 e confirmado agora nesse primeiro turno. 
Tá tudo muito bem claro, é só você analisar a grande rejeição do pedófilo corrupto árabe e a grande multidão que acompanha o Bolsonaro contra as vaias que o ladrão de nove dedos recebe em todo o lugar por onde passa. 
Tá tudo muito bem claro. 
Não adianta apenas votar.",0,1,FP,0.59
RandomForest,1,Só que as pessoas têm que parar de ofender o nordeste e principalmente a Bahia nós precisamos desses votos que é muito importante provavelmente aconteceu alguma fraude lá também nós não podemos ficar xingando os nordestinos nem muito menos os baiano,0,1,FP,0.54
RandomForest,1,"Meu Deus o Congresso será 90 %  por certo Esquerdista 


Meu Deus o Congresso será 90 %  por certo Esquerdista 





Meu Deus o Congresso será 90 %  por certo Esquerdista


Meu Deus o Congresso será 90 %  por certo Esquerdista 


Meu Deus o Congresso será 90 %  por certo Esquerdista 





Meu Deus o Congresso será 90 %  por certo Esquerdista




Meu Deus o Congresso será 90 %  por certo Esquerdista 


Meu Deus o Congresso será 90 %  por certo Esquerdista 





Meu Deus o Congresso será 90 %  por certo Esquerdista",0,1,FP,0.72
RandomForest,1,Um cara igual Tarcísio..BOLSONARO..capitão cotar..jorginho...deveria ser eleito com margem de 75%%%%....a esquerda ganhou no Maranhão..alagoas com essa margem....sabem porque...sao um povo doutrinado..dependente....querem viver as custa do sistema...sistema esse qui nos trabalhadores sustentamos....com as costas...,0,1,FP,0.6
RandomForest,1,"Há uma coisa boa em tudo isso aqui...

Estão vindo à luz do dia mostrar a cara, quem são e a que viera....

Isso servirá para a igreja parar de fletar com o mundo e com o pecado, com ideologias e sofismas...

Ou a igreja reforma a sua doutrina atua com fé e força, ou em pouco mais de 1 ano  esse cara ai, vai ta sacrificando pastor em praça pública...

Isso ai,somente mostra a falência do evangelho... como somos fracos",0,1,FP,0.54
RandomForest,2,"O que se nota,  é a mesma presunção do poste em 2018, a do lula, fala como se  já tivesse ganho, tem algo estranho nisso tudo ... o bolsonaro não pode fazer campanha...",0,1,FP,0.56
RandomForest,2,"Juízes indicados pela esquerda , fazendo censura a Jovem Pam porque fala mais bem do que mal do presidente !",0,1,FP,0.56
RandomForest,2,Jornalista toma uma invertida de uma senhora nordestina,0,1,FP,0.77
RandomForest,2,":thinking_face:QUERIDOS ""IRMÃOS E AMIGOS"". É BOM COMPATILHAR-MOS:backhand_index_pointing_up_medium-dark_skin_tone:ISSO:COM TODOS NOSSO CONTATOS. PORQUE: SE ACONTECER ESSE ESSA NOTÍCIA FALSA. ESTAMOS SABENDO DE ANTEMÃO. E DESCARTAREMOS OK. O :smiling_face_with_horns: É ESTUTO. MENTIROSO!, E ""PAI DA ""MENTIRA"".:backhand_index_pointing_right_medium_skin_tone:João.8.44 e ele usa seu filhos Mentirosos, para espalhar, Boatos,e Mentiras. APOCALIPSE.20.8 e os Cegos espirituais Acreditam, e Compartilham. :thinking_face:  SE POFMR ACASO NÃO ACONTECER ISSO: DESCARTEM O VÍDEO. AMÉM?  EXCELENTE DIA! NA PAZ DO SENHOR JESUS! QUE E
LE: CONTINUE, VOS ABENÇOANDO!",0,1,FP,0.61
RandomForest,2,"A comportamento criminoso deste supremo deus esta claro: ""eu sou lei, eu ordeno, cumpra-se!"".",0,1,FP,0.74
RandomForest,2,"Das fakes que eles gostam de espalhar!
Isso aí é porque pegaram à esquerda planejando algo suspeito.",0,1,FP,0.59
RandomForest,2,Nem lular . Nem bolsonario vai fechar as igrejas não por que só um Deus e  ele é maior do que todos ...,0,1,FP,0.53
RandomForest,2,"UM CRAQUE APOIA O OUTRO! :handshake:

Esse ano vai ser Jair Bolsonaro reeleito e Neymar craque da Copa! 

VOTE :backhand_index_pointing_down:

:keycap_1::keycap_4::keycap_1::keycap_2::keycap_0: - DEPUTADA ESTADUAL, ALANA PASSOS

:keycap_2::keycap_2: - PRESIDENTE, JAIR BOLSONARO
 
DEUS, PÁTRIA, FAMÍLIA E LIBERDADE! :Brazil::oncoming_fist:
 
#AdeputadadoCapitão  #OrdemeProgresso #fechadacomBolsonaro #Presidentevote22 #DeputadaEstadualvote14120 #AlanaPassos14120",0,1,FP,0.51
RandomForest,2,"Quando você Capixaba for votar no Casagrande, lembre-se deste vídeo. Um governador que quebrou vários comércios e destruiu muitas famílias não pode ser reeleito.
Acorda Espírito Santo!
Não reeleja Casagrande, repasse sem dó. Lembra do: FIQUE EM CASA? Agora ele vem com: FIQUE EM CASA *SE PUDER* hipócrita mentiroso.
 Um dos pouquíssimos ou o único estado da federação que vota num presidente de direita mas prefere continuar votando num governador comunista de esquerda :enraged_face::enraged_face::enraged_face::enraged_face: . Vote num governador que apoia Bolsonaro. Assim teremos inúmeros recursos a mais. Vote Manato 22 :Brazil::Brazil::Brazil:",0,1,FP,0.9
RandomForest,2,Bom dia! Vocês sabem que lula se inspira em Fidel castro e CheGuevara com certeza. Mas vocês sabem como eles trataravam negros e gays?,0,1,FP,0.6
RandomForest,2,"Se for Bolsominion e não tiver o coração :red_heart: forte, não assista :backhand_index_pointing_up::face_with_tears_of_joy::face_with_tears_of_joy::face_with_tears_of_joy::rolling_on_the_floor_laughing::rolling_on_the_floor_laughing::rolling_on_the_floor_laughing:",0,1,FP,0.59
RandomForest,2,Vídeo que a esquerda não gosta.,0,1,FP,0.73
RandomForest,2,"É típico mesmo, politicos de esquerda se apropriam da coisa pública em benefício próprio, sempre foi assim, é a esculhambacão com a coisa pública.",0,1,FP,0.83
RandomForest,2,Patriotas...confesso que não vou ter estômago pra instalar a globo na minha tv pra assistir o debate hj....imaginam o bombardeio??....,0,1,FP,0.72
RandomForest,2,"*ESTE VÍDEO É UMA SÁTIRA PARA OS CANDIDATOS QUE ESTÃO ESBANJANDO DINHEIRO PÚBLICO DO FUNDO ELEITORAL.*

NÃO VOTE EM QUEM FEZ CAMPANHA COM O SEU DINHEIRO, COM O DINHEIRO PÚBLICO, COM DINHEIRO DO FUNDO ELEITORAL.

CORONEL AUREO JUNIOR
CANDIDATO A DEPUTADO ESTADUAL MG
28000

PROPAGANDA ELEITORAL
CNPJ: 47.579.401/0001-01",0,1,FP,0.6
RandomForest,2,Uma vergonha um esquerdista mandou um padre ir pro inferno :man_facepalming_medium-dark_skin_tone:,0,1,FP,0.65
RandomForest,2,Acho que a loira tem que aprender a respeitar um padre,0,1,FP,0.6
RandomForest,2,":right_arrow:Bolsolão do MEC, esquema dos tratores, rachadinha do clã, laranjal do PSL, escolas-fake, cartão corporativo, Bolsolão do asfalto, Bolsolão do açaí, laranjal do PSL, propina na Secom... Difícil não é achar corrupção no governo Bolsonaro, é decidir qual caso é pior! #LulaNaGlobo

:right_arrow:O monstro de corrupção que Bolsonaro abrigou em Brasília desde 2019 tem nome e sobrenome: orçamento secreto! É ele que está no centro de tudo, o velho toma-lá-da-cá #LulaNaGlobo

:right_arrow:O problema do orçamento secreto não é só a falta de transparência: o esquema atropela leis orçamentárias, não publiciza valores e destinações e não garante qualquer distribuição igualitária: a receita para o troca-troca de apoios e votos que dá superpoderes ao Congresso.  #LulaNaGlobo",0,1,FP,0.75
RandomForest,2,"Homem comprou TV anunciada na Olx com notas de R$ 200,00 falsas. Diz vendedora.

""Anunciei a TV na Olx, combinamos o endereço,  pedi para ele fazer um pix,  mas ele disse que iria pagar em dinheiro,  pois acabado de receber o pagamento. Só descobri que eram falsas,  quando fui comprar em outro lugar."" Diz a mulher,  que vendeu a TV na Rua Humberto de Campos,  Leblon,  na noite de terça-feira.",0,1,FP,0.51
RandomForest,2,Cleitinho Azevedo mostra quem é Aro candidato senado por MG .Aro candidato a senado é fixa suja. Tome muito cuidado ao votar  para senador . Não vote no candidado Aro,0,1,FP,0.54
RandomForest,2,meu amigo....e quem é que não esta doido para dar umas porradas nesse vagabundo....:face_with_raised_eyebrow::face_with_raised_eyebrow::face_with_raised_eyebrow::face_with_raised_eyebrow:...até os petistas querem arrebentar ele...:smirking_face::smirking_face:,0,1,FP,0.94
RandomForest,2,"OI PATRIOTAS :Brazil::Brazil:!!!!

PASSANDO PRA LEMBRAR: :backhand_index_pointing_down_medium-light_skin_tone:

1) TODOS DE VERDE E AMARELO NO DIA DA VOTAÇÃO :Brazil: ;

2) TENHA ORGULHO DE DECLARAR O SEU AMOR PELA NOSSA PÁTRIA, COLOQUE UMA BANDEIRA :Brazil: DO BRASIL :Brazil: NO; SEU CARRO, NA JANELA DE SUA CASA, E ETC...

3) COLOQUE NA FOTO  DO SEU PERFIL UMA FOTO DA BANDEIRA :Brazil: DO BRASIL :Brazil:.

4) POSTE VÍDEO DESSE AMOR PELO BRASIL NAS REDES SOCIAIS!


ATÉ A VITÓRIA!

QUE DEUS ABENÇOE À TODOS :Brazil::oncoming_fist_medium-light_skin_tone::face_blowing_a_kiss:


*DIVULGUE*
*DIVULGUE*",0,1,FP,0.86
RandomForest,2,"*QUANDO AQUELE ESQUERDISTA CHATO FALAR QUE BOLSONARO NÃO FEZ NADA NO SEU MANDATO , POR FAVOR MOSTRE ESSE VÍDEO PRA ELE !*",0,1,FP,0.83
RandomForest,2,"GENTE AMIGA E  IRMÃS BOLSONARIANA,  A COISA VAI FICAR SEM CONTROLE,  GUERRA CIVIL MESMO....VAMOS CLAMAR A DEUS!!!!",0,1,FP,0.8
RandomForest,2,"Ouçam o que irá acontecer :backhand_index_pointing_up_medium_skin_tone: :backhand_index_pointing_down_medium_skin_tone:se porventura o descondenado ganhar (na fraude) no primeiro turno amanhã.

E podem ter certeza, a maioria dos brasileiros (aí eu me incluo) irá colaborar com esse movimento.

Por isso, TODOS NÓS - Patriotas, DEVEMOS seguir a orientação de nosso presidente e amanhã irmos votar com camiseta verde e amarela. 

E devemos também fazer um pequeno vídeo no entorno do local em que iremos votar, pois tais vídeos deverão viralizar na rede caso ocorra fraude nessas eleições.

Somos Brasil acima de tudo, Deus acima de TODOS:red_exclamation_mark:

:Brazil::Brazil::Brazil::Brazil::Brazil::Brazil::Brazil::Brazil::Brazil::Brazil::Brazil:",0,1,FP,0.56
RandomForest,2,Pois é meu amigo quem acredita em pesquisa da esquerda só pessoa da esquerda mesmo então tu parece ser um desses se é um esquerdício infiltrado no meio dos patriotas,0,1,FP,0.91
RandomForest,2,É mas pode ficar com o teu conhecimento esquerdista aí beleza valeu!,0,1,FP,0.53
RandomForest,2,"PEÇO SEU VOTO PARA OS CANDIDATOS ABAIXO 100% ALINHADOS COM O CRISTIANISMO E CONSERVADORISMO.

*PARA PRESIDENTE*
:keycap_2::keycap_2: 
*BOLSONARO* 
:grinning_face_with_big_eyes::thumbs_up_light_skin_tone::Brazil:

*DEUS SEJA SEMPRE LOUVADO!* 
 
*PARA GOVERNADOR* :keycap_3::keycap_0: 
*ZEMA* :grinning_face_with_big_eyes: :thumbs_up_light_skin_tone::Brazil:

*PARA SENADOR*
  :keycap_1::keycap_4::keycap_2: 
*PASTOR ALTAMIRO* :grinning_face_with_big_eyes::thumbs_up_light_skin_tone::Brazil:
(100% Cristão e Conservador!)

*DEPUTADA FEDERAL*
  :keycap_1::keycap_4::keycap_0::keycap_2: 
*LIS MACEDO* 
:grinning_face_with_big_eyes::thumbs_up_light_skin_tone::Brazil:
(EVANGÉLICA E ATIVISTA POLÍTICA DE DIREITA EM JF E MG).

*DEPUTADO DEFERAL* :keycap_1::keycap_4::keycap_1::keycap_0: 
*JADER FIGUEREDO* :grinning_face_with_big_eyes::thumbs_up_light_skin_tone::Brazil:
(LÍDER DOS CAMINHONEIROS MG)

*DEPUTADO ESTADUAL* 
 :keycap_2::keycap_2::keycap_5::keycap_0::keycap_0: *CORONEL HENRIQUE* :grinning_face_with_big_eyes::thumbs_up_light_skin_tone::Brazil:
(IMPLANTOU 10 ESCOLAS CÍVICOS MILITARES EM MINAS GERAIS E TROUXE RECURSOS PARA DEZENAS DE MUNICÍPIOS)

*DEPUTADO ESTADUAL*
 :keycap_1::keycap_0::keycap_0::keycap_6::keycap_7: 
*CLEMIR PATRIOTA* :grinning_face_with_big_eyes::thumbs_up_light_skin_tone::Brazil:
(ATIVISTA POLÍTICO MINAS GERAIS E BRASIL).

 *DEUS NOS LIVRE DO COMUNISMO!!!*",0,1,FP,0.55
RandomForest,2,Serei o cidadão mais feliz se o *Padre de festa de São João* ultrapassar o verme. :rolling_on_the_floor_laughing::rolling_on_the_floor_laughing::rolling_on_the_floor_laughing::rolling_on_the_floor_laughing::rolling_on_the_floor_laughing::rolling_on_the_floor_laughing::rolling_on_the_floor_laughing:,0,1,FP,0.76
RandomForest,2,":latin_cross::Brazil::latin_cross::Brazil::latin_cross::Brazil::latin_cross::Brazil::latin_cross:
*Uma oração a ser feita repetidas vezes hoje:*

*SENHOR, DEUS PAI-MÃE* 

*LIVRE O BRASIL DO COMUNISMO E DESARTICULE TODA E QUALQUER AÇÃO DO MALIGNO  NESSAS ELEIÇÕES.*

*LIVRAI-NOS, OH DEUS, DOS NOSSOS INIMIGOS E NÃO PERMITA QUE O MAL PREVALEÇA EM NOSSO PAÍS.*

*LIVRAI-NOS, OH DEUS, DO FLAGELO DO COMUNISMO, DO ABORTO, DA PERVERSÃO, DA CORRUPÇÃO, DA DITADURA E DA NOVA ORDEM MUNDIAL.*

*PROTEJA NOSSOS FILHOS, NOSSAS  FAMÍLIAS, NOSSAS CASAS, NOSSA PÁTRIA E NOS CONDUZA PELA PORTA ESTREITA ATÉ A VIDA ETERNA.*

*QUE OS ANJOS DO SENHOR ESTEJAM GUERREANDO EM NOSSO FAVOR.*

*PEÇO EM NOME DO TEU FILHO AMADO, JESUS CRISTO*

*AMÉM!*",0,1,FP,0.56
RandomForest,2,"Agora terminou de acabar com o GP 
Com mais uma desgraça  aparecendo.
Esse ai é o segundo bolsonario um cão em forma de pessoa.
Deus nos livre dessas maldições",0,1,FP,0.57
RandomForest,2,"Infelizmente ela será um nome forte no futuro. E o trabalho dela na CPI foi omisso, tendencioso e de esquerda. Mostra um caráter ao meu ver mais do mal do que do bem.",0,1,FP,0.63
RandomForest,2,Esse ai se ficasse ia acabar com a nação brasileira menos os babão dele,0,1,FP,0.87
RandomForest,2,Eu sou nordestina. E voltei e vou votar no capitão quantas vezes precisar,0,1,FP,0.55
RandomForest,2,"Minha gratidão ao nordeste e ao nordestino.

“O sertanejo é, antes de tudo, um forte. Não tem o raquitismo exaustivo dos mestiços neurastênicos do litoral. A sua aparência, entretanto, ao primeiro lance de vista, revela o contrário.”
(Os Sertões - Euclides da Cunha)",0,1,FP,0.54
RandomForest,2,"Deveríamos lutar e dividir o país em 2, quem quer viver com ladrão socialista q viva com eles, quem quer a direita, família, Deus que fiquemos só lado direito.
Sou professora e não aguento mais essa porcaria de ideologia de genero",0,1,FP,0.8
RandomForest,2,Porra! Esses filhos da puta vão nos roubar na cara grande?....,0,1,FP,0.52
RandomForest,2,"*Parabéns patriotas, bolsonaristas e povo cristão brasileiro. Diante das pesquisas, fomos grandes vitoriosos. Agora, aquela multidão de deputados e senadores, comprando voto e gastando com o eleitorado não existe mais. A votação do ex presidiário cairá bastante. Nossa luta contra o mal dessa facção criminosa e imoral; continua. A vitória é nossa... Brasil acims de tudo e Deus acima de todos* :Brazil::Brazil::Brazil::Brazil::Brazil: :keycap_2::keycap_2: neles.",0,1,FP,0.53
RandomForest,2,"Enfim, Deus tenha misericórdia de nós e nossos filhos, são vai acreditar quando nosso país se tornar uma Venezuela",0,1,FP,0.66
RandomForest,2,"São estas informações que ou é por ingenuidade, ou é algum esquerdista que posta para nos confundir, e aí somos acusado propagar as tais fak News",0,1,FP,0.58
RandomForest,2,"Porém, em 1935, quando o Duce publicou o programa A Doutrina do Fascismo, ele já se declarou como extrema-direita, colocando: ""Somos livres para acreditar que este é o século da autoridade, um século tendendo para a 'direita', um século fascista”.",0,1,FP,0.52
RandomForest,2,Exatamente! Ela quer nos desanimar. Isso é  tática esquerdista. Vem de mansinho para desanimar o povo. Mas aqui não vai conseguir. Estamos unidos com o nosso capitão,0,1,FP,0.6
RandomForest,2,"Se cada bolsonarista arrastar, convencer o voto de um indeciso/voto em branco a gente ganha essas eleições.",0,1,FP,0.67
RandomForest,3,Show :clapping_hands_light_skin_tone::clapping_hands_light_skin_tone::clapping_hands_light_skin_tone::clapping_hands_light_skin_tone::clapping_hands_light_skin_tone:   O Nordestino acordou,0,1,FP,0.72
RandomForest,3,Deus não veio pros sadios  veios pros doente. Igual os médico. Vc tem jeito,0,1,FP,0.75
RandomForest,3,Dia 8 de Outubro - Dia do Nordestino - Parabéns e um forte e calouroso abraço.,0,1,FP,0.6
RandomForest,3,":backhand_index_pointing_up: *Palavras de uma viciada* :pensive_face::pensive_face::pensive_face::pensive_face::pensive_face::pensive_face::pensive_face::pensive_face::pensive_face::pensive_face::pensive_face::pensive_face::pensive_face::pensive_face::pensive_face:

Deus, Pátria e família :Brazil:

Bolsonaro 22.",0,1,FP,0.62
RandomForest,3,"BOM DIA! :Brazil::oncoming_fist: 
Vem aí uma vitória na sua vida que só terá uma explicação: Deus!
Faltam :keycap_0::keycap_5: dias! 
:thumbs_up:VOTE :backhand_index_pointing_down:
:keycap_1::keycap_4::keycap_1::keycap_2::keycap_0: - DEPUTADA ESTADUAL, ALANA PASSOS
:keycap_2::keycap_2: - PRESIDENTE, JAIR BOLSONARO
DEUS, PÁTRIA, FAMÍLIA E LIBERDADE! :Brazil::oncoming_fist:
#AdeputadadoCapitão  #OrdemeProgresso #fechadacomBolsonaro #Presidentevote22 #DeputadaEstadualvote14120 #AlanaPassos14120",0,1,FP,0.85
RandomForest,3,A moça toda constrangida sera porque se é um trabalho normal????:thinking_face::thinking_face::thinking_face:,0,1,FP,0.52
RandomForest,3,"Vc está descrevendo o capitalismo...

Proletariado, no sistema capitalista é apenas o escravo moderno. 

Com a diferença que o burguês te usa para produzir e depois te usa para comprar as coisas que produz...",0,1,FP,0.7
RandomForest,3,"Então o Senhor disse a ele: – Vocês, fariseus, lavam o copo e o prato por fora, mas por dentro vocês estão cheios de violência e de maldade. Seus tolos! Quem fez o lado de fora não é o mesmo que fez o lado de dentro? Portanto, dêem aos pobres o que está dentro dos seus copos e pratos, e assim tudo ficará limpo para vocês. – Ai de vocês, fariseus! Pois dão para Deus a décima parte até mesmo da hortelã, da arruda e de todas as verduras, mas não são justos com os outros e não amam a Deus. E são exatamente essas coisas que vocês devem fazer sem deixar de lado as outras. – Ai de vocês, fariseus! Pois gostam demais dos lugares de honra nas sinagogas e gostam de ser cumprimentados com respeito nas praças. – Ai de vocês! Pois são como sepulturas que não se vêem, sepulturas que as pessoas pisam sem perceber.
(Evangelho de São Lucas, cap. 11: ver. 39 ao 44) Quarta-feira 28-09-2022.",0,1,FP,0.82
RandomForest,3,Pesado foi a pistola que eu vi ! E nem precisava disso tudo se ele disseese : me dá tudo gordinha:face_with_symbols_on_mouth: só na sugesta eu tinha dado,0,1,FP,0.8
RandomForest,3,O bozó precisa anunciar mais,0,1,FP,0.61
RandomForest,3,"PATRIOTAS, fico preocupado com jornalistas do calibre o Reinaldo Azevedo que era de direita e hoje ataca o nosso Mito.",0,1,FP,0.63
RandomForest,3,"PATRIOTAS, DIVULGUEM EM TODOS OS GRUPOS, PARA QUE TODOS SAIBAM QUE AS PESQUISAS NO BRASIL ESTÃO INDO DE VENTO EM POPA, DIFERENTE DOQUE A ESQUERDA VIVE FALANDO CONTRA O GOVERNO DO NOSSO MITO.",0,1,FP,0.6
RandomForest,3,Você sabe que não foi o Bozó que criou o PIX né fraquejada? Ele nem sabia do que se tratava,0,1,FP,0.61
RandomForest,3,Como digo NEUTRO SO SABONETE DE BEBÊ,0,1,FP,0.54
RandomForest,3,Pra quem não sabe o q se esperar de um país q é governado pela esquerda. Assiste aí e veja o arrependimento dos colombianos!!  :eyes::flushed_face::melting_face:,0,1,FP,0.77
RandomForest,3,O pau tá quebrando  até no Jardim de infância  :face_with_tears_of_joy::face_with_tears_of_joy::face_with_tears_of_joy::face_with_tears_of_joy::face_with_tears_of_joy::face_with_tears_of_joy: sobre política dizendo que o Luladrão  é ladrão.   Nova geração!! :folded_hands_light_skin_tone::folded_hands_light_skin_tone:,0,1,FP,0.82
RandomForest,3,"VERDADE É MAIS UMA ARMADILHA DA ESQUERDA E O GRUPO JÁ TEM MAIS DE 100MIL PESSOAS. 

EU SAÍ A TEMPO:enraged_face:",0,1,FP,0.58
RandomForest,3,"Bora Paraíba faltam só 2 pontos pra virar aí. 

Não foi o ano passado, foi agora, a Paraíba está na rua e vc aí discutindo pisquisa, xandão e a PQP. 
Faça como os nordestinos  e inunde a time line e redes sociais das pessoas com os candidatos da Direita.",0,1,FP,0.58
RandomForest,3,"Um padre desse deveria ser preso, fazendo comércio político dentro da casa de Deus.
Mas ele vem com esses engodos usando o nome de Deus e esquece que seu Jair Bolsonaro é a favor da TORTURA declaradamente e se esquece que Jesus Cristo morreu sob tortura. 
Hipocrisia e comércio político dentro da casa de Deus.",0,1,FP,0.75
RandomForest,3,- O que explica o repentino rasgar das fantasias depois de tantos anos simulando uma falsa diversidade para que a mesma ideologia de esquerda imperasse por décadas no país é bem simples: DESESPERO! Foi o recurso que restou para tentarem impedir a libertação definitiva do Brasil.,0,1,FP,0.55
RandomForest,3,lula em primeiro turno? nem o lula acredita nisso klkkkkkkkkkkkkk a esquerda esta de todo jeito tenrtando burlar as urnas. mais esse ano temos as forças armadas ta,0,1,FP,0.64
RandomForest,3,Eu tenho um primo meu que e mesario fraude acontece tanto pra esquerda tanto pra Direita a forca armadas nao fiscaliza todas as urnas,0,1,FP,0.59
RandomForest,3,"Outubro está aí 

E o povo lulista só quer ter direito de expressão

Liberdade

Votar em paz

E se vencer

Venceu",0,1,FP,0.53
RandomForest,3,Gente ... Ela excluiu a votação...e colocou um print do início onde o Lula estava ganhando...pq disse que foi atacada...pq questionaram ela perguntando se ele era preta? Como disse nos stories anterior...ainda disse que processará essa pessoa,0,1,FP,0.67
RandomForest,3,"Aí meus irmãos o que a esquerda faz kkkkkkkk lulinha tá sumido do debate, depois que confessou que roubava o menino se calou kkk",0,1,FP,0.78
RandomForest,3,Ciro sabe que não tem chance . Então está detonando Lula para tentar surgir em 2026 como o grande nome da esquerda.,0,1,FP,0.53
RandomForest,3,Tebet tem tanto ódio do presidente que chamou a puta de presidente,0,1,FP,0.93
RandomForest,3,"E NÃO respeita a mãe dele, o caixão da esposa, tu achas mesmo que vai respeitar um padre com um crucifixo gigante na cara dele?",0,1,FP,0.55
RandomForest,3,Vejam o depoimento dessa cristã que veio da Nicarágua!!!                             No dia 02 de outubro vote certo. Não deixe a esquerda acabar com o a nossa Nação!!!    :Brazil::Brazil::Brazil::Brazil::Brazil::Brazil::Brazil::Brazil::Brazil::Brazil::Brazil::Brazil::Brazil::Brazil::Brazil::Brazil::Brazil::Brazil::Brazil::Brazil::Brazil:,0,1,FP,0.67
RandomForest,3,"Mito mesmo!!!
Juntou todas as igrejas numa só!!!! Eu m nome de Jesus!!!",0,1,FP,0.51
RandomForest,3,"Quem é Casagrande diante de Neymar,o Casagrande tu é um pra nada,não serve nem como comentarista de futebol muito menos como crítico de alguma coisa que alguma celebridade pública e notória, pois tu és apenas um lacrador sem nenhuma relevância.",0,1,FP,0.67
RandomForest,3,"Atenção senhoras e senhores vamos fazer um movimento aqui no whatsapp usando a foto do nosso presidente no perfil até sair o resultado dá nossa vitória nas urnas vamos colaborar com esse movimento e mostrar q juntos somos mais fortes, PT nunca mais, aqui presidente é Bolsonaro ,Deus Pátria e família.",0,1,FP,0.69
RandomForest,3,É meu amigo mas então aí que tá quem é petista então era todo errado fazer as coisas errada vou agora enxergou a realidade o lado certo então quer dizer que as pessoas que era petista não pode ser de direita pessoa que era de esquerda ou então não pode ser de direito porque já errou acorda irmão!!,0,1,FP,0.75
RandomForest,3,"Mãe querida, 
Neste momento conturbado no nosso país, peço que interceda a Jesus por cada um de nós.
Grande é a nossa responsabilidade INDIVIDUAL e SECRETA, de através de números, escolher quem administrará o Brasil nos próximos anos….
Ninguém pode dizer que não conhece o caos que o Brasil atravessa e ignorar
a preocupante realidade dos nossos sofredores países vizinhos nas mãos de comunistas:crying_face:
NÃO queremos isto para os brasileiros, principalmente para os que têm uma vida pela frente…
Conceda-nos Mãe querida, a Paz e Sabedoria, ajudando-nos a escolher os que são também os escolhidos por VÓS !
Eu Creio, Confio e Espero",0,1,FP,0.73
RandomForest,3,":backhand_index_pointing_up_medium-light_skin_tone::Brazil:SUGESTÃO! De acordo com cada estado que você mora! Para que cada patriota faça colinha dos seus candidatos Bolsonaristas de confiança que esteja realmente com o presidente Bolsonaro, observando os números e partidos. Que Deus abençoe nosso presidente Bolsonaro nosso Brasil :Brazil::folded_hands_medium-light_skin_tone::folded_hands_medium-light_skin_tone:",0,1,FP,0.57
RandomForest,3,No RJ pra senador competente contra o sistema corrupto e ditador da toga  só tem o D[USER]. O resto é da velha política com rabo preso.,0,1,FP,0.74
RandomForest,3,"DEUS PÁTRIA E FAMÍLIA, DIREITO A PROSPERIDADE! LIBERDADE PARA FAZER O CERTO, HONESTIDADE HUMILDADE E HUMANIDADE, É ISSO QUE TODOS NÓS BRASILEIROS PRECISAMOS. QUE DEUS CONTINUE ABENÇOANDO SEMPRE TODOS NÓS!!!!!  
VAMOS PRA CIMA SAMUEL! ESSE SIM SERÁ NOSSO FUTURO DEPUTADO FEDERAL.. RUMO AO CONGRESSO NACIONAL..:rocket::Brazil::oncoming_fist_medium-dark_skin_tone:",0,1,FP,0.54
RandomForest,3,"Filha do traficante BEIRA-MAR, FERNANDA COSTA na carreta do governador do Rio CLÁUDIO CASTRO candidato a reeleição pelo PL. Os meus erros eu declino para os outros. Irrú.",0,1,FP,0.8
RandomForest,3,E claro que não me surpreende esses famosos ricos que perderam a mamata querem o pt de volta e tentam influenciar os seus seguidores querem o nosso dinheiro de volta que o pt já sinalizou que vai voltar como era antes,0,1,FP,0.79
RandomForest,3,"Traidores da pátria!

Mil cairão ao teu lado, e dez mil, à tua direita, mas tu não serás atingido.",0,1,FP,0.63
RandomForest,3,":backhand_index_pointing_up: RODRIGO PACHECO MALDITO TRAIDOR , MERECIA ALGO PIOR QUE UMA VAIA , POVO DE MINAS NÃO MERECE ESSE TRASTE ....",0,1,FP,0.65
RandomForest,3,Países mais fortes porque a esquerda corrupta esteve por mais de  três décadas no poder e sucateou as FFAA.:rat::rat::rat:,0,1,FP,0.61
RandomForest,3,Esse careca maldito está fazendo de tudo pra botar o ladrão na frente mais meu Deus é muito maior que ele,0,1,FP,0.71
RandomForest,3,Não sou fanático... só não quero q o Brasil vire uma Venezuela,0,1,FP,0.59
RandomForest,3,"Gente eu adoro bosonaro, mas ele também é um ex presidiário, não é porque eu gosto dele que vou tampa o sol com a peneira,  quem conhece Deus sabe que ele é justo, vamos confiar apenas",0,1,FP,0.74
RandomForest,3,Estranho em MG os eleitores de Zema terem votado no Lula... :thinking_face:,0,1,FP,0.53
RandomForest,3,"Estamos no segundo turno, e ficar xingando nordestino não resolve, tem que conseguir voto, e não vai conseguir os xingando!",0,1,FP,0.82
RandomForest,3,"Pessoal vamos analisar uma coisa, até agora tudo que a esquerda tentou fazer para derrubar o Bolsonaro, se voltou conta ela mesma. Então vamos confiar que Deus continua no controle de tudo, e essa fralde será descoberta e os culpados serão presos. Eles precisam ser presos para o Brasil ficar livre dessas crápulas.

Deus é Deus!!
Tem promessas para o Brasil!!",0,1,FP,0.68
RandomForest,3,Infelizmente o PT tomará conta do nosso Brasil que Deus tenha misericórdia de nois,0,1,FP,0.85
RandomForest,3,"Desculpa o desabafo más gostaria q o Bolsonaro tivesse a coragem do ciro, do Roberto geferso,junto com com sua honestidade, Roberto geferso dizia tá na hora capitão, tá na hora capitão, o Olavo de Carvalho tbm avisou, eu acho que excesso de 4 linhas e orgulho e estrelismo Bolsonaro  entregou o país pro comunista. tinha que acionar 142",0,1,FP,0.82
RandomForest,3,Muito estranho mesmo. Aqui no bairro em São José de Ribamar está um silêncio mortal desde os 50% das urnas sendo favoráveis ao Lula Molusco,0,1,FP,0.69
RandomForest,3,"Chora e segue o líder, seu filho da puta",0,1,FP,0.85
RandomForest,3,"Uma coisa seja dita, esse pessoal de esquerda não consegue mais sair na rua  sem ser esculachado!!!!",0,1,FP,0.96
RandomForest,3,"É muito difícil de aguentar,você saber que foi roubado na cara de pau e não pode fazer nada ,sei que fiz a minha parte indo votar,mais infelizmente muitas pessoas  contribuiram para essa sensação horrível,elas não fizeram suas partes, 31 MILHÕES DE PESSOAS que simplesmente não foram votar,não exerceram seu papel de cidadão(ã), tivemos também 5 MILHÕES de votos NULOS E BRANCOS,o pior é que todos nós e até nossas futuras gerações que poderão sofrer muito por causa disso,tenho vergonha de imaginar um dia que eles irão ficar sabendo que fomos nós os culpados deles estarem em uma situação de miséria,fome,etc...
Ainda temos uma única chance de mudar tudo isso no próximo dia 30,não desperdice seu voto e essa oportunidade,vá votar e vote consciente,faça o que for melhor,não só para você ,mais sim para todos nós,para seu país.
Que Deus os ilumine :folded_hands_medium-light_skin_tone:",0,1,FP,0.71
RandomForest,3,":police_car_light: AQUI ESTÁ A REAL SITUAÇÃO DO BRASIL
A MAIORIA DAS INSTITUIÇÕES DE ESQUERDA SOCIALISTA COMUNISTA 
ANO QUE VEM SÓ VÃO OFICIALIZAR COM UMA NOVA CONSTITUIÇÃO SOCIALISTA COMUNISTA",0,1,FP,0.79
RandomForest,3,Gente e bem isso q eles qrem enquanto o povo fica contra o nordestino eles roubam.,0,1,FP,0.63
RandomForest,3,"Me desculpa se foi ofensa a algum nordestino.

Sei que não são todos.

Mas tomara q seja somente fraude eleitoral",0,1,FP,0.77
RandomForest,3,"Muito obrigado pelos mais de 39.000 votos, fico imensamente grato por ter sido eleito deputado estadual em nossa Bahia para representar a nossa direita raiz. Por DEUS, pátria, família, vida e liberdade.",0,1,FP,0.55
RandomForest,3,"Mas, fato é que xingar o nordestino não é a solução, só vai dificultar mais na hora de buscar o voto",0,1,FP,0.92
RandomForest,4,O boso vai ficar louco sem o apoio do ACM NETO na Bahia,0,1,FP,0.71
RandomForest,4,"Repassem para os amigos que associam orçamento “secreto” à corrupção… essa foi a narrativa mais inteligente que vi da imprensa e da esquerda para destruir o oponente- eles são craques nisso… a propósito, acho o dito “orçamento secreto” muito mais barato e transparente que colocar estatais e ministérios nas mãos dos políticos/partidos aliados…",0,1,FP,0.52
RandomForest,4,":Brazil: *Aqui o moleque do ACM NETO se aproveitando do Presidente Bolsonaro e do indicado pelo Presidente para o Governador da Bahia ( o ROMÃ ), para poder se promover. TOMA VERGONHA nessa cara ACM NETO!!!! Mentiroso, aproveitador, sínico igual ao avô.*:Brazil:",0,1,FP,0.74
RandomForest,4,Eu tenho um amigo gay e ele é Bolsonaro de carteirinha,0,1,FP,0.91
RandomForest,4,"Candidato a reeleição 
Deputado Estadual 
Delegado de Polícia 
Federal Licenciado 

...TONI CUNHA...
         20.000 
:Japanese_symbol_for_beginner::Japanese_symbol_for_beginner::Japanese_symbol_for_beginner::Japanese_symbol_for_beginner::Japanese_symbol_for_beginner::Japanese_symbol_for_beginner:
Esse ninguém compra!

ZEQUINHA MARINHO 22
Para Governador 

JAIR BOLSONARO 22
Para Presidente 
Deus, Família Brasil e Liberdade 
esse é o Brasil que queremos!

:Brazil::Brazil::Brazil::Brazil::Brazil::Brazil::Brazil:

:keycap_2::keycap_0::keycap_0::keycap_0::keycap_0: *#TONICUNHA*:check_mark_button:",0,1,FP,0.66
RandomForest,4,"VIVA SOB CONTROLE (JUSTINO MÁRTIR)

Se a carne não ressuscita, por que ela é guardada e por que não permitimos que ela satisfaça os próprios desejos? Por que não imitamos os médicos, que, segundo dizem, quando recebem um paciente para o qual não há esperança de cura, permitem que esse doente satisfaça os seus desejos? O médico permite a ele esse tipo de vida porque sabe que o paciente está morrendo e, em breve, se tornará um cadáver. Porém, se o nosso médico, Deus em Cristo, após nos resgatar dos nossos desejos, regular a nossa carne com Seu próprio sábio e temperado governo, é evidente que Ele a protegerá dos pecados porque tem a esperança de salvação, assim como os médicos não permitem que os homens que eles têm esperança de salvar satisfaçam qualquer prazer que desejarem.",0,1,FP,0.51
RandomForest,4,Sua opção sexual nada tem a haver com a melhora do país,0,1,FP,0.69
RandomForest,4,Aqui na minha cidade tbem mataram…era um traficante que a polícia trocou tiro…,0,1,FP,0.55
RandomForest,4,*O que os Generais Esperam que o Alexandre de Moraes faça? Que Prenda um General do Alto Escalão?                                   Então que se Dê a Ele este General!                         Talvez Ferindo a Farda vocês Sintam a Dor do Brasileiro Comum que Está Vendo Sua Liberdade Ser Arrancada a Forceps.          Falta o que? Motivos Vários Já Existem. Sinais a Provisões....           Falta a Cabeça de Caxias!?                                Falta o Pudonor Militar Respondo Eu!                       Lincoln Samá Candidato a Federal MS 7738 Cristão Patriota Conservador Militar.*,0,1,FP,0.51
RandomForest,4,"Eles esses vagabundos malditos podem fazer tudo bem as claras na nossa cara e não acontece nada, lembro-me do Felipe Martins o acessor de política internacional da presidência um vez estava numa entrevista e somente porque fez um simples gesto de arrumar o paletó foi motivo de processo e foi uma loucura, uma aberração daquele VAGABUNDO do randolfe Rodrigues",0,1,FP,0.91
RandomForest,4,"É isso aí presidente, esse crápula não pode dizer qual a roupa ou a cor que cada pessoa deve usar",0,1,FP,0.71
RandomForest,4,É só você ver quem tá do lado da esquerda para você tomar nojo,0,1,FP,0.53
RandomForest,4,Tentaram matar um candidato de bolsonaro no RN . Seguranças reagiram e mandaram 1 pro inferno,0,1,FP,0.67
RandomForest,4,A ESQUERDA VAI DIZER QUE É MENTIRA:money_bag:LULA E SEUS GASTOS DE:money_bag::money_bag::money_bag::money_bag::money_bag::money_bag::money_bag::money_bag::money_bag::money_bag::money_bag::money_bag::money_bag::money_bag::money_bag::money_bag::money_bag::money_bag::money_bag::money_bag::money_bag::money_bag::money_bag::money_bag::money_bag::money_bag::money_bag::money_bag::money_bag::money_bag::money_bag:,0,1,FP,0.76
RandomForest,4,".
:Brazil::oncoming_fist::Brazil: No RN a guerra já começou. O crime organizado em conluio com os esquerdistas tentaram matar candidatos Bolsonarista 
  Mas deu ruim pra eles. É para isso que estão querendo o povo Desarmado ??? Para  o povo ser presas  fáceis do crime organizado e da esquerda?  Os Seguranças reagiram e mandaram 1 pro inferno bater papo com o capeta! :oncoming_fist::Brazil::oncoming_fist::Brazil::oncoming_fist::Brazil:",0,1,FP,0.72
RandomForest,4,"GOLPE, para a esquerda dos EUA, é o Lula não ser eleito pelo Xandão no dia 02 de outubro de 2022.",0,1,FP,0.53
RandomForest,4,Baiano explicando com calma os planos de Lula a um petista. :face_with_hand_over_mouth::face_with_hand_over_mouth::face_with_hand_over_mouth:,0,1,FP,0.54
RandomForest,4,Tomara que a esquerda nunca mais assuma o comando desse país,0,1,FP,0.56
RandomForest,4,Essa é uma alma muito sebosa mesmo lobo em pele de cordeiro :ogre:,0,1,FP,0.74
RandomForest,4,Não achei o aplicativo do fiscal acho que a esquerda já derrubou....,0,1,FP,0.63
RandomForest,4,"ATENÇÃO MATO GROSSO DO SUL!

==》》CONTINUAÇÃO: :backhand_index_pointing_down::backhand_index_pointing_down:
O PRESIDENTE BOLSONARO DEIXOU MUITO CLARO (AO VIVO NA GLOBOLIXO) QUEM É O CANDIDATO A GOVERNADOR PARA O ESTADO.

CAPITÃO CONTAR É O MELHOR CANDIDATO PARA GOVERNAR O MS. SIMPLES ASSIM.

A SORAYA (TRAÍRA ATÉ DEU UMA FORCINHA) ... :grinning_face_with_sweat::grinning_face_with_sweat::rolling_on_the_floor_laughing::grinning_face_with_sweat::rolling_on_the_floor_laughing::rolling_on_the_floor_laughing:

A Soraya é tão traíra, que traiu a própria candidata do partido dela (Rose Modesto), obrigando o Bolsonaro a se posicionar ao vivo quanto ao apoio ao Cap Contar... Só Deus!!! :face_screaming_in_fear::face_with_tears_of_joy::fearful_face::anxious_face_with_sweat::grinning_face_with_sweat::rolling_on_the_floor_laughing:

:backhand_index_pointing_down::backhand_index_pointing_down::backhand_index_pointing_down:",0,1,FP,0.69
RandomForest,4,"*O futuro do Brasil está em suas mãos. Diga não ao comunismo*.
*Pense bem em seus filhos e netos na hora de depositar seu voto na urna, este momento não é um jogo de futebol.*

*#Deus, Pátria, família e liberdade :folded_hands::Brazil:*",0,1,FP,0.76
RandomForest,4,Sempre falei que não é normal essa raça querer ensinar sexo para crianças (escola se aprende a ler e escrever).,0,1,FP,0.79
RandomForest,4,O Deus dos bolsonarentos é mamon. Tudo fariseu.,0,1,FP,0.96
RandomForest,4,Sei que não se muda o voto de ninguém isso e livre!mas votar no pt e ser conivente com as milhares de mortes nos corredores dos hospitais  por falta de dinheiro pra saúde e ser conivente com a miséria que era oferecido aos nordestinos e prejudicar o futuro dos meus filho e do seu que vota no pt isso não e uma afronta com quem vota no pt e sim um pedido se vc não pensar nos meus filhos pensem nos seus filhos e sobrinhos que vão herda a sua escolha pense nisso e quando vc estiver velho não só se arrependa também tenha coragem de falar pra eles e o presente deles foi vc que escolheu no passado.,0,1,FP,0.89
RandomForest,4,"Prezado. Não é conhecimento de esquerdista. É conhecimento de estatística.
Estudei em instituto militar. Busque livros sobre inferência estatística, e vc verá que, ao analisar uma parte como amostra, é possível ter uma estimativa do todo da população.

A gente não precisa ser contra a ciência pra ser de direita.",0,1,FP,0.58
RandomForest,4,"O coração do sábio se inclina a direita, enquanto o dos tolos se incliam a esquerda.
Bíblia sagrada.",0,1,FP,0.54
RandomForest,4,"Pobre país. Não sou cristão, mas vejo o país como Jesus, crucificado entre 2 ladrões.",0,1,FP,0.54
RandomForest,4,O fodendo valer branco,0,1,FP,0.67
RandomForest,4,Hj em nome de Jesus venceremos o mal poderemos dizer Lula nunca mais,0,1,FP,0.58
RandomForest,4,"O modo como os homessexuais são tratados pela mídia muitas vezes é desnecessário, o cidadão precisa ser tratado com caráter assim como os demais",0,1,FP,0.81
RandomForest,4,"O país é laico  . Lula não vive com o nome Deus usando na boca. Como vejo certo candidato fala o nome Deus , mas , rouba , mente , debocha de quem morreu pela COVID ( sem empatia cristã ) , tem várias mulheres e divórcios , onde o cristianismo proibi o divórcio . E tanta merda ...  E ainda adora imagem que minha vó diz que quem adora imagem tá adorando o satanás .",0,1,FP,0.74
RandomForest,4,"Em boa parte existem pessoas mais leigas, o que é uma lástima. Mas infelizmente muitos ainda não enxergam que o PT só usa boa parte como massa de manobra, mas aqui ainda tem muita gente que deseja expurgar esse mal daqui. Obs, parem de chingar os nordestinos, outra coisa, sou do extremo Sul da Bahia e aqui a maioria são Bolsonarista. Grata!",0,1,FP,0.69
RandomForest,4,"1° Turno contra a Globo, contra todos os jornais, contra o Chandão, contra todos dos STF, contra todas as pesquisas malignas, contra a esquerda do mal....... O cara é Mito mesmo e único. O cara é foda. Fico emocionado em prantos se isto acontecer :folded_hands:.",0,1,FP,0.65
RandomForest,4,"4 DEPUTADOS FEDERAIS  MAIS VOTADOS PARANÁ
DELTON
FELIPE BARROS
GLEICE
BETO PRETO 
2 PETISTAS",0,1,FP,0.95
RandomForest,4,"Ele confiou nas forças armadas..... Bolsonaro é muito direito e passivo, gosta de usar a linha certa. Por isso deitam e rolam nele",0,1,FP,0.68
RandomForest,4,Todos os estados reclamando que a esquerda nunca teve tanto voto,0,1,FP,0.54
RandomForest,4,"Gente.
Todos Nós Sabemos Que Em 2018,
Nós Apoiadores e Eleitores De Bolsonaro.
Fizemos a Diferença Naquela Época.
Vamos Unir As Forças e Lutar Emprol Do Nosso Presidente.
Deus é Conosco.
Defendemos Princípios Da Família e Da Pátria.
Vamos à Luta!
Contra a Corrupção!
Fora PT!",0,1,FP,0.52
RandomForest,4,Nada de generalizar deve ser a ovelha negra onde passa kkk vai toma uma que passa João kk fi do Lula kkk,0,1,FP,0.87
RandomForest,4,"Para com isso gente, porque se voces não são nordestinos e tem este pensamento, e nao conseguiram ganhar uma eleição, o Nordestino ganhou! E desta forma como voces que não sao nordestino agindo e falando desta forma para o segundo turno no nordeste, a gente vai perder até os poucos votos pra Bolsonaro que ja temos!",0,1,FP,0.76
RandomForest,4,Verdade portela fraca os assessores Bolsonaro não batem na esquerda deixa eles a vontade,0,1,FP,0.72
RandomForest,4,"Gente, não vamos culpar o povo. Eu duvido q o nordestino deu essa rasteiras Bolsonaro! Com certeza q é fraude!",0,1,FP,0.77
RandomForest,4,"Sim
Isso estava na cara que ia acontecer

NÔS NAO PODEMOS IMPEDIR 

MAS BOZO FOI RESPONSAVEL POR ISSO, POIS NAO FEZ INVESTIGAÇÃO CONFIOU EM PAPO DO SISTEMA

E JA ERA 

ELE Ê HONESTO TRABALHADOR 
ATE XINGA OS CORRUPTOS

MAS É FROUXO...

ELE É O UNICO QUE PODERIA IMLER OU DIMINUIR ESSA FRAUDE

COMO?

SOLICITANDO AFERIMENTO 100% DE CADA URNA

VIGIAR AS URNAS 
DENTRO DO LOCAL ESTOQUE SEI LA

MANDAR PRENDER ALEXANDRE BARROSO FACCINE ETC

NÔS MOSTRAMOS QUE ESTAVAMOS COM ELE

ELE PREFERIU  BANCAR O BOM RAPAZ COM O SISTEMA QUE LHE DEU UMA FACADA

AS URNAS DEVEM SER TROCADAS E COMPRADA POR ELE SEI LA COMO

BOLSONARO FALHOU FEIO NESSA CARTADA",0,1,FP,0.51
RandomForest,4,"Av. Paulista ao vivo pela CET :

NENHUM lulista comemorando !
Cadê os 47,6#% ?????",0,1,FP,0.57
RandomForest,4,Vc deve ser uma Bezerra que mama nas tetas do dinheiro público ne?,0,1,FP,0.68
RandomForest,4,"O narcotráfico manda aqui, eles estão por traz de muitos políticos e  dos deuses do Olimpo",0,1,FP,0.69
RandomForest,4,"Se querem um pais melhor, mais rico, com melhores condições de vida, mais empregos e melhores salários, já existe exemplos e modelos a serem seguidos, no caso da direita",0,1,FP,0.68
RandomForest,4,"Essa é família tradicional , respeitosa , que prima pelos bons costumes e defendem Deus . Na realidade são tudos uma bando de HIPOCRITAS .",0,1,FP,0.57
RandomForest,4,"VAMOS LUTAR PELO BRASIL DE NOSSOS FILHOS, NETOS, JOVENS E CRIANÇAS! FORA COMUNISMO!! :Japanese_symbol_for_beginner::Japanese_symbol_for_beginner::Japanese_symbol_for_beginner: NOSSA BANDEIRA JAMAIS SERÁ VERMELHA!!! DEUS, PÁTRIA, FAMÍLIA, LIBERDADE #Bolsonaro22",0,1,FP,0.74
RandomForest,4,Infelizmente fomos roubados e o Brasil caiu nas mãos da esquerda e não o que fazer.,0,1,FP,0.51
RandomForest,4,"O povo brasileiro covarde merece ser governador pela esquerda pois não terá coragem de enfrentar o congresso que quem resolve que tenhamos voto impresso no segundo turno é o congresso através da pressão imediata do povo 
Ingenuidade a nossa e a do nosso presidente em pensar que o sistema ia ficar dentro das 4 linhas 
Fizeram de tudo e o presidente na certeza que iria ganhar no primeiro turno se calou achando que manifestações por todo Brasil surtiria efeito de vitória",0,1,FP,0.74
RandomForest,4,"Se apega ao espírito corrompido da época, para dizer que é intelectual. Por toda essa facilidade (Mídia, livros do mec) todo mundo seria intelectual.",0,1,FP,0.78
RandomForest,4,"Você é caminhoneiro? Sim? Trabalha para alguém relacionado ao Luciano Hang (dono das Lojas HAVAN) ou a parentes dele? Sim? *Então o MP e o TRE decidem que quem trabalha para supostos bolsonaristas não pode ir votar para não ""dar voto"" para Bolsonaro!* Que importa se é O MAIOR CRIME POSSÍVEL CONTRA UMA DEMOCRACIA impedir qualquer cidadão de exercer a plena cidadania por meio do voto...

Nem presidiários assassinos de bebês são privados de votar!",0,1,FP,0.62
GradientBoosting,0,"Marcelo Aro"" Não existe equívoco em votação "" no debate com o Cleitinho. Então, Marcelo vagabundo, você votou contra as pautas defendidas por Bolsonaro e pela direita, de propósito! :smiling_face_with_sunglasses::backhand_index_pointing_left:",0,1,FP,0.8669157810743222
GradientBoosting,0,Mais uma maneira das urnas roubarem o voto ... Repassem pra todos ... Vejam como a esquerda tenta voltar ao poder a qualquer preço... Fique  atento... :backhand_index_pointing_down_dark_skin_tone:,0,1,FP,0.6264379640333836
GradientBoosting,0,"Eu li. Mas como você não entendeu a mecânica da piada, tentou lacrar e passou vergonha. Normal",0,1,FP,0.5915745150879952
GradientBoosting,0,"Bruno Roberto mais uma vez, novamente, again... Juntinho com a esquerda! Eleitores de Bolsonaro que votam nesse cara, me perdoe, mas são ingênuos demais",0,1,FP,0.642725324800159
GradientBoosting,0,"Muito obrigado Igor. Antifas digitais, pessoas odiosas querem desidratar os grupos de direita porque sabem que vamos pro combate e venceremos. Todos esses canalhas cairão um a um, a começar pelo rato-mor de 9 dedos",0,1,FP,0.9258217811000933
GradientBoosting,0,"NO DIA 02 , SE VC DIGITAR O NUMERO DO TEU CANDIDATO E APARECER OUTRO . 
NÃO APERTE O BOTÃO VERDE , LEVANTE AS MÃOS E EXIJA A PRESENÇA DO JUIZ DE PLANTÃO QUE TEM A OBRIGAÇÃO DE TROCA E INTERDIÇÃO DAQUELA URNA . NÃO PRECISA CRIAR TUMULTO SERIA BOM QUE ALGUEM ESTEJA FILMANDO VC PARA EVIDENCIAR A EXIGÊNCIA QUE É DIREITO DO CIDADÃO  
A TROCA E INTERDIÇÃO DAQUELA URNA . 

INSTRUÇÃO DADA POR ADVOGADOS ESPECIALISTAS EM PROGRAMA JORNALISTICO DA JOVEM PAN DE BAURU NA MANHÃ DE 27/09/22.

COMPARTILHE . 
É A LUTA DO BEM CONTRA O MAL.",0,1,FP,0.8755299120872362
GradientBoosting,0,"Então...... 
Como eu disse bandido nunca teve dificuldade para ter uma arma
O problema é que vcs acham que bandido pode andar armado, enquanto um cidadão do bem não tem esse direito",0,1,FP,0.5703380204574128
GradientBoosting,0,"Como eu disse faz igual o Bozo, liga para o Temer.
Que vergonha alheia.
Normal do Bozo.....
Passar vergonha
Cadê o 7 de setembro,liga aí para o Temer. Kkkkkkkk",0,1,FP,0.9195738919322392
GradientBoosting,0,"Espero que cada Patriota deste nosso Brasil tenha 1/3 da coragem deste cidadão.

Com certeza ele deve ter apanhado bastante ou morto neste ninho de serpentes.

Enquanto tiver um Bolsonarista em pé, Lula e seus seguidores não terão sossego.",0,1,FP,0.7656342878328773
GradientBoosting,0,"Nāo esqueçam quem mandou você FICAR EM CASA. Quem tratou o cidadāo de bem como BANDIDO. FORACASAGRANDE. MANATO 22 , BOLSONARO 22, MAGNO MALTA 222, GILVAN DA FEDERAL 2222",0,1,FP,0.6359955181597968
GradientBoosting,0,"Gigante ele vai ficar se não se aliar com marginais, pra cima Ciro quebre onde quebrar, Bolsonaro e Lula são iguais",0,1,FP,0.7974886732491729
GradientBoosting,0,"*Tentaram Matar o Candidato a Deputado Estadual Sgt. Wendell Lagartixa*:oncoming_police_car::police_car_light:, :man_facepalming_light_skin_tone::flushed_face:um foi pra Vala na hora e o Outro Seguiu pro inferno, após ser Socorrido pro Hospital, e *Três Bandidos* Conseguiram Fugir, Após Atentado !",0,1,FP,0.568650269025842
GradientBoosting,0,"Bolsonaro triturou a cleptocracia unida, contra a verdade não existem argumentos.
A oposição corrupta unida se fudeu durante 4 anos inventando mentiras contra o presidente, sem que nenhum ilícito sequer tenha sido provado, tudo falácia, ilação infundada, falsa narrativa, bravata politiqueira, em nome do roubo em sequência que acontece desde o governo Sarney e que sempre foi escondida por essa mídia militonta, responsável por muita postura idiota, desse tanto de idiota que a gente ainda vê por aí depois de tanta merda que já aconteceu!!!

Esse debate maravilhoso, vem pra coroar e confirmar com chave de ouro, o único resultado aceitável para essas eleições, a reeleição do melhor presidente que esse país já teve, Jair Messias Bolsonaro!!!
:Brazil::Japanese_symbol_for_beginner::Brazil::Japanese_symbol_for_beginner::Brazil::Japanese_symbol_for_beginner:",0,1,FP,0.9534676957155381
GradientBoosting,0,"E que Deus nos livre de todo mal, que essa maldita esquerda quer nos impor",0,1,FP,0.5968494691358683
GradientBoosting,0,"Ué .
Mas se ataca uma mulher não pode atacar uma criança ?
Um homem doente mental não pode ter a ideia de usar isso e entrar no banheiro de mulheres ?",0,1,FP,0.780216593726174
GradientBoosting,0,O *genocida* é funcionário da década no inferno.,0,1,FP,0.8616037637804935
GradientBoosting,0,"Esse meu Presidente é um esculacho caracolis, desbundou essa ridícula, bem feito, ficou com cara de tacho. Olha a expressão dela de ódio, caracolis amo, amo esse meu presidente, bem feito para essa sujeita ridícula. Nunca mais ela vai querer se meter com presidente, eu acho melhor é ela se recolher a insignificância dela. Lamentável que essa boçal ainda terá mais 4 anos pra infernizar a nossa vida. Porque senão ela sairia já não só ela, como a Simone Tebet e muitos outros, que na próxima vão cair fora mesmo.",0,1,FP,0.8761408429371398
GradientBoosting,0,É bem capaz de Neymar ter cido cancelado mesmo porque a democracia só existe para a esquerda. Bastou o cara declarar voto a Bolsonaro para esquerda pegar no pé.,0,1,FP,0.7270759253808174
GradientBoosting,0,"É mais fácil desconfiar do caráter do padre que acabamos de conhecer. “Com certeza é safado” 

Mas do corrupto do século não, claro que não!
 Loola 
“O homem mais honesto do mundo.”",0,1,FP,0.7504541383069021
GradientBoosting,0,quando bate o desespero da esquerda kkkkkkkkkk eles tentam ate afastar o bolsonaro das forças armadas sendo que o mesmo é capitão kk,0,1,FP,0.5182396720623943
GradientBoosting,0,"Ainda tem uns imbecis que fala que o Lula não vai transformar o Brasil numa Venezuela.
Cada dia vemos exemplos não podemos ter liberdade de expressão!
Nenhum famoso pode escolher voltar no Bolsonaro!
A gente vê que as fake só rola quando o cara vai lá e a firma voltar no bolsonaro!
Contas nas redes sociais são fechadas!
E você só vê isso na direita só ver fechar contas de pessoas da direita! Isso é perseguição as provas estão aí.",0,1,FP,0.7723158953404473
GradientBoosting,0,":enraged_face::enraged_face::enraged_face::enraged_face:A Globo quer a *CANETADA* do LULA, quer aumentar o CAPITAL ESTRANGEIRO e precisa de CORRUPTO na Presidência.:enraged_face::enraged_face::enraged_face:",0,1,FP,0.5982793516381978
GradientBoosting,0,"Ser conciente e' diferente, e' ver realidade.  Conciente sim, imbecil jamais.",0,1,FP,0.858067901255409
GradientBoosting,0,"NO DOMINGO 02/10/2022 , NÓS VAMOS DECIDIR O FUTURO DAS PRÓXIMAS GERAÇÕES.  
QUE DEUS NOS DE  SABEDORIA. BOLSONARO  PRESIDENTE __ALDA EVANGELISTA DEPUTADA FEDERAL  2817",0,1,FP,0.6296526217125896
GradientBoosting,0,Ah dá licença né meu amigo você é dizer que você é de direita acreditar na pesquisa do Datafolha é só é para acabar né não tem como né de uma pesquisa que é de esquerda rapaz não tem só você mesmo para acreditar mas fiquei acreditando então cara que a lavada vai ser grande!!!,0,1,FP,0.5969117998001636
GradientBoosting,0,Só que claro deixar pessoas morrerem era vantagem para a oposição para poder usar durante a campanha colocando toda culpa no presidente um preço baixo para a oposição pagar para poder tentar voltar ao poder alguns milhares de mortes sem precisar levar a culpa e ter isso como o maior trunfo de ataque ao presidente,0,1,FP,0.5112565271781857
GradientBoosting,0,O problema seu demagogo hipocrita: a bandeira do brasil   Nunca foi valorizada pelo pt..a causa desse filho puta e o foro de São Paulo e a dominação da América Latina . Quando que Lula usou o verde e amarelo nas suas campanhas? Nunca,0,1,FP,0.8211532675300821
GradientBoosting,0,"Quem mora fora é rico. 

Gente que ganhou dinheiro só na época lula!",0,1,FP,0.8186346516557662
GradientBoosting,0,"rapaz foi bom viu, gente tinha era lá homem tu é doido",0,1,FP,0.7093109041774525
GradientBoosting,0,Meu Deus!!!! E o que acontece com os votos do dia todo nessa urna fraudada? Serão computados? Para o pt?,0,1,FP,0.5067505243746324
GradientBoosting,0,"Votem! Cada voto conta! Vamos salvar o Brasil, o nosso futuro, as nossas crianças!   Enfrentem a fila que for preciso, mas não se omitam! Em vários países a esquerda ganhou por conta da abstenção de muitos. Sejamos conscientes! Deus abençoe o nosso Brasil! :Brazil::Brazil::Brazil:",0,1,FP,0.5335070236254712
GradientBoosting,0,"O presidente se reelegendo, vai criar condições para a direita ficar pelo l seis mandatos cuidando do país:Brazil:",0,1,FP,0.7945457332580915
GradientBoosting,0,"Calma gente, a ideologia dominante é de quem domina e quem domina o mundo infelizmente é a esquerda",0,1,FP,0.7025061252055742
GradientBoosting,0,"Deuses tem poder 
Essa besta fera vai pro lugar dele.
O INFERNO",0,1,FP,0.6946064841887166
GradientBoosting,0,"O povo nordestino é o mais hospitaleiro e que tem maior gratidão. Jamais o ladrão Lula tem maioria com eles.
Se eu fosse o Bolsonaro desistia, porque vão roubar de qualquer maneira.
Fraude nas urnas.",0,1,FP,0.8341655864730833
GradientBoosting,0,Estou aqui pensando em quem votou visando a derrocada do rico. Você acha mesmo que o rico vai perder o patrimônio por causa do seu voto vingativo?! O empresário rico vai aumentar o preço do patrimônio e te :face_with_symbols_on_mouth:!,0,1,FP,0.58645875104587
GradientBoosting,0,Cap Wagner é ilusão tb man.. ilusão.. lembra do motim.. coisa de esquerdista.. ae viu q num era pela esquerda q ele conseguiria.. ae tentou e n conseguiu nada c essa tática de neutralidade.. se fudeu,0,1,FP,0.6511871689477216
GradientBoosting,0,Se o diabo fosse honesto não teria sido expulso do paraíso!,0,1,FP,0.5545788320867989
GradientBoosting,0,"Primeiramente vc tem que conhecer a maçonaria antes de falar merda!!! A maçonaria não e uma religião, A maçonaria e uma instituição que uni diversos conceitos diferentes. Hoje na maçonaria tem cristão, espíritas, judeus, católicos. Outra coisa ! Pelo fato do bolsonaro ter visitado a maçonaria não significa que ele seja maçom.  Se for assim lula e macumbeiro por visitar terreiros de macumba e receber santos dos macumbeiros:man_shrugging_light_skin_tone::man_shrugging_light_skin_tone::man_shrugging_light_skin_tone:",0,1,FP,0.9571659404456817
GradientBoosting,1,"Vc tá equivocado amigo ,não quero saber quem apoia Pedro não ,quero saber.pq apoiar um cara neutro em relação ao presidente ,a luta não é mudar a Paraíba não é o cenário nacional ,Pedro só quer vantagem é filho de cassio",0,1,FP,0.7395666767499572
GradientBoosting,1,A eleição do Romário SÓ FAVORECE A ESQUERDA. Ele é o candidato da esquerda.,0,1,FP,0.5446372940393294
GradientBoosting,1,Dizem qui o nordestino é com o lula... vai vendo Brasil...:face_with_hand_over_mouth::face_with_hand_over_mouth::face_with_hand_over_mouth::face_with_hand_over_mouth::Brazil::Brazil::Brazil::Brazil::Brazil:.,0,1,FP,0.9029177084953767
GradientBoosting,1,"Partido político por quê teria sindicato ja vi que voceis não conhece a impotancia de um sindicato. Se o pt tivesse um sindicato eu seria filiado a muito tempo, sou o fundador do PT em Andirá é filiado desde 1990. Não é toa que Paraná é o estado mais atrasado politicamente.",0,1,FP,0.5208743500341252
GradientBoosting,1,"ECONOMISTAS APOIANDO CANDIDATO DE UM PARTIDO AO QUAL SÃO CRÍTICOS, PARTIDO QUE NÃO DIVULGA PLANO DE GOVERNO, QUE DIZEM AOS QUATROS CANTOS QUE NÃO IRÃO RESPEITAR O TETO DE GASTOS, QUE LEVOU O PAÍS AO CAOS, ALGO DE ESTRANHO HÁ POR TRÁS DISSO !!",0,1,FP,0.8719736976264714
GradientBoosting,1,Que Deus nos livre do PT :loudly_crying_face:,0,1,FP,0.8312104536236657
GradientBoosting,1,Agora o pessoal do Bolsonaro vai dizer que a PF é de esquerda,0,1,FP,0.5688696325741363
GradientBoosting,1,O gado ver todos os países mais não ver o Brasil ai fica difícil  muuuuuuuuuuuuu:ox::water_buffalo:,0,1,FP,0.6899239101521824
GradientBoosting,1,"Coloquei no Google e olha o q apareceu. O Google deve ser de esquerda, klkkkllllllkkkkkk",0,1,FP,0.5164326123857004
GradientBoosting,1,Esses petistas tem um jeito estranho de fazer pesquisas e enquetes... eu hein... :face_with_hand_over_mouth::face_with_hand_over_mouth::face_with_hand_over_mouth::face_with_hand_over_mouth:,0,1,FP,0.8226101087024442
GradientBoosting,1,Alguma vantagem.... conheço um dono de oficina msm que é petista doente ....quando a prefeitura ganha alguém do PT os consertos de carro faz exclusivamente lá,0,1,FP,0.5668939361757496
GradientBoosting,1,Record: Militantes de esquerda jogam fezes na porta da igreja universal.,0,1,FP,0.5967627138211835
GradientBoosting,1,"Vou compartilhar esse vídeo que retrata a verdadeira realidade sobre o aborto, peço por gentileza quem for muito sensível não assiste principalmente as futuras mamães",0,1,FP,0.5500652931979457
GradientBoosting,1,"Felipe da Ave se une com a puta 


A puta morreu de vez hoje 



A Tronik desceu 14 palmos ao invés de 7 


O Ciro não bateu em mulher e nem em repórter hoje 


O padre mostrou que leva para o chão e finaliza kkkk



Bolsonaro ganhou de novo e vai ser reeleito



Fim de papo",0,1,FP,0.8821976175910418
GradientBoosting,1,CIRO Gomes exculachou o vagabundo Ao VIVO TRAIDOR DA PÁTRIA :rolling_on_the_floor_laughing::rolling_on_the_floor_laughing::rolling_on_the_floor_laughing::rolling_on_the_floor_laughing::rolling_on_the_floor_laughing::rolling_on_the_floor_laughing::face_with_tears_of_joy::face_with_tears_of_joy::face_with_tears_of_joy::face_with_tongue::face_with_tongue::smiling_face::smiling_face::winking_face_with_tongue:,0,1,FP,0.5925931904497469
GradientBoosting,1,COMPARTILHEM SEM PENA IRMÃOS OS CANDIDATOS ARMAMENTISTAS DE TODAS AS CIDADES DEUS ABENÇOE A TODOS.,0,1,FP,0.5822571273062889
GradientBoosting,1,Ainda bem que tem o padre pra fazer um exorcismo nesse cara do capeta,0,1,FP,0.8029577799792387
GradientBoosting,1,"Maior? Só se for o mais fracasso da esquerda, pesquisas falsas querendo apenas colocar um candidato no poder. É só por as pesquisas de 2018, onde a mesma fonte dizia que Bolsonaro perdia até pra Marina no segundo turno. kkkkk ai ai sem credibilidade nenhuma",0,1,FP,0.5527302696490508
GradientBoosting,1,*URGENTE ABRA ESTE VÍDEO PRETO E ASSISTA O MAIOR ESPETÁCULO DO BRASIL.*,0,1,FP,0.5182566105163076
GradientBoosting,1,"A última esperança do ""gopi do Bozo"" se foi...:rolling_on_the_floor_laughing:",0,1,FP,0.8381857058562748
GradientBoosting,1,"Hoje pela manhã dois amigos se encontram no estacionamento da empresa, um bolsonarista outro lulista.

 O bolsonarista pergunta: vc viu o padre, ontem?

 O lulista ainda puto, com certeza passou a noite em claro, responde: vai vtc!

O bolsonarista, calma!

O lulista: calma? Vc me pergunta *se eu vi a do padre*, vai vtc de novo!

O bolsonarista: eu perguntei se vc viu o padre, ontem?

O lulista: desculpa, entendi errado!

O bolsonarista aproveitando o gancho: *se vc não viu a do padre levanta a batina*:face_with_tears_of_joy:",0,1,FP,0.8427722767709559
GradientBoosting,1,Misericórdia que Deus tenha misericórdia do nosso Brasil :loudly_crying_face::loudly_crying_face::loudly_crying_face:.    Oh Deus livra o nosso Brasil :Brazil::Brazil: de todos esses espíritos satânica :raising_hands::folded_hands::raising_hands:,0,1,FP,0.5554901886967764
GradientBoosting,1,"Infelizmente essa é a realidade se muitos adolescentes e jovens que foram adestrados a odiar o capitalismo,  a direita,  os patrões,  as leis, a ordem, a família,  os valores, o patriotismo... seguidores do molusco. Cabeça de camarão :fried_shrimp: não pesquisam, não lêem, não comparam... simplesmente militantes  fanáticos. :woman_facepalming_light_skin_tone::woman_facepalming_light_skin_tone::woman_facepalming_light_skin_tone: Temos que lutar por eles  e pelas futuras gerações.",0,1,FP,0.865595053735108
GradientBoosting,1,"*DIA 2 DE OUTUBRO DE 2022*

*BOLSONARO NO 1°TURNO*

*SE OUSAREM A FRAUDAR AS URNAS, TOMAREMOS AS ESTRADAS E SÓ SAIREMOS DELAS QUANDO O BOLSONARO ACIONAR AS FORCAS ARMADAS.*

*BASTA DE 4 LINHAS!*

*PREFIRO SER ODIADO E MAL FALADO PELA ESQUERDA DO QUE PERDER MINHA LIBERDADE E A LIBERDADE DOS MEUS FILHOS.*

*JOGAMOS NAS 4 LINHAS ATÉ HOJE. MAS O POVO NÃO SERÁ ESCRAVIZADO POR CAUSA DE UMA CONSTITUIÇÃO!*

*SUPREMO É O POVO E NÃO A CONSTITUIÇÃO!*

*Phoenix Brasil (Oficial):*

:backhand_index_pointing_up_light_skin_tone::green_square::green_square::yellow_square::yellow_square: CONVOCAÇÃO NACIONAL 

LEIA COM ATENÇÃO E REPASSE, SEM COVARDIAS, PARA TODOS OS SEUS CONTATOS.

ESTEJAMOS PRONTOS!

FORÇA E HONRA :Brazil::crossed_swords::Japanese_symbol_for_beginner:",0,1,FP,0.5465731899976171
GradientBoosting,1,A turma de esquerda já esta tudo murcha cadê eles a vaca já foi pro brejo kkkkkkkkkk,0,1,FP,0.8879086182508266
GradientBoosting,1,"Olham só a diretora da escola entregando os santinhos da esquerda na fila de votação no dia das eleições, favor alguém pode entregar essa pilastra da diretora para a justiça!",0,1,FP,0.5256804346639756
GradientBoosting,1,"Boa tarde, complexo de vira lata, acho a minha pátria e o Brasil, portanto, boa ou ruim é o meu lugar, puxar saco de americano não vai resolver nada, precisamos corrigir nossos defeitos , e parar de achar que o Brasil só tem coisa ruim, ou vcs acham que na América não te favela, não tem fome, não tem corrupção, claro que tem, só não fazem propaganda da desgraca igual nos",0,1,FP,0.5724161740270498
GradientBoosting,1,"Calma gente até foram apuradas apenas 20% das URNAS, AINDA FALTA MUITO MUITO. PATRIOTAS O PT É UM PARTIDO GRANDE E TÊM MILITÂNCIA, ELA AINDA É FORTE E TÊM MUITA FORÇA. NÓS SOMOS APENAS UM MOVIMENTO DA DIREITA CONSERVADORA, NÓS NÃO TÊMOS PARTIDO PRA ORIENTAR, CENTRALIZAR E ORGANIZAR OS PATRIOTAS PARA UMA DISPUTA ELEITORAL GRANDE COMO ESSA. NÓS ESTAMOS UNIDOS PELO PATRIOTISMO E POR UM SENTIMENTO DE REVOLTA POR TUDO TUDO QUE ACONTECEU NO BRASIL NO GOVERNO PT AO LONGO DOS ANOS.",0,1,FP,0.8736633283307645
GradientBoosting,1,"Bozo vacilou 
Nao acompanhou a fiscalizacao serrada das urnas 

O SISTEMA FEZ A MANIPULAÇÃO PROGRAMOU ELA PARA  QUE O SISTEMA VENCESSE

EU PENSO QUE ELES LEVARAO PARA O 2° TURNO PARA NAO FICAR TAO ESCANCARADO A FRAUDE

NO SEGUNDO TURNO O SISTEMA FECHARA O NOSSO CAIXAO.

SINTO MUITO EM DIZER

O SISTEMA VAI TIRAR BOZO DO PODER CUSTE O QUE CUSTAR

ELES VIERAM PRA ISSO BOZO FOI INOCENTE

EU ESPERO QUE EU ESTEJA ERRADO,

QUERO MUITO VER O PT SER DESTRUÍDO,
E 9 DEDOS TAMBEM

MAS ELES SAO UM SISTEMA DE MAIS DE 30 ANOS 

ELES TEM MAIS VONTADE DE VOLTAR AO PODER DO QUE BOZO VENCER

NA MINHA HUMILDE OPINIAO FALTOU BOZO BOTAR QUENTE NA FISCALIZAÇAO DE URNAS",0,1,FP,0.5156752930987296
GradientBoosting,1,"É claro que tá errado, roubo!!! Na maior cara de pau",0,1,FP,0.5378955198467579
GradientBoosting,1,"Não generalizando, mas a maioria gostava da mordomia de receber bolsa familia de 130 reais e não ir trabalhar!! Por isso querem Lula de volta. Ah tnc enquabto uns querem empregos eles so querem voltar pro mundo preguiçoso",0,1,FP,0.8683590448107549
GradientBoosting,1,"Sempre fraudaram as eleições desde a época do boto tucuxi nas cédulas de papel até as urnas fraudaveis por hackers como aconteceu em 2014 e 2018 e confirmado agora nesse primeiro turno. 
Tá tudo muito bem claro, é só você analisar a grande rejeição do pedófilo corrupto árabe e a grande multidão que acompanha o Bolsonaro contra as vaias que o ladrão de nove dedos recebe em todo o lugar por onde passa. 
Tá tudo muito bem claro. 
Não adianta apenas votar.",0,1,FP,0.6551912267284227
GradientBoosting,1,"Meu Deus o Congresso será 90 %  por certo Esquerdista 


Meu Deus o Congresso será 90 %  por certo Esquerdista 





Meu Deus o Congresso será 90 %  por certo Esquerdista


Meu Deus o Congresso será 90 %  por certo Esquerdista 


Meu Deus o Congresso será 90 %  por certo Esquerdista 





Meu Deus o Congresso será 90 %  por certo Esquerdista




Meu Deus o Congresso será 90 %  por certo Esquerdista 


Meu Deus o Congresso será 90 %  por certo Esquerdista 





Meu Deus o Congresso será 90 %  por certo Esquerdista",0,1,FP,0.7055337451806424
GradientBoosting,1,"Com 4 anos de bolsonaro todos aprenderam, quem manda no Brasil, são os policiais de São Paulo, junto com o STF que é de São Paulo e tidos foram indicados não por nordestino e sim por políticos de São Paulo",0,1,FP,0.6002972360050722
GradientBoosting,2,Jornalista toma uma invertida de uma senhora nordestina,0,1,FP,0.7274384276906989
GradientBoosting,2,":thinking_face:QUERIDOS ""IRMÃOS E AMIGOS"". É BOM COMPATILHAR-MOS:backhand_index_pointing_up_medium-dark_skin_tone:ISSO:COM TODOS NOSSO CONTATOS. PORQUE: SE ACONTECER ESSE ESSA NOTÍCIA FALSA. ESTAMOS SABENDO DE ANTEMÃO. E DESCARTAREMOS OK. O :smiling_face_with_horns: É ESTUTO. MENTIROSO!, E ""PAI DA ""MENTIRA"".:backhand_index_pointing_right_medium_skin_tone:João.8.44 e ele usa seu filhos Mentirosos, para espalhar, Boatos,e Mentiras. APOCALIPSE.20.8 e os Cegos espirituais Acreditam, e Compartilham. :thinking_face:  SE POFMR ACASO NÃO ACONTECER ISSO: DESCARTEM O VÍDEO. AMÉM?  EXCELENTE DIA! NA PAZ DO SENHOR JESUS! QUE E
LE: CONTINUE, VOS ABENÇOANDO!",0,1,FP,0.7679856431789956
GradientBoosting,2,"A comportamento criminoso deste supremo deus esta claro: ""eu sou lei, eu ordeno, cumpra-se!"".",0,1,FP,0.7067641497603963
GradientBoosting,2,"Concordo. Ladrão, que rouba dinheiro de vacina, dinheiro do FNDE, propina em ouro, em mochila infantil, compra 51 imóveis em dinheiro vivo... lugar de ladrão é na cadeia!",0,1,FP,0.6864571808536787
GradientBoosting,2,"Das fakes que eles gostam de espalhar!
Isso aí é porque pegaram à esquerda planejando algo suspeito.",0,1,FP,0.6568138631501476
GradientBoosting,2,"Quando você Capixaba for votar no Casagrande, lembre-se deste vídeo. Um governador que quebrou vários comércios e destruiu muitas famílias não pode ser reeleito.
Acorda Espírito Santo!
Não reeleja Casagrande, repasse sem dó. Lembra do: FIQUE EM CASA? Agora ele vem com: FIQUE EM CASA *SE PUDER* hipócrita mentiroso.
 Um dos pouquíssimos ou o único estado da federação que vota num presidente de direita mas prefere continuar votando num governador comunista de esquerda :enraged_face::enraged_face::enraged_face::enraged_face: . Vote num governador que apoia Bolsonaro. Assim teremos inúmeros recursos a mais. Vote Manato 22 :Brazil::Brazil::Brazil:",0,1,FP,0.7772160111591465
GradientBoosting,2,Bom dia! Vocês sabem que lula se inspira em Fidel castro e CheGuevara com certeza. Mas vocês sabem como eles trataravam negros e gays?,0,1,FP,0.6872790531422548
GradientBoosting,2,"Desculpe, esqueço que vc é esquerdista.
Ministro Alexandre de Moraes não é suspeito? Não abusou em nada? Não fez pior que o supostamente feito pelo moro?",0,1,FP,0.5979341880244086
GradientBoosting,2,Vídeo que a esquerda não gosta.,0,1,FP,0.5085479317932432
GradientBoosting,2,"É típico mesmo, politicos de esquerda se apropriam da coisa pública em benefício próprio, sempre foi assim, é a esculhambacão com a coisa pública.",0,1,FP,0.9136170570923443
GradientBoosting,2,Patriotas...confesso que não vou ter estômago pra instalar a globo na minha tv pra assistir o debate hj....imaginam o bombardeio??....,0,1,FP,0.7704607225629571
GradientBoosting,2,"*ESTE VÍDEO É UMA SÁTIRA PARA OS CANDIDATOS QUE ESTÃO ESBANJANDO DINHEIRO PÚBLICO DO FUNDO ELEITORAL.*

NÃO VOTE EM QUEM FEZ CAMPANHA COM O SEU DINHEIRO, COM O DINHEIRO PÚBLICO, COM DINHEIRO DO FUNDO ELEITORAL.

CORONEL AUREO JUNIOR
CANDIDATO A DEPUTADO ESTADUAL MG
28000

PROPAGANDA ELEITORAL
CNPJ: 47.579.401/0001-01",0,1,FP,0.6527850440431594
GradientBoosting,2,Uma vergonha um esquerdista mandou um padre ir pro inferno :man_facepalming_medium-dark_skin_tone:,0,1,FP,0.7043877598196475
GradientBoosting,2,":right_arrow:Bolsolão do MEC, esquema dos tratores, rachadinha do clã, laranjal do PSL, escolas-fake, cartão corporativo, Bolsolão do asfalto, Bolsolão do açaí, laranjal do PSL, propina na Secom... Difícil não é achar corrupção no governo Bolsonaro, é decidir qual caso é pior! #LulaNaGlobo

:right_arrow:O monstro de corrupção que Bolsonaro abrigou em Brasília desde 2019 tem nome e sobrenome: orçamento secreto! É ele que está no centro de tudo, o velho toma-lá-da-cá #LulaNaGlobo

:right_arrow:O problema do orçamento secreto não é só a falta de transparência: o esquema atropela leis orçamentárias, não publiciza valores e destinações e não garante qualquer distribuição igualitária: a receita para o troca-troca de apoios e votos que dá superpoderes ao Congresso.  #LulaNaGlobo",0,1,FP,0.8022460033837627
GradientBoosting,2,meu amigo....e quem é que não esta doido para dar umas porradas nesse vagabundo....:face_with_raised_eyebrow::face_with_raised_eyebrow::face_with_raised_eyebrow::face_with_raised_eyebrow:...até os petistas querem arrebentar ele...:smirking_face::smirking_face:,0,1,FP,0.9602325917631248
GradientBoosting,2,"OI PATRIOTAS :Brazil::Brazil:!!!!

PASSANDO PRA LEMBRAR: :backhand_index_pointing_down_medium-light_skin_tone:

1) TODOS DE VERDE E AMARELO NO DIA DA VOTAÇÃO :Brazil: ;

2) TENHA ORGULHO DE DECLARAR O SEU AMOR PELA NOSSA PÁTRIA, COLOQUE UMA BANDEIRA :Brazil: DO BRASIL :Brazil: NO; SEU CARRO, NA JANELA DE SUA CASA, E ETC...

3) COLOQUE NA FOTO  DO SEU PERFIL UMA FOTO DA BANDEIRA :Brazil: DO BRASIL :Brazil:.

4) POSTE VÍDEO DESSE AMOR PELO BRASIL NAS REDES SOCIAIS!


ATÉ A VITÓRIA!

QUE DEUS ABENÇOE À TODOS :Brazil::oncoming_fist_medium-light_skin_tone::face_blowing_a_kiss:


*DIVULGUE*
*DIVULGUE*",0,1,FP,0.6621999605317683
GradientBoosting,2,"*QUANDO AQUELE ESQUERDISTA CHATO FALAR QUE BOLSONARO NÃO FEZ NADA NO SEU MANDATO , POR FAVOR MOSTRE ESSE VÍDEO PRA ELE !*",0,1,FP,0.8968945220156828
GradientBoosting,2,"GENTE AMIGA E  IRMÃS BOLSONARIANA,  A COISA VAI FICAR SEM CONTROLE,  GUERRA CIVIL MESMO....VAMOS CLAMAR A DEUS!!!!",0,1,FP,0.9290483911569093
GradientBoosting,2,Pois é meu amigo quem acredita em pesquisa da esquerda só pessoa da esquerda mesmo então tu parece ser um desses se é um esquerdício infiltrado no meio dos patriotas,0,1,FP,0.8762805334472338
GradientBoosting,2,Serei o cidadão mais feliz se o *Padre de festa de São João* ultrapassar o verme. :rolling_on_the_floor_laughing::rolling_on_the_floor_laughing::rolling_on_the_floor_laughing::rolling_on_the_floor_laughing::rolling_on_the_floor_laughing::rolling_on_the_floor_laughing::rolling_on_the_floor_laughing:,0,1,FP,0.909152635128665
GradientBoosting,2,"Agora terminou de acabar com o GP 
Com mais uma desgraça  aparecendo.
Esse ai é o segundo bolsonario um cão em forma de pessoa.
Deus nos livre dessas maldições",0,1,FP,0.911634368309182
GradientBoosting,2,Esse ai se ficasse ia acabar com a nação brasileira menos os babão dele,0,1,FP,0.8774106693042943
GradientBoosting,2,"Deveríamos lutar e dividir o país em 2, quem quer viver com ladrão socialista q viva com eles, quem quer a direita, família, Deus que fiquemos só lado direito.
Sou professora e não aguento mais essa porcaria de ideologia de genero",0,1,FP,0.7387161243945918
GradientBoosting,2,"Gente, sou do Piauí. E garanto que a grande maioria dos amigos e familiares em peso são Bolsonaro. Estou aqui destruída. Já chorei tanto :loudly_crying_face::loudly_crying_face::loudly_crying_face: É um inferno esse PT em nosso Estado. Com certeza essas urnas foram manipuladas em todos os estados e principalmente no Nordeste, onde eles tem mais controle. É revoltante. Tô sem chão :loudly_crying_face::loudly_crying_face::loudly_crying_face::loudly_crying_face::loudly_crying_face::loudly_crying_face:",0,1,FP,0.6810579592461906
GradientBoosting,2,"Se forem pelo caminho da esquerda, também temos exemplos do que acontece na economia, sociedade, cultura, família…",0,1,FP,0.7327058258314825
GradientBoosting,2,"*Parabéns patriotas, bolsonaristas e povo cristão brasileiro. Diante das pesquisas, fomos grandes vitoriosos. Agora, aquela multidão de deputados e senadores, comprando voto e gastando com o eleitorado não existe mais. A votação do ex presidiário cairá bastante. Nossa luta contra o mal dessa facção criminosa e imoral; continua. A vitória é nossa... Brasil acims de tudo e Deus acima de todos* :Brazil::Brazil::Brazil::Brazil::Brazil: :keycap_2::keycap_2: neles.",0,1,FP,0.5641654410432889
GradientBoosting,2,"Se cada bolsonarista arrastar, convencer o voto de um indeciso/voto em branco a gente ganha essas eleições.",0,1,FP,0.6541417562816713
GradientBoosting,3,Show :clapping_hands_light_skin_tone::clapping_hands_light_skin_tone::clapping_hands_light_skin_tone::clapping_hands_light_skin_tone::clapping_hands_light_skin_tone:   O Nordestino acordou,0,1,FP,0.7927963454689957
GradientBoosting,3,Deus não veio pros sadios  veios pros doente. Igual os médico. Vc tem jeito,0,1,FP,0.8732877135662935
GradientBoosting,3,Dia 8 de Outubro - Dia do Nordestino - Parabéns e um forte e calouroso abraço.,0,1,FP,0.6983716579012685
GradientBoosting,3,"BOM DIA! :Brazil::oncoming_fist: 
Vem aí uma vitória na sua vida que só terá uma explicação: Deus!
Faltam :keycap_0::keycap_5: dias! 
:thumbs_up:VOTE :backhand_index_pointing_down:
:keycap_1::keycap_4::keycap_1::keycap_2::keycap_0: - DEPUTADA ESTADUAL, ALANA PASSOS
:keycap_2::keycap_2: - PRESIDENTE, JAIR BOLSONARO
DEUS, PÁTRIA, FAMÍLIA E LIBERDADE! :Brazil::oncoming_fist:
#AdeputadadoCapitão  #OrdemeProgresso #fechadacomBolsonaro #Presidentevote22 #DeputadaEstadualvote14120 #AlanaPassos14120",0,1,FP,0.9032872644093981
GradientBoosting,3,A moça toda constrangida sera porque se é um trabalho normal????:thinking_face::thinking_face::thinking_face:,0,1,FP,0.506812977832655
GradientBoosting,3,"Vc está descrevendo o capitalismo...

Proletariado, no sistema capitalista é apenas o escravo moderno. 

Com a diferença que o burguês te usa para produzir e depois te usa para comprar as coisas que produz...",0,1,FP,0.5602056775544358
GradientBoosting,3,"Então o Senhor disse a ele: – Vocês, fariseus, lavam o copo e o prato por fora, mas por dentro vocês estão cheios de violência e de maldade. Seus tolos! Quem fez o lado de fora não é o mesmo que fez o lado de dentro? Portanto, dêem aos pobres o que está dentro dos seus copos e pratos, e assim tudo ficará limpo para vocês. – Ai de vocês, fariseus! Pois dão para Deus a décima parte até mesmo da hortelã, da arruda e de todas as verduras, mas não são justos com os outros e não amam a Deus. E são exatamente essas coisas que vocês devem fazer sem deixar de lado as outras. – Ai de vocês, fariseus! Pois gostam demais dos lugares de honra nas sinagogas e gostam de ser cumprimentados com respeito nas praças. – Ai de vocês! Pois são como sepulturas que não se vêem, sepulturas que as pessoas pisam sem perceber.
(Evangelho de São Lucas, cap. 11: ver. 39 ao 44) Quarta-feira 28-09-2022.",0,1,FP,0.7536465551409224
GradientBoosting,3,Pesado foi a pistola que eu vi ! E nem precisava disso tudo se ele disseese : me dá tudo gordinha:face_with_symbols_on_mouth: só na sugesta eu tinha dado,0,1,FP,0.8845427730107971
GradientBoosting,3,"PATRIOTAS, fico preocupado com jornalistas do calibre o Reinaldo Azevedo que era de direita e hoje ataca o nosso Mito.",0,1,FP,0.7962214425833353
GradientBoosting,3,"PATRIOTAS, DIVULGUEM EM TODOS OS GRUPOS, PARA QUE TODOS SAIBAM QUE AS PESQUISAS NO BRASIL ESTÃO INDO DE VENTO EM POPA, DIFERENTE DOQUE A ESQUERDA VIVE FALANDO CONTRA O GOVERNO DO NOSSO MITO.",0,1,FP,0.7947721286959266
GradientBoosting,3,Você sabe que não foi o Bozó que criou o PIX né fraquejada? Ele nem sabia do que se tratava,0,1,FP,0.628038253047891
GradientBoosting,3,Pra quem não sabe o q se esperar de um país q é governado pela esquerda. Assiste aí e veja o arrependimento dos colombianos!!  :eyes::flushed_face::melting_face:,0,1,FP,0.7035097137873734
GradientBoosting,3,O pau tá quebrando  até no Jardim de infância  :face_with_tears_of_joy::face_with_tears_of_joy::face_with_tears_of_joy::face_with_tears_of_joy::face_with_tears_of_joy::face_with_tears_of_joy: sobre política dizendo que o Luladrão  é ladrão.   Nova geração!! :folded_hands_light_skin_tone::folded_hands_light_skin_tone:,0,1,FP,0.9685203061307368
GradientBoosting,3,"Um padre desse deveria ser preso, fazendo comércio político dentro da casa de Deus.
Mas ele vem com esses engodos usando o nome de Deus e esquece que seu Jair Bolsonaro é a favor da TORTURA declaradamente e se esquece que Jesus Cristo morreu sob tortura. 
Hipocrisia e comércio político dentro da casa de Deus.",0,1,FP,0.6544857877801408
GradientBoosting,3,- O que explica o repentino rasgar das fantasias depois de tantos anos simulando uma falsa diversidade para que a mesma ideologia de esquerda imperasse por décadas no país é bem simples: DESESPERO! Foi o recurso que restou para tentarem impedir a libertação definitiva do Brasil.,0,1,FP,0.5366747710537416
GradientBoosting,3,lula em primeiro turno? nem o lula acredita nisso klkkkkkkkkkkkkk a esquerda esta de todo jeito tenrtando burlar as urnas. mais esse ano temos as forças armadas ta,0,1,FP,0.6406403540214664
GradientBoosting,3,Eu tenho um primo meu que e mesario fraude acontece tanto pra esquerda tanto pra Direita a forca armadas nao fiscaliza todas as urnas,0,1,FP,0.5541567336726925
GradientBoosting,3,"Outubro está aí 

E o povo lulista só quer ter direito de expressão

Liberdade

Votar em paz

E se vencer

Venceu",0,1,FP,0.7490163512938754
GradientBoosting,3,Gente ... Ela excluiu a votação...e colocou um print do início onde o Lula estava ganhando...pq disse que foi atacada...pq questionaram ela perguntando se ele era preta? Como disse nos stories anterior...ainda disse que processará essa pessoa,0,1,FP,0.8872987240665423
GradientBoosting,3,"Aí meus irmãos o que a esquerda faz kkkkkkkk lulinha tá sumido do debate, depois que confessou que roubava o menino se calou kkk",0,1,FP,0.7149739807745834
GradientBoosting,3,Tebet tem tanto ódio do presidente que chamou a puta de presidente,0,1,FP,0.7571269816404126
GradientBoosting,3,"Bom dia!
Assisti o debate até o final.
Continuo firme com Bolsonaro….
O Padre veio de Deus…..
Às mulheres ali, não me representam ….
Ciro sempre em devaneio ….
O Dávila, penso que tem futuro…
O Molusco, já não deveria existir….",0,1,FP,0.5433937190829075
GradientBoosting,3,"E NÃO respeita a mãe dele, o caixão da esposa, tu achas mesmo que vai respeitar um padre com um crucifixo gigante na cara dele?",0,1,FP,0.6375595543074017
GradientBoosting,3,Cheio de razao. Que me desculpem os da esquerda. Votem certo. Bcs.,0,1,FP,0.5077881439837969
GradientBoosting,3,"Quem é Casagrande diante de Neymar,o Casagrande tu é um pra nada,não serve nem como comentarista de futebol muito menos como crítico de alguma coisa que alguma celebridade pública e notória, pois tu és apenas um lacrador sem nenhuma relevância.",0,1,FP,0.5783020076349318
GradientBoosting,3,"Atenção senhoras e senhores vamos fazer um movimento aqui no whatsapp usando a foto do nosso presidente no perfil até sair o resultado dá nossa vitória nas urnas vamos colaborar com esse movimento e mostrar q juntos somos mais fortes, PT nunca mais, aqui presidente é Bolsonaro ,Deus Pátria e família.",0,1,FP,0.6134341705530695
GradientBoosting,3,"Por trinta moedas!
- Votar nestes políticos multimilionários e suas famílias, nunca mais saem do poder!
Eita!
Governador, prefeito, juízes, delegados, chefe de polícia, e sua multidão de eleitores funcionários públicos! Sindicatos, ARCON, Detran, é só multa e alvará!
É trabalho escravo da população pro Estado e Município! 
Sabe quanto ganham?
30 mil, 40 mil, ...,... Juízes, com uma canetada, vão buscar, 80, 100, 200 mil! Não perdem uma causa!
É uma esculhambação!
Funcionário público?
É só comida na boca!
Vai votar neles? 
Nunca mais saem do poder!",0,1,FP,0.5024985706350671
GradientBoosting,3,É meu amigo mas então aí que tá quem é petista então era todo errado fazer as coisas errada vou agora enxergou a realidade o lado certo então quer dizer que as pessoas que era petista não pode ser de direita pessoa que era de esquerda ou então não pode ser de direito porque já errou acorda irmão!!,0,1,FP,0.7586791959823344
GradientBoosting,3,"Mãe querida, 
Neste momento conturbado no nosso país, peço que interceda a Jesus por cada um de nós.
Grande é a nossa responsabilidade INDIVIDUAL e SECRETA, de através de números, escolher quem administrará o Brasil nos próximos anos….
Ninguém pode dizer que não conhece o caos que o Brasil atravessa e ignorar
a preocupante realidade dos nossos sofredores países vizinhos nas mãos de comunistas:crying_face:
NÃO queremos isto para os brasileiros, principalmente para os que têm uma vida pela frente…
Conceda-nos Mãe querida, a Paz e Sabedoria, ajudando-nos a escolher os que são também os escolhidos por VÓS !
Eu Creio, Confio e Espero",0,1,FP,0.7725269000187747
GradientBoosting,3,"Padres de toda a nação se levantam, defendem o Evangelho e pedem que votemos em candidatos que defendam Deus, Pátria, Família e Liberdade!
Não se pode ser cristão católico e votar em candidatos da esquerda ao mesmo tempo.

_Ninguém pode ser ao mesmo tempo bom católico e verdadeiro socialista. ( Pio XI )_",0,1,FP,0.5609493912510354
GradientBoosting,3,No RJ pra senador competente contra o sistema corrupto e ditador da toga  só tem o D[USER]. O resto é da velha política com rabo preso.,0,1,FP,0.8684801133029055
GradientBoosting,3,"Filha do traficante BEIRA-MAR, FERNANDA COSTA na carreta do governador do Rio CLÁUDIO CASTRO candidato a reeleição pelo PL. Os meus erros eu declino para os outros. Irrú.",0,1,FP,0.7769639122099987
GradientBoosting,3,E claro que não me surpreende esses famosos ricos que perderam a mamata querem o pt de volta e tentam influenciar os seus seguidores querem o nosso dinheiro de volta que o pt já sinalizou que vai voltar como era antes,0,1,FP,0.6782305093900984
GradientBoosting,3,":backhand_index_pointing_up: RODRIGO PACHECO MALDITO TRAIDOR , MERECIA ALGO PIOR QUE UMA VAIA , POVO DE MINAS NÃO MERECE ESSE TRASTE ....",0,1,FP,0.5862597055695348
GradientBoosting,3,"O mais importante será nossa vitória meus irmão patriotas .
Deus a frente sempre",0,1,FP,0.6737570634410938
GradientBoosting,3,Esse careca maldito está fazendo de tudo pra botar o ladrão na frente mais meu Deus é muito maior que ele,0,1,FP,0.7803496225993566
GradientBoosting,3,Pode anotar ninguém libera um condenado pra concorrer as eleições e perder...tá estranho desde o dia em que libertaram esse crápula,0,1,FP,0.66305219127206
GradientBoosting,3,"Gente eu adoro bosonaro, mas ele também é um ex presidiário, não é porque eu gosto dele que vou tampa o sol com a peneira,  quem conhece Deus sabe que ele é justo, vamos confiar apenas",0,1,FP,0.8422380446996532
GradientBoosting,3,"Estamos no segundo turno, e ficar xingando nordestino não resolve, tem que conseguir voto, e não vai conseguir os xingando!",0,1,FP,0.9232598162681922
GradientBoosting,3,"Pessoal vamos analisar uma coisa, até agora tudo que a esquerda tentou fazer para derrubar o Bolsonaro, se voltou conta ela mesma. Então vamos confiar que Deus continua no controle de tudo, e essa fralde será descoberta e os culpados serão presos. Eles precisam ser presos para o Brasil ficar livre dessas crápulas.

Deus é Deus!!
Tem promessas para o Brasil!!",0,1,FP,0.6529934979030189
GradientBoosting,3,Infelizmente o PT tomará conta do nosso Brasil que Deus tenha misericórdia de nois,0,1,FP,0.9152343943998761
GradientBoosting,3,"Desculpa o desabafo más gostaria q o Bolsonaro tivesse a coragem do ciro, do Roberto geferso,junto com com sua honestidade, Roberto geferso dizia tá na hora capitão, tá na hora capitão, o Olavo de Carvalho tbm avisou, eu acho que excesso de 4 linhas e orgulho e estrelismo Bolsonaro  entregou o país pro comunista. tinha que acionar 142",0,1,FP,0.8463630629450719
GradientBoosting,3,Muito estranho mesmo. Aqui no bairro em São José de Ribamar está um silêncio mortal desde os 50% das urnas sendo favoráveis ao Lula Molusco,0,1,FP,0.8582868675219447
GradientBoosting,3,"Chora e segue o líder, seu filho da puta",0,1,FP,0.8392831890286447
GradientBoosting,3,"Uma coisa seja dita, esse pessoal de esquerda não consegue mais sair na rua  sem ser esculachado!!!!",0,1,FP,0.91706271757477
GradientBoosting,3,"É muito difícil de aguentar,você saber que foi roubado na cara de pau e não pode fazer nada ,sei que fiz a minha parte indo votar,mais infelizmente muitas pessoas  contribuiram para essa sensação horrível,elas não fizeram suas partes, 31 MILHÕES DE PESSOAS que simplesmente não foram votar,não exerceram seu papel de cidadão(ã), tivemos também 5 MILHÕES de votos NULOS E BRANCOS,o pior é que todos nós e até nossas futuras gerações que poderão sofrer muito por causa disso,tenho vergonha de imaginar um dia que eles irão ficar sabendo que fomos nós os culpados deles estarem em uma situação de miséria,fome,etc...
Ainda temos uma única chance de mudar tudo isso no próximo dia 30,não desperdice seu voto e essa oportunidade,vá votar e vote consciente,faça o que for melhor,não só para você ,mais sim para todos nós,para seu país.
Que Deus os ilumine :folded_hands_medium-light_skin_tone:",0,1,FP,0.7558621702901488
GradientBoosting,3,":police_car_light: AQUI ESTÁ A REAL SITUAÇÃO DO BRASIL
A MAIORIA DAS INSTITUIÇÕES DE ESQUERDA SOCIALISTA COMUNISTA 
ANO QUE VEM SÓ VÃO OFICIALIZAR COM UMA NOVA CONSTITUIÇÃO SOCIALISTA COMUNISTA",0,1,FP,0.838142758900604
GradientBoosting,3,Gente e bem isso q eles qrem enquanto o povo fica contra o nordestino eles roubam.,0,1,FP,0.7343954851139833
GradientBoosting,3,"Me desculpa se foi ofensa a algum nordestino.

Sei que não são todos.

Mas tomara q seja somente fraude eleitoral",0,1,FP,0.9163756136134257
GradientBoosting,3,"Mas, fato é que xingar o nordestino não é a solução, só vai dificultar mais na hora de buscar o voto",0,1,FP,0.9607685155399768
GradientBoosting,4,O boso vai ficar louco sem o apoio do ACM NETO na Bahia,0,1,FP,0.7712743131373895
GradientBoosting,4,"Repassem para os amigos que associam orçamento “secreto” à corrupção… essa foi a narrativa mais inteligente que vi da imprensa e da esquerda para destruir o oponente- eles são craques nisso… a propósito, acho o dito “orçamento secreto” muito mais barato e transparente que colocar estatais e ministérios nas mãos dos políticos/partidos aliados…",0,1,FP,0.6594707476924252
GradientBoosting,4,":Brazil: *Aqui o moleque do ACM NETO se aproveitando do Presidente Bolsonaro e do indicado pelo Presidente para o Governador da Bahia ( o ROMÃ ), para poder se promover. TOMA VERGONHA nessa cara ACM NETO!!!! Mentiroso, aproveitador, sínico igual ao avô.*:Brazil:",0,1,FP,0.6181822471795905
GradientBoosting,4,Eu tenho um amigo gay e ele é Bolsonaro de carteirinha,0,1,FP,0.9520367503423061
GradientBoosting,4,Sua opção sexual nada tem a haver com a melhora do país,0,1,FP,0.8446722401196642
GradientBoosting,4,Aqui na minha cidade tbem mataram…era um traficante que a polícia trocou tiro…,0,1,FP,0.8703154165266602
GradientBoosting,4,*O que os Generais Esperam que o Alexandre de Moraes faça? Que Prenda um General do Alto Escalão?                                   Então que se Dê a Ele este General!                         Talvez Ferindo a Farda vocês Sintam a Dor do Brasileiro Comum que Está Vendo Sua Liberdade Ser Arrancada a Forceps.          Falta o que? Motivos Vários Já Existem. Sinais a Provisões....           Falta a Cabeça de Caxias!?                                Falta o Pudonor Militar Respondo Eu!                       Lincoln Samá Candidato a Federal MS 7738 Cristão Patriota Conservador Militar.*,0,1,FP,0.754002874396256
GradientBoosting,4,"Eles esses vagabundos malditos podem fazer tudo bem as claras na nossa cara e não acontece nada, lembro-me do Felipe Martins o acessor de política internacional da presidência um vez estava numa entrevista e somente porque fez um simples gesto de arrumar o paletó foi motivo de processo e foi uma loucura, uma aberração daquele VAGABUNDO do randolfe Rodrigues",0,1,FP,0.9282941412163083
GradientBoosting,4,Tentaram matar um candidato de bolsonaro no RN . Seguranças reagiram e mandaram 1 pro inferno,0,1,FP,0.701452859656691
GradientBoosting,4,A ESQUERDA VAI DIZER QUE É MENTIRA:money_bag:LULA E SEUS GASTOS DE:money_bag::money_bag::money_bag::money_bag::money_bag::money_bag::money_bag::money_bag::money_bag::money_bag::money_bag::money_bag::money_bag::money_bag::money_bag::money_bag::money_bag::money_bag::money_bag::money_bag::money_bag::money_bag::money_bag::money_bag::money_bag::money_bag::money_bag::money_bag::money_bag::money_bag::money_bag:,0,1,FP,0.741923491294241
GradientBoosting,4,".
:Brazil::oncoming_fist::Brazil: No RN a guerra já começou. O crime organizado em conluio com os esquerdistas tentaram matar candidatos Bolsonarista 
  Mas deu ruim pra eles. É para isso que estão querendo o povo Desarmado ??? Para  o povo ser presas  fáceis do crime organizado e da esquerda?  Os Seguranças reagiram e mandaram 1 pro inferno bater papo com o capeta! :oncoming_fist::Brazil::oncoming_fist::Brazil::oncoming_fist::Brazil:",0,1,FP,0.5748172766324164
GradientBoosting,4,Baiano explicando com calma os planos de Lula a um petista. :face_with_hand_over_mouth::face_with_hand_over_mouth::face_with_hand_over_mouth:,0,1,FP,0.7174162401342351
GradientBoosting,4,CONHEÇA ALGUMAS ACÕES DO GOVERNO BOLSONARO PARA O POVO NORDESTINO E COMPARTILHE! Confira na postagem a seguir: :down_arrow:,0,1,FP,0.6644732688360725
GradientBoosting,4,Tomara que a esquerda nunca mais assuma o comando desse país,0,1,FP,0.7505940801177955
GradientBoosting,4,Essa é uma alma muito sebosa mesmo lobo em pele de cordeiro :ogre:,0,1,FP,0.7977732371399887
GradientBoosting,4,Não achei o aplicativo do fiscal acho que a esquerda já derrubou....,0,1,FP,0.8098349081199856
GradientBoosting,4,"ATENÇÃO MATO GROSSO DO SUL!

==》》CONTINUAÇÃO: :backhand_index_pointing_down::backhand_index_pointing_down:
O PRESIDENTE BOLSONARO DEIXOU MUITO CLARO (AO VIVO NA GLOBOLIXO) QUEM É O CANDIDATO A GOVERNADOR PARA O ESTADO.

CAPITÃO CONTAR É O MELHOR CANDIDATO PARA GOVERNAR O MS. SIMPLES ASSIM.

A SORAYA (TRAÍRA ATÉ DEU UMA FORCINHA) ... :grinning_face_with_sweat::grinning_face_with_sweat::rolling_on_the_floor_laughing::grinning_face_with_sweat::rolling_on_the_floor_laughing::rolling_on_the_floor_laughing:

A Soraya é tão traíra, que traiu a própria candidata do partido dela (Rose Modesto), obrigando o Bolsonaro a se posicionar ao vivo quanto ao apoio ao Cap Contar... Só Deus!!! :face_screaming_in_fear::face_with_tears_of_joy::fearful_face::anxious_face_with_sweat::grinning_face_with_sweat::rolling_on_the_floor_laughing:

:backhand_index_pointing_down::backhand_index_pointing_down::backhand_index_pointing_down:",0,1,FP,0.5796659150501505
GradientBoosting,4,"*O futuro do Brasil está em suas mãos. Diga não ao comunismo*.
*Pense bem em seus filhos e netos na hora de depositar seu voto na urna, este momento não é um jogo de futebol.*

*#Deus, Pátria, família e liberdade :folded_hands::Brazil:*",0,1,FP,0.6410679377801667
GradientBoosting,4,Sempre falei que não é normal essa raça querer ensinar sexo para crianças (escola se aprende a ler e escrever).,0,1,FP,0.9023254769763149
GradientBoosting,4,O Deus dos bolsonarentos é mamon. Tudo fariseu.,0,1,FP,0.9124935591980173
GradientBoosting,4,Sei que não se muda o voto de ninguém isso e livre!mas votar no pt e ser conivente com as milhares de mortes nos corredores dos hospitais  por falta de dinheiro pra saúde e ser conivente com a miséria que era oferecido aos nordestinos e prejudicar o futuro dos meus filho e do seu que vota no pt isso não e uma afronta com quem vota no pt e sim um pedido se vc não pensar nos meus filhos pensem nos seus filhos e sobrinhos que vão herda a sua escolha pense nisso e quando vc estiver velho não só se arrependa também tenha coragem de falar pra eles e o presente deles foi vc que escolheu no passado.,0,1,FP,0.9524270045227523
GradientBoosting,4,O fodendo valer branco,0,1,FP,0.6647398141668327
GradientBoosting,4,Hj em nome de Jesus venceremos o mal poderemos dizer Lula nunca mais,0,1,FP,0.7170725482682158
GradientBoosting,4,"O modo como os homessexuais são tratados pela mídia muitas vezes é desnecessário, o cidadão precisa ser tratado com caráter assim como os demais",0,1,FP,0.9378578906472949
GradientBoosting,4,"O país é laico  . Lula não vive com o nome Deus usando na boca. Como vejo certo candidato fala o nome Deus , mas , rouba , mente , debocha de quem morreu pela COVID ( sem empatia cristã ) , tem várias mulheres e divórcios , onde o cristianismo proibi o divórcio . E tanta merda ...  E ainda adora imagem que minha vó diz que quem adora imagem tá adorando o satanás .",0,1,FP,0.702628938478015
GradientBoosting,4,"Em boa parte existem pessoas mais leigas, o que é uma lástima. Mas infelizmente muitos ainda não enxergam que o PT só usa boa parte como massa de manobra, mas aqui ainda tem muita gente que deseja expurgar esse mal daqui. Obs, parem de chingar os nordestinos, outra coisa, sou do extremo Sul da Bahia e aqui a maioria são Bolsonarista. Grata!",0,1,FP,0.7637166822440551
GradientBoosting,4,"1° Turno contra a Globo, contra todos os jornais, contra o Chandão, contra todos dos STF, contra todas as pesquisas malignas, contra a esquerda do mal....... O cara é Mito mesmo e único. O cara é foda. Fico emocionado em prantos se isto acontecer :folded_hands:.",0,1,FP,0.8160457157726105
GradientBoosting,4,"4 DEPUTADOS FEDERAIS  MAIS VOTADOS PARANÁ
DELTON
FELIPE BARROS
GLEICE
BETO PRETO 
2 PETISTAS",0,1,FP,0.9410415497549374
GradientBoosting,4,"Ele confiou nas forças armadas..... Bolsonaro é muito direito e passivo, gosta de usar a linha certa. Por isso deitam e rolam nele",0,1,FP,0.8005107304671987
GradientBoosting,4,Todos os estados reclamando que a esquerda nunca teve tanto voto,0,1,FP,0.5695121207845689
GradientBoosting,4,Nada de generalizar deve ser a ovelha negra onde passa kkk vai toma uma que passa João kk fi do Lula kkk,0,1,FP,0.8097796841688718
GradientBoosting,4,"Para com isso gente, porque se voces não são nordestinos e tem este pensamento, e nao conseguiram ganhar uma eleição, o Nordestino ganhou! E desta forma como voces que não sao nordestino agindo e falando desta forma para o segundo turno no nordeste, a gente vai perder até os poucos votos pra Bolsonaro que ja temos!",0,1,FP,0.8781888102777416
GradientBoosting,4,"Gente, não vamos culpar o povo. Eu duvido q o nordestino deu essa rasteiras Bolsonaro! Com certeza q é fraude!",0,1,FP,0.7182479334872185
GradientBoosting,4,"Av. Paulista ao vivo pela CET :

NENHUM lulista comemorando !
Cadê os 47,6#% ?????",0,1,FP,0.7395288908777016
GradientBoosting,4,"O narcotráfico manda aqui, eles estão por traz de muitos políticos e  dos deuses do Olimpo",0,1,FP,0.8204183817735722
GradientBoosting,4,"Agora, é aguardar uma posição do presidente. Só ele tem o poder. Acabar com esta palhaçada de jogar dentro das quatro linhas.
Basta de bancar o cordeiro.
Basta de ser idiota.",0,1,FP,0.7787970708798392
GradientBoosting,4,"Se querem um pais melhor, mais rico, com melhores condições de vida, mais empregos e melhores salários, já existe exemplos e modelos a serem seguidos, no caso da direita",0,1,FP,0.690157866274045
GradientBoosting,4,"Essa é família tradicional , respeitosa , que prima pelos bons costumes e defendem Deus . Na realidade são tudos uma bando de HIPOCRITAS .",0,1,FP,0.518391525305476
GradientBoosting,4,"VAMOS LUTAR PELO BRASIL DE NOSSOS FILHOS, NETOS, JOVENS E CRIANÇAS! FORA COMUNISMO!! :Japanese_symbol_for_beginner::Japanese_symbol_for_beginner::Japanese_symbol_for_beginner: NOSSA BANDEIRA JAMAIS SERÁ VERMELHA!!! DEUS, PÁTRIA, FAMÍLIA, LIBERDADE #Bolsonaro22",0,1,FP,0.7874701891635959
GradientBoosting,4,Infelizmente fomos roubados e o Brasil caiu nas mãos da esquerda e não o que fazer.,0,1,FP,0.5182014077757607
GradientBoosting,4,"O povo brasileiro covarde merece ser governador pela esquerda pois não terá coragem de enfrentar o congresso que quem resolve que tenhamos voto impresso no segundo turno é o congresso através da pressão imediata do povo 
Ingenuidade a nossa e a do nosso presidente em pensar que o sistema ia ficar dentro das 4 linhas 
Fizeram de tudo e o presidente na certeza que iria ganhar no primeiro turno se calou achando que manifestações por todo Brasil surtiria efeito de vitória",0,1,FP,0.7242461522736903
GradientBoosting,4,"Se apega ao espírito corrompido da época, para dizer que é intelectual. Por toda essa facilidade (Mídia, livros do mec) todo mundo seria intelectual.",0,1,FP,0.8925322765908503
GradientBoosting,4,"Você é caminhoneiro? Sim? Trabalha para alguém relacionado ao Luciano Hang (dono das Lojas HAVAN) ou a parentes dele? Sim? *Então o MP e o TRE decidem que quem trabalha para supostos bolsonaristas não pode ir votar para não ""dar voto"" para Bolsonaro!* Que importa se é O MAIOR CRIME POSSÍVEL CONTRA UMA DEMOCRACIA impedir qualquer cidadão de exercer a plena cidadania por meio do voto...

Nem presidiários assassinos de bebês são privados de votar!",0,1,FP,0.6381044683967838
MLP,0,"Marcelo Aro"" Não existe equívoco em votação "" no debate com o Cleitinho. Então, Marcelo vagabundo, você votou contra as pautas defendidas por Bolsonaro e pela direita, de propósito! :smiling_face_with_sunglasses::backhand_index_pointing_left:",0,1,FP,0.6598433098962923
MLP,0,Mais uma maneira das urnas roubarem o voto ... Repassem pra todos ... Vejam como a esquerda tenta voltar ao poder a qualquer preço... Fique  atento... :backhand_index_pointing_down_dark_skin_tone:,0,1,FP,0.9931334405344352
MLP,0,Eu não sou gay. Sou hetero e tenho namorada. Mas curto um papo com macho sabe falar uma putaria e tals,0,1,FP,0.9928484107251417
MLP,0,"OBRASIL VAI FECHAR 2022 COM UMA DIVIDA PUBLICA INTERNA DE 6 TRILHOES.
E PAGA DE JUROS AOS BANQUEIROS NA FAIXA DE 500 BILHOES AO ANO E O ORÇAMENTO DE 2023 CONSOME MAIS DE 50% DE JUROS DA DIVIDA. NAO VEJO OS CANDIDATOS DISCUTINDO ESSE BURACO NEGRO EM NOSSA ECONOMIA...",0,1,FP,0.9951910565564176
MLP,0,"*Essa nova 1ª ministra italiana não está para brincadeira.* 
*Mácron, a gazela francesa incapaz de pensar e decidir, já tomou a primeira pancada dela.* 
*E vem mais por aí.*

:backhand_index_pointing_down_light_skin_tone::backhand_index_pointing_down_light_skin_tone::backhand_index_pointing_down_light_skin_tone:",0,1,FP,0.5283895673977218
MLP,0,Vc consegue o vídeo que Bolsonaro pede pra parar de falar que Michele foi maconheira a vó traficante,0,1,FP,0.6611336389107356
MLP,0,"Lula é tão defensor dos pobres que não tinha um pobre no casamento dele .
Lula é tão defensor dos negros que não tinha um negro no casamento dele.",0,1,FP,0.9468658644255059
MLP,0,"Muito obrigado Igor. Antifas digitais, pessoas odiosas querem desidratar os grupos de direita porque sabem que vamos pro combate e venceremos. Todos esses canalhas cairão um a um, a começar pelo rato-mor de 9 dedos",0,1,FP,0.7979786298809541
MLP,0,"NO DIA 02 , SE VC DIGITAR O NUMERO DO TEU CANDIDATO E APARECER OUTRO . 
NÃO APERTE O BOTÃO VERDE , LEVANTE AS MÃOS E EXIJA A PRESENÇA DO JUIZ DE PLANTÃO QUE TEM A OBRIGAÇÃO DE TROCA E INTERDIÇÃO DAQUELA URNA . NÃO PRECISA CRIAR TUMULTO SERIA BOM QUE ALGUEM ESTEJA FILMANDO VC PARA EVIDENCIAR A EXIGÊNCIA QUE É DIREITO DO CIDADÃO  
A TROCA E INTERDIÇÃO DAQUELA URNA . 

INSTRUÇÃO DADA POR ADVOGADOS ESPECIALISTAS EM PROGRAMA JORNALISTICO DA JOVEM PAN DE BAURU NA MANHÃ DE 27/09/22.

COMPARTILHE . 
É A LUTA DO BEM CONTRA O MAL.",0,1,FP,0.9494150688549812
MLP,0,"Então...... 
Como eu disse bandido nunca teve dificuldade para ter uma arma
O problema é que vcs acham que bandido pode andar armado, enquanto um cidadão do bem não tem esse direito",0,1,FP,0.5155250330570746
MLP,0,"Como eu disse faz igual o Bozo, liga para o Temer.
Que vergonha alheia.
Normal do Bozo.....
Passar vergonha
Cadê o 7 de setembro,liga aí para o Temer. Kkkkkkkk",0,1,FP,0.975146243663925
MLP,0,Sao mentirosos eles sabe que se o lula ganhar a mamata deles vao acabar e vai ser o fim da jovem pan,0,1,FP,0.964370311650551
MLP,0,"Nāo esqueçam quem mandou você FICAR EM CASA. Quem tratou o cidadāo de bem como BANDIDO. FORACASAGRANDE. MANATO 22 , BOLSONARO 22, MAGNO MALTA 222, GILVAN DA FEDERAL 2222",0,1,FP,0.9997968834419706
MLP,0,"*CAROS CIDADÃOS E CIDADÃS DE BEM DA NOSSA NAÇÃO.*
VAMOS FAZER UMA FAXINA COMPLETA *NA CÂMARA DOS DEPUTADOS E NO SENADO FEDERAL,* E EXTIRPAR DA POLÍTICA, TODOS AQUELES QUE ERAM NOSSOS PROCURADORES, *E QUE NOS APUNHALARAM PELAS NOSSAS COSTAS.*
ALERTAMOS A TODOS OS CIDADÃOS E CIDADÃS DE BEM, *A NÃO CAMINHAR NA BEIRA DO PRECIPÍCIO,* DEIXANDO PARA VOTAR SOMENTE NO SEGUNDO TURNO.
*CONVOCAMOS SIM, A IR VOTAR DE VERDE E AMARELO NO DIA 02 DE OUTUBRO,* PARA QUE POSSAMOS *ARREMATAR COM CHAVE DE OURO,* COM A NOSSA VITÓRIA NO PRIMEIRO TURNO.

*BRASIL ACIMA DE TUDO E DEUS ACIMA DE TODOS.* :index_pointing_up::index_pointing_up::index_pointing_up:",0,1,FP,0.565662754163336
MLP,0,"Gigante ele vai ficar se não se aliar com marginais, pra cima Ciro quebre onde quebrar, Bolsonaro e Lula são iguais",0,1,FP,0.9854953648554436
MLP,0,"Bolsonaro triturou a cleptocracia unida, contra a verdade não existem argumentos.
A oposição corrupta unida se fudeu durante 4 anos inventando mentiras contra o presidente, sem que nenhum ilícito sequer tenha sido provado, tudo falácia, ilação infundada, falsa narrativa, bravata politiqueira, em nome do roubo em sequência que acontece desde o governo Sarney e que sempre foi escondida por essa mídia militonta, responsável por muita postura idiota, desse tanto de idiota que a gente ainda vê por aí depois de tanta merda que já aconteceu!!!

Esse debate maravilhoso, vem pra coroar e confirmar com chave de ouro, o único resultado aceitável para essas eleições, a reeleição do melhor presidente que esse país já teve, Jair Messias Bolsonaro!!!
:Brazil::Japanese_symbol_for_beginner::Brazil::Japanese_symbol_for_beginner::Brazil::Japanese_symbol_for_beginner:",0,1,FP,0.9999991607631822
MLP,0,"Um cidadão que se diz crente Apoiar um homem que é contra a família, contra a igreja, é um absurdo. É um Judas",0,1,FP,0.9475573571377374
MLP,0,O *genocida* é funcionário da década no inferno.,0,1,FP,0.8409340185171071
MLP,0,"Esse meu Presidente é um esculacho caracolis, desbundou essa ridícula, bem feito, ficou com cara de tacho. Olha a expressão dela de ódio, caracolis amo, amo esse meu presidente, bem feito para essa sujeita ridícula. Nunca mais ela vai querer se meter com presidente, eu acho melhor é ela se recolher a insignificância dela. Lamentável que essa boçal ainda terá mais 4 anos pra infernizar a nossa vida. Porque senão ela sairia já não só ela, como a Simone Tebet e muitos outros, que na próxima vão cair fora mesmo.",0,1,FP,0.9999999326536607
MLP,0,É bem capaz de Neymar ter cido cancelado mesmo porque a democracia só existe para a esquerda. Bastou o cara declarar voto a Bolsonaro para esquerda pegar no pé.,0,1,FP,0.5826890723719523
MLP,0,"Ainda tem uns imbecis que fala que o Lula não vai transformar o Brasil numa Venezuela.
Cada dia vemos exemplos não podemos ter liberdade de expressão!
Nenhum famoso pode escolher voltar no Bolsonaro!
A gente vê que as fake só rola quando o cara vai lá e a firma voltar no bolsonaro!
Contas nas redes sociais são fechadas!
E você só vê isso na direita só ver fechar contas de pessoas da direita! Isso é perseguição as provas estão aí.",0,1,FP,0.9975631765110884
MLP,0,":enraged_face::enraged_face::enraged_face::enraged_face:A Globo quer a *CANETADA* do LULA, quer aumentar o CAPITAL ESTRANGEIRO e precisa de CORRUPTO na Presidência.:enraged_face::enraged_face::enraged_face:",0,1,FP,0.8526906669402028
MLP,0,AQUI EM FLORIANÓPOLIS hoje de manhã no bairro Trindade uma motociata e carreata tudo junto e  misturado :heart_hands_medium_skin_tone::Brazil::Brazil::Brazil::Brazil::Brazil::Brazil::Brazil::Brazil::grinning_face_with_smiling_eyes:,0,1,FP,0.9218195619061945
MLP,0,"Ser conciente e' diferente, e' ver realidade.  Conciente sim, imbecil jamais.",0,1,FP,0.9999998786066268
MLP,0,":backhand_index_pointing_up: *Começou o choro: Ah tá…:clown_face:*

*Quem arrasta multidões é o Nine né Vovó Mafalda…*

*Negacionista que fala???:face_with_tears_of_joy::face_with_tears_of_joy:*

*Bateu o desespero nas redações!*

*Vai dar :keycap_2::keycap_2: no 1º Turno:Brazil::oncoming_fist_light_skin_tone:*

Canal
[USER]:Brazil:",0,1,FP,0.6206338117137963
MLP,0,Só que claro deixar pessoas morrerem era vantagem para a oposição para poder usar durante a campanha colocando toda culpa no presidente um preço baixo para a oposição pagar para poder tentar voltar ao poder alguns milhares de mortes sem precisar levar a culpa e ter isso como o maior trunfo de ataque ao presidente,0,1,FP,0.540056642231638
MLP,0,O problema seu demagogo hipocrita: a bandeira do brasil   Nunca foi valorizada pelo pt..a causa desse filho puta e o foro de São Paulo e a dominação da América Latina . Quando que Lula usou o verde e amarelo nas suas campanhas? Nunca,0,1,FP,0.9989747772595106
MLP,0,"Quem mora fora é rico. 

Gente que ganhou dinheiro só na época lula!",0,1,FP,0.8391642861741128
MLP,0,Olha o choro da esquerda :grinning_face::grinning_face::grinning_face::grinning_face:,0,1,FP,0.7854493586437871
MLP,0,"O presidente se reelegendo, vai criar condições para a direita ficar pelo l seis mandatos cuidando do país:Brazil:",0,1,FP,0.9958742490824966
MLP,0,"Tá chegando a hora de Deus nos libertar dessa praga.
Só trouxe desgraça para o Brasil.
Ainda tem jente da mesma laia q vota num cão desse",0,1,FP,0.9878843155116985
MLP,0,"O povo nordestino é o mais hospitaleiro e que tem maior gratidão. Jamais o ladrão Lula tem maioria com eles.
Se eu fosse o Bolsonaro desistia, porque vão roubar de qualquer maneira.
Fraude nas urnas.",0,1,FP,0.9975987415672045
MLP,0,"Sai de ré satanás , quem ri por último ri melhor , vc ainda não ganhou nem roubando , e nem vai ganhar . Pq a luz sempre vence .",0,1,FP,0.9948690117540839
MLP,0,"Primeiramente vc tem que conhecer a maçonaria antes de falar merda!!! A maçonaria não e uma religião, A maçonaria e uma instituição que uni diversos conceitos diferentes. Hoje na maçonaria tem cristão, espíritas, judeus, católicos. Outra coisa ! Pelo fato do bolsonaro ter visitado a maçonaria não significa que ele seja maçom.  Se for assim lula e macumbeiro por visitar terreiros de macumba e receber santos dos macumbeiros:man_shrugging_light_skin_tone::man_shrugging_light_skin_tone::man_shrugging_light_skin_tone:",0,1,FP,0.9999854877979937
MLP,1,"e uma VERGONHA pro  MS,  se vendeu pra China,  vc viu o comentário dela  no último debate, só por Deus.",0,1,FP,0.9998876803334151
MLP,1,Dizem qui o nordestino é com o lula... vai vendo Brasil...:face_with_hand_over_mouth::face_with_hand_over_mouth::face_with_hand_over_mouth::face_with_hand_over_mouth::Brazil::Brazil::Brazil::Brazil::Brazil:.,0,1,FP,0.9998155434481708
MLP,1,"Partido político por quê teria sindicato ja vi que voceis não conhece a impotancia de um sindicato. Se o pt tivesse um sindicato eu seria filiado a muito tempo, sou o fundador do PT em Andirá é filiado desde 1990. Não é toa que Paraná é o estado mais atrasado politicamente.",0,1,FP,0.9999981755598232
MLP,1,"Socialista, mas o modelo de socialismo deles é diferente do modelo Sovietico, por exemplo...

Se fosse implantado aqui, não seria nenhum desses modelos...

Seria um modelo que levaria em conta a cultura brasileira.",0,1,FP,0.9993813163647706
MLP,1,"Essa é a Colinha pelo Bem do Brasil e do Espírito Santo!!! Se você Confia em mim, entenda: Guerreiro Patriota Combativo vota em Guerreiro Patriota Combativo... Não podemos votar por votar... Por esses eu ponho a mão e o corpo no fogo há anos sem ganhar nenhum centavo!!! 22 neles!!! Se quiser essa Colinha em Papel, eu também tenho!:flexed_biceps::Brazil: É na hora da decisão que traçamos nosso destino... Chegou a hora!!! Vamos Salvar o Brasil!!! :green_heart::yellow_heart::raising_hands: DEUS, PÁTRIA, FAMÍLIA E LIBERDADE!!!",0,1,FP,0.6219470911084479
MLP,1,O gado ver todos os países mais não ver o Brasil ai fica difícil  muuuuuuuuuuuuu:ox::water_buffalo:,0,1,FP,0.9974292053282202
MLP,1,"O voto é uma arma disponível e convida você a fazer um suicídio, não aponte o calibre *13* para sua própria cabeça. Não  haverá família nuclear, não haverá nova geração (aborto) não haverá naturalidade biológica ao nascimento, não haverá direto a crença religiosa (Religare), não haverá liberdades democráticas.
Dito isso, lute contra o verdadeiro discurso de ódio, travestido em anúncio de amor que conduz ao inferno (sheol).

_Janbres Shepherd_",0,1,FP,0.8161466733417242
MLP,1,Alguma vantagem.... conheço um dono de oficina msm que é petista doente ....quando a prefeitura ganha alguém do PT os consertos de carro faz exclusivamente lá,0,1,FP,0.968743449239486
MLP,1,"primeira vez que vejo padre fake News, esse bozo e forte:rolling_on_the_floor_laughing::rolling_on_the_floor_laughing::rolling_on_the_floor_laughing::rolling_on_the_floor_laughing:",0,1,FP,0.7778938148610467
MLP,1,CIRO Gomes exculachou o vagabundo Ao VIVO TRAIDOR DA PÁTRIA :rolling_on_the_floor_laughing::rolling_on_the_floor_laughing::rolling_on_the_floor_laughing::rolling_on_the_floor_laughing::rolling_on_the_floor_laughing::rolling_on_the_floor_laughing::face_with_tears_of_joy::face_with_tears_of_joy::face_with_tears_of_joy::face_with_tongue::face_with_tongue::smiling_face::smiling_face::winking_face_with_tongue:,0,1,FP,0.5074437405596708
MLP,1,COMPARTILHEM SEM PENA IRMÃOS OS CANDIDATOS ARMAMENTISTAS DE TODAS AS CIDADES DEUS ABENÇOE A TODOS.,0,1,FP,0.9050891044947409
MLP,1,Ainda bem que tem o padre pra fazer um exorcismo nesse cara do capeta,0,1,FP,0.9559189012729277
MLP,1,"*""DATAPADRE""*
(Fred Henrique Gadonski)

Foi chamado num debate,
Em frente à televisão,
Um estranho sacerdote,
Um tal de padre Kelmon,
Envergando a batina,
Acendeu a lamparina,
E pôs luz na escuridão!

Esse é mais um episódio,
Da história do Brasil,
Quando aumentou o sódio,
A hipertensão subiu,
Quase que tirou a roupa,
Espumando pela boca,
Bonner foi no rivotril!

Esse tipo de atitude,
Às vezes é necessário,
Apontou a ilicitude,
Do antigo mandatário,
Botou fogo no parquinho,
Pegou pelo colarinho,
Muito macho esse vigário!

O padre bateu tão duro,
No candidato sem dedo,
Pra preservar seu futuro,
Domingo não tem segredo,
É manter o capitão,
Comandando a nação,
VINTE E DOIS, não tenha medo!

Datafolha é uma furada,
Pelas ruas ninguém viu,
A pesquisa é uma cilada,
Fique esperto com o ardil,
Vou ficar com o ""Datapadre"",
No domingo, 'cê' já sabe,
VINTE E DOIS, pelo BRASIL!",0,1,FP,0.9999622705072317
MLP,1,"Meu resultado final do debate na [USER]
Bolsonaro reeleito,
Lula acabado, 
Padre aumenta fiéis,
D'ávila, Soraya, Simone volta ao ostracismo,
Ciro volta em 2026 (não sei pra quê)
Globo fecha e Bonner desempregado!!",0,1,FP,0.993495727221582
MLP,1,"A última esperança do ""gopi do Bozo"" se foi...:rolling_on_the_floor_laughing:",0,1,FP,0.9918162377244178
MLP,1,Entreguista traidor da pátria,0,1,FP,0.5810005434215175
MLP,1,Misericórdia que Deus tenha misericórdia do nosso Brasil :loudly_crying_face::loudly_crying_face::loudly_crying_face:.    Oh Deus livra o nosso Brasil :Brazil::Brazil: de todos esses espíritos satânica :raising_hands::folded_hands::raising_hands:,0,1,FP,0.9971666632539768
MLP,1,"Mas quem tem problemas na justiça não pode ser dizer contra a corrupção e cidadão de bem.
É como esses políticos corruptos que o mito se aliou, tá no partido de um cara condenado no mensalão.
Eu não gosto de passar pano não.
Se o mito errar tem que ir pra cadeia tb, chega de corrupção no Brasil.

Eu não gosto de ver esse monte de apoio de gente cheia de problemas junto com o mito não. Me perdoe, mas me incomoda bastante",0,1,FP,0.9948888646228117
MLP,1,A turma de esquerda já esta tudo murcha cadê eles a vaca já foi pro brejo kkkkkkkkkk,0,1,FP,0.9978371923466948
MLP,1,"Posso ter defeitos, viver ansioso e ficar irritado algumas vezes, mas não esqueço que minha vida é a maior empresa do mundo. E que posso evitar que ela vá à falência.
Ser feliz é reconhecer que vale a pena viver, apesar de todos os desafios, incompreensões e períodos de crise.
Ser feliz é deixar de ser vítima dos problemas e se tornar autor da própria história.
É atravessar desertos fora de si, mas ser capaz de encontrar um oásis no recôndito da sua alma.
É agradecer a Deus a cada manhã pelo milagre da vida.
Ser feliz é não ter medo dos próprios sentimentos. É saber falar de si mesmo. É ter coragem para ouvir um “não”. É ter segurança para receber uma crítica, mesmo que injusta.
#PROJETOXANDER360
FACEBOOK 
XANDER OLIVEIRA
PÁGINA
XANDER36O A FESTA
INSTAGRAM
[USER]
PÁGINA
GUERREIRAS DO BRASIL XANDER36O
WATZAP
21964306836

#SEPARADOSOMOSFORTEJUNTOSSEREMOSIMBATIVEIS:Brazil:",0,1,FP,0.6883969734428729
MLP,1,"*Eleitor que não estiver satisfeito ou se sentir constrangido por ser obrigado a votar na urna eletrônica pode e deve fazer constar na ata da seção sua insatisfação*

Caso você esteja nessa situação, solicite ao mesário responsável para que anote na sua frente as seguintes informações:

Eu, _____, estou sendo obrigado pela Justiça Eleitoral a votar contra a minha vontade em um equipamento inapto e incapaz de atender às exigências Legais e Constitucionais, que impõe a necessidade da contagem pública dos votos. A utilização das urnas eletrônicas sem impressoras afronta os artigos 14 e 37 da Constituição Federal, os artigos 220 e 221 do Código Eleitoral e o artigo 7º da lei 1079 1950, que criminaliza a violação do escrutinio, não estando portanto em conformidade com o ordenamento jurídico vigente no País.",0,1,FP,0.5509517935149449
MLP,1,"Olham só a diretora da escola entregando os santinhos da esquerda na fila de votação no dia das eleições, favor alguém pode entregar essa pilastra da diretora para a justiça!",0,1,FP,0.9451536828307313
MLP,1,E normal mentir da sua parte né? Vcs já estão acostumados!:rolling_on_the_floor_laughing:,0,1,FP,0.5205600479426332
MLP,1,"Leva nossos problema para fora

 Cartazes da cara de  Lula e Bolsonaro 

Roupa suja se lava em casa não é levar para os outros",0,1,FP,0.9604110679774566
MLP,1,"Boa tarde, complexo de vira lata, acho a minha pátria e o Brasil, portanto, boa ou ruim é o meu lugar, puxar saco de americano não vai resolver nada, precisamos corrigir nossos defeitos , e parar de achar que o Brasil só tem coisa ruim, ou vcs acham que na América não te favela, não tem fome, não tem corrupção, claro que tem, só não fazem propaganda da desgraca igual nos",0,1,FP,0.9999629516152658
MLP,1,"Bozo vacilou 
Nao acompanhou a fiscalizacao serrada das urnas 

O SISTEMA FEZ A MANIPULAÇÃO PROGRAMOU ELA PARA  QUE O SISTEMA VENCESSE

EU PENSO QUE ELES LEVARAO PARA O 2° TURNO PARA NAO FICAR TAO ESCANCARADO A FRAUDE

NO SEGUNDO TURNO O SISTEMA FECHARA O NOSSO CAIXAO.

SINTO MUITO EM DIZER

O SISTEMA VAI TIRAR BOZO DO PODER CUSTE O QUE CUSTAR

ELES VIERAM PRA ISSO BOZO FOI INOCENTE

EU ESPERO QUE EU ESTEJA ERRADO,

QUERO MUITO VER O PT SER DESTRUÍDO,
E 9 DEDOS TAMBEM

MAS ELES SAO UM SISTEMA DE MAIS DE 30 ANOS 

ELES TEM MAIS VONTADE DE VOLTAR AO PODER DO QUE BOZO VENCER

NA MINHA HUMILDE OPINIAO FALTOU BOZO BOTAR QUENTE NA FISCALIZAÇAO DE URNAS",0,1,FP,0.9784955322261213
MLP,1,"Não generalizando, mas a maioria gostava da mordomia de receber bolsa familia de 130 reais e não ir trabalhar!! Por isso querem Lula de volta. Ah tnc enquabto uns querem empregos eles so querem voltar pro mundo preguiçoso",0,1,FP,0.8949234599799889
MLP,1,"Sempre fraudaram as eleições desde a época do boto tucuxi nas cédulas de papel até as urnas fraudaveis por hackers como aconteceu em 2014 e 2018 e confirmado agora nesse primeiro turno. 
Tá tudo muito bem claro, é só você analisar a grande rejeição do pedófilo corrupto árabe e a grande multidão que acompanha o Bolsonaro contra as vaias que o ladrão de nove dedos recebe em todo o lugar por onde passa. 
Tá tudo muito bem claro. 
Não adianta apenas votar.",0,1,FP,0.7689955411413599
MLP,1,Só que as pessoas têm que parar de ofender o nordeste e principalmente a Bahia nós precisamos desses votos que é muito importante provavelmente aconteceu alguma fraude lá também nós não podemos ficar xingando os nordestinos nem muito menos os baiano,0,1,FP,0.9986412206681832
MLP,1,O  DIABO   COMEMORA   ! MAS    VAI   SER  POR  POUCO   TEMPO   ! A  DECISÃO   SERÁ   NO   2 TURNO   !  OS  TRAIDORES   AGUARDEM   !:goblin::goblin::goblin::goblin::goblin::goblin:,0,1,FP,0.9861569904106194
MLP,1,"Ninguém ninguém sabe o q aconteceu nas urnas, já anoite, ainda cheias de pessoas pra votarem

Só Deus sabe de tudo !!!",0,1,FP,0.6579615307522347
MLP,1,VEJAM NOSSA FORÇA. ENGRAÇADO QUE SÓ A GENTE TA PESSIMISTA. OLHA A MIDIA SUJA? OLHA A IMPRESSÃO DELES?,0,1,FP,0.9869804935946824
MLP,2,Jornalista toma uma invertida de uma senhora nordestina,0,1,FP,0.9999277867898011
MLP,2,"*VERDADE REVELADA -* Ninguém te prometeu nada. Muitos fazem planos para o amanhã. Mas quem te falou, que vai ser do seu jeito amanhã. *A VERDADE em APOCALIPSE 3:8*  Conheço as suas obras. Eis que coloquei diante de você uma porta aberta que ninguém pode fechar. Sei que você tem pouca força, mas guardou a minha palavra e não negou meu nome. O mestre *JESUS* é o caminho da *VERDADE* e da *VIDA.          JAKISON BRITO*",0,1,FP,0.9289606893676617
MLP,2,":thinking_face:QUERIDOS ""IRMÃOS E AMIGOS"". É BOM COMPATILHAR-MOS:backhand_index_pointing_up_medium-dark_skin_tone:ISSO:COM TODOS NOSSO CONTATOS. PORQUE: SE ACONTECER ESSE ESSA NOTÍCIA FALSA. ESTAMOS SABENDO DE ANTEMÃO. E DESCARTAREMOS OK. O :smiling_face_with_horns: É ESTUTO. MENTIROSO!, E ""PAI DA ""MENTIRA"".:backhand_index_pointing_right_medium_skin_tone:João.8.44 e ele usa seu filhos Mentirosos, para espalhar, Boatos,e Mentiras. APOCALIPSE.20.8 e os Cegos espirituais Acreditam, e Compartilham. :thinking_face:  SE POFMR ACASO NÃO ACONTECER ISSO: DESCARTEM O VÍDEO. AMÉM?  EXCELENTE DIA! NA PAZ DO SENHOR JESUS! QUE E
LE: CONTINUE, VOS ABENÇOANDO!",0,1,FP,0.998487208767992
MLP,2,Não vamos esquecer esse cidadão.,0,1,FP,0.8006652693263993
MLP,2,"Vamos votar por amor ao nosso país e ao nosso #PresidenteBolnaro. E Deus nos honrará para o bem de nossos pequenos. Deus é Suplemo e Soberano. Vigiar é necessário,temer  nao",0,1,FP,0.6849535296032833
MLP,2,"Quando você Capixaba for votar no Casagrande, lembre-se deste vídeo. Um governador que quebrou vários comércios e destruiu muitas famílias não pode ser reeleito.
Acorda Espírito Santo!
Não reeleja Casagrande, repasse sem dó. Lembra do: FIQUE EM CASA? Agora ele vem com: FIQUE EM CASA *SE PUDER* hipócrita mentiroso.
 Um dos pouquíssimos ou o único estado da federação que vota num presidente de direita mas prefere continuar votando num governador comunista de esquerda :enraged_face::enraged_face::enraged_face::enraged_face: . Vote num governador que apoia Bolsonaro. Assim teremos inúmeros recursos a mais. Vote Manato 22 :Brazil::Brazil::Brazil:",0,1,FP,0.5173351685008722
MLP,2,"*Compartilhe o em seus grupos*

Veja só a estratégia diabólica que os candidatos a *Deputado da ESQUERDA e os ISENTÕES* estão fazendo para não reeleger o Capitão Assumção.",0,1,FP,0.9998309180877126
MLP,2,Bom dia! Vocês sabem que lula se inspira em Fidel castro e CheGuevara com certeza. Mas vocês sabem como eles trataravam negros e gays?,0,1,FP,0.9999999353317208
MLP,2,"Se for Bolsominion e não tiver o coração :red_heart: forte, não assista :backhand_index_pointing_up::face_with_tears_of_joy::face_with_tears_of_joy::face_with_tears_of_joy::rolling_on_the_floor_laughing::rolling_on_the_floor_laughing::rolling_on_the_floor_laughing:",0,1,FP,0.9999505396073054
MLP,2,NÃO ADIANTA A INJUSTIÇA FALAR. BRASILEIROS  DE DIREITA NÃO TEM JEITO COM ELES.,0,1,FP,0.9999720402607521
MLP,2,"Meus amigos!
Quanto a nossa “guerra” doméstica, já era esperado uma enxurrada de mensagens alarmantes nesta semana que antecede as eleições,  estas, sem dúvida, uma tática desesperada da esquerda para desestabilizar os eleitores, principalmente os partidários de direita.
Assim, antes de me desligar por uns dias do nosso grupo (viagem), gostaria de compartilhar este elucidativo áudio do Cel Av RR Jefferson, oficial altamente especializado nos assuntos relativos à Política Nacional (chefiou o Curso de Política e Estratégia Aeroespaciais da ECEMAR), com mestrado na área de Defesa da UNIFA e nos EUA.
Um forte abraço a todos.
*Deus, Pátria, Família*",0,1,FP,0.9178050685025128
MLP,2,Vídeo que a esquerda não gosta.,0,1,FP,0.7558843971114841
MLP,2,Para as fazendas de gado do Lula e Dilma ele fecha os olhos.,0,1,FP,0.7539103008733583
MLP,2,Patriotas...confesso que não vou ter estômago pra instalar a globo na minha tv pra assistir o debate hj....imaginam o bombardeio??....,0,1,FP,0.9439274603965059
MLP,2,Uma vergonha um esquerdista mandou um padre ir pro inferno :man_facepalming_medium-dark_skin_tone:,0,1,FP,0.9845182391533409
MLP,2,meu amigo....e quem é que não esta doido para dar umas porradas nesse vagabundo....:face_with_raised_eyebrow::face_with_raised_eyebrow::face_with_raised_eyebrow::face_with_raised_eyebrow:...até os petistas querem arrebentar ele...:smirking_face::smirking_face:,0,1,FP,0.9994817051609483
MLP,2,NOS   DA  POPULAÇÃO   DO BEM    VAMOS   SAIR   DA  FILA  DOS  QUE  RECLAMA   E  DIA  2 DE  OUTUBRO   DE  2022  VAMOS   ENTRAR   NA  FILA   DOS  QUE  FAZEM   !  VAMOS   MOSTRAR     PARA  ESTA   ESQUERDA   DO  DIABO   QUE  TODO  PODER   EMANA DO POVO   !  VAMOS   TODOS JUNTOS E MISTURADOS   VOTAR  EM  CANDIDATOS   DA  DIREITA   E  VAMOS   VARRER   DO  NOSSO BRASIL   ESTA  ESQUERDA   SATÂNICA  !:thinking_face::thinking_face::thinking_face::thinking_face::thinking_face::thinking_face:,0,1,FP,0.9995902879944029
MLP,2,"*QUANDO AQUELE ESQUERDISTA CHATO FALAR QUE BOLSONARO NÃO FEZ NADA NO SEU MANDATO , POR FAVOR MOSTRE ESSE VÍDEO PRA ELE !*",0,1,FP,0.9998721450247283
MLP,2,"GENTE AMIGA E  IRMÃS BOLSONARIANA,  A COISA VAI FICAR SEM CONTROLE,  GUERRA CIVIL MESMO....VAMOS CLAMAR A DEUS!!!!",0,1,FP,0.793862809543447
MLP,2,Lutemos por dias melhores... um bom voto a todos todas e todes,0,1,FP,0.999987740474279
MLP,2,Serei o cidadão mais feliz se o *Padre de festa de São João* ultrapassar o verme. :rolling_on_the_floor_laughing::rolling_on_the_floor_laughing::rolling_on_the_floor_laughing::rolling_on_the_floor_laughing::rolling_on_the_floor_laughing::rolling_on_the_floor_laughing::rolling_on_the_floor_laughing:,0,1,FP,0.9986060393496874
MLP,2,":latin_cross::Brazil::latin_cross::Brazil::latin_cross::Brazil::latin_cross::Brazil::latin_cross:
*Uma oração a ser feita repetidas vezes hoje:*

*SENHOR, DEUS PAI-MÃE* 

*LIVRE O BRASIL DO COMUNISMO E DESARTICULE TODA E QUALQUER AÇÃO DO MALIGNO  NESSAS ELEIÇÕES.*

*LIVRAI-NOS, OH DEUS, DOS NOSSOS INIMIGOS E NÃO PERMITA QUE O MAL PREVALEÇA EM NOSSO PAÍS.*

*LIVRAI-NOS, OH DEUS, DO FLAGELO DO COMUNISMO, DO ABORTO, DA PERVERSÃO, DA CORRUPÇÃO, DA DITADURA E DA NOVA ORDEM MUNDIAL.*

*PROTEJA NOSSOS FILHOS, NOSSAS  FAMÍLIAS, NOSSAS CASAS, NOSSA PÁTRIA E NOS CONDUZA PELA PORTA ESTREITA ATÉ A VIDA ETERNA.*

*QUE OS ANJOS DO SENHOR ESTEJAM GUERREANDO EM NOSSO FAVOR.*

*PEÇO EM NOME DO TEU FILHO AMADO, JESUS CRISTO*

*AMÉM!*",0,1,FP,0.9995878839189904
MLP,2,"Agora terminou de acabar com o GP 
Com mais uma desgraça  aparecendo.
Esse ai é o segundo bolsonario um cão em forma de pessoa.
Deus nos livre dessas maldições",0,1,FP,0.9999604130467071
MLP,2,Esse ai se ficasse ia acabar com a nação brasileira menos os babão dele,0,1,FP,0.999203489144778
MLP,2,"Deveríamos lutar e dividir o país em 2, quem quer viver com ladrão socialista q viva com eles, quem quer a direita, família, Deus que fiquemos só lado direito.
Sou professora e não aguento mais essa porcaria de ideologia de genero",0,1,FP,0.9999687715418463
MLP,2,"Gente, sou do Piauí. E garanto que a grande maioria dos amigos e familiares em peso são Bolsonaro. Estou aqui destruída. Já chorei tanto :loudly_crying_face::loudly_crying_face::loudly_crying_face: É um inferno esse PT em nosso Estado. Com certeza essas urnas foram manipuladas em todos os estados e principalmente no Nordeste, onde eles tem mais controle. É revoltante. Tô sem chão :loudly_crying_face::loudly_crying_face::loudly_crying_face::loudly_crying_face::loudly_crying_face::loudly_crying_face:",0,1,FP,0.8553163258026552
MLP,2,"*Parabéns patriotas, bolsonaristas e povo cristão brasileiro. Diante das pesquisas, fomos grandes vitoriosos. Agora, aquela multidão de deputados e senadores, comprando voto e gastando com o eleitorado não existe mais. A votação do ex presidiário cairá bastante. Nossa luta contra o mal dessa facção criminosa e imoral; continua. A vitória é nossa... Brasil acims de tudo e Deus acima de todos* :Brazil::Brazil::Brazil::Brazil::Brazil: :keycap_2::keycap_2: neles.",0,1,FP,0.9997357871723822
MLP,2,"Bom dia patriotas. Acredito que o jogo não acabou. Nosso presidente ,para provar a fraude precisa-se de elementos, com esse primeiro turno o presidente tem como provar a fraude. O exército está trabalhando nisso. Não acredito que o presidente  fosse ser tão bobo, afinal ele sabe muito bem as consequência disso para ele e aliados. Para a esquerda não importa o senado é a câmara terem sido eleitos na maioria de Bolsonaro ,pois eles no poder não vão respeitar mesmo. Nosso presidente tem uma cartada para derrubar esse primeiro turno todo. Acreditem , tenham fé,  Deus é nossa força.",0,1,FP,0.9668296435355275
MLP,2,"São estas informações que ou é por ingenuidade, ou é algum esquerdista que posta para nos confundir, e aí somos acusado propagar as tais fak News",0,1,FP,0.53076359917321
MLP,2,"Porém, em 1935, quando o Duce publicou o programa A Doutrina do Fascismo, ele já se declarou como extrema-direita, colocando: ""Somos livres para acreditar que este é o século da autoridade, um século tendendo para a 'direita', um século fascista”.",0,1,FP,0.8671920537499683
MLP,2,Exatamente! Ela quer nos desanimar. Isso é  tática esquerdista. Vem de mansinho para desanimar o povo. Mas aqui não vai conseguir. Estamos unidos com o nosso capitão,0,1,FP,0.9978844341546956
MLP,2,"Se cada bolsonarista arrastar, convencer o voto de um indeciso/voto em branco a gente ganha essas eleições.",0,1,FP,0.8020116646811455
MLP,2,"Fica não, sou paulista nascido e criado em são José dos Campos.
Tenho 2 cunhados nordestinos, minha sogra é nordestina e uma centena de amigos nordestinos",0,1,FP,0.9890128953145931
MLP,3,Devem ter ganho uma verba bem gorda para produzir o mesmo.,0,1,FP,0.999350867617315
MLP,3,Dia 8 de Outubro - Dia do Nordestino - Parabéns e um forte e calouroso abraço.,0,1,FP,0.6771567065296409
MLP,3,":backhand_index_pointing_up: *Palavras de uma viciada* :pensive_face::pensive_face::pensive_face::pensive_face::pensive_face::pensive_face::pensive_face::pensive_face::pensive_face::pensive_face::pensive_face::pensive_face::pensive_face::pensive_face::pensive_face:

Deus, Pátria e família :Brazil:

Bolsonaro 22.",0,1,FP,0.8723168856178235
MLP,3,"Vc está descrevendo o capitalismo...

Proletariado, no sistema capitalista é apenas o escravo moderno. 

Com a diferença que o burguês te usa para produzir e depois te usa para comprar as coisas que produz...",0,1,FP,0.9972147794796841
MLP,3,"PATRIOTAS, fico preocupado com jornalistas do calibre o Reinaldo Azevedo que era de direita e hoje ataca o nosso Mito.",0,1,FP,0.996940827523112
MLP,3,Você sabe que não foi o Bozó que criou o PIX né fraquejada? Ele nem sabia do que se tratava,0,1,FP,0.9975041566894044
MLP,3,Jejum e oração :folded_hands: vamos colocar fogo no satanás e botar pra correr!,0,1,FP,0.6533566953653774
MLP,3,Pra quem não sabe o q se esperar de um país q é governado pela esquerda. Assiste aí e veja o arrependimento dos colombianos!!  :eyes::flushed_face::melting_face:,0,1,FP,0.6183542132954883
MLP,3,O pau tá quebrando  até no Jardim de infância  :face_with_tears_of_joy::face_with_tears_of_joy::face_with_tears_of_joy::face_with_tears_of_joy::face_with_tears_of_joy::face_with_tears_of_joy: sobre política dizendo que o Luladrão  é ladrão.   Nova geração!! :folded_hands_light_skin_tone::folded_hands_light_skin_tone:,0,1,FP,0.9999999995349043
MLP,3,"VERDADE É MAIS UMA ARMADILHA DA ESQUERDA E O GRUPO JÁ TEM MAIS DE 100MIL PESSOAS. 

EU SAÍ A TEMPO:enraged_face:",0,1,FP,0.8905909609501356
MLP,3,"O que é ser Bolsonarista?!
 Bolsonarista nada mais é que um grupo expressivo de brasileiros cansados da safadeza de políticos sujos, corruptos, gananciosos, Desqualificados...
Ser Bolsonarista é apoiar  uma política limpa, transparente,  é lutar por um país melhor para as próximas gerações. 
 Sinto orgulho de fazer parte deste grupo seleto, inteligente, consciente...
DEUS, PÁTRIA E FAMÍLIA. 
É Jair ou já era.                                    #FechadoComBolsonaro2022:smiling_face_with_heart-eyes::flexed_biceps::sparkling_heart::Brazil:",0,1,FP,0.9868015314969197
MLP,3,"Se você quiser comprar 51 imóveis, junte todos os seus familiares ( tios, tias, primos, irmãos,filhos,cunhados, etc..etc..) e trabalhe durante 32 anos. Se você quiser ficar milionário, dê palestras, venda Avon e limpe bosta de elefante no zoológico de SP.....:deaf_man_light_skin_tone:",0,1,FP,0.7745557665330705
MLP,3,"Como sempre ele será metralhado, quem tem fé em Deus o demônio não chega perto.:folded_hands::folded_hands:",0,1,FP,0.8553176622997428
MLP,3,Eu tenho um primo meu que e mesario fraude acontece tanto pra esquerda tanto pra Direita a forca armadas nao fiscaliza todas as urnas,0,1,FP,0.5041771854598833
MLP,3,Tebet tem tanto ódio do presidente que chamou a puta de presidente,0,1,FP,0.9881184718960798
MLP,3,":thinking_face:EU: GILMÁRIO!. :thinking_face:ACHO: IMPOSSÍVEL, AQUELES QUE: ""NASCERAM DENOVO!"", QUE VIVEM EM ""NOVIDADE DE VIDA"":backhand_index_pointing_right_medium_skin_tone:Romanos.6.4,5 SÃO::backhand_index_pointing_right_medium_skin_tone: ""GUIADOS NA VERDADE!:backhand_index_pointing_right_medium_skin_tone:João. 16.13:backhand_index_pointing_right_medium_skin_tone:SÃO FILHOS DE DEUS.:backhand_index_pointing_right_medium_skin_tone:Romanos8.14 :thinking_face:APOIAREM:backhand_index_pointing_right_medium_skin_tone:""ENTIROSO"":backhand_index_pointing_right_medium_skin_tone:""LADRÃO:backhand_index_pointing_right_medium_skin_tone:""HOMICIDA"",:backhand_index_pointing_right_medium_skin_tone:ABORTISTA"", :backhand_index_pointing_right_medium_skin_tone:DESTRUIDOR DAS FAMÍLIAS, COM: "":backhand_index_pointing_right_medium_skin_tone:IDEOLOGIAS DE GÊNEROS"", :backhand_index_pointing_right_medium_skin_tone:""EROTIZAÇÃO, E :backhand_index_pointing_right_medium_skin_tone:IDIOTIZAÇÃO DE CRIANÇAS"":backhand_index_pointing_right_medium_skin_tone:João.10.10 :thinking_face:LEMBRANDO QUE: :backhand_index_pointing_right_medium_skin_tone:Provérbios.15.3 :backhand_index_pointing_right_medium_skin_tone:Naum.1.2,3 :backhand_index_pointing_right_medium_skin_tone:Hebreus.10.31:flushed_face::fearful_face::man_gesturing_OK_medium-light_skin_tone::woman_gesturing_OK_medium_skin_tone::backhand_index_pointing_right_medium_skin_tone:Mateus.5.20 :backhand_index_pointing_right_medium_skin_tone:1a.Pedro.4.17:thinking_face:QUEM SABE, AJA TEMPO PARA ALGUNS. :backhand_index_pointing_right_medium_skin_tone:Tiago.5.19,20 :thinking_face:""QUERIDOS"" IRMÃOS!, LEIAM:backhand_index_pointing_up_medium-dark_skin_tone::thinking_face:MEDITEM, E :backhand_index_pointing_right_medium_skin_tone:REPASSEM.  PAZ DO SENHOR JESUS!. Att.Gilmário.Um abraço, e cheiro em vossos corações:face_blowing_a_kiss:Excelente Dia!..",0,1,FP,0.8801574591066093
MLP,3,"Atenção senhoras e senhores vamos fazer um movimento aqui no whatsapp usando a foto do nosso presidente no perfil até sair o resultado dá nossa vitória nas urnas vamos colaborar com esse movimento e mostrar q juntos somos mais fortes, PT nunca mais, aqui presidente é Bolsonaro ,Deus Pátria e família.",0,1,FP,0.5230197550057564
MLP,3,":backhand_index_pointing_up: *Gustavo Gayer: Amanhã é o dia de enterrarmos de vez a esquerda no Brasil.*
:backhand_index_pointing_up::winking_face::thumbs_up::clapping_hands::clapping_hands::clapping_hands::clapping_hands::clapping_hands::clapping_hands::clapping_hands::clapping_hands::clapping_hands::clapping_hands::clapping_hands::clapping_hands::clapping_hands::clapping_hands::clapping_hands:
Vote:
Bolsonaro :keycap_2::keycap_2: Presidente
Gustavo Gayer :keycap_2::keycap_2::keycap_1::keycap_0: Deputado Federal/GO",0,1,FP,0.9223199192812507
MLP,3,"Por trinta moedas!
- Votar nestes políticos multimilionários e suas famílias, nunca mais saem do poder!
Eita!
Governador, prefeito, juízes, delegados, chefe de polícia, e sua multidão de eleitores funcionários públicos! Sindicatos, ARCON, Detran, é só multa e alvará!
É trabalho escravo da população pro Estado e Município! 
Sabe quanto ganham?
30 mil, 40 mil, ...,... Juízes, com uma canetada, vão buscar, 80, 100, 200 mil! Não perdem uma causa!
É uma esculhambação!
Funcionário público?
É só comida na boca!
Vai votar neles? 
Nunca mais saem do poder!",0,1,FP,0.9996515826435529
MLP,3,"Mãe querida, 
Neste momento conturbado no nosso país, peço que interceda a Jesus por cada um de nós.
Grande é a nossa responsabilidade INDIVIDUAL e SECRETA, de através de números, escolher quem administrará o Brasil nos próximos anos….
Ninguém pode dizer que não conhece o caos que o Brasil atravessa e ignorar
a preocupante realidade dos nossos sofredores países vizinhos nas mãos de comunistas:crying_face:
NÃO queremos isto para os brasileiros, principalmente para os que têm uma vida pela frente…
Conceda-nos Mãe querida, a Paz e Sabedoria, ajudando-nos a escolher os que são também os escolhidos por VÓS !
Eu Creio, Confio e Espero",0,1,FP,0.999999715747818
MLP,3,"Filha do traficante BEIRA-MAR, FERNANDA COSTA na carreta do governador do Rio CLÁUDIO CASTRO candidato a reeleição pelo PL. Os meus erros eu declino para os outros. Irrú.",0,1,FP,0.7351451561712954
MLP,3,Covardia contra o presidente criaram um caos e depois jogaram para cima do presidente que está fazendo milagres para a situação não chegar onde eles queriam que era como está a Argentina hoje lutando contra estados STF oposição globo e artistas que perderam a mamata do nosso dinheiro público,0,1,FP,0.93843716969277
MLP,3,"O mais importante será nossa vitória meus irmão patriotas .
Deus a frente sempre",0,1,FP,0.5201066725221617
MLP,3,Esse careca maldito está fazendo de tudo pra botar o ladrão na frente mais meu Deus é muito maior que ele,0,1,FP,0.9140015028868227
MLP,3,Estranho em MG os eleitores de Zema terem votado no Lula... :thinking_face:,0,1,FP,0.5124280743365961
MLP,3,"Estamos no segundo turno, e ficar xingando nordestino não resolve, tem que conseguir voto, e não vai conseguir os xingando!",0,1,FP,0.9644206751401606
MLP,3,Infelizmente o PT tomará conta do nosso Brasil que Deus tenha misericórdia de nois,0,1,FP,0.8177000696210924
MLP,3,Muito estranho mesmo. Aqui no bairro em São José de Ribamar está um silêncio mortal desde os 50% das urnas sendo favoráveis ao Lula Molusco,0,1,FP,0.7022237180792872
MLP,3,"Chora e segue o líder, seu filho da puta",0,1,FP,0.9967846670014053
MLP,3,"_Nunca na história de qualquer país do mundo um candidato que roubou um nação inteira, volta como nada estivesse acontecido por uma justiça frágil, podendo vencer uma eleição. Mas também, nunca na história do Brasil a guerra esteve tão próximo para definir a *justiça* mediante à ""Guerra justa""._",0,1,FP,0.9990104259504076
MLP,3,"Uma coisa seja dita, esse pessoal de esquerda não consegue mais sair na rua  sem ser esculachado!!!!",0,1,FP,0.9853140045274636
MLP,3,":police_car_light: AQUI ESTÁ A REAL SITUAÇÃO DO BRASIL
A MAIORIA DAS INSTITUIÇÕES DE ESQUERDA SOCIALISTA COMUNISTA 
ANO QUE VEM SÓ VÃO OFICIALIZAR COM UMA NOVA CONSTITUIÇÃO SOCIALISTA COMUNISTA",0,1,FP,0.999677755863029
MLP,3,":police_car_light: A FRAUDE
OS ILLUMINATI
NOVA ORDEM MUNDIAL 
NON
FÓRUM ECONÔMICO MUNDIAL 
ELITE GLOBALISTA 
Os FINANCISTAS GLOBAIS
A CHINA COMUNISTA 
Partido comunista chinês 
Todos essas instituições apoiam Lula e Alkimim              
E o STF já falou que vai trabalhar para cumprir a 
AGENDA  2030 Da ONU",0,1,FP,0.5796288797846768
MLP,3,"Me desculpa se foi ofensa a algum nordestino.

Sei que não são todos.

Mas tomara q seja somente fraude eleitoral",0,1,FP,0.5802587303664659
MLP,3,"Sim , as pessoas tem o livre arbítrio, ela disponibiliza o mal e cada um escolhe se vai abraçar ou não … ele não interfere nas escolhas , cada um escolhe como será , então sim , até a perda do diabo é honesto ….",0,1,FP,0.9865804611731324
MLP,3,"Quem tem a VERDADE não precisa ter medo. 
O diabo tem medo de Deus porque sabe a força dEle! Povo de Deus: animem-se! 
Vamos lutar até o fim! :folded_hands::Brazil:
BolsonaroReeleitoEm2022",0,1,FP,0.8019034180653047
MLP,3,"Mas, fato é que xingar o nordestino não é a solução, só vai dificultar mais na hora de buscar o voto",0,1,FP,0.983458180664238
MLP,3,"Sério :raising_hands::raising_hands::raising_hands::raising_hands: Porém, ainda acredito que foi fraude nas urnas. E precisamos LUTAR por nosso Presidente! :Brazil: Sou nordestina e sou BOLSONARO",0,1,FP,0.9997457649940366
MLP,3,"Vejo muitas pessoas vão para restaurante, ou para um shopping patriota e com roupa normal se todos usarem às cores do país vai expandir às manifestações onde os patriotas passar dentro de supermercados, nas ruas de onde moram.",0,1,FP,0.9837927996307537
MLP,4,O boso vai ficar louco sem o apoio do ACM NETO na Bahia,0,1,FP,0.9816293902350554
MLP,4,":Brazil: *Aqui o moleque do ACM NETO se aproveitando do Presidente Bolsonaro e do indicado pelo Presidente para o Governador da Bahia ( o ROMÃ ), para poder se promover. TOMA VERGONHA nessa cara ACM NETO!!!! Mentiroso, aproveitador, sínico igual ao avô.*:Brazil:",0,1,FP,0.9404315285179949
MLP,4,Eu tenho um amigo gay e ele é Bolsonaro de carteirinha,0,1,FP,0.9999902912101384
MLP,4,*Paulo Guedes falando que foi a esquerda que democratizou o Brasil após a direita instalar uma ditadura que só roubava o país pra dar prós ricos.*:backhand_index_pointing_up_light_skin_tone:,0,1,FP,0.9341745074174636
MLP,4,"O SISTEMA ESTA ARMADO CONTRA BOLSONARO E TUDO INDICA ELEICAO FRAUDADAS A FAVOR DE LULA.
LIGAÇÃO QUE OUVI DE UM PAI DE UM DEPUTADO.
NAO SE ENGANEM O SENHOR ALEXANDRE DE MORAES JA ARMOU TUDO.
SE DEUS NAO INTERVIR PERDEREMOS",0,1,FP,0.7956357903782264
MLP,4,Tentaram matar um candidato de bolsonaro no RN . Seguranças reagiram e mandaram 1 pro inferno,0,1,FP,0.9990998887040546
MLP,4,".
:Brazil::oncoming_fist::Brazil: No RN a guerra já começou. O crime organizado em conluio com os esquerdistas tentaram matar candidatos Bolsonarista 
  Mas deu ruim pra eles. É para isso que estão querendo o povo Desarmado ??? Para  o povo ser presas  fáceis do crime organizado e da esquerda?  Os Seguranças reagiram e mandaram 1 pro inferno bater papo com o capeta! :oncoming_fist::Brazil::oncoming_fist::Brazil::oncoming_fist::Brazil:",0,1,FP,0.9691879352300918
MLP,4,Baiano explicando com calma os planos de Lula a um petista. :face_with_hand_over_mouth::face_with_hand_over_mouth::face_with_hand_over_mouth:,0,1,FP,0.9988692772208887
MLP,4,CONHEÇA ALGUMAS ACÕES DO GOVERNO BOLSONARO PARA O POVO NORDESTINO E COMPARTILHE! Confira na postagem a seguir: :down_arrow:,0,1,FP,0.9606280790546704
MLP,4,Tomara que a esquerda nunca mais assuma o comando desse país,0,1,FP,0.8261442694903676
MLP,4,Essa é uma alma muito sebosa mesmo lobo em pele de cordeiro :ogre:,0,1,FP,0.6931366276044567
MLP,4,*BOLSONARO APOIA DITADOR QUE PERSEGUE E MATA CRISTÃOS!*,0,1,FP,0.9985669648453801
MLP,4,"*O futuro do Brasil está em suas mãos. Diga não ao comunismo*.
*Pense bem em seus filhos e netos na hora de depositar seu voto na urna, este momento não é um jogo de futebol.*

*#Deus, Pátria, família e liberdade :folded_hands::Brazil:*",0,1,FP,0.8526742532997753
MLP,4,O Deus dos bolsonarentos é mamon. Tudo fariseu.,0,1,FP,0.9704475915572424
MLP,4,Sei que não se muda o voto de ninguém isso e livre!mas votar no pt e ser conivente com as milhares de mortes nos corredores dos hospitais  por falta de dinheiro pra saúde e ser conivente com a miséria que era oferecido aos nordestinos e prejudicar o futuro dos meus filho e do seu que vota no pt isso não e uma afronta com quem vota no pt e sim um pedido se vc não pensar nos meus filhos pensem nos seus filhos e sobrinhos que vão herda a sua escolha pense nisso e quando vc estiver velho não só se arrependa também tenha coragem de falar pra eles e o presente deles foi vc que escolheu no passado.,0,1,FP,0.998433162408993
MLP,4,"Ronaldinho Gaucho
- Neymar
- Pelé
- Renato Gaucho
- Felipe Melo
- Rivaldo
- Lucas Moura
- Fred.
Tudo declara voto ao [USER]
 Gente compartilha aí os famosos de caráter começaram a demostra total apoio a BOLSONARO.",0,1,FP,0.8099660375847115
MLP,4,"Quem garante que esses caras não estão com o mito só por interesse?

Vc confia no Valdemar Costa Neto condenado no mensalão? Eu não confio.

Confia no Collor? Eu não.

O mito deveria parar de fazer essas alianças com essas pessoas. Pq quem se mistura com porco farelo come.",0,1,FP,0.9999242878942055
MLP,4,"O país é laico  . Lula não vive com o nome Deus usando na boca. Como vejo certo candidato fala o nome Deus , mas , rouba , mente , debocha de quem morreu pela COVID ( sem empatia cristã ) , tem várias mulheres e divórcios , onde o cristianismo proibi o divórcio . E tanta merda ...  E ainda adora imagem que minha vó diz que quem adora imagem tá adorando o satanás .",0,1,FP,0.9999999863574196
MLP,4,"1° Turno contra a Globo, contra todos os jornais, contra o Chandão, contra todos dos STF, contra todas as pesquisas malignas, contra a esquerda do mal....... O cara é Mito mesmo e único. O cara é foda. Fico emocionado em prantos se isto acontecer :folded_hands:.",0,1,FP,0.9999880377133898
MLP,4,"Vamos ter que Fazer um trabalho Forte no Segundo turno. 


Cada um Pegar 5 petista e conversar , explicar ...

Meu Deus!",0,1,FP,0.9339979995966179
MLP,4,"4 DEPUTADOS FEDERAIS  MAIS VOTADOS PARANÁ
DELTON
FELIPE BARROS
GLEICE
BETO PRETO 
2 PETISTAS",0,1,FP,0.9680900527376132
MLP,4,"Que nada ,eu sou do nordeste e não tem nenhum coitadinho aqui nao em sergipe",0,1,FP,0.9983928527160332
MLP,4,"Gente.
Todos Nós Sabemos Que Em 2018,
Nós Apoiadores e Eleitores De Bolsonaro.
Fizemos a Diferença Naquela Época.
Vamos Unir As Forças e Lutar Emprol Do Nosso Presidente.
Deus é Conosco.
Defendemos Princípios Da Família e Da Pátria.
Vamos à Luta!
Contra a Corrupção!
Fora PT!",0,1,FP,0.9985651808528103
MLP,4,"Para com isso gente, porque se voces não são nordestinos e tem este pensamento, e nao conseguiram ganhar uma eleição, o Nordestino ganhou! E desta forma como voces que não sao nordestino agindo e falando desta forma para o segundo turno no nordeste, a gente vai perder até os poucos votos pra Bolsonaro que ja temos!",0,1,FP,0.9727540366877414
MLP,4,Verdade portela fraca os assessores Bolsonaro não batem na esquerda deixa eles a vontade,0,1,FP,0.9926944171945568
MLP,4,Vc deve ser uma Bezerra que mama nas tetas do dinheiro público ne?,0,1,FP,0.7004649033280139
MLP,4,"Agora, é aguardar uma posição do presidente. Só ele tem o poder. Acabar com esta palhaçada de jogar dentro das quatro linhas.
Basta de bancar o cordeiro.
Basta de ser idiota.",0,1,FP,0.999998674879266
MLP,4,"O povo brasileiro covarde merece ser governador pela esquerda pois não terá coragem de enfrentar o congresso que quem resolve que tenhamos voto impresso no segundo turno é o congresso através da pressão imediata do povo 
Ingenuidade a nossa e a do nosso presidente em pensar que o sistema ia ficar dentro das 4 linhas 
Fizeram de tudo e o presidente na certeza que iria ganhar no primeiro turno se calou achando que manifestações por todo Brasil surtiria efeito de vitória",0,1,FP,0.9090434402267876
MLP,4,"Se apega ao espírito corrompido da época, para dizer que é intelectual. Por toda essa facilidade (Mídia, livros do mec) todo mundo seria intelectual.",0,1,FP,0.9949878017113507
MLP,4,"Você é caminhoneiro? Sim? Trabalha para alguém relacionado ao Luciano Hang (dono das Lojas HAVAN) ou a parentes dele? Sim? *Então o MP e o TRE decidem que quem trabalha para supostos bolsonaristas não pode ir votar para não ""dar voto"" para Bolsonaro!* Que importa se é O MAIOR CRIME POSSÍVEL CONTRA UMA DEMOCRACIA impedir qualquer cidadão de exercer a plena cidadania por meio do voto...

Nem presidiários assassinos de bebês são privados de votar!",0,1,FP,0.9975004505069317
