model,vocab_size_combined,execution_time,accuracy_avg,accuracy_std,precision_avg,precision_std,recall_avg,recall_std,f1_avg,f1_std,roc_auc_avg,roc_auc_std,total_time
LogisticRegression,59134,18.274803161621094,0.7920833333333334,0.01764818215378946,0.8228659381480792,0.02814927244740911,0.7458333333333333,0.022973414586817033,0.7820221179737187,0.017537531007438132,0.858638888888889,0.014214595021056816,1012.8552296161652
BernoulliNB,59134,0.2347421646118164,0.7166666666666666,0.011486707293408506,0.6474404199240876,0.008294606958191685,0.9516666666666665,0.01855921454276676,0.7705466884153622,0.009743537895587902,0.8961562500000001,0.012960027466070322,1012.8552296161652
MultinomialNB,59134,0.16409993171691895,0.7870833333333334,0.017648182153789476,0.7939785040791584,0.0183026875826209,0.7758333333333333,0.033270774629461895,0.7843993041971824,0.02038299870831825,0.8591423611111111,0.00766822491964146,1012.8552296161652
LinearSVC,59134,0.7496976852416992,0.8341666666666667,0.013411230782859237,0.8604417809028835,0.020993058945354446,0.7983333333333332,0.016158932858054413,0.8280324804496295,0.013387094595472406,0.907079861111111,0.014707537389281015,1012.8552296161652
KNeighborsClassifier,59134,1.6212048530578613,0.8025,0.02218138609034361,0.8153579298116045,0.023872328797302826,0.7825000000000001,0.029976842914341578,0.7983480505834368,0.023152134812654778,0.8666788194444444,0.016517863834815603,1012.8552296161652
SGDClassifier,59134,0.32624316215515137,0.8354166666666666,0.012147816447594382,0.865346788336806,0.024581442213497118,0.7958333333333332,0.025138505214997282,0.8285807251007646,0.012727556030684982,0.9090277777777779,0.012233013898910034,1012.8552296161652
RandomForestClassifier,59134,29.631133317947388,0.8295833333333332,0.028607739822953105,0.8374893673889303,0.03584953168047522,0.8191666666666666,0.02480479344356202,0.827984889218573,0.027213200373246624,0.9097968750000002,0.011351229763726932,1012.8552296161652
GradientBoostingClassifier,59134,151.3922393321991,0.8633333333333333,0.008395600699837465,0.9209511999353726,0.006973222465055412,0.7949999999999999,0.019257033347152255,0.8531954005777826,0.010495539695966562,0.9356649305555556,0.0032317539291720856,1012.8552296161652
MLPClassifier,59134,779.7039964199066,0.8245833333333333,0.011960583412006112,0.8381392256356935,0.029419512181152567,0.8066666666666666,0.019112241568632872,0.8214952300368003,0.009499034718940045,0.9003541666666667,0.01772695303780744,1012.8552296161652
