model,vocab_size_combined,execution_time,accuracy_avg,accuracy_std,precision_avg,precision_std,recall_avg,recall_std,f1_avg,f1_std,roc_auc_avg,roc_auc_std,total_time
LogisticRegression,72560,11.299444913864136,0.8604166666666666,0.011023963796102472,0.8763297283005059,0.021502047749620456,0.8400000000000001,0.0033333333333333214,0.8576263682272938,0.009472301737547057,0.9312569444444444,0.0062451234833693385,870.1866846084595
BernoulliNB,72560,0.2456669807434082,0.7375,0.016244657241348298,0.6695533445826015,0.01690988142767678,0.9400000000000001,0.013844373104863451,0.7818407211329589,0.010497590389585741,0.8973836805555555,0.014039031772098578,870.1866846084595
MultinomialNB,72560,0.15355539321899414,0.8191666666666666,0.013844373104863441,0.7838677903850467,0.014084169810556248,0.8816666666666666,0.020172864061517016,0.8297669036074545,0.013384213948436316,0.9014045138888889,0.008317451590752176,870.1866846084595
LinearSVC,72560,10.274573802947998,0.8670833333333334,0.010491398593345143,0.8815091658195003,0.013733402974801658,0.8483333333333333,0.009718253158075466,0.8645666507933655,0.010379111539145667,0.9339305555555555,0.0049716305513891265,870.1866846084595
KNeighborsClassifier,72560,2.388084650039673,0.6358333333333333,0.040769507941325195,0.8539369352756777,0.1032221209785729,0.3625,0.16285218246413935,0.47539025094973536,0.14047483204973574,0.726125,0.022275560310419423,870.1866846084595
SGDClassifier,72560,0.2848012447357178,0.85,0.0034860834438919693,0.8554395623835065,0.016506976585376767,0.8433333333333334,0.020344259359556166,0.848953817099917,0.003718174628500433,0.92378125,0.0024283074921093743,870.1866846084595
RandomForestClassifier,72560,29.08058500289917,0.8324999999999999,0.008186201126828555,0.8430811847602063,0.01439555901886462,0.8174999999999999,0.010341394704992388,0.8299746323030123,0.007445610831365481,0.9125190972222222,0.006945838401762215,870.1866846084595
GradientBoostingClassifier,72560,170.93386483192444,0.8699999999999999,0.009372684899334988,0.9283208714309575,0.014886390312532242,0.8024999999999999,0.026951602714660374,0.8603780149865804,0.012426482302369332,0.9395138888888889,0.007224047829494483,870.1866846084595
MLPClassifier,72560,638.2073445320129,0.8487500000000001,0.012815463749358075,0.857555753048189,0.024398399152681282,0.8375,0.009501461875826156,0.8471646133118446,0.011092590874268695,0.9134791666666666,0.009246369355466856,870.1866846084595
