model,vocab_size_combined,execution_time,accuracy_avg,accuracy_std,precision_avg,precision_std,recall_avg,recall_std,f1_avg,f1_std,roc_auc_avg,roc_auc_std,total_time
LogisticRegression,72560,20.969295501708984,0.7908333333333333,0.01987810073646095,0.824037618606766,0.02938336325502771,0.7408333333333333,0.024636242498490796,0.7798341220908347,0.020284763180755314,0.8576354166666667,0.014271050451173448,944.0329732894897
BernoulliNB,72560,0.4546387195587158,0.7375,0.016244657241348298,0.6695533445826015,0.01690988142767678,0.9400000000000001,0.013844373104863451,0.7818407211329589,0.010497590389585741,0.8973836805555555,0.014039031772098578,944.0329732894897
MultinomialNB,72560,0.27049827575683594,0.7887500000000001,0.015567951410224492,0.7954029091599809,0.025218493363243583,0.7791666666666666,0.023863035105460572,0.7867158358195584,0.014886425691500142,0.8600416666666668,0.008409264885720379,944.0329732894897
LinearSVC,72560,3.595906972885132,0.8329166666666665,0.011288514320120062,0.8584279861032137,0.022663185242539467,0.7983333333333333,0.015046225071056478,0.8269899970326694,0.010273188552007147,0.9078645833333334,0.012452547856144462,944.0329732894897
KNeighborsClassifier,72560,2.9053242206573486,0.7958333333333333,0.01650967729679911,0.809138504431495,0.021937801615372763,775,0.016244657241348295,0.7915475433267045,0.015678990585940203,0.8653038194444445,0.009890952743823834,944.0329732894897
SGDClassifier,72560,0.4639599323272705,0.8358333333333334,0.009895285072531592,0.856503417692036,0.02567507473937507,0.8083333333333332,0.0176776695296637,0.8312515865041954,0.008410735461261483,0.9092708333333335,0.009552757937929672,944.0329732894897
RandomForestClassifier,72560,26.114551067352295,0.8358333333333332,0.013398279325677926,0.8471726004604504,0.018999193538653782,0.8200000000000001,0.015229722402080922,0.8332207757603906,0.01313546465580877,0.9130052083333334,0.004491267434629927,944.0329732894897
GradientBoostingClassifier,72560,165.93864846229553,0.8758333333333332,0.008599903100229258,0.9257403620156914,0.011358651264735908,0.8174999999999999,0.02064918615560646,0.8680271277336125,0.010525576120857026,0.9417690972222221,0.006312160503796953,944.0329732894897
MLPClassifier,72560,716.8988146781921,0.8275,0.02004335578467617,0.8371497781640954,0.03189627850830368,0.8150000000000002,0.014092945437739788,0.8255603526506216,0.017324397148519823,0.8998993055555555,0.014136744168539241,944.0329732894897
