model,vocab_size_combined,execution_time,accuracy_avg,accuracy_std,precision_avg,precision_std,recall_avg,recall_std,f1_avg,f1_std,roc_auc_avg,roc_auc_std,total_time
LogisticRegression,11344,12.252173662185669,0.8595833333333334,0.010913167378090673,0.8750231132065579,0.013356340450956402,0.8391666666666666,0.014577379737113257,0.8566404972843564,0.011283329652503324,0.9305034722222223,0.008761036635260868,149.80360078811646
BernoulliNB,11344,0.2460312843322754,0.7708333333333334,0.014312970031098058,0.709595670192089,0.01642263039131264,0.9183333333333333,0.01073674893893761,0.8004082495028865,0.009736528314073106,0.9062291666666666,0.009877556220956079,149.80360078811646
MultinomialNB,11344,0.15677881240844727,0.8254166666666667,0.010817295821455986,0.786764135686807,0.013491711356992035,0.8933333333333333,0.01615893285805441,0.8365234650741641,0.009742076277628842,0.9150347222222222,0.0065173527866518805,149.80360078811646
LinearSVC,11344,2.9050705432891846,0.8508333333333333,0.01659358979311659,0.8672939277715382,0.01563601509586436,0.8283333333333334,0.019257033347152255,0.8473542788536349,0.017413072868528705,0.9203680555555556,0.008560498943882262,149.80360078811646
KNeighborsClassifier,11344,2.020859956741333,0.76125,0.027845057411006045,0.8728656822547748,0.04824619466802589,0.6158333333333333,0.05853536442945318,0.7193987532484902,0.0386218466035475,0.846654513888889,0.017903478303088263,149.80360078811646
SGDClassifier,11344,0.2610342502593994,0.8491666666666667,0.011531960419248366,0.8580975618630122,0.01929494340967178,0.8375,0.020069324297987176,0.8473695951844332,0.011397448395791272,0.9244722222222223,0.006766278738766159,149.80360078811646
RandomForestClassifier,11344,11.041608333587646,0.85875,0.011211353372561428,0.8932382400833216,0.009885664193474763,0.8150000000000001,0.02214221709264404,0.8521543633133597,0.013178761198688068,0.9340746527777778,0.004560475409076353,149.80360078811646
GradientBoostingClassifier,11344,23.910348653793335,0.8591666666666666,0.01211919964354082,0.9247745027609637,0.013053026552197356,0.7825,0.033166247903554,0.847112720878805,0.01662352968937592,0.9355364583333333,0.005928020982918347,149.80360078811646
MLPClassifier,11344,69.13588523864746,0.845,0.008897565210026099,0.8551584964450978,0.010279509860660185,0.8308333333333333,0.01433720877840438,0.8427398056110663,0.00946420182545871,0.9142291666666666,0.009507598792512298,149.80360078811646
