model,vocab_size_combined,execution_time,accuracy_avg,accuracy_std,precision_avg,precision_std,recall_avg,recall_std,f1_avg,f1_std,roc_auc_avg,roc_auc_std,total_time
LogisticRegression,59134,8.838688135147095,0.85375,0.005496210815947074,0.8723181828530248,0.012652094145472081,0.8291666666666668,0.010206207261596583,0.850073545620555,0.005131416399697447,0.92796875,0.009008740611617567,745.0784199237823
BernoulliNB,59134,0.2276136875152588,0.7166666666666666,0.011486707293408506,0.6474404199240876,0.008294606958191685,0.9516666666666665,0.01855921454276676,0.7705466884153622,0.009743537895587902,0.8961562500000001,0.012960027466070322,745.0784199237823
MultinomialNB,59134,0.14431214332580566,0.8183333333333334,0.014577379737113236,0.7784356274651218,0.018340470742833265,0.8908333333333334,0.017756063127218745,0.8306589966020509,0.012916494994447277,0.9026388888888889,0.00781588661165422,745.0784199237823
LinearSVC,59134,5.466273546218872,0.8620833333333333,0.009071475440448857,0.8795351249158211,0.01060465066374992,0.8391666666666666,0.011365151414154884,0.8588390826726042,0.009441923157851058,0.9284409722222222,0.010175604184749524,745.0784199237823
KNeighborsClassifier,59134,1.9104619026184082,0.6620833333333334,0.03986522433288333,0.8715677762336853,0.08417794559721972,0.4083333333333333,0.16399949186913151,0.5277664322949123,0.11838909015050392,0.7673923611111111,0.015323564793239493,745.0784199237823
SGDClassifier,59134,0.19122552871704102,0.8454166666666667,0.016945582839718955,0.8588474174823514,0.032651782680958426,0.8291666666666666,0.029814239699997178,0.8428785552259418,0.016486038226692208,0.9186249999999999,0.0063774018298325165,745.0784199237823
RandomForestClassifier,59134,27.552433252334595,0.83375,0.021626565453934956,0.8538217422675851,0.040187825387234574,0.8083333333333333,0.014907119849998625,0.8297946139469005,0.01819729955987073,0.9169375000000001,0.010419781652305086,745.0784199237823
GradientBoostingClassifier,59134,129.87811970710754,0.8574999999999999,0.011456439237389607,0.9224361160365275,0.008513158081073821,0.7808333333333333,0.026951602714660367,0.8454268672349293,0.014936079994212667,0.9345104166666666,0.0055205210428795615,745.0784199237823
MLPClassifier,59134,547.7219903469086,0.8420833333333334,0.0204718641608971,0.8508468431149183,0.03043742442866436,0.8308333333333333,0.012247448713915898,0.8405097017051176,0.01874848993475037,0.9145972222222223,0.00644169189600258,745.0784199237823
