model,vocab_size_combined,execution_time,accuracy_avg,accuracy_std,precision_avg,precision_std,recall_avg,recall_std,f1_avg,f1_std,roc_auc_avg,roc_auc_std,total_time
LogisticRegression,12549,11.461371898651123,0.8162499999999999,0.01803738401826117,0.8368689366144025,0.027415020177008396,0.7866666666666666,0.01522972240208087,0.810776438398759,0.01700266901766927,0.8917604166666668,0.01156474994792471,130.0194411277771
BernoulliNB,12549,0.17380189895629883,0.7779166666666667,0.013215626272628105,0.7177338518355467,0.012330984915985733,0.9166666666666666,0.01989556064385555,0.804956836227728,0.011431797446556896,0.9070381944444443,0.011542256845787798,130.0194411277771
MultinomialNB,12549,0.13547086715698242,0.8012499999999999,0.010086432030758522,0.7942300263474259,0.01597266773005426,0.8141666666666666,0.02494438257849295,0.8036835821228733,0.01094336948464403,0.8806423611111113,0.006884752132161092,130.0194411277771
LinearSVC,12549,0.3569068908691406,0.8595833333333334,0.010992421631894109,0.8811338212789199,0.016954916731080533,0.8316666666666667,0.012527746981977419,0.855575013418292,0.010989770792311579,0.9268819444444445,0.009298041898186546,130.0194411277771
KNeighborsClassifier,12549,1.6665935516357422,0.8029166666666667,0.02127041503016701,0.8128966113688183,0.03034381617052337,0.7883333333333333,0.010671873729054742,0.8002416837069981,0.01886052695256832,0.871029513888889,0.0133242604222002,130.0194411277771
SGDClassifier,12549,0.27759695053100586,0.8516666666666668,0.01113365767990615,0.8665961132991209,0.022999483265511444,0.8324999999999999,0.021311186420907374,0.8487692306944314,0.010817385798179839,0.9245381944444444,0.00889670879983922,130.0194411277771
RandomForestClassifier,12549,8.536959648132324,0.8412499999999999,0.009807168579949857,0.8604216332303298,0.028545301355047084,0.8166666666666667,0.019543398999264314,0.8373380812693847,0.007141988546618591,0.9200260416666666,0.005919975967129327,130.0194411277771
GradientBoostingClassifier,12549,32.42259454727173,0.8704166666666666,0.009807168579949843,0.9255019431541104,0.008333969523423877,0.8058333333333334,0.022142217092644034,0.8613203620003121,0.012181991189565212,0.9403611111111111,0.006982205495141809,130.0194411277771
MLPClassifier,12549,69.32563519477844,0.8433333333333334,0.0067700320038632765,0.8535023636980098,0.010470832348993686,0.8291666666666668,0.011486707293408517,0.8410725328456465,0.00691271036154966,0.9127152777777777,0.010271221867416285,130.0194411277771
