model,vocab_size_combined,execution_time,accuracy_avg,accuracy_std,precision_avg,precision_std,recall_avg,recall_std,f1_avg,f1_std,roc_auc_avg,roc_auc_std,total_time
LogisticRegression,16371,28.305014848709106,0.7709629436325679,0.02127253615582852,0.789536582372729,0.029657966604699566,0.7393375174337518,0.02153367050803851,0.7633412980843106,0.020844183860594393,0.8595466788702929,0.017943514424104256,238.34058117866516
BernoulliNB,16371,0.236281156539917,0.7029549408489909,0.024110400606105555,0.6445921869919936,0.02063567617813366,0.905568340306834,0.02181904509822291,0.7528997413916863,0.017711174901761936,0.8507210599721061,0.018675054924284257,238.34058117866516
MultinomialNB,16371,0.28131842613220215,0.7676174321503131,0.015881654107303935,0.7544107792519175,0.018801404573285375,0.7936087866108787,0.024648063873431773,0.773218160764918,0.01580163541703275,0.8572814098093909,0.012863542150058796,238.34058117866516
LinearSVC,16371,9.75821304321289,0.8101704940848989,0.014747041058021859,0.8179366509945696,0.018227747809330567,0.7977859135285914,0.020955004092728824,0.8075476970995205,0.015271270920989392,0.8981220653184566,0.01156809917849544,238.34058117866516
KNeighborsClassifier,16371,2.8889148235321045,0.7254888656924148,0.006327852314327729,0.7406145746841604,0.01418400400903879,0.6941875871687586,0.024417410717308474,0.716197354773395,0.009487744358632557,0.7884071071594607,0.005532893227195342,238.34058117866516
SGDClassifier,16371,0.40685558319091797,0.7989135351426583,0.017562903286507052,0.8061239913977228,0.029552258140240095,0.791094839609484,0.06422942277842629,0.7959756115998569,0.02657975652876773,0.8918220885634589,0.013136833968887443,238.34058117866516
RandomForestClassifier,16371,17.245489597320557,0.8009907794015309,0.020302986872181832,0.8159138216710946,0.03301661248723877,0.778594839609484,0.021494514762201673,0.7963605378890565,0.01928263845928203,0.8887652182124594,0.016114445539974653,238.34058117866516
GradientBoostingClassifier,16371,76.44246125221252,0.8635847251217814,0.006428084883389079,0.917713380691788,0.01323725028765338,0.7986715481171547,0.007881478130357361,0.8539807115334559,0.0061675039734961495,0.9352111881101812,0.012227459334014153,238.34058117866516
MLPClassifier,16371,92.08956623077393,0.778884829505915,0.020595112972514103,0.7837593603633635,0.023775135307099876,0.770216178521618,0.029036591767409258,0.7766284242187629,0.021680562244103554,0.8647016649232915,0.016503433188538426,238.34058117866516
