model,vocab_size_combined,execution_time,accuracy_avg,accuracy_std,precision_avg,precision_std,recall_avg,recall_std,f1_avg,f1_std,roc_auc_avg,roc_auc_std,total_time
LogisticRegression,12549,12.142179012298584,0.8791666666666668,0.010458250331675934,0.8956523221254933,0.010643619155038446,0.8583333333333334,0.011486707293408525,0.8765874574019904,0.010763250272342097,0.9377847222222222,0.0069067431461830005,124.03292465209961
BernoulliNB,12549,0.15418076515197754,0.7779166666666667,0.013215626272628105,0.7177338518355467,0.012330984915985733,0.9166666666666666,0.01989556064385555,0.804956836227728,0.011431797446556896,0.9070381944444443,0.011542256845787798,124.03292465209961
MultinomialNB,12549,0.15057945251464844,0.8237500000000001,0.006263873490988716,0.7848830475921568,0.00951939920631477,0.8924999999999998,0.02211083193570267,0.8350009378799435,0.007381230967250541,0.9170694444444443,0.006716164626031066,124.03292465209961
LinearSVC,12549,2.2789559364318848,0.8662500000000002,0.008680277773333196,0.877983586192812,0.01057294071081731,0.8508333333333333,0.01099242163189406,0.8641506159802879,0.008878863919885417,0.9304131944444445,0.010288197374094896,124.03292465209961
KNeighborsClassifier,12549,2.2718982696533203,0.7208333333333333,0.015138251770487469,0.8565990830848256,0.051434866084398664,0.5358333333333333,0.0450770944543284,0.6565017389002289,0.026334979174233244,0.8105555555555556,0.011633762036682552,124.03292465209961
SGDClassifier,12549,0.25515007972717285,0.8616666666666667,0.009090593428863116,0.8795498041710126,0.011273138252420347,0.8383333333333333,0.01814295088089772,0.8582935707162831,0.010091275875109653,0.9266562500000001,0.00806104151979591,124.03292465209961
RandomForestClassifier,12549,10.066359758377075,0.8474999999999999,0.009718253158075495,0.8755207338284234,0.018920735370538386,0.8108333333333334,0.01433720877840439,0.8417187528303998,0.009504448372152335,0.9299357638888889,0.004572610167531586,124.03292465209961
GradientBoostingClassifier,12549,25.996589183807373,0.8708333333333332,0.008014743359029698,0.9281349636986382,0.009613226997404564,0.8041666666666666,0.021245914639969915,0.8614707857077241,0.010380787320416494,0.9422170138888889,0.008213140747689515,124.03292465209961
MLPClassifier,12549,64.5071165561676,0.865,0.010155048005794948,0.8738150900016317,0.012112042155725816,0.8533333333333333,0.01274754878398194,0.8633982909027793,0.010395644212439806,0.9250659722222224,0.004719124290200314,124.03292465209961
