model,vocab_size_combined,execution_time,accuracy_avg,accuracy_std,precision_avg,precision_std,recall_avg,recall_std,f1_avg,f1_std,roc_auc_avg,roc_auc_std,total_time
LogisticRegression,84810,15.421833515167236,0.7309194502435631,0.01766961203391273,0.7660102819560921,0.024715559075170306,0.6649930264993026,0.024424901469111034,0.7116012260492037,0.019142623557033667,0.808720289981404,0.01940747763962575,951.39435505867
BernoulliNB,84810,0.2563755512237549,0.639545059151009,0.014041915482062127,0.5833419185208315,0.009726407014936428,0.9749163179916318,0.01093220738128703,0.729873938332265,0.008722205578033977,0.8539578902254765,0.019604629226070636,951.39435505867
MultinomialNB,84810,0.13709545135498047,0.7505184411969381,0.012743864726940711,0.7494255430512438,0.015496958822225551,0.7526673640167364,0.028292438557381283,0.7506331489749783,0.014810593804912259,0.8334758251975826,0.010889102336884544,951.39435505867
LinearSVC,84810,0.7155015468597412,0.7930741127348643,0.00938023145790541,0.8085478393366442,0.021151963793631264,0.7685739191073919,0.013828689254129653,0.7877290888583854,0.007078823782438021,0.8767008949325895,0.011381186165352901,951.39435505867
KNeighborsClassifier,84810,1.4708051681518555,0.7163030619345859,0.01389674602776911,0.7269899808279853,0.011781872516692174,0.6916666666666667,0.03264696319010996,0.7085231500098133,0.019293326996387545,0.7867428812180381,0.0138938561942358,951.39435505867
SGDClassifier,84810,0.37601137161254883,0.7968197633959638,0.016206366379167468,0.7888878677300968,0.026102096213858856,0.811963040446304,0.03355688532961402,0.7995092598573743,0.016562651547209616,0.8817507118781961,0.007435180671637688,951.39435505867
RandomForestClassifier,84810,31.426051139831543,0.7926565762004175,0.011863029780345608,0.7985678070137698,0.01792974516069742,0.7828138075313807,0.017635128444456947,0.7903847682884289,0.01153322239156192,0.8770857086820083,0.010805350779672093,951.39435505867
GradientBoostingClassifier,84810,185.0733151435852,0.8335412317327766,0.009568311662858462,0.8904736057973011,0.021503015918480927,0.7610774058577408,0.01991447197942461,0.8203060689350032,0.010393707007197892,0.9126627077522084,0.0053035856435890445,951.39435505867
MLPClassifier,84810,684.9673674106598,0.7672033750869869,0.011734271833648478,0.7645290838433523,0.01467169061594083,0.7719142259414226,0.02040290073534982,0.7680032023207936,0.012517113178942168,0.8548753777312879,0.009632279797576344,951.39435505867
