model,vocab_size_combined,execution_time,accuracy_avg,accuracy_std,precision_avg,precision_std,recall_avg,recall_std,f1_avg,f1_std,roc_auc_avg,roc_auc_std,total_time
LogisticRegression,113634,9.05874514579773,0.8525,0.01097661656026624,0.8733115578445062,0.01755744902178579,0.825,0.007905694150420967,0.848390329013677,0.010395666857454433,0.9240868055555556,0.009545944071976856,1150.440503835678
BernoulliNB,113634,0.24458599090576172,0.6679166666666666,0.00692218655243174,0.605648800153991,0.005826727034742008,0.9633333333333335,0.016955824957813174,0.7436261018714131,0.005175981506252207,0.8890347222222224,0.01363989635302338,1150.440503835678
MultinomialNB,113634,0.13721799850463867,0.805,0.017159383568311683,0.7559958121179506,0.019554289927322787,0.9016666666666667,0.015275252316519479,0.8222826757745999,0.014382289111743248,0.8928159722222222,0.008338109163893933,1150.440503835678
LinearSVC,113634,9.610125541687012,0.8579166666666665,0.008579691784155848,0.8784557227592341,0.0102129218891403,0.8308333333333333,0.008975274678557525,0.8539644177254031,0.008775138164741184,0.9267743055555556,0.010660063783887124,1150.440503835678
KNeighborsClassifier,113634,1.859264612197876,0.6025,0.04900751076224044,0.8761104032266156,0.10515665131704499,0.2875,0.22418060675367182,0.3747457563770279,0.1798338793214212,0.7056909722222222,0.011006411275642756,1150.440503835678
SGDClassifier,113634,0.29683923721313477,0.8466666666666667,0.008897565210026095,0.8671759877065865,0.024376661332715835,0.82,0.014529663145135605,0.8425394406333734,0.007180928707070825,0.9157673611111111,0.006739154434947362,1150.440503835678
RandomForestClassifier,113634,37.413052797317505,0.8254166666666667,0.02101586702153083,0.8388651646736752,0.032342690179377534,0.8074999999999999,0.02333333333333336,0.8223683843836124,0.01956225032917938,0.9127291666666666,0.010612862416378576,1150.440503835678
GradientBoostingClassifier,113634,215.71620965003967,0.8587499999999999,0.01113365767990616,0.9243672134594905,0.005847262355501205,0.7816666666666666,0.029059326290271175,0.846656564943523,0.015267487498557294,0.9353784722222223,0.005710023257051093,1150.440503835678
MLPClassifier,113634,851.9855847358704,0.8445833333333332,0.017902125882450732,0.854361003055321,0.024732972984452296,0.8316666666666667,0.02409472049133496,0.8425428126182191,0.01798462775859219,0.9121354166666666,0.009403852207611137,1150.440503835678
