model,vocab_size_combined,execution_time,accuracy_avg,accuracy_std,precision_avg,precision_std,recall_avg,recall_std,f1_avg,f1_std,roc_auc_avg,roc_auc_std,total_time
LogisticRegression,113634,18.672330141067505,0.7783333333333333,0.019878100736460944,0.8140522805578095,0.03253626943961139,0.7233333333333333,0.023511226632776484,0.7655007627478534,0.019379656943438756,0.8440451388888889,0.014000872334209326,1451.6052298545837
BernoulliNB,113634,0.27905893325805664,0.6679166666666666,0.00692218655243174,0.605648800153991,0.005826727034742008,0.9633333333333335,0.016955824957813174,0.7436261018714131,0.005175981506252207,0.8890347222222224,0.01363989635302338,1451.6052298545837
MultinomialNB,113634,0.1473383903503418,0.7825,0.014766704288891142,0.7887689342182176,0.018405994615150252,0.7725000000000001,0.0304594448041618,0.7801017386509628,0.01706117742135753,0.8464201388888888,0.007640407046109994,1451.6052298545837
LinearSVC,113634,1.078937292098999,0.8204166666666668,0.0151611711655502,0.8505758087601343,0.025328326782409982,0.7783333333333333,0.014529663145135596,0.8126200767897547,0.014447450955792576,0.8935381944444444,0.015159570321680095,1451.6052298545837
KNeighborsClassifier,113634,1.7583246231079102,0.8008333333333335,0.022422706745122856,0.8107155399329338,0.021746051631715935,0.7849999999999999,0.029884035128401844,0.7974875739016858,0.023602861785269352,0.8659149305555556,0.01795115600670989,1451.6052298545837
SGDClassifier,113634,0.4572627544403076,0.8208333333333334,0.016029486718059448,0.8435913028849351,0.027985924225774537,0.7891666666666667,0.018929694486000914,0.8150658893738084,0.014937261998327657,0.8955069444444443,0.014112690781277769,1451.6052298545837
RandomForestClassifier,113634,44.42708992958069,0.8120833333333334,0.02483976426798146,0.8158023568442921,0.03606126227429873,0.8091666666666667,0.03683672684216725,0.8115157894340953,0.024024470595185296,0.902170138888889,0.012874937260125181,1451.6052298545837
GradientBoostingClassifier,113634,268.3703203201294,0.8612499999999998,0.015456030825826162,0.9147106979771522,0.008705381549482786,0.7966666666666666,0.02730994934695658,0.8514452523127197,0.018289725368505688,0.9360173611111111,0.0036057460479232304,1451.6052298545837
MLPClassifier,113634,1089.6514172554016,0.8129166666666666,0.02336307628146031,0.8292672222168186,0.031086784597786344,0.7891666666666668,0.022607766610417534,0.8084735086764396,0.022804636052154995,0.8843333333333334,0.013276960545514908,1451.6052298545837
