model,vocab_size_combined,execution_time,accuracy_avg,accuracy_std,precision_avg,precision_std,recall_avg,recall_std,f1_avg,f1_std,roc_auc_avg,roc_auc_std,total_time
LogisticRegression,153813,23.432780981063843,775,0.0216105041331499,0.8119660475816669,0.03339772459909021,0.7175,0.026007477557212045,0.7613095364426377,0.02184473862641997,0.84178125,0.013986646416159921,1603.3696601390839
BernoulliNB,153813,0.3242225646972656,0.6858333333333333,0.009895285072531563,0.6219061660085713,0.008892556447067781,0.9491666666666667,0.011303883305208783,0.7513582829511296,0.005533511904672711,0.8904149305555554,0.01397461973956196,1603.3696601390839
MultinomialNB,153813,0.26830315589904785,0.7829166666666666,0.01610512340840639,0.7920713668506769,0.027572184647393645,0.7691666666666668,0.01679120139967489,0.7800285142850967,0.013563265898277298,0.8473576388888888,0.008421734528077943,1603.3696601390839
LinearSVC,153813,2.4838082790374756,0.8179166666666667,0.015844294451526273,0.8460570936368376,0.02542757340453916,0.7783333333333333,0.02211083193570265,0.810415053226898,0.016056970199252965,0.8918958333333334,0.013347411007162972,1603.3696601390839
KNeighborsClassifier,153813,2.4790937900543213,0.7941666666666667,0.0140929454377398,0.808374131740994,0.01860734033396743,0.7716666666666667,0.016955824957813188,0.7894364300657516,0.013880650678953568,0.8649965277777778,0.009329242435448165,1603.3696601390839
SGDClassifier,153813,0.5614583492279053,0.8237500000000001,0.016593589793116554,0.8402260926283336,0.02762826924012063,0.8008333333333333,0.0165411943677327,0.8197387337381838,0.015309247285063617,0.894357638888889,0.016743201731008534,1603.3696601390839
RandomForestClassifier,153813,45.7083477973938,0.8175000000000001,0.011226827987756236,0.8162410100053036,0.021803871170685208,0.8208333333333334,0.02024159633581854,0.8181250250519814,0.010358316746335335,0.901204861111111,0.006386466837846297,1603.3696601390839
GradientBoostingClassifier,153813,339.47374844551086,0.8745833333333334,0.0067700320038632765,0.9279868578255674,0.011111299221916369,0.8125,0.01900292375165231,0.8661837569554113,0.008670937382776099,0.9414496527777777,0.0062827484047478415,1603.3696601390839
MLPClassifier,153813,1181.8363535404205,0.80625,0.028716768233521293,0.8113646416862291,0.04920197203564414,0.8033333333333333,0.009279607271383375,0.8064062989965659,0.022422634922505322,0.8846180555555556,0.016611119820696348,1603.3696601390839
