model,vocab_size_combined,execution_time,accuracy_avg,accuracy_std,precision_avg,precision_std,recall_avg,recall_std,f1_avg,f1_std,roc_auc_avg,roc_auc_std,total_time
LogisticRegression,153813,11.808335304260254,0.8541666666666666,0.015756392000990858,0.8706964563805046,0.023540205842425378,0.8325000000000001,0.013017082793177754,0.8510328844906929,0.015178235039177153,0.9261319444444445,0.006171823966424427,1446.031168937683
BernoulliNB,153813,0.34936022758483887,0.6858333333333333,0.009895285072531563,0.6219061660085713,0.008892556447067781,0.9491666666666667,0.011303883305208783,0.7513582829511296,0.005533511904672711,0.8904149305555554,0.01397461973956196,1446.031168937683
MultinomialNB,153813,0.21373224258422852,0.8095833333333333,0.016801537628046634,0.7676399393313206,0.017148539071391352,0.8883333333333333,0.014529663145135575,0.8235377997296272,0.014942162582830175,0.8919184027777778,0.007627414045608693,1446.031168937683
LinearSVC,153813,24.13183331489563,0.8641666666666665,0.007839536550927848,0.8843101890334584,0.01560185757986931,0.8383333333333333,0.004859126579037734,0.8606195170018642,0.006914271967528803,0.9314444444444444,0.005637229504063275,1446.031168937683
KNeighborsClassifier,153813,2.73820161819458,0.59875,0.062160187329905005,0.863138440860215,0.14399749088207403,0.31333333333333335,0.26179667683146784,0.37221518856370245,0.24073027915513592,0.6921024305555555,0.023358740739871816,1446.031168937683
SGDClassifier,153813,0.37415122985839844,0.8441666666666666,0.013003738778606026,0.851488939642491,0.017113166659126808,0.8341666666666665,0.01833333333333332,0.8425734684882602,0.01329258395996668,0.9199930555555556,0.0076143493941112405,1446.031168937683
RandomForestClassifier,153813,52.41372466087341,0.8229166666666666,0.013176156917368254,0.8270671275380194,0.03506012994836862,0.82,0.02013840995599096,0.8226235954712571,0.008040799996170236,0.9090243055555556,0.00755536646388177,1446.031168937683
GradientBoostingClassifier,153813,373.62550830841064,0.8683333333333334,0.00897527467855751,0.9277974057103107,0.010397829464652831,0.7991666666666666,0.024636242498490803,0.8583588295016111,0.012001441994201995,0.9402934027777778,0.006316129701475765,1446.031168937683
MLPClassifier,153813,972.2029774188995,0.8366666666666667,0.017608788840929552,0.8384384782333477,0.03809126252972777,0.8375,0.016666666666666673,0.837147530988846,0.013077467810710413,0.9070520833333333,0.009492038218673162,1446.031168937683
