model,vocab_size_combined,execution_time,accuracy_avg,accuracy_std,precision_avg,precision_std,recall_avg,recall_std,f1_avg,f1_std,roc_auc_avg,roc_auc_std,total_time
LogisticRegression,11344,12.091783046722412,0.8162499999999999,0.015996961517043735,0.8417791135263574,0.026571861728232376,0.78,0.013281147875424351,0.8094675371415324,0.014605865402660156,0.8909756944444445,0.013014319667066917,146.14042949676514
BernoulliNB,11344,0.14316320419311523,0.7708333333333334,0.014312970031098058,0.709595670192089,0.01642263039131264,0.9183333333333333,0.01073674893893761,0.8004082495028865,0.009736528314073106,0.9062291666666666,0.009877556220956079,146.14042949676514
MultinomialNB,11344,0.10944414138793945,0.8054166666666667,0.011606990230986778,0.8014142305487896,0.012775508936359125,0.8125,0.026352313834736494,0.8066247654492994,0.013436304045503462,0.8818645833333333,0.007100831124737285,146.14042949676514
LinearSVC,11344,0.3105335235595703,0.8550000000000001,0.015286613606536782,0.8760518783555602,0.021910591326099044,0.8275,0.015046225071056478,0.8509542180615487,0.01517944168384249,0.9211006944444445,0.010647905593050599,146.14042949676514
KNeighborsClassifier,11344,1.3043885231018066,0.8020833333333334,0.021690691808033954,0.8161089503722959,0.02209229127691203,0.78,0.027054471801246555,0.797522560435227,0.022719449608497828,0.8667065972222222,0.01996276826015861,146.14042949676514
SGDClassifier,11344,0.2560281753540039,0.8474999999999999,0.016051133570215193,0.8602119488773521,0.015122313592726078,0.8299999999999998,0.026666666666666658,0.8446287884612265,0.017675322505670242,0.9168402777777779,0.011299674922602058,146.14042949676514
RandomForestClassifier,11344,9.213240146636963,0.8379166666666666,0.0056519416526043705,0.8668996617865913,0.017581597768215447,0.7991666666666667,0.013281147875424355,0.8313972463013231,0.004618947498750959,0.923654513888889,0.006165402088963495,146.14042949676514
GradientBoostingClassifier,11344,29.130637168884277,0.8612500000000001,0.00973610120462328,0.9216854796841478,0.011022481519831302,0.7899999999999999,0.02746209508880678,0.8503651486388945,0.01331966392101921,0.9373368055555555,0.0020856714310473613,146.14042949676514
MLPClassifier,11344,67.7160062789917,0.8329166666666667,0.01663538731473093,0.8419938691764699,0.027064966300725156,0.8208333333333332,0.013693063937629145,0.8310188572361321,0.015035633235586371,0.9056493055555557,0.01607409615880565,146.14042949676514
