model,execution_time,accuracy_avg,accuracy_std,precision_avg,precision_std,recall_avg,recall_std,f1_avg,f1_std,roc_auc_avg,roc_auc_std
LogisticRegression,58.31623840332031,0.7367667014613779,0.0183134599756454,0.819344347514047,0.0366217417210619,0.6082078103207811,0.015150439426309576,0.6978182738866605,0.018260203526689965,0.8160226348210134,0.014727807618364883
BernoulliNB,2.7889459133148193,0.7425991649269311,0.020888361896714346,0.8095709115886184,0.03652721136910326,0.6349163179916318,0.013214229057733428,0.7114933645013448,0.020636142736356628,0.8160797448860994,0.018485158703764666
MultinomialNB,1.7200829982757568,0.7388474251913709,0.019320820133044748,0.7970176977253633,0.03925360851415799,0.6424372384937239,0.009062683271373884,0.7110092200989993,0.01664063200703627,0.8089705587517434,0.017368994160681873
LinearSVC,1.9605016708374023,0.7317614822546973,0.01811098259151666,0.8110383080971317,0.033280038365559525,0.6048744769874477,0.022262043879968104,0.6924999140363002,0.020192762885692543,0.8094015138307764,0.01703283432963502
KNeighborsClassifier,6.25050687789917,0.6950321851078636,0.012133866203005354,0.7218069431095563,0.06081541085436992,0.6624755927475593,0.099284333986968,0.6816536720736608,0.026529792564626172,0.7661998489074848,0.014739066713160845
RandomForestClassifier,7.192179441452026,0.740097425191371,0.01785142637122391,0.8661066401921289,0.04168388670791102,0.5689330543933054,0.015139725374900475,0.6863033334903315,0.018258437591412907,0.8160360442817293,0.017249104739254513
GradientBoostingClassifier,37.39681315422058,0.7371807585247043,0.01440382892461409,0.8546580229064773,0.039015141723915646,0.5731101813110182,0.02313326187865818,0.6852571784943641,0.01625097214453125,0.8113516896211065,0.012160977517247512
MLPClassifier,30.922953367233276,0.7359324982602644,0.015141966523390392,0.821411874693673,0.0357001317542712,0.6040062761506275,0.00575352266158875,0.6957497837942243,0.011847791153438494,0.8059307153649465,0.011356310923104043
