model,execution_time,accuracy_avg,accuracy_std,precision_avg,precision_std,recall_avg,recall_std,f1_avg,f1_std,roc_auc_avg,roc_auc_std
LogisticRegression,1.8501856327056885,0.8283333333333331,0.01957003094302895,0.9296435616807697,0.008554971042836104,0.7108333333333333,0.046963342678684565,0.8046114833670774,0.027960173794923927,0.9002534722222222,0.014623882737673734
BernoulliNB,1.8712687492370605,0.8262499999999999,0.019436506316150983,0.8916055095274036,0.00684135971330719,0.7425,0.03702476648587177,0.809890321884845,0.024898948381228348,0.8988055555555556,0.014331574193231469
MultinomialNB,1.6542727947235107,0.8266666666666668,0.018699004726930715,0.8835951268297864,0.00782209198146535,0.7525000000000001,0.04171663670261275,0.8121797727956217,0.02460995823652787,0.8970312499999998,0.014443364551312655
LinearSVC,1.6537983417510986,0.8324999999999999,0.025535922410074262,0.9198614115395081,0.02019365213590175,0.7283333333333333,0.044048584288008376,0.8123978158499241,0.031840360387708364,0.9011006944444444,0.01661135153027664
KNeighborsClassifier,4.153491735458374,0.7704166666666666,0.028607739822953098,0.8402641803257568,0.1081430598226639,0.7041666666666666,0.09287087810503357,0.7535808068545725,0.017684803927931994,0.8598072916666666,0.023073250692549147
RandomForestClassifier,4.5151848793029785,0.82125,0.023621729638430598,0.8982856113607699,0.014068468808434402,0.7241666666666667,0.04186618895693488,0.8014383554291455,0.029815891991371885,0.8958402777777777,0.0168506414988751
GradientBoostingClassifier,8.053817987442017,0.825,0.024544460791705223,0.9402269181297163,0.014467125887734758,0.6950000000000001,0.059593530595937076,0.7974065974250537,0.03604406479532131,0.8989427083333335,0.018081429611294435
MLPClassifier,14.552815914154053,0.8254166666666667,0.016158932858054427,0.9048659087295217,0.004832641017085302,0.7274999999999999,0.03922867431979942,0.8058900215326503,0.022585621526651264,0.8994479166666667,0.01246428950933863
