model,vocab_size_combined,execution_time,accuracy_avg,accuracy_std,precision_avg,precision_std,recall_avg,recall_std,f1_avg,f1_std,roc_auc_avg,roc_auc_std,total_time
LogisticRegression,84810,17.49152374267578,0.8181028183716075,0.01667878239041301,0.8254363066138396,0.027846650851598057,0.8078277545327754,0.015933968418203725,0.8161751253968245,0.014659687897311523,0.9002099168991167,0.013276603203732982,1229.6734688282013
BernoulliNB,84810,0.4123671054840088,0.639545059151009,0.014041915482062127,0.5833419185208315,0.009726407014936428,0.9749163179916318,0.01093220738128703,0.729873938332265,0.008722205578033977,0.8539578902254765,0.019604629226070636,1229.6734688282013
MultinomialNB,84810,0.2592291831970215,0.7676243910925539,0.011664533959609376,0.7131503956621521,0.014226539587409288,0.8955509065550908,0.02054144744043722,0.7937741864006169,0.009679140719780547,0.8524693456531847,0.01629487122549304,1229.6734688282013
LinearSVC,84810,24.322196006774902,0.8147729645093946,0.016697991876059137,0.822866829733397,0.026024730427479815,0.8028347280334728,0.005084461564930827,0.812545396630912,0.014066527728988936,0.8980564127150161,0.011015201805959789,1229.6734688282013
KNeighborsClassifier,84810,2.6098504066467285,0.5761082115518441,0.035908382861043434,0.547855117045425,0.025108360941089345,0.8981276150627615,0.044460181940981426,0.679403386454836,0.015609934003592632,0.6261344941306369,0.02624280692056667,1229.6734688282013
SGDClassifier,84810,0.24386262893676758,0.795579331941545,0.022194194695284927,0.7988787902189164,0.030462513297975558,0.7911018131101814,0.028277449882639392,0.7944877546432172,0.02174928020093046,0.8753799904114367,0.01435144156908027,1229.6734688282013
RandomForestClassifier,84810,47.93841099739075,0.7905567153792623,0.02081099470220407,0.795555890984782,0.03754003254677854,0.7852824267782426,0.0364095987888848,0.7892166022312685,0.02040693536264677,0.884062754242213,0.015476046041860363,1229.6734688282013
GradientBoostingClassifier,84810,240.35040378570557,0.8460586290883786,0.004416383398042372,0.9012909369259614,0.025534996479092298,0.7786541143654114,0.03187098215782835,0.8345307341139918,0.008275342265743833,0.9188347062412833,0.008444019728263827,1229.6734688282013
MLPClassifier,84810,848.8000228404999,0.7989065762004175,0.014658791212894137,0.7906758922604384,0.02216768216299116,0.8136715481171548,0.021498094750486807,0.8016438472563847,0.01372457724677017,0.8788927678986518,0.013581085588633506,1229.6734688282013
