model,vocab_size_combined,execution_time,accuracy_avg,accuracy_std,precision_avg,precision_std,recall_avg,recall_std,f1_avg,f1_std,roc_auc_avg,roc_auc_std,total_time
LogisticRegression,15218,8.39148497581482,0.8193528183716076,0.01529524871879496,0.8235964642774105,0.026498664594860093,0.8136750348675035,0.013188665341984979,0.8182866236917732,0.013090923247815817,0.9022636273826127,0.013101672635415045,141.36313319206238
BernoulliNB,15218,0.1618962287902832,0.6987917536534446,0.02303007046444589,0.6362632214558629,0.01919182308895211,0.9289853556485357,0.01583780727461081,0.7550928666664618,0.0158552016956055,0.8590037337284985,0.019400621192887012,141.36313319206238
MultinomialNB,15218,0.11076211929321289,0.7880610647181628,0.018956090725299433,0.7383337003685436,0.021660599229251624,0.8930299860529987,0.01822979789197739,0.8081158396800416,0.015493045147317797,0.8687293555323106,0.017353274194732118,141.36313319206238
LinearSVC,15218,1.4327199459075928,0.8039265831593596,0.025259966047201533,0.8120445145517422,0.0377443232497482,0.7927963737796374,0.013127165435594246,0.8019083894594765,0.021694365187487845,0.8830310611343559,0.014789638146997264,141.36313319206238
KNeighborsClassifier,15218,1.9488003253936768,0.6641605775922059,0.019541294671721013,0.6475944367952625,0.016766347896732307,0.718486750348675,0.034148259216928656,0.6809306203624745,0.02138363121266235,0.7175919267201302,0.023891484444242436,141.36313319206238
SGDClassifier,15218,0.2359626293182373,0.7989187543493388,0.013163182201353207,0.8119632584551635,0.020948534217532115,0.7786087866108786,0.028623149649201853,0.7943908093403629,0.014672186175006154,0.87993387523245,0.01597151034919974,141.36313319206238
RandomForestClassifier,15218,12.325592041015625,0.8197729645093945,0.007798960337281865,0.8465355103645891,0.015950677253811725,0.781115760111576,0.010494223076751734,0.8123604224995787,0.007135803992120938,0.9044337590074383,0.00807283109309723,141.36313319206238
GradientBoostingClassifier,15218,29.165786743164062,0.8452192066805846,0.009436094737322175,0.8949637262024421,0.033262792067307055,0.7844804741980476,0.032747952794045035,0.8348928778111737,0.010502995937977957,0.9172874825662483,0.006144990380066409,141.36313319206238
MLPClassifier,15218,59.78662848472595,0.8022529575504522,0.020660283830925816,0.7956368865497413,0.03595565211072106,0.8161889818688982,0.012918114064635368,0.8051504610652364,0.015553552102176951,0.8774724837284984,0.01361460055815149,141.36313319206238
